commit_hash,full_hash,short_hash,author_date,committer_date,subject,body,type,scope,description,breaking,breaking_footers,body_subject_aliases,conventional_parse_status,changed_files,changed_file_count,additions,deletions,code_line_count,test_line_count,docs_line_count,plan_line_count,transcript_line_count,fixture_line_count,fixture_or_binary_change,linked_plan_ids,linked_transcript_ids,parent_theme_ids,theme_coverage_state,total_code_lines_changed,total_test_lines_changed,total_documentation_lines_changed,total_plan_lines,total_transcript_lines,total_visible_conversation_elapsed_seconds,total_assistant_processing_seconds,total_user_response_seconds,back_and_forth_count,allocated_turn_count,unavailable_timing_count,difficulty_inputs,difficulty_score,difficulty_label,difficulty_weight_coverage,confidence_score,warning_count,first_evidence_date,last_evidence_date,link_confidence,link_evidence
2c8445cbde7892ceff58fb58780a79278bcf7d6e,2c8445cbde7892ceff58fb58780a79278bcf7d6e,2c8445c,2026-02-24T14:33:31-08:00,2026-02-24T14:33:31-08:00,Initial Commit,,,,Initial Commit,False,[],[],unparsed,SwiftTag.xcodeproj/project.pbxproj; SwiftTag.xcodeproj/project.xcworkspace/contents.xcworkspacedata; SwiftTag.xcodeproj/xcuserdata/ccm.xcuserdatad/xcschemes/xcschememanagement.plist; SwiftTag/Assets.xcassets/AccentColor.colorset/Contents.json; SwiftTag/Assets.xcassets/AppIcon.appiconset/Contents.json; SwiftTag/Assets.xcassets/Contents.json; SwiftTag/ContentView.swift; SwiftTag/SwiftTagApp.swift; SwiftTagTests/SwiftTagTests.swift; SwiftTagUITests/SwiftTagUITests.swift; SwiftTagUITests/SwiftTagUITestsLaunchTests.swift,11,796,0,684,91,0,0,0,0,False,[],[],"[""project"", ""tags""]",assigned,684.0,91.0,0.0,0.0,0.0,,,,0.0,0.0,0,"{""assistant_processing_time"": null, ""back_and_forth_count"": 0.0, ""code_lines"": 684.0, ""elapsed_time"": null, ""plan_lines"": 0.0, ""transcript_lines"": 0.0}",27.69,Moderate,0.7,1.0,1,2026-02-24,2026-02-24,1.00,one-commit analytical invariant
639e6a21c2fa231ef59f0c8aab3d67494a0bce8a,639e6a21c2fa231ef59f0c8aab3d67494a0bce8a,639e6a2,2026-02-24T16:10:47-08:00,2026-02-24T16:10:47-08:00,Quit app when main window closes,,,,Quit app when main window closes,False,[],[],unparsed,SwiftTag/SwiftTagApp.swift,1,9,0,9,0,0,0,0,0,False,[],[],"[""project"", ""settings"", ""tags""]",assigned,9.0,0.0,0.0,0.0,0.0,,,,0.0,0.0,0,"{""assistant_processing_time"": null, ""back_and_forth_count"": 0.0, ""code_lines"": 9.0, ""elapsed_time"": null, ""plan_lines"": 0.0, ""transcript_lines"": 0.0}",8.65,Low,0.7,1.0,1,2026-02-24,2026-02-24,1.00,one-commit analytical invariant
43285ad34d978291d76ea1cfbeac822c7e09b4d2,43285ad34d978291d76ea1cfbeac822c7e09b4d2,43285ad,2026-02-24T20:34:14-08:00,2026-02-24T20:34:14-08:00,feat(ui): replace tracks list with table and add artist​/venue​/date fields,,feat,ui,replace tracks list with table and add artist​/venue​/date fields,False,[],[],parsed,SwiftTag.xcodeproj/xcshareddata/xcschemes/SwiftTag.xcscheme; SwiftTag.xcodeproj/xcuserdata/ccm.xcuserdatad/xcschemes/xcschememanagement.plist; SwiftTag/ContentView.swift,3,165,5,50,0,0,0,0,0,False,[],[],"[""tags""]",assigned,50.0,0.0,0.0,0.0,0.0,,,,0.0,0.0,0,"{""assistant_processing_time"": null, ""back_and_forth_count"": 0.0, ""code_lines"": 50.0, ""elapsed_time"": null, ""plan_lines"": 0.0, ""transcript_lines"": 0.0}",13.99,Low,0.7,1.0,0,2026-02-24,2026-02-24,1.00,one-commit analytical invariant
8f7481796eca68b823fc7aec209bbb51293c7feb,8f7481796eca68b823fc7aec209bbb51293c7feb,8f74817,2026-02-25T15:40:17-08:00,2026-02-25T15:40:17-08:00,feat(ui): add editable track metadata layout with split panes and cover well,,feat,ui,add editable track metadata layout with split panes and cover well,False,[],[],parsed,SwiftTag/ContentView.swift,1,44,4,48,0,0,0,0,0,False,[],[],"[""picture"", ""tags""]",assigned,48.0,0.0,0.0,0.0,0.0,,,,0.0,0.0,0,"{""assistant_processing_time"": null, ""back_and_forth_count"": 0.0, ""code_lines"": 48.0, ""elapsed_time"": null, ""plan_lines"": 0.0, ""transcript_lines"": 0.0}",13.7,Low,0.7,1.0,0,2026-02-25,2026-02-25,1.00,one-commit analytical invariant
2781d736d1d22465c49e505f1fdfa9810b4f5107,2781d736d1d22465c49e505f1fdfa9810b4f5107,2781d73,2026-02-25T23:43:46-08:00,2026-02-25T23:43:46-08:00,feat(ui): add selectable tracks with per​-track descriptions and metadata form refinements,,feat,ui,add selectable tracks with per​-track descriptions and metadata form refinements,False,[],[],parsed,SwiftTag/ContentView.swift,1,42,32,74,0,0,0,0,0,False,[],[],"[""applescript"", ""picture"", ""tags""]",assigned,74.0,0.0,0.0,0.0,0.0,,,,0.0,0.0,0,"{""assistant_processing_time"": null, ""back_and_forth_count"": 0.0, ""code_lines"": 74.0, ""elapsed_time"": null, ""plan_lines"": 0.0, ""transcript_lines"": 0.0}",16.01,Low,0.7,1.0,0,2026-02-25,2026-02-25,1.00,one-commit analytical invariant
dad9d6e302f63b22f383f5f07d99ec48bade1acc,dad9d6e302f63b22f383f5f07d99ec48bade1acc,dad9d6e,2026-02-26T12:40:03-08:00,2026-02-26T12:40:03-08:00,"feat(ui): add multi​-select track editing and per​-track metadata bindings - Added fields to Track:    - artist, composer, location (replaced venue), date - Removed global artist, venue, date state. - Added multi-selection bindings:    - selected​Artist​Binding, selected​Location​Binding, selected​Date​Binding    - generic helper selected​String​Binding(...) for string fields - Updated UI fields to bind to selected tracks:    - Artist, Composer, Location, Date now edit all selected rows    - When no rows are selected, fields are disabled with placeholder text/messages",,feat,ui,"add multi​-select track editing and per​-track metadata bindings - Added fields to Track:    - artist, composer, location (replaced venue), date - Removed global artist, venue, date state. - Added multi-selection bindings:    - selected​Artist​Binding, selected​Location​Binding, selected​Date​Binding    - generic helper selected​String​Binding(...) for string fields - Updated UI fields to bind to selected tracks:    - Artist, Composer, Location, Date now edit all selected rows    - When no rows are selected, fields are disabled with placeholder text/messages",False,[],[],parsed,SwiftTag/ContentView.swift,1,108,25,133,0,0,0,0,0,False,[],[],"[""applescript"", ""tags""]",assigned,133.0,0.0,0.0,0.0,0.0,,,,0.0,0.0,0,"{""assistant_processing_time"": null, ""back_and_forth_count"": 0.0, ""code_lines"": 133.0, ""elapsed_time"": null, ""plan_lines"": 0.0, ""transcript_lines"": 0.0}",19.04,Low,0.7,1.0,0,2026-02-26,2026-02-26,1.00,one-commit analytical invariant
4fd2b5edcbc462961a46e931d880917e5f3470ba,4fd2b5edcbc462961a46e931d880917e5f3470ba,4fd2b5e,2026-02-26T15:26:30-08:00,2026-02-26T15:26:30-08:00,feat(toml): add TOML preview utility window (experimental),,feat,toml,add TOML preview utility window (experimental),False,[],[],parsed,SwiftTag/ContentView.swift; SwiftTag/SwiftTagApp.swift,2,105,0,105,0,0,0,0,0,False,[],[],"[""tags""]",assigned,105.0,0.0,0.0,0.0,0.0,,,,0.0,0.0,0,"{""assistant_processing_time"": null, ""back_and_forth_count"": 0.0, ""code_lines"": 105.0, ""elapsed_time"": null, ""plan_lines"": 0.0, ""transcript_lines"": 0.0}",17.6,Low,0.7,1.0,0,2026-02-26,2026-02-26,1.00,one-commit analytical invariant
0c4e80ab485f4ddfd5292c23962ece5bce8ebb9d,0c4e80ab485f4ddfd5292c23962ece5bce8ebb9d,0c4e80a,2026-02-26T16:01:24-08:00,2026-02-26T16:01:24-08:00,feat(toml​-ui): present ​TOML in sheet rather than utility window,,feat,toml​-ui,present ​TOML in sheet rather than utility window,False,[],[],parsed,SwiftTag/ContentView.swift; SwiftTag/SwiftTagApp.swift,2,18,22,40,0,0,0,0,0,False,[],[],"[""tags""]",assigned,40.0,0.0,0.0,0.0,0.0,,,,0.0,0.0,0,"{""assistant_processing_time"": null, ""back_and_forth_count"": 0.0, ""code_lines"": 40.0, ""elapsed_time"": null, ""plan_lines"": 0.0, ""transcript_lines"": 0.0}",13.27,Low,0.7,1.0,0,2026-02-26,2026-02-26,1.00,one-commit analytical invariant
6f2967d87599d562749e274f56e19ecd000bc610,6f2967d87599d562749e274f56e19ecd000bc610,6f2967d,2026-02-26T19:36:58-08:00,2026-02-26T19:36:58-08:00,refactor(toml​-sheet): make ​Show ​TOML window​-scoped with independent sheet state per main window,,refactor,toml​-sheet,make ​Show ​TOML window​-scoped with independent sheet state per main window,False,[],[],parsed,SwiftTag/ContentView.swift; SwiftTag/SwiftTagApp.swift,2,12,33,45,0,0,0,0,0,False,[],[],"[""save"", ""tags""]",assigned,45.0,0.0,0.0,0.0,0.0,,,,0.0,0.0,0,"{""assistant_processing_time"": null, ""back_and_forth_count"": 0.0, ""code_lines"": 45.0, ""elapsed_time"": null, ""plan_lines"": 0.0, ""transcript_lines"": 0.0}",13.56,Low,0.7,1.0,0,2026-02-26,2026-02-26,1.00,one-commit analytical invariant
ee7e8faab965a7c2c39bc3ec3f698594d9ce8101,ee7e8faab965a7c2c39bc3ec3f698594d9ce8101,ee7e8fa,2026-02-27T10:07:58-08:00,2026-02-27T10:07:58-08:00,"feat(import): add ​FLAC loader with bundled metaflac parsing, sorted track ingestion, and user​-facing error alerts (experimental)",,feat,import,"add ​FLAC loader with bundled metaflac parsing, sorted track ingestion, and user​-facing error alerts (experimental)",False,[],[],parsed,SwiftTag.xcodeproj/project.pbxproj; SwiftTag/ContentView.swift; SwiftTag/SwiftTagApp.swift,3,242,0,242,0,0,0,0,0,False,[],[],"[""tags""]",assigned,242.0,0.0,0.0,0.0,0.0,,,,0.0,0.0,0,"{""assistant_processing_time"": null, ""back_and_forth_count"": 0.0, ""code_lines"": 242.0, ""elapsed_time"": null, ""plan_lines"": 0.0, ""transcript_lines"": 0.0}",22.79,Low,0.7,1.0,0,2026-02-27,2026-02-27,1.00,one-commit analytical invariant
6cf4772cd3482a0a7ca38f2f613ca64a86da22a1,6cf4772cd3482a0a7ca38f2f613ca64a86da22a1,6cf4772,2026-02-27T10:45:47-08:00,2026-02-27T10:45:47-08:00,FLAC C-Bridge Incremental Execution (pre-lib use),,,,FLAC C-Bridge Incremental Execution (pre-lib use),False,[],[],unparsed,BuildScripts/build-libflac.sh; Docs/FLACBridgeExecution.md; SwiftTag.xcodeproj/project.pbxproj; SwiftTag/ContentView.swift; SwiftTag/FLACBridge/include/FlacMetadataBridge.h; SwiftTag/FLACBridge/module.modulemap; SwiftTag/FLACBridge/module.modulemap.template; SwiftTag/FLACBridge/src/FlacMetadataBridge.c; SwiftTag/FLACBridge/src/FlacMetadataBridge.c.template; SwiftTag/FlacMetadataService.swift,10,325,89,315,0,0,24,0,0,False,"[""1""]","[""transcript-2026-02-27-1-1-FLACBridgeExecution""]","[""applescript"", ""flac-lib"", ""tags""]",assigned,315.0,0.0,0.0,24.0,59.9268292714,,,,0.6585365854,1.9756097562000001,1,"{""assistant_processing_time"": null, ""back_and_forth_count"": 0.6585365854, ""code_lines"": 315.0, ""elapsed_time"": null, ""plan_lines"": 24.0, ""transcript_lines"": 59.9268292714}",46.97,Moderate,0.7,1.0,1,2026-02-27,2026-02-27,1.00,one-commit analytical invariant
1fcd08274065e59e148cb05d16e592e98f02bced,1fcd08274065e59e148cb05d16e592e98f02bced,1fcd082,2026-02-27T15:07:54-08:00,2026-02-27T15:07:54-08:00,Build ​FLAC from source and link as stais lib • configure FLAC CMake build for app use:    • static lib only (BUILD​_​SHARED​_​LIBS​=​OFF)    • disable programs (BUILD​_​PROGRAMS​=​OFF)    • disable C++ lib (BUILD​_​CXXLIBS​=​OFF)    • disable Ogg dependency (WITH​_​OGG​=​OFF) • remove dependency on bundled prebuilt Resources​/bin FLAC/metaflac artifacts,,,,Build ​FLAC from source and link as stais lib • configure FLAC CMake build for app use:    • static lib only (BUILD​_​SHARED​_​LIBS​=​OFF)    • disable programs (BUILD​_​PROGRAMS​=​OFF)    • disable C++ lib (BUILD​_​CXXLIBS​=​OFF)    • disable Ogg dependency (WITH​_​OGG​=​OFF) • remove dependency on bundled prebuilt Resources​/bin FLAC/metaflac artifacts,False,[],[],unparsed,BuildScripts/build-libflac.sh; Docs/FLACBridgeExecution.md; SwiftTag-Bridging-Header.h; SwiftTag.xcodeproj/project.pbxproj; SwiftTag.xcodeproj/xcshareddata/xcschemes/SwiftTagApp.xcscheme; SwiftTag/FLACBridge/src/FlacMetadataBridge.c; SwiftTag/FLACBridge/src/FlacMetadataBridge.c.template; SwiftTag/FlacMetadataService.swift,8,321,106,264,0,0,3,0,0,False,"[""1""]","[""transcript-2026-02-27-1-1-FLACBridgeExecution""]","[""applescript"", ""flac-lib"", ""tags""]",assigned,264.0,0.0,0.0,3.0,31.0731707286,,,,0.3414634146,1.0243902438,1,"{""assistant_processing_time"": null, ""back_and_forth_count"": 0.3414634146, ""code_lines"": 264.0, ""elapsed_time"": null, ""plan_lines"": 3.0, ""transcript_lines"": 31.0731707286}",43.05,Moderate,0.7,1.0,1,2026-02-27,2026-02-27,1.00,one-commit analytical invariant
4f1e2732dc317203bf9fd6f998fe4946be3a760c,4f1e2732dc317203bf9fd6f998fe4946be3a760c,4f1e273,2026-02-27T15:47:27-08:00,2026-02-27T15:47:27-08:00,Cleanup: - Updated bridge include to generated header path:    - FlacMetadataBridge.c:2    - #include <​FLAC​/metadata​.h> - Added app target header search path (Debug + Release):    - project.pbxproj    - HEADER​_​SEARCH​_​PATHS includes $(​DERIVED​_​FILE​_​DIR)/flac​-include - Removed no-longer-used vendored FLAC headers:    - deleted Swift​Tag​/​FLACBridge​/vendor​/​FLAC/* - Removed no-longer-used modulemap artifact:    - deleted module.modulemap - Updated cleanup docs:    - FLACBridgeExecution.md,,cleanup,,- Updated bridge include to generated header path:    - FlacMetadataBridge.c:2    - #include <​FLAC​/metadata​.h> - Added app target header search path (Debug + Release):    - project.pbxproj    - HEADER​_​SEARCH​_​PATHS includes $(​DERIVED​_​FILE​_​DIR)/flac​-include - Removed no-longer-used vendored FLAC headers:    - deleted Swift​Tag​/​FLACBridge​/vendor​/​FLAC/* - Removed no-longer-used modulemap artifact:    - deleted module.modulemap - Updated cleanup docs:    - FLACBridgeExecution.md,False,[],[],parsed,Docs/FLACBridgeExecution.md; SwiftTag.xcodeproj/project.pbxproj; SwiftTag/FLACBridge/module.modulemap; SwiftTag/FLACBridge/module.modulemap.template; SwiftTag/FLACBridge/src/FlacMetadataBridge.c; SwiftTag/FLACBridge/src/FlacMetadataBridge.c.template,6,46,57,63,0,0,40,0,0,False,"[""1""]",[],"[""flac-lib"", ""tags""]",assigned,63.0,0.0,0.0,40.0,0.0,,,,0.0,0.0,0,"{""assistant_processing_time"": null, ""back_and_forth_count"": 0.0, ""code_lines"": 63.0, ""elapsed_time"": null, ""plan_lines"": 40.0, ""transcript_lines"": 0.0}",23.27,Low,0.7,1.0,0,2026-02-27,2026-02-27,1.00,one-commit analytical invariant
e382ae31861176bf220f87c7e380b5162331e490,e382ae31861176bf220f87c7e380b5162331e490,e382ae3,2026-02-28T14:22:51-08:00,2026-02-28T14:22:51-08:00,"feat(UI): added separate track number an total fields - Refactored Track to:    - id: ​UUID    - tags: [​String: ​String] - Added tag-key constants (NUMBER, TITLE, FILENAME, ARTIST, COMPOSER, LOCATION, DATE, DESCRIPTION). - Updated table/UI bindings to read/write through tag dictionary. - Replaced keyPath-based selection editing with tag-name-based selection editing. - Updated date handling to store date as tag text (yyyy​-​MM​-dd) and parse/format for UI. - Updated FLAC import to map metadata into tags while preserving required UI fields. - Updated TOML export to read from dictionary-backed tags and sort by numeric NUMBER.",,feat,UI,"added separate track number an total fields - Refactored Track to:    - id: ​UUID    - tags: [​String: ​String] - Added tag-key constants (NUMBER, TITLE, FILENAME, ARTIST, COMPOSER, LOCATION, DATE, DESCRIPTION). - Updated table/UI bindings to read/write through tag dictionary. - Replaced keyPath-based selection editing with tag-name-based selection editing. - Updated date handling to store date as tag text (yyyy​-​MM​-dd) and parse/format for UI. - Updated FLAC import to map metadata into tags while preserving required UI fields. - Updated TOML export to read from dictionary-backed tags and sort by numeric NUMBER.",False,[],[],parsed,SwiftTag/ContentView.swift,1,159,54,213,0,0,0,0,0,False,[],[],"[""applescript"", ""picture"", ""save"", ""tags""]",assigned,213.0,0.0,0.0,0.0,0.0,,,,0.0,0.0,0,"{""assistant_processing_time"": null, ""back_and_forth_count"": 0.0, ""code_lines"": 213.0, ""elapsed_time"": null, ""plan_lines"": 0.0, ""transcript_lines"": 0.0}",21.78,Low,0.7,1.0,0,2026-02-28,2026-02-28,1.00,one-commit analytical invariant
c965c3feb354452704670af683ab541da3c43f71,c965c3feb354452704670af683ab541da3c43f71,c965c3f,2026-03-02T13:47:45-08:00,2026-03-02T13:47:45-08:00,Refine tag​-driven track editor and misc tag table behavior,"- migrate track model to dictionary-backed tags with stable id
- keep existing UI functionality mapped to tag keys (TITLE, ARTIST, DATE, etc.)
- remove Number column from tracks table
- bind Number field to selected track NUMBER tag and validate positive integer input
- validate total​Tracks as positive integer string and center-align both numeric fields
- normalize imported track number from TRACKNUMBER/TRACK and strip leading zeros
- add misc​Tags editable table (Key/Value) with multi-select, add, and delete actions
- exclude explicit tag keys from misc tags handling
- misc tags show union of non-explicit tags across all tracks
- show empty value when selected tracks are missing/mixed for a tag
- allow misc tag row creation at any time (even with no selection)
- refresh misc tags after FLAC import so new non-explicit tags appear",,,Refine tag​-driven track editor and misc tag table behavior,False,[],[],unparsed,SwiftTag/ContentView.swift,1,226,20,246,0,0,0,0,0,False,[],"[""transcript-2026-03-02-1-MiscTagEditorDev""]","[""applescript"", ""tags""]",assigned,246.0,0.0,0.0,0.0,148.0,,,,7.0,15.0,8,"{""assistant_processing_time"": null, ""back_and_forth_count"": 7.0, ""code_lines"": 246.0, ""elapsed_time"": null, ""plan_lines"": 0.0, ""transcript_lines"": 148.0}",48.32,Moderate,0.7,1.0,1,2026-03-02,2026-03-02,1.00,one-commit analytical invariant
2302109d0c43a41cb71c36e47cf2b4b8973a63d6,2302109d0c43a41cb71c36e47cf2b4b8973a63d6,2302109,2026-03-02T16:22:02-08:00,2026-03-02T16:22:02-08:00,Refine track metadata ​UI and import mapping for discs​/genres​/misc tags - add dictionary-backed handling for new explicit fields: DISC and GENRE - add Disc of total​Discs controls with selected-track binding and numeric validation - style total​Discs in bold red when non-empty TOTALDISCS tags mismatch entered value - add hover help messaging for total tracks/discs consistency indicators - convert total tracks display to read-only track-count text with mismatch highlighting and help,,,,Refine track metadata ​UI and import mapping for discs​/genres​/misc tags - add dictionary-backed handling for new explicit fields: DISC and GENRE - add Disc of total​Discs controls with selected-track binding and numeric validation - style total​Discs in bold red when non-empty TOTALDISCS tags mismatch entered value - add hover help messaging for total tracks/discs consistency indicators - convert total tracks display to read-only track-count text with mismatch highlighting and help,False,[],[],unparsed,SwiftTag/ContentView.swift,1,132,3,135,0,0,0,0,0,False,[],"[""transcript-2026-03-03-1-MiscTagEditorDev""]","[""tags""]",assigned,135.0,0.0,0.0,0.0,80.94871794871796,,,,3.0,6.0,3,"{""assistant_processing_time"": null, ""back_and_forth_count"": 3.0, ""code_lines"": 135.0, ""elapsed_time"": null, ""plan_lines"": 0.0, ""transcript_lines"": 80.94871794871796}",40.17,Moderate,0.7,1.0,1,2026-03-02,2026-03-02,1.00,one-commit analytical invariant
b5b4f12719bcc1df96078cbbc79157c47985e637,b5b4f12719bcc1df96078cbbc79157c47985e637,b5b4f12,2026-03-02T22:53:06-08:00,2026-03-02T22:53:06-08:00,"Updated misc​Tags key-entry behavior: • Pressing + creates an empty row and immediately focuses its Key field. • Key field text turns red while the typed key is invalid:    • duplicates another misc row key (normalized comparison)    • matches any explicit​Tag​Keys entry • When key focus leaves:    • if key is empty, row is removed    • if key is invalid on new row (duplicate/explicit/empty), row is removed    • if key is invalid on edit row (duplicate/explicit/empty), key reverts to original pre-edit key    • if key is valid, it is normalized/committed",,,,"Updated misc​Tags key-entry behavior: • Pressing + creates an empty row and immediately focuses its Key field. • Key field text turns red while the typed key is invalid:    • duplicates another misc row key (normalized comparison)    • matches any explicit​Tag​Keys entry • When key focus leaves:    • if key is empty, row is removed    • if key is invalid on new row (duplicate/explicit/empty), row is removed    • if key is invalid on edit row (duplicate/explicit/empty), key reverts to original pre-edit key    • if key is valid, it is normalized/committed",False,[],[],unparsed,SwiftTag/ContentView.swift,1,107,25,132,0,0,0,0,0,False,[],"[""transcript-2026-03-03-1-MiscTagEditorDev""]","[""tags""]",assigned,132.0,0.0,0.0,0.0,32.58974358974359,,,,2.0,4.0,2,"{""assistant_processing_time"": null, ""back_and_forth_count"": 2.0, ""code_lines"": 132.0, ""elapsed_time"": null, ""plan_lines"": 0.0, ""transcript_lines"": 32.58974358974359}",36.13,Moderate,0.7,1.0,1,2026-03-02,2026-03-02,1.00,one-commit analytical invariant
f80a21a0f9e9c0b21edf1637deb0e07fb89efc1e,f80a21a0f9e9c0b21edf1637deb0e07fb89efc1e,f80a21a,2026-03-03T00:50:41-08:00,2026-03-03T00:50:41-08:00,tests(ui): added miscTags table tests,,tests,ui,added miscTags table tests,False,[],[],parsed,SwiftTag/ContentView.swift; SwiftTagUITests/SwiftTagUITests.swift,2,125,0,5,120,0,0,0,0,False,[],[],"[""tags""]",assigned,5.0,120.0,0.0,0.0,0.0,,,,0.0,0.0,0,"{""assistant_processing_time"": null, ""back_and_forth_count"": 0.0, ""code_lines"": 5.0, ""elapsed_time"": null, ""plan_lines"": 0.0, ""transcript_lines"": 0.0}",7.93,Low,0.7,1.0,0,2026-03-03,2026-03-03,1.00,one-commit analytical invariant
9fea9987c80b7709896d6a46e750b0a0c7925c30,9fea9987c80b7709896d6a46e750b0a0c7925c30,9fea998,2026-03-03T01:14:40-08:00,2026-03-03T01:14:40-08:00,build(xcode): add input​/output paths for ​Build lib​FLAC script phase - Declare Build​Scripts​/build​-libflac​.sh as script input - Declare generated lib​FLAC​.a and staged FLAC headers as outputs - Removes “will be run during every build because it does not specify any outputs” warning,,build,xcode,add input​/output paths for ​Build lib​FLAC script phase - Declare Build​Scripts​/build​-libflac​.sh as script input - Declare generated lib​FLAC​.a and staged FLAC headers as outputs - Removes “will be run during every build because it does not specify any outputs” warning,False,[],[],parsed,SwiftTag.xcodeproj/project.pbxproj,1,4,1,5,0,0,0,0,0,False,[],[],"[""project""]",assigned,5.0,0.0,0.0,0.0,0.0,,,,0.0,0.0,0,"{""assistant_processing_time"": null, ""back_and_forth_count"": 0.0, ""code_lines"": 5.0, ""elapsed_time"": null, ""plan_lines"": 0.0, ""transcript_lines"": 0.0}",7.93,Low,0.7,1.0,0,2026-03-03,2026-03-03,1.00,one-commit analytical invariant
a28886ff5fcb92bf016b563a5df7785225f80a77,a28886ff5fcb92bf016b563a5df7785225f80a77,a28886f,2026-03-03T01:16:39-08:00,2026-03-03T01:16:39-08:00,build(xcode): add recommended stripping of dead code,,build,xcode,add recommended stripping of dead code,False,[],[],parsed,SwiftTag.xcodeproj/project.pbxproj,1,11,1,12,0,0,0,0,0,False,[],[],"[""project"", ""tags""]",assigned,12.0,0.0,0.0,0.0,0.0,,,,0.0,0.0,0,"{""assistant_processing_time"": null, ""back_and_forth_count"": 0.0, ""code_lines"": 12.0, ""elapsed_time"": null, ""plan_lines"": 0.0, ""transcript_lines"": 0.0}",9.23,Low,0.7,1.0,0,2026-03-03,2026-03-03,1.00,one-commit analytical invariant
f400158d420b3d62590a7863231b3f4fe603006b,f400158d420b3d62590a7863231b3f4fe603006b,f400158,2026-03-03T16:30:52-08:00,2026-03-03T16:30:52-08:00,Add album art manager UI with import/export and slot metadata - Add album art workflow to ContentView with a dedicated Album Art sheet - Introduce AlbumArtSlot + AlbumArtType mapping (ID3 picture type numbers and labels) - Add shared album art state per slot and render it in both main 60x60 well and sheet well - Support image import via drag-and-drop and click-to-open file picker (.jpg/.jpeg/.png) - Add context menu actions on albumArtWell:    - Import <slot name>    - Export <slot name> (enabled only when slot has an image) - Refactor export to SwiftUI-native .fileExporter with default filename based on slot label and image type - Update project sandbox settings to allow user-selected file read/write access and explicitly disable unused capabilities,,,,Add album art manager UI with import/export and slot metadata - Add album art workflow to ContentView with a dedicated Album Art sheet - Introduce AlbumArtSlot + AlbumArtType mapping (ID3 picture type numbers and labels) - Add shared album art state per slot and render it in both main 60x60 well and sheet well - Support image import via drag-and-drop and click-to-open file picker (.jpg/.jpeg/.png) - Add context menu actions on albumArtWell:    - Import <slot name>    - Export <slot name> (enabled only when slot has an image) - Refactor export to SwiftUI-native .fileExporter with default filename based on slot label and image type - Update project sandbox settings to allow user-selected file read/write access and explicitly disable unused capabilities,False,[],[],unparsed,SwiftTag.xcodeproj/project.pbxproj; SwiftTag/ContentView.swift,2,370,10,380,0,0,0,0,0,False,[],"[""transcript-2026-03-03-1-MiscTagEditorDev""]","[""applescript"", ""picture"", ""save"", ""settings"", ""tags""]",assigned,380.0,0.0,0.0,0.0,132.46153846153848,,,,7.0,14.0,7,"{""assistant_processing_time"": null, ""back_and_forth_count"": 7.0, ""code_lines"": 380.0, ""elapsed_time"": null, ""plan_lines"": 0.0, ""transcript_lines"": 132.46153846153848}",50.41,High,0.7,1.0,1,2026-03-03,2026-03-03,1.00,one-commit analytical invariant
a76f2110c364943a6a2b000cd575807b8f75a6e6,a76f2110c364943a6a2b000cd575807b8f75a6e6,a76f211,2026-03-04T00:18:15-08:00,2026-03-04T00:18:15-08:00,Initail project organization refactor based on ContentViewReorganizationPlan.md,,,,Initail project organization refactor based on ContentViewReorganizationPlan.md,False,[],[],unparsed,Docs/ContentViewReorganizationPlan.md; SwiftTag.xcodeproj/project.pbxproj; SwiftTag/ContentView.swift; SwiftTag/Features/AlbumArt/AlbumArtSheetView.swift; SwiftTag/Features/AlbumArt/AlbumArtTypes.swift; SwiftTag/Features/AlbumArt/AlbumArtViewModel.swift; SwiftTag/Features/AlbumArt/AlbumArtWellView.swift; SwiftTag/Features/FlacImport/FlacImportMapper.swift; SwiftTag/Features/TagEditor/MiscTagsSectionView.swift; SwiftTag/Features/TagEditor/TOMLUtilityView.swift; SwiftTag/Features/TagEditor/TagEditorHeaderView.swift; SwiftTag/Features/TagEditor/TagEditorMetadataFieldsView.swift; SwiftTag/Features/TagEditor/TagEditorView.swift; SwiftTag/Features/TagEditor/TagEditorViewModel.swift; SwiftTag/Features/TagEditor/TrackTableView.swift; SwiftTag/Shared/Models/MiscTagRow.swift; SwiftTag/Shared/Models/TagKey.swift; SwiftTag/Shared/Models/Track.swift; SwiftTag/Shared/Utilities/DateTagFormatter.swift; SwiftTag/Shared/Utilities/TagNormalization.swift; SwiftTagTests/SwiftTagTests.swift; SwiftTagUITests/SwiftTagUITests.swift,22,1804,1033,2564,148,0,125,0,0,False,"[""2"", ""3""]","[""transcript-2026-03-04-1-2-ContentViewReorganizationPlan.md""]","[""project"", ""tags""]",assigned,2564.0,148.0,0.0,125.0,211.11111110456665,,,,1.9415204678,3.8830409356,2,"{""assistant_processing_time"": null, ""back_and_forth_count"": 1.9415204678, ""code_lines"": 2564.0, ""elapsed_time"": null, ""plan_lines"": 125.0, ""transcript_lines"": 211.11111110456665}",60.79,High,0.7,1.0,1,2026-03-04,2026-03-04,1.00,one-commit analytical invariant
6c669809df69c8e7566517df27f84cd4ac85cb37,6c669809df69c8e7566517df27f84cd4ac85cb37,6c66980,2026-03-04T00:53:04-08:00,2026-03-04T00:53:04-08:00,refactor(tag-editor): rename extracted tag editor subviews for naming consistency,"- Rename TagEditorHeaderView to TagEditorAlbumView
- Rename TrackTableView to TagEditorTrackView
- Rename TagEditorMetadataFieldsView to TagEditorTagFieldsView
- Rename MiscTagsSectionView to TagEditorMiscTagsView
- Update TagEditorView call sites and reorganization doc file references",refactor,tag-editor,rename extracted tag editor subviews for naming consistency,False,[],[],parsed,Docs/ContentViewReorganizationPlan.md; SwiftTag/Features/TagEditor/{TagEditorHeaderView.swift => TagEditorAlbumView.swift}; SwiftTag/Features/TagEditor/{MiscTagsSectionView.swift => TagEditorMiscTagsView.swift}; SwiftTag/Features/TagEditor/{TagEditorMetadataFieldsView.swift => TagEditorTagFieldsView.swift}; SwiftTag/Features/TagEditor/{TrackTableView.swift => TagEditorTrackView.swift}; SwiftTag/Features/TagEditor/TagEditorView.swift,6,11,11,16,0,0,6,0,0,False,"[""2"", ""3""]","[""transcript-2026-03-04-1-2-ContentViewReorganizationPlan.md""]","[""project"", ""tags""]",assigned,16.0,0.0,0.0,6.0,10.5555555621,,,,0.0584795322,0.1169590644,1,"{""assistant_processing_time"": null, ""back_and_forth_count"": 0.0584795322, ""code_lines"": 16.0, ""elapsed_time"": null, ""plan_lines"": 6.0, ""transcript_lines"": 10.5555555621}",27.93,Moderate,0.7,1.0,0,2026-03-04,2026-03-04,1.00,one-commit analytical invariant
94e847e6468708e93ad725939b662235d58aaa17,94e847e6468708e93ad725939b662235d58aaa17,94e847e,2026-03-04T11:43:50-08:00,2026-03-04T11:43:50-08:00,refactor(tag-editor): rename track/core tag editor views and update docs references,"- rename Tag​Editor​Track​View to Tag​Editor​Track​File​View in declaration and Tag​Editor​View
- replace Tag​Editor​Tag​Fields​View usage with Tag​Editor​Core​Tags​View in Tag​Editor​View
- update Docs​/​Plans​/​Content​View​Reorganization​Plan​.md with the renamed tag editor files
- update Xcode Docs group to use synchronized Guides and Plans folders",refactor,tag-editor,rename track/core tag editor views and update docs references,False,[],[],parsed,Docs/Guides/git-commit-message-guide.md; Docs/{ => Plans}/ContentViewReorganizationPlan.md; Docs/{ => Plans}/FLACBridgeExecution.md; SwiftTag.xcodeproj/project.pbxproj; SwiftTag/Features/TagEditor/{TagEditorTagFieldsView.swift => TagEditorCoreTagsView.swift}; SwiftTag/Features/TagEditor/{TagEditorTrackView.swift => TagEditorTrackFileView.swift}; SwiftTag/Features/TagEditor/TagEditorView.swift,7,682,10,24,0,664,0,0,0,False,[],[],"[""tags""]",assigned,24.0,0.0,664.0,0.0,0.0,,,,0.0,0.0,0,"{""assistant_processing_time"": null, ""back_and_forth_count"": 0.0, ""code_lines"": 24.0, ""elapsed_time"": null, ""plan_lines"": 0.0, ""transcript_lines"": 0.0}",10.67,Low,0.7,1.0,0,2026-03-04,2026-03-04,1.00,one-commit analytical invariant
bae266f0f97e4d7e264cc54628bfaf3cc70a78f7,bae266f0f97e4d7e264cc54628bfaf3cc70a78f7,bae266f,2026-03-05T12:52:09-08:00,2026-03-05T12:52:09-08:00,feat(flac-import): import embedded flac pictures into album art,"- add FLAC bridge and metadata service support for reading embedded picture blocks
- store imported pictures by FLAC picture type and attach them to imported tracks
- seed album art slots from imported picture types after FLAC file import completes
- refactor `AlbumArtType` to use FLAC picture type metadata and descriptions
- add tests for picture mapping and album art assignment behavior
- add docs for the FLAC picture import plan and project overview",feat,flac-import,import embedded flac pictures into album art,False,[],[],parsed,Docs/Plans/FlacPictureImportAlbumArtPlan.md; Docs/README.md; SwiftTag.xcodeproj/project.pbxproj; SwiftTag/ContentView.swift; SwiftTag/FLACBridge/include/FlacMetadataBridge.h; SwiftTag/FLACBridge/src/FlacMetadataBridge.c; SwiftTag/Features/AlbumArt/AlbumArtTypes.swift; SwiftTag/Features/AlbumArt/AlbumArtViewModel.swift; SwiftTag/Features/FlacImport/FlacImportMapper.swift; SwiftTag/Features/TagEditor/TagEditorViewModel.swift; SwiftTag/FlacMetadataService.swift; SwiftTag/Shared/Models/Track.swift; SwiftTagTests/SwiftTagTests.swift,13,469,27,270,55,55,116,0,0,False,"[""2"", ""3""]","[""transcript-2026-03-04-1-2-ContentViewReorganizationPlan.md""]","[""applescript"", ""flac-lib"", ""picture"", ""tags""]",assigned,270.0,55.0,55.0,116.0,25.333333333333336,,,,1.0,2.0,1,"{""assistant_processing_time"": null, ""back_and_forth_count"": 1.0, ""code_lines"": 270.0, ""elapsed_time"": null, ""plan_lines"": 116.0, ""transcript_lines"": 25.333333333333336}",47.48,Moderate,0.7,1.0,0,2026-03-05,2026-03-05,1.00,one-commit analytical invariant
27b32d888ac16fcaa31f6735b29d960131a8315c,27b32d888ac16fcaa31f6735b29d960131a8315c,27b32d8,2026-03-06T11:50:39-08:00,2026-03-06T11:50:39-08:00,feat(save): add FLAC tag and picture writing workflow,"• add metadata write support in the FLAC bridge and Swift service for tags, pictures, or both
• add save actions to the app commands and route editor saves through persisted save settings
• add write mapping for canonical tag output, count-key strategies, and number zero padding
• add settings views and save preference models for payload, scope, and tag write defaults
• add unit and UI coverage for save behavior, persisted settings, and FLAC fixture workflows
• update docs with current app behavior and renumber plan files under Docs​/​Plans/",feat,save,add FLAC tag and picture writing workflow,False,[],[],parsed,Docs/Plans/{FLACBridgeExecution.md => 1-FLACBridgeExecution.md}; Docs/Plans/{ContentViewReorganizationPlan.md => 2-ContentViewReorganizationPlan.md}; Docs/Plans/{FlacPictureImportAlbumArtPlan.md => 3-FlacPictureImportAlbumArtPlan.md}; Docs/Plans/4-FlacWriteTagsAndPicturesPlan.md; Docs/README.md; SwiftTag.xcodeproj/project.pbxproj; SwiftTag/ContentView.swift; SwiftTag/FLACBridge/include/FlacMetadataBridge.h; SwiftTag/FLACBridge/src/FlacMetadataBridge.c; SwiftTag/Features/AlbumArt/AlbumArtTypes.swift; SwiftTag/Features/AlbumArt/AlbumArtViewModel.swift; SwiftTag/Features/FlacImport/FlacImportMapper.swift; SwiftTag/Features/FlacImport/FlacWriteMapper.swift; SwiftTag/Features/Settings/GeneralSettingsView.swift; SwiftTag/Features/Settings/SettingsView.swift; SwiftTag/Features/Settings/TagWriteSettingsView.swift; SwiftTag/Features/TagEditor/TagEditorViewModel.swift; SwiftTag/FlacMetadataService.swift; SwiftTag/Shared/Models/SaveSettings.swift; SwiftTag/Shared/Models/TagKey.swift; SwiftTag/Shared/Models/Track.swift; SwiftTag/Shared/Utilities/TagNormalization.swift; SwiftTag/SwiftTagApp.swift; SwiftTagTests/SwiftTagTests.swift; SwiftTagUITests/SwiftTagUITests.swift,25,2707,127,1579,874,107,274,0,0,False,"[""4""]","[""transcript-2026-03-06-1-4-FlacWriteTagsAndPicturesPlan""]","[""flac-lib"", ""picture"", ""save"", ""settings"", ""tags""]",assigned,1579.0,874.0,107.0,274.0,499.0000000000001,,,,15.0,30.0,15,"{""assistant_processing_time"": null, ""back_and_forth_count"": 15.0, ""code_lines"": 1579.0, ""elapsed_time"": null, ""plan_lines"": 274.0, ""transcript_lines"": 499.0000000000001}",67.72,High,0.7,1.0,0,2026-03-06,2026-03-06,1.00,one-commit analytical invariant
f7f7e4be43044e840ea69ce6c03d1217b38913ad,f7f7e4be43044e840ea69ce6c03d1217b38913ad,f7f7e4b,2026-03-06T12:37:25-08:00,2026-03-06T12:37:25-08:00,project(xcode): add ignore rules and shared workspace settings,"- add a root .gitignore for Xcode user data, build artifacts, and local metadata
- add shared workspace settings to the Xcode project workspace
- add more clear guidlines for Xcode Assitant commit message snippets",project,xcode,add ignore rules and shared workspace settings,False,[],[],parsed,.gitignore; Docs/Guides/git-commit-message-guide.md; SwiftTag.xcodeproj/project.xcworkspace/xcshareddata/WorkspaceSettings.xcsettings,3,40,2,0,0,12,0,0,0,False,[],[],"[""project"", ""tags""]",assigned,0.0,0.0,12.0,0.0,0.0,,,,0.0,0.0,0,"{""assistant_processing_time"": null, ""back_and_forth_count"": 0.0, ""code_lines"": 0.0, ""elapsed_time"": null, ""plan_lines"": 0.0, ""transcript_lines"": 0.0}",0.0,Low,0.7,1.0,0,2026-03-06,2026-03-06,1.00,one-commit analytical invariant
5b61279eb659afad29d7c0e59eac297dc9b0505b,5b61279eb659afad29d7c0e59eac297dc9b0505b,5b61279,2026-03-06T13:02:06-08:00,2026-03-06T13:02:06-08:00,test(ui): update settings ui tests for radio button pickers,"• replace popup menu interactions with radio button taps in the settings persistence tests
• assert selected radio buttons after relaunch instead of reading popup values
• remove popup helper methods and add radio button helpers for the updated settings UI",test,ui,update settings ui tests for radio button pickers,False,[],[],parsed,SwiftTagUITests/SwiftTagUITests.swift,1,15,57,0,72,0,0,0,0,False,[],[],"[""settings"", ""tags""]",assigned,0.0,72.0,0.0,0.0,0.0,,,,0.0,0.0,0,"{""assistant_processing_time"": null, ""back_and_forth_count"": 0.0, ""code_lines"": 0.0, ""elapsed_time"": null, ""plan_lines"": 0.0, ""transcript_lines"": 0.0}",0.0,Low,0.7,1.0,0,2026-03-06,2026-03-06,1.00,one-commit analytical invariant
004751dd893b3e1b96ba2e42f9a63fc000d75663,004751dd893b3e1b96ba2e42f9a63fc000d75663,004751d,2026-03-06T15:32:27-08:00,2026-03-06T15:32:27-08:00,docs(commit-guide): added Agents.md and experimental Git Commit Guide Prompt Plan,,docs,commit-guide,added Agents.md and experimental Git Commit Guide Prompt Plan,False,[],[],parsed,Agents.md; Docs/Guides/git-commit-message-guide.md; Docs/Plans/5-GitCommitGuidePromptPlan.md,3,274,13,0,0,16,252,0,0,False,"[""5""]",[],"[""project""]",assigned,0.0,0.0,16.0,252.0,0.0,,,,0.0,0.0,0,"{""assistant_processing_time"": null, ""back_and_forth_count"": 0.0, ""code_lines"": 0.0, ""elapsed_time"": null, ""plan_lines"": 252.0, ""transcript_lines"": 0.0}",9.09,Low,0.7,1.0,0,2026-03-06,2026-03-06,1.00,one-commit analytical invariant
645232c9f5fdbcd436cd208763553a0f163d3f77,645232c9f5fdbcd436cd208763553a0f163d3f77,645232c,2026-03-06T20:47:12-08:00,2026-03-06T20:47:12-08:00,docs(plans): add save notifications plan and planning rules,"- add project overview and plan authoring requirements to `Agents.md`
- add a numbered save notifications implementation plan with risks and test strategy
- remove the obsolete git commit guide prompt experiment plan",docs,plans,add save notifications plan and planning rules,False,[],[],parsed,Agents.md; Docs/Plans/5-AddSaveNotificationsPlan.md; Docs/Plans/5-GitCommitGuidePromptPlan.md,3,272,253,0,0,0,422,0,0,False,"[""5""]",[],"[""save""]",assigned,0.0,0.0,0.0,422.0,0.0,,,,0.0,0.0,0,"{""assistant_processing_time"": null, ""back_and_forth_count"": 0.0, ""code_lines"": 0.0, ""elapsed_time"": null, ""plan_lines"": 422.0, ""transcript_lines"": 0.0}",9.66,Low,0.7,1.0,0,2026-03-06,2026-03-06,1.00,one-commit analytical invariant
315dd772a284932ebaf5b599e41c6f6dd911a4e4,315dd772a284932ebaf5b599e41c6f6dd911a4e4,315dd77,2026-03-07T16:24:34-08:00,2026-03-07T16:24:34-08:00,project(): remove Agents.md,,,,project(): remove Agents.md,False,[],[],unparsed,Agents.md,1,0,120,0,0,0,0,0,0,False,[],[],"[""project""]",assigned,0.0,0.0,0.0,0.0,0.0,,,,0.0,0.0,0,"{""assistant_processing_time"": null, ""back_and_forth_count"": 0.0, ""code_lines"": 0.0, ""elapsed_time"": null, ""plan_lines"": 0.0, ""transcript_lines"": 0.0}",0.0,Low,0.7,1.0,1,2026-03-07,2026-03-07,1.00,one-commit analytical invariant
e031a26f031d038fcc430fb7057600f67102ccbe,e031a26f031d038fcc430fb7057600f67102ccbe,e031a26,2026-03-07T16:26:48-08:00,2026-03-07T16:26:48-08:00,project(): added new AGENTS.md and transcript formatting support,,,,project(): added new AGENTS.md and transcript formatting support,False,[],[],unparsed,AGENTS.md; Docs/Guides/transcript-template.md,2,212,0,0,0,212,0,0,0,False,"[""6""]","[""transcript-2026-03-07-2-6-AgentsTranscriptSkillPlan""]","[""project""]",assigned,0.0,0.0,212.0,0.0,107.57142857142858,,,,3.0,6.0,3,"{""assistant_processing_time"": null, ""back_and_forth_count"": 3.0, ""code_lines"": 0.0, ""elapsed_time"": null, ""plan_lines"": 0.0, ""transcript_lines"": 107.57142857142858}",21.71,Low,0.7,1.0,1,2026-03-07,2026-03-07,1.00,one-commit analytical invariant
80b722ee0e77887149ebfd307538cac12a5907c3,80b722ee0e77887149ebfd307538cac12a5907c3,80b722e,2026-03-09T23:56:06-07:00,2026-03-09T23:56:06-07:00,feat(notifications): reopen saved tracks from save success notifications,"- add editor session, reopen record, and track fingerprint models for notification routing
- register editor windows by imported track set and reopen matching sessions from notifications
- return saved track references with refreshed post-save bookmarks from the save flow
- schedule local save-success notifications and handle notification responses at app launch time
- add unit and UI test coverage for bookmark refresh, notification payload routing, and window reuse",feat,notifications,reopen saved tracks from save success notifications,False,[],[],parsed,AGENTS.md; Docs/Guides/Transcripts/transcript-2026-03-06-1-AGENTS-update.md; Docs/Guides/Transcripts/transcript-2026-03-07-1-AGENTS-initial_transcript_update.md; Docs/Plans/5-AddSaveNotificationsPlan.md; Docs/Plans/6-AgentsTranscriptSkillPlan.md; Docs/Plans/Transcripts/transcript-2026-02-27-1-1-FLACBridgeExecution.md; Docs/Plans/Transcripts/transcript-2026-03-02-1-MiscTagEditorDev.md; Docs/Plans/Transcripts/transcript-2026-03-03-1-MiscTagEditorDev.md; Docs/Plans/Transcripts/transcript-2026-03-04-1-2-ContentViewReorganizationPlan.md.md; Docs/Plans/Transcripts/transcript-2026-03-06-1-4-FlacWriteTagsAndPicturesPlan.md; Docs/Plans/Transcripts/transcript-2026-03-07-1-5-AddSaveNotificationsPlan.md; Docs/Plans/Transcripts/transcript-2026-03-07-2-6-AgentsTranscriptSkillPlan.md; SwiftTag/ContentView.swift; SwiftTag/Features/TagEditor/TagEditorViewModel.swift; SwiftTag/Shared/Models/EditorSessionModels.swift; SwiftTag/Shared/Models/SaveSettings.swift; SwiftTag/Shared/Models/Track.swift; SwiftTag/Shared/Utilities/EditorWindowCoordinator.swift; SwiftTag/Shared/Utilities/SaveNotificationCoordinator.swift; SwiftTag/SwiftTagApp.swift; SwiftTagTestFiles/test-with_padding.flac; SwiftTagTestFiles/test.flac; SwiftTagTests/SwiftTagTests.swift; SwiftTagUITests/SwiftTagUITests.swift,24,4064,22,789,418,455,154,2270,0,True,"[""5"", ""6""]","[""transcript-2026-02-27-1-1-FLACBridgeExecution"", ""transcript-2026-03-02-1-MiscTagEditorDev"", ""transcript-2026-03-03-1-MiscTagEditorDev"", ""transcript-2026-03-04-1-2-ContentViewReorganizationPlan.md"", ""transcript-2026-03-06-1-4-FlacWriteTagsAndPicturesPlan"", ""transcript-2026-03-07-1-5-AddSaveNotificationsPlan"", ""transcript-2026-03-07-2-6-AgentsTranscriptSkillPlan""]","[""applescript"", ""picture"", ""save"", ""settings"", ""swifttag-document"", ""tags""]",assigned,789.0,418.0,455.0,154.0,931.4285714285717,,,,25.0,50.0,25,"{""assistant_processing_time"": null, ""back_and_forth_count"": 25.0, ""code_lines"": 789.0, ""elapsed_time"": null, ""plan_lines"": 154.0, ""transcript_lines"": 931.4285714285717}",66.78,High,0.7,1.0,0,2026-03-09,2026-03-09,1.00,one-commit analytical invariant
fa93fee5de699542d9c5b51f16ffc9acac505d9c,fa93fee5de699542d9c5b51f16ffc9acac505d9c,fa93fee,2026-03-10T21:11:26-07:00,2026-03-10T21:11:26-07:00,docs(transcripts): tighten transcript export rules and template,"require keeping every visible user and assistant entry in exported transcripts
allow consecutive assistant entries under one assistant header when uninterrupted
omit current-file and no-selection metadata from transcript output
update the transcript template and guide transcript to match the revised rules",docs,transcripts,tighten transcript export rules and template,False,[],[],parsed,AGENTS.md; Docs/Guides/Transcripts/transcript-2026-03-10-1-transcript-guides-update.md; Docs/Guides/transcript-template.md,3,102,8,0,0,110,0,0,0,False,[],[],"[""applescript"", ""tags""]",assigned,0.0,0.0,110.0,0.0,0.0,,,,0.0,0.0,0,"{""assistant_processing_time"": null, ""back_and_forth_count"": 0.0, ""code_lines"": 0.0, ""elapsed_time"": null, ""plan_lines"": 0.0, ""transcript_lines"": 0.0}",0.0,Low,0.7,1.0,0,2026-03-10,2026-03-10,1.00,one-commit analytical invariant
c499b7aead381ce46c275a2b7e1571e2a49a4cc8,c499b7aead381ce46c275a2b7e1571e2a49a4cc8,c499b7a,2026-03-12T02:02:52-07:00,2026-03-12T02:02:52-07:00,project(icons): point the app target at the SwiftTag icon set,"- add app icon setup documentation in Docs/app-icons.md
- change ASSETCATALOG_COMPILER_APPICON_NAME from AppIcon to SwiftTag",project,icons,point the app target at the SwiftTag icon set,False,[],[],parsed,SwiftTag.xcodeproj/project.pbxproj; SwiftTag/Assets.xcassets/Brightly_Colored_Fish-512-circle-alpha-full.imageset/Brightly_Colored_Fish-512-circle-alpha-full.png; SwiftTag/Assets.xcassets/Brightly_Colored_Fish-512-circle-alpha-full.imageset/Brightly_Colored_Fish-512-circle-alpha-full@2x.png; SwiftTag/Assets.xcassets/Brightly_Colored_Fish-512-circle-alpha-full.imageset/Contents.json; SwiftTag/SwiftTag.icon/Assets/SwiftTag-Brightly_Colored_Fish-1024-centered.png; SwiftTag/SwiftTag.icon/icon.json,6,66,102,168,0,0,0,0,0,True,[],[],"[""picture"", ""project"", ""swifttag-document""]",assigned,168.0,0.0,0.0,0.0,0.0,,,,0.0,0.0,0,"{""assistant_processing_time"": null, ""back_and_forth_count"": 0.0, ""code_lines"": 168.0, ""elapsed_time"": null, ""plan_lines"": 0.0, ""transcript_lines"": 0.0}",20.48,Low,0.7,1.0,0,2026-03-12,2026-03-12,1.00,one-commit analytical invariant
e0cd7da70c303f9524054cf6e150d7fbfca3d9d1,e0cd7da70c303f9524054cf6e150d7fbfca3d9d1,e0cd7da,2026-03-12T02:05:00-07:00,2026-03-12T02:05:00-07:00,feat(save-status): add save progress overlay and save-state UI guards,"- add a per-window save status overlay with album or track progress details
- disable tag editor and album art interactions while saves are running
- show the overlay inside the album art sheet during saves
- add targeted unit and UI coverage for save progress and save-state behavior
- update the save status implementation plan to match the final behavior",feat,save-status,add save progress overlay and save-state UI guards,False,[],[],parsed,Docs/Plans/7-AddSaveStatusViewPlan.md; Docs/Plans/Transcripts/transcript-2026-03-12-1-7-AddSaveStatusViewPlan.md; SwiftTag/ContentView.swift; SwiftTag/Features/AlbumArt/AlbumArtSheetView.swift; SwiftTag/Features/AlbumArt/AlbumArtWellView.swift; SwiftTag/Features/TagEditor/TagEditorAlbumView.swift; SwiftTag/Features/TagEditor/TagEditorView.swift; SwiftTag/Features/TagEditor/TagEditorViewModel.swift; SwiftTag/Shared/Utilities/SaveStatusView.swift; SwiftTag/SwiftTagApp.swift; SwiftTagTests/SwiftTagTests.swift; SwiftTagUITests/SwiftTagUITests.swift,12,1429,101,554,243,0,197,536,0,False,"[""7""]","[""transcript-2026-03-12-1-7-AddSaveStatusViewPlan""]","[""applescript"", ""diff"", ""picture"", ""save"", ""tags""]",assigned,554.0,243.0,0.0,197.0,536.0,,,,21.0,42.0,21,"{""assistant_processing_time"": null, ""back_and_forth_count"": 21.0, ""code_lines"": 554.0, ""elapsed_time"": null, ""plan_lines"": 197.0, ""transcript_lines"": 536.0}",65.07,High,0.7,1.0,0,2026-03-12,2026-03-12,1.00,one-commit analytical invariant
c56695645a5579bac37f1f716650754ccc5750a1,c56695645a5579bac37f1f716650754ccc5750a1,c566956,2026-03-14T01:46:28-07:00,2026-03-14T01:46:28-07:00,feat(track-status): add file-monitor-based track status and lock-aware tag editor behavior,"• add track status model and file monitor integration for external change, rename, and delete detection
• update tag editor and album art views to surface status and preserve value visibility for locked tracks
• keep locked tracks read-only while restoring editability when tracks are unlocked
• add and update unit tests for rename handling, lock behavior, and track status presentation
• add plan and transcript docs for AddTrackStatus implementation",feat,track-status,add file-monitor-based track status and lock-aware tag editor behavior,False,[],[],parsed,AGENTS.md; Docs/Plans/8-AddTrackStatusPlan.md; Docs/Plans/Transcripts/transcript-2026-03-13-1-8-AddTrackStatusPlan.md; SwiftTag/ContentView.swift; SwiftTag/Features/AlbumArt/AlbumArtSheetView.swift; SwiftTag/Features/AlbumArt/AlbumArtWellView.swift; SwiftTag/Features/TagEditor/TagEditorAlbumView.swift; SwiftTag/Features/TagEditor/TagEditorCoreTagsView.swift; SwiftTag/Features/TagEditor/TagEditorMiscTagsView.swift; SwiftTag/Features/TagEditor/TagEditorTrackFileView.swift; SwiftTag/Features/TagEditor/TagEditorView.swift; SwiftTag/Features/TagEditor/TagEditorViewModel.swift; SwiftTag/Shared/Models/Track.swift; SwiftTag/Shared/Models/TrackStatus.swift; SwiftTag/Shared/Utilities/TrackFileMonitor.swift; SwiftTag/SwiftTagApp.swift; SwiftTagTests/SwiftTagTests.swift,17,2737,193,1640,858,2,276,154,0,False,"[""8""]","[""transcript-2026-03-13-1-8-AddTrackStatusPlan""]","[""applescript"", ""diff"", ""picture"", ""tags""]",assigned,1640.0,858.0,2.0,276.0,522.0,37893.0,3754.0,34139.0,16.0,32.0,0,"{""assistant_processing_time"": 3754.0, ""back_and_forth_count"": 16.0, ""code_lines"": 1640.0, ""elapsed_time"": 37893.0, ""plan_lines"": 276.0, ""transcript_lines"": 522.0}",95.55,Very High,1.0,1.0,0,2026-03-14,2026-03-14,1.00,one-commit analytical invariant
2d3e003b9689d477939ba8543f037de2cf8068c5,2d3e003b9689d477939ba8543f037de2cf8068c5,2d3e003,2026-03-14T14:08:54-07:00,2026-03-14T14:08:54-07:00,feat(track-status): updated 8-AddTrackStatusPlan to reflect latest implementation,,feat,track-status,updated 8-AddTrackStatusPlan to reflect latest implementation,False,[],[],parsed,Docs/Plans/8-AddTrackStatusPlan.md,1,35,10,0,0,0,45,0,0,False,"[""8""]","[""transcript-2026-03-14-1-8-AddTrackStatusPlan""]","[""diff""]",assigned,0.0,0.0,0.0,45.0,54.827586206896555,1626.0,275.0,1351.0,2.0,4.0,0,"{""assistant_processing_time"": 275.0, ""back_and_forth_count"": 2.0, ""code_lines"": 0.0, ""elapsed_time"": 1626.0, ""plan_lines"": 45.0, ""transcript_lines"": 54.827586206896555}",42.31,Moderate,1.0,1.0,0,2026-03-14,2026-03-14,1.00,one-commit analytical invariant
ae13badc1a2a880e7b374fa67010992d398fa737,ae13badc1a2a880e7b374fa67010992d398fa737,ae13bad,2026-03-14T16:15:01-07:00,2026-03-14T16:15:01-07:00,test(swiftui): add viewinspector coverage and read-only fixture ui-test support,"• add Docs​/​Guides​/testing​-guide​.md and Docs​/testing​-tools​-review​.md
• update AGENTS​.md with ViewInspector-first SwiftUI testing guidance
• add local View​Inspector package dependency to Swift​Tag​Tests target in Xcode project
• add Track​Status​View​Inspector​Tests for track status, lock state, and album editor gating behavior
• add UI tests for file menu read-only load command and read-only fixture import field disabling
• add UITEST​_​FLAC​_​READ​_​ONLY handling in UI test launch helper and Content​View fixture import
• return early from save flow when can​Save(payload:) is false",test,swiftui,add viewinspector coverage and read-only fixture ui-test support,False,[],[],parsed,AGENTS.md; Docs/Guides/testing-guide.md; Docs/testing-tools-review.md; SwiftTag.xcodeproj/project.pbxproj; SwiftTag.xcodeproj/xcuserdata/ccm.xcuserdatad/xcschemes/xcschememanagement.plist; SwiftTag/ContentView.swift; SwiftTagTests/TrackStatusViewInspectorTests.swift; SwiftTagUITests/SwiftTagUITests.swift,8,452,1,30,213,205,0,0,0,False,"[""8""]","[""transcript-2026-03-14-1-8-AddTrackStatusPlan""]","[""diff"", ""picture"", ""project"", ""save"", ""tags""]",assigned,30.0,213.0,205.0,0.0,305.1724137931035,6292.0,1113.0,5179.0,8.0,16.0,0,"{""assistant_processing_time"": 1113.0, ""back_and_forth_count"": 8.0, ""code_lines"": 30.0, ""elapsed_time"": 6292.0, ""plan_lines"": 0.0, ""transcript_lines"": 305.1724137931035}",61.18,High,1.0,1.0,0,2026-03-14,2026-03-14,1.00,one-commit analytical invariant
d4f65729d1e61f20ac1eaf10d9e5b13db612d6b9,d4f65729d1e61f20ac1eaf10d9e5b13db612d6b9,d4f6572,2026-03-14T16:30:47-07:00,2026-03-14T16:30:47-07:00,docs(testing-guide) refinement,,,,docs(testing-guide) refinement,False,[],[],unparsed,Docs/Guides/testing-guide.md,1,89,64,0,0,153,0,0,0,False,[],[],"[""project""]",assigned,0.0,0.0,153.0,0.0,0.0,,,,0.0,0.0,0,"{""assistant_processing_time"": null, ""back_and_forth_count"": 0.0, ""code_lines"": 0.0, ""elapsed_time"": null, ""plan_lines"": 0.0, ""transcript_lines"": 0.0}",0.0,Low,0.7,1.0,1,2026-03-14,2026-03-14,1.00,one-commit analytical invariant
94246bbd4bebc8a284577f2d68b82ff5db235599,94246bbd4bebc8a284577f2d68b82ff5db235599,94246bb,2026-03-16T20:39:26-07:00,2026-03-16T20:39:26-07:00,docs(transcript): 8-AddTrackStatusPlan.md finalization and introduction of ViewInspector,,docs,transcript,8-AddTrackStatusPlan.md finalization and introduction of ViewInspector,False,[],[],parsed,Docs/Plans/Transcripts/transcript-2026-03-14-1-8-AddTrackStatusPlan.md,1,1,0,0,0,0,0,1,0,False,[],"[""transcript-2026-03-14-1-8-AddTrackStatusPlan""]","[""applescript"", ""diff""]",assigned,0.0,0.0,0.0,0.0,0.0,,,,0.0,0.0,0,"{""assistant_processing_time"": null, ""back_and_forth_count"": 0.0, ""code_lines"": 0.0, ""elapsed_time"": null, ""plan_lines"": 0.0, ""transcript_lines"": 0.0}",0.0,Low,0.7,1.0,0,2026-03-16,2026-03-16,1.00,one-commit analytical invariant
ac28a73112d2a5170ee56f4f05fe6081f4376eb6,ac28a73112d2a5170ee56f4f05fe6081f4376eb6,ac28a73,2026-03-17T20:58:24-07:00,2026-03-17T20:58:24-07:00,feat(diff-tools): implement track/file diff states and mismatch warning customization,"• rename diff settings to track-to-file and track-to-track terminology with new persisted keys
• add externally modified diff formatting toggle and color setting
• add track/disc total mismatch color and apply it to warning text and background
• split formatting into track-to-track, track-to-file, and externally modified precedence
• update editor bindings for per-track total discs, mixed markers, and date text diff display
• limit misc track-to-track styling to values and detect missing-snapshot misc file diffs
• update content and view model diff wiring plus flac import/write mapping for new behavior
• add and update unit, view-inspector, and ui tests for feedback settings and diff formatting
• update plan 9 and add transcripts for the feedback settings implementation changes",feat,diff-tools,implement track/file diff states and mismatch warning customization,False,[],[],parsed,Docs/Plans/9-AddUIFeedbackSettings.md; Docs/Plans/Transcripts/transcript-2026-03-17-1-9-AddUIFeedbackSettings.md; Docs/Plans/Transcripts/transcript-2026-03-17-2-9-AddUIFeedbackSettings.md; SwiftTag.xcodeproj/project.pbxproj; SwiftTag/ContentView.swift; SwiftTag/Features/FlacImport/FlacImportMapper.swift; SwiftTag/Features/FlacImport/FlacWriteMapper.swift; SwiftTag/Features/Settings/DiffToolsView.swift; SwiftTag/Features/Settings/FeedbackSettingsView.swift; SwiftTag/Features/Settings/SettingsView.swift; SwiftTag/Features/TagEditor/TagEditorAlbumView.swift; SwiftTag/Features/TagEditor/TagEditorCoreTagsView.swift; SwiftTag/Features/TagEditor/TagEditorMiscTagsView.swift; SwiftTag/Features/TagEditor/TagEditorTrackFileView.swift; SwiftTag/Features/TagEditor/TagEditorView.swift; SwiftTag/Features/TagEditor/TagEditorViewModel.swift; SwiftTag/Shared/Models/EditorSessionModels.swift; SwiftTag/Shared/Models/FeedbackSettings.swift; SwiftTag/Shared/Models/TagKey.swift; SwiftTag/Shared/Models/Track.swift; SwiftTag/Shared/Utilities/SaveNotificationCoordinator.swift; SwiftTag/Shared/Utilities/TagDiffFormatting.swift; SwiftTag/SwiftTagApp.swift; SwiftTagTests/SwiftTagTests.swift; SwiftTagTests/TrackStatusViewInspectorTests.swift; SwiftTagUITests/SwiftTagUITests.swift,26,2678,387,1685,573,0,263,544,0,False,"[""9""]","[""transcript-2026-03-17-1-9-AddUIFeedbackSettings"", ""transcript-2026-03-17-2-9-AddUIFeedbackSettings""]","[""applescript"", ""diff"", ""save"", ""settings"", ""swifttag-document"", ""tags""]",assigned,1685.0,573.0,0.0,263.0,676.0,31337.0,5103.0,26234.0,17.0,34.0,0,"{""assistant_processing_time"": 5103.0, ""back_and_forth_count"": 17.0, ""code_lines"": 1685.0, ""elapsed_time"": 31337.0, ""plan_lines"": 263.0, ""transcript_lines"": 676.0}",95.77,Very High,1.0,1.0,0,2026-03-17,2026-03-17,1.00,one-commit analytical invariant
32d8411d0d981716488a64b235fa1c25240b90ba,32d8411d0d981716488a64b235fa1c25240b90ba,32d8411,2026-03-18T09:54:29-07:00,2026-03-18T09:54:29-07:00,"feat(diff-tools): UI cleanup, theme setting now propagated to Diff Tools and Settings windows",,feat,diff-tools,"UI cleanup, theme setting now propagated to Diff Tools and Settings windows",False,[],[],parsed,SwiftTag/Features/Settings/DiffToolsView.swift; SwiftTag/Shared/Utilities/TagDiffFormatting.swift; SwiftTag/SwiftTagApp.swift,3,64,19,83,0,0,0,0,0,False,[],[],"[""applescript"", ""diff"", ""settings"", ""tags""]",assigned,83.0,0.0,0.0,0.0,0.0,,,,0.0,0.0,0,"{""assistant_processing_time"": null, ""back_and_forth_count"": 0.0, ""code_lines"": 83.0, ""elapsed_time"": null, ""plan_lines"": 0.0, ""transcript_lines"": 0.0}",16.73,Low,0.7,1.0,0,2026-03-18,2026-03-18,1.00,one-commit analytical invariant
83083cbcdf9667c18e3a5c3c11c66d2cfa24f4a6,83083cbcdf9667c18e3a5c3c11c66d2cfa24f4a6,83083cb,2026-03-18T11:27:14-07:00,2026-03-18T11:27:14-07:00,plan(feedback): update plan to latest implemented state and add targeted settings diff tests,,plan,feedback,update plan to latest implemented state and add targeted settings diff tests,False,[],[],parsed,Docs/Plans/9-AddUIFeedbackSettings.md; SwiftTag/ContentView.swift; SwiftTag/Features/Settings/DiffToolsView.swift; SwiftTag/Shared/Models/FeedbackSettings.swift; SwiftTagTests/SwiftTagTests.swift; SwiftTagTests/TrackStatusViewInspectorTests.swift,6,266,277,32,113,0,398,0,0,False,"[""9""]","[""transcript-2026-03-18-1-9-AddUIFeedbackSettings""]","[""diff"", ""settings"", ""tags""]",assigned,32.0,113.0,0.0,398.0,124.26174496644296,4140.0,610.0,3530.0,4.0,8.0,0,"{""assistant_processing_time"": 610.0, ""back_and_forth_count"": 4.0, ""code_lines"": 32.0, ""elapsed_time"": 4140.0, ""plan_lines"": 398.0, ""transcript_lines"": 124.26174496644296}",63.39,High,1.0,1.0,0,2026-03-18,2026-03-18,1.00,one-commit analytical invariant
0d268f9dbda719319837ad31711eb87f9f166499,0d268f9dbda719319837ad31711eb87f9f166499,0d268f9,2026-03-18T11:48:27-07:00,2026-03-18T11:48:27-07:00,plan(feedback): latest transcript and fixed test code warnings,,plan,feedback,latest transcript and fixed test code warnings,False,[],[],parsed,Docs/Plans/Transcripts/transcript-2026-03-18-1-9-AddUIFeedbackSettings.md; SwiftTagTests/SwiftTagTests.swift; SwiftTagTests/TrackStatusViewInspectorTests.swift,3,166,18,0,29,0,0,155,0,False,"[""9""]","[""transcript-2026-03-18-1-9-AddUIFeedbackSettings""]","[""applescript"", ""diff"", ""settings"", ""tags""]",assigned,0.0,29.0,0.0,0.0,36.73825503355705,132.0,132.0,0.0,1.0,2.0,0,"{""assistant_processing_time"": 132.0, ""back_and_forth_count"": 1.0, ""code_lines"": 0.0, ""elapsed_time"": 132.0, ""plan_lines"": 0.0, ""transcript_lines"": 36.73825503355705}",29.66,Moderate,1.0,1.0,0,2026-03-18,2026-03-18,1.00,one-commit analytical invariant
4f2a9e8f1b624f200c4d62747f38f83200dbaf88,4f2a9e8f1b624f200c4d62747f38f83200dbaf88,4f2a9e8,2026-03-18T12:23:28-07:00,2026-03-18T12:23:28-07:00,test(cleanup): move applicable UI tests to ViewInspecter harness and fix warnings,,test,cleanup,move applicable UI tests to ViewInspecter harness and fix warnings,False,[],[],parsed,SwiftTagTests/TrackStatusViewInspectorTests.swift; SwiftTagUITests/SwiftTagUITests.swift,2,140,82,0,222,0,0,0,0,False,[],[],"[""diff"", ""project"", ""tags""]",assigned,0.0,222.0,0.0,0.0,0.0,,,,0.0,0.0,0,"{""assistant_processing_time"": null, ""back_and_forth_count"": 0.0, ""code_lines"": 0.0, ""elapsed_time"": null, ""plan_lines"": 0.0, ""transcript_lines"": 0.0}",0.0,Low,0.7,1.0,0,2026-03-18,2026-03-18,1.00,one-commit analytical invariant
472c0f02b8c8e431c30a0e342fa8aee4bd3f6b63,472c0f02b8c8e431c30a0e342fa8aee4bd3f6b63,472c0f0,2026-03-19T09:11:28-07:00,2026-03-19T09:11:28-07:00,refactor(settings UI) update options to toggle switch,,,,refactor(settings UI) update options to toggle switch,False,[],[],unparsed,AGENTS.md; SwiftTag/ContentView.swift; SwiftTag/Features/Settings/GeneralSettingsView.swift; SwiftTag/Features/Settings/TagWriteSettingsView.swift; SwiftTag/Shared/Models/SaveSettings.swift; SwiftTag/SwiftTagApp.swift; SwiftTagUITests/SwiftTagUITests.swift,7,282,38,201,118,1,0,0,0,False,[],[],"[""save"", ""settings"", ""tags""]",assigned,201.0,118.0,1.0,0.0,0.0,,,,0.0,0.0,0,"{""assistant_processing_time"": null, ""back_and_forth_count"": 0.0, ""code_lines"": 201.0, ""elapsed_time"": null, ""plan_lines"": 0.0, ""transcript_lines"": 0.0}",21.06,Low,0.7,1.0,1,2026-03-19,2026-03-19,1.00,one-commit analytical invariant
68f7c7b1c66c1a7acd0564610efe03ceff89180b,68f7c7b1c66c1a7acd0564610efe03ceff89180b,68f7c7b,2026-03-19T14:40:41-07:00,2026-03-19T14:40:41-07:00,"feat(editor): add track management commands, safeguards, and additive import flows","• add read-only # track table column and default ascending track-number sort
• add Auto update ​Track ​Total and Update ​Track ​Total on ​Locked ​Tracks settings
• disable total-tracks editing while auto update is enabled
• sync track total from non-deleted track count and apply by locked-track setting
• add Set ​Track ​Total (*) actions to table, total-tracks field, and File menu
• add additive Add ​FLAC files... and read-only variant in context and File menus
• add bookmark-identity duplicate filtering for additive import and drop flows
• add .flac drag/drop additive import with Option modifier forcing locked add
• add selection-aware reload/remove commands with enabled-state gating
• add destructive confirmation flow for load, reload, remove, close window, and quit
• include unsaved edit counts in destructive prompts and action-specific confirm labels
• update File menu ordering, separators, focused command routing, and shortcuts
• scope unsaved-edit/file references to each window/tab lifecycle
• skip writing unchanged tracks during save operations
• add unit and ViewInspector tests for total update, duplicate filtering, and UI states",feat,editor,"add track management commands, safeguards, and additive import flows",False,[],[],parsed,Docs/Plans/10-AddTrackManagement.md; SwiftTag/ContentView.swift; SwiftTag/Features/Settings/GeneralSettingsView.swift; SwiftTag/Features/Settings/TagWriteSettingsView.swift; SwiftTag/Features/TagEditor/TagEditorCoreTagsView.swift; SwiftTag/Features/TagEditor/TagEditorTrackFileView.swift; SwiftTag/Features/TagEditor/TagEditorView.swift; SwiftTag/Features/TagEditor/TagEditorViewModel.swift; SwiftTag/Shared/Models/SaveSettings.swift; SwiftTag/Shared/Models/Track.swift; SwiftTag/Shared/Utilities/UnsavedChangesCoordinator.swift; SwiftTag/SwiftTagApp.swift; SwiftTagTests/SwiftTagTests.swift; SwiftTagTests/TrackStatusViewInspectorTests.swift,14,1359,34,932,259,0,202,0,0,False,"[""10""]","[""transcript-2026-03-19-1-10-AddTrackManagement""]","[""diff"", ""save"", ""settings"", ""swifttag-document"", ""tags""]",assigned,932.0,259.0,0.0,202.0,314.0,19077.0,2098.0,16979.0,7.0,14.0,0,"{""assistant_processing_time"": 2098.0, ""back_and_forth_count"": 7.0, ""code_lines"": 932.0, ""elapsed_time"": 19077.0, ""plan_lines"": 202.0, ""transcript_lines"": 314.0}",90.91,Very High,1.0,1.0,0,2026-03-19,2026-03-19,1.00,one-commit analytical invariant
b1c99ff0e11dc7d38d78a51a328115010a433f80,b1c99ff0e11dc7d38d78a51a328115010a433f80,b1c99ff,2026-03-19T15:07:23-07:00,2026-03-19T15:07:23-07:00,"docs(transcript): plan 10 add track management commands, safeguards, and additive import flows",,docs,transcript,"plan 10 add track management commands, safeguards, and additive import flows",False,[],[],parsed,Docs/Plans/Transcripts/transcript-2026-03-19-1-10-AddTrackManagement.md,1,314,0,0,0,0,0,314,0,False,[],"[""transcript-2026-03-19-1-10-AddTrackManagement""]","[""applescript""]",assigned,0.0,0.0,0.0,0.0,0.0,,,,0.0,0.0,0,"{""assistant_processing_time"": null, ""back_and_forth_count"": 0.0, ""code_lines"": 0.0, ""elapsed_time"": null, ""plan_lines"": 0.0, ""transcript_lines"": 0.0}",0.0,Low,0.7,1.0,0,2026-03-19,2026-03-19,1.00,one-commit analytical invariant
07da732fae63f277c83cb54cf56698ac80e2c851,07da732fae63f277c83cb54cf56698ac80e2c851,07da732,2026-03-21T10:35:07-07:00,2026-03-21T10:35:07-07:00,feat(ui): minor spacing/clarity update,,feat,ui,minor spacing/clarity update,False,[],[],parsed,SwiftTag/ContentView.swift; SwiftTag/Features/AlbumArt/AlbumArtSheetView.swift; SwiftTag/Features/TagEditor/TagEditorMiscTagsView.swift,3,181,5,186,0,0,0,0,0,False,[],[],"[""project"", ""tags""]",assigned,186.0,0.0,0.0,0.0,0.0,,,,0.0,0.0,0,"{""assistant_processing_time"": null, ""back_and_forth_count"": 0.0, ""code_lines"": 186.0, ""elapsed_time"": null, ""plan_lines"": 0.0, ""transcript_lines"": 0.0}",20.77,Low,0.7,1.0,0,2026-03-21,2026-03-21,1.00,one-commit analytical invariant
9e1ce62bf296678be8aa16075285d1f9e0cb453c,9e1ce62bf296678be8aa16075285d1f9e0cb453c,9e1ce62,2026-03-23T11:33:46-07:00,2026-03-23T11:33:46-07:00,feat(album-art): add scoped multi-picture browser and per-track picture save behavior,"• add pooled multi-picture album art state with per-track references, scoped browsing, and pin controls
• add track and type picture scope pickers, effective pin overrides, and setting-driven save behavior
• update picture metadata, removal overlays, reload state handling, and track status synchronization
• extend save and import flows to preserve ordered per-track pictures and forced write behavior
• add targeted unit and ViewInspector coverage for browser state, scope rules, and reload regressions",feat,album-art,add scoped multi-picture browser and per-track picture save behavior,False,[],[],parsed,Docs/Plans/11-v1-AddMultiPicturePerTrackSupport.md; Docs/Plans/11-v2-AddMultiPicturePerTrackSupport.md; Docs/Plans/Transcripts/transcript-2026-03-21-1-11-AddMultiPicturePerTrackSupport.md; Docs/Plans/Transcripts/transcript-2026-03-22-1-11-AddMultiPicturePerTrackSupport.md; SwiftTag/ContentView.swift; SwiftTag/Features/AlbumArt/AlbumArtSheetView.swift; SwiftTag/Features/AlbumArt/AlbumArtTypes.swift; SwiftTag/Features/AlbumArt/AlbumArtViewModel.swift; SwiftTag/Features/FlacImport/FlacImportMapper.swift; SwiftTag/Features/Settings/TagWriteSettingsView.swift; SwiftTag/Features/TagEditor/TagEditorAlbumView.swift; SwiftTag/Features/TagEditor/TagEditorViewModel.swift; SwiftTag/FlacMetadataService.swift; SwiftTag/Shared/Models/SaveSettings.swift; SwiftTag/Shared/Models/Track.swift; SwiftTag/Shared/Models/TrackStatus.swift; SwiftTag/SwiftTagApp.swift; SwiftTagTests/SwiftTagTests.swift; SwiftTagTests/TrackStatusViewInspectorTests.swift,19,3761,110,1707,714,0,535,915,0,False,"[""11""]","[""transcript-2026-03-21-1-11-AddMultiPicturePerTrackSupport"", ""transcript-2026-03-22-1-11-AddMultiPicturePerTrackSupport""]","[""applescript"", ""diff"", ""flac-lib"", ""picture"", ""save"", ""settings"", ""tags""]",assigned,1707.0,714.0,0.0,535.0,915.0,169137.0,8143.0,160994.0,25.0,50.0,0,"{""assistant_processing_time"": 8143.0, ""back_and_forth_count"": 25.0, ""code_lines"": 1707.0, ""elapsed_time"": 169137.0, ""plan_lines"": 535.0, ""transcript_lines"": 915.0}",99.21,Very High,1.0,1.0,0,2026-03-23,2026-03-23,1.00,one-commit analytical invariant
1e4ea8e60ed212c41a1f3f43a972ccad5855a07a,1e4ea8e60ed212c41a1f3f43a972ccad5855a07a,1e4ea8e,2026-03-23T16:49:11-07:00,2026-03-23T16:49:11-07:00,feat(ui): track picture info overlay and navigation enhancements,,feat,ui,track picture info overlay and navigation enhancements,False,[],[],parsed,SwiftTag/ContentView.swift; SwiftTag/Features/AlbumArt/AlbumArtSheetView.swift; SwiftTag/Features/AlbumArt/AlbumArtViewModel.swift; SwiftTag/Features/TagEditor/TagEditorTrackFileView.swift; SwiftTag/Features/TagEditor/TagEditorView.swift; SwiftTagTests/SwiftTagTests.swift; SwiftTagTests/TrackStatusViewInspectorTests.swift,7,430,112,293,249,0,0,0,0,False,"[""11""]","[""transcript-2026-03-23-1-11-AddMultiPicturePerTrackSupport""]","[""diff"", ""picture"", ""tags""]",assigned,293.0,249.0,0.0,0.0,265.83333333333337,18631.0,1152.0,17479.0,8.0,16.0,0,"{""assistant_processing_time"": 1152.0, ""back_and_forth_count"": 8.0, ""code_lines"": 293.0, ""elapsed_time"": 18631.0, ""plan_lines"": 0.0, ""transcript_lines"": 265.83333333333337}",76.2,Very High,1.0,1.0,0,2026-03-23,2026-03-23,1.00,one-commit analytical invariant
68e340f508e0f0f5b0ac2fbbcae259abf6155b6e,68e340f508e0f0f5b0ac2fbbcae259abf6155b6e,68e340f,2026-03-24T12:13:17-07:00,2026-03-24T12:13:17-07:00,fix(tag-editor): canonicalize picture records for snapshot and reload diff checks,"- store canonical picture record ordering in track file snapshots
- compare current and snapshot picture records using canonicalized ordering
- treat imported track picture records as authoritative even when the array is empty

docs(plans): add v3 multi-picture support plan and transcript

- add the 11-v3 plan covering destructive album pin behavior and related rules
- add the transcript for the multi-picture support planning session",fix,tag-editor,canonicalize picture records for snapshot and reload diff checks,False,[],"[""docs(plans): add v3 multi-picture support plan and transcript""]",parsed,Docs/Plans/11-v3-AddMultiPicturePerTrackSupport.md; Docs/Plans/Transcripts/transcript-2026-03-23-1-11-AddMultiPicturePerTrackSupport.md; SwiftTag/Features/TagEditor/TagEditorViewModel.swift,3,884,6,34,0,0,198,658,0,False,"[""11""]","[""transcript-2026-03-23-1-11-AddMultiPicturePerTrackSupport""]","[""applescript"", ""diff"", ""picture"", ""swifttag-document"", ""tags""]",assigned,34.0,0.0,0.0,198.0,313.70370370370375,13392.0,3952.0,9440.0,9.0,18.0,0,"{""assistant_processing_time"": 3952.0, ""back_and_forth_count"": 9.0, ""code_lines"": 34.0, ""elapsed_time"": 13392.0, ""plan_lines"": 198.0, ""transcript_lines"": 313.70370370370375}",74.21,High,1.0,1.0,0,2026-03-24,2026-03-24,1.00,one-commit analytical invariant
b4593bad7a73d4737a89fa81f52b0a0c853f2bce,b4593bad7a73d4737a89fa81f52b0a0c853f2bce,b4593ba,2026-03-25T21:15:38-07:00,2026-03-25T21:15:38-07:00,feat(album-art): revise picture scope forcing and front cover append behavior,"- remove the album-level pin toggle and track-scope picker from the album art sheet
- add a front cover add action that appends instead of replacing existing front cover entries
- force per-slot all-track scope while save-to-all settings are active and keep created refs when disabled
- default save front cover to all tracks to off
- update album art tests and add coverage for forced scope behavior and front cover append flow

feat(settings): regroup settings sections and resize the settings window

- reorganize feedback, general, and tag write settings into grouped sections
- adjust control sizing for segmented pickers and toggle groups
- increase the settings window frame to fit the expanded layout

docs(plans): add the v4 multi-picture support plan and transcript",feat,album-art,revise picture scope forcing and front cover append behavior,False,[],"[""feat(settings): regroup settings sections and resize the settings window"", ""docs(plans): add the v4 multi-picture support plan and transcript""]",parsed,Docs/Plans/11-v4-AddMultiPicturePerTrackSupport.md; Docs/Plans/Transcripts/transcript-2026-03-24-1-11-AddMultiPicturePerTrackSupport.md; SwiftTag/ContentView.swift; SwiftTag/Features/AlbumArt/AlbumArtSheetView.swift; SwiftTag/Features/AlbumArt/AlbumArtViewModel.swift; SwiftTag/Features/Settings/FeedbackSettingsView.swift; SwiftTag/Features/Settings/GeneralSettingsView.swift; SwiftTag/Features/Settings/SettingsView.swift; SwiftTag/Features/Settings/TagWriteSettingsView.swift; SwiftTag/Shared/Models/SaveSettings.swift; SwiftTagTests/SwiftTagTests.swift; SwiftTagTests/TrackStatusViewInspectorTests.swift,12,868,296,579,180,0,205,200,0,False,"[""11""]","[""transcript-2026-03-24-1-11-AddMultiPicturePerTrackSupport""]","[""applescript"", ""diff"", ""picture"", ""save"", ""settings"", ""tags""]",assigned,579.0,180.0,0.0,205.0,200.00000000000003,24267.0,926.0,23341.0,6.0,12.0,0,"{""assistant_processing_time"": 926.0, ""back_and_forth_count"": 6.0, ""code_lines"": 579.0, ""elapsed_time"": 24267.0, ""plan_lines"": 205.0, ""transcript_lines"": 200.00000000000003}",85.99,Very High,1.0,1.0,0,2026-03-25,2026-03-25,1.00,one-commit analytical invariant
f36a117c021f535e956e2d1722625465cd66b2f3,f36a117c021f535e956e2d1722625465cd66b2f3,f36a117,2026-03-26T08:57:58-07:00,2026-03-26T08:57:58-07:00,feat(album-art): return structured picture metadata to the sheet view,"- replace the formatted metadata string with AlbumArtPictureMetadata in the view model
- move metadata text rendering into the album art sheet and split the browser row count display
- update content view wiring to pass structured metadata through the sheet API
- adjust album art tests to assert metadata fields and the updated sheet text layout

- docs(plans): add the 2026-03-26 multi-picture support transcript",feat,album-art,return structured picture metadata to the sheet view,False,[],[],parsed,Docs/Plans/Transcripts/transcript-2026-03-26-1-11-AddMultiPicturePerTrackSupport.md; SwiftTag/ContentView.swift; SwiftTag/Features/AlbumArt/AlbumArtSheetView.swift; SwiftTag/Features/AlbumArt/AlbumArtViewModel.swift; SwiftTagTests/SwiftTagTests.swift; SwiftTagTests/TrackStatusViewInspectorTests.swift,6,261,51,122,91,0,0,99,0,False,"[""11""]","[""transcript-2026-03-26-1-11-AddMultiPicturePerTrackSupport""]","[""applescript"", ""diff"", ""picture"", ""tags""]",assigned,122.0,91.0,0.0,0.0,28.844221105527637,39072.0,150.0,38922.0,1.0,2.0,0,"{""assistant_processing_time"": 150.0, ""back_and_forth_count"": 1.0, ""code_lines"": 122.0, ""elapsed_time"": 39072.0, ""plan_lines"": 0.0, ""transcript_lines"": 28.844221105527637}",57.31,High,1.0,1.0,0,2026-03-26,2026-03-26,1.00,one-commit analytical invariant
2c3898c5b9fee3c3eefa3367c3219b2f4dbd2974,2c3898c5b9fee3c3eefa3367c3219b2f4dbd2974,2c3898c,2026-03-26T09:34:59-07:00,2026-03-26T09:34:59-07:00,test(tag-editor): update save tests for picture write semantics and non-padding fields,"- remove totalDiscs assignments from tests that do not explicitly verify disc count padding
- seed imported track picture records in picture-write coverage to match the current save contract
- replace a brittle system image expectation with a non-nil presentation assertion
- update a tag rewrite test to change album instead of relying on totalDiscs state
- drop TOTALDISCS assertions from tests that are not about disc total padding

docs(plans): update the 2026-03-26 multi-picture support transcript",test,tag-editor,update save tests for picture write semantics and non-padding fields,False,[],"[""docs(plans): update the 2026-03-26 multi-picture support transcript""]",parsed,Docs/Plans/Transcripts/transcript-2026-03-26-1-11-AddMultiPicturePerTrackSupport.md; SwiftTagTests/SwiftTagTests.swift,2,75,32,0,45,0,0,62,0,False,"[""11""]","[""transcript-2026-03-26-1-11-AddMultiPicturePerTrackSupport""]","[""applescript"", ""picture"", ""save"", ""tags""]",assigned,0.0,45.0,0.0,0.0,124.64824120603015,5504.0,506.0,4998.0,4.0,8.0,0,"{""assistant_processing_time"": 506.0, ""back_and_forth_count"": 4.0, ""code_lines"": 0.0, ""elapsed_time"": 5504.0, ""plan_lines"": 0.0, ""transcript_lines"": 124.64824120603015}",42.74,Moderate,1.0,1.0,0,2026-03-26,2026-03-26,1.00,one-commit analytical invariant
ce82bfb0ed6ae71f4fa52b159af692e3b74fe2c7,ce82bfb0ed6ae71f4fa52b159af692e3b74fe2c7,ce82bfb,2026-03-26T12:03:25-07:00,2026-03-26T12:03:25-07:00,feat(album-art): make duplicate overlays picture-specific and scope-aware,"- pass full overlay state to the sheet so it can target the currently displayed picture
- add pool item ids to picture metadata and gate overlay rendering on the active image
- detect cross-type duplicates across visible tracks for the slot's selected or all-tracks scope
- add coverage for picture-specific overlays and cross-track duplicate detection semantics

docs(plans): update the 2026-03-26 multi-picture support transcript",feat,album-art,make duplicate overlays picture-specific and scope-aware,False,[],"[""docs(plans): update the 2026-03-26 multi-picture support transcript""]",parsed,Docs/Plans/Transcripts/transcript-2026-03-26-1-11-AddMultiPicturePerTrackSupport.md; SwiftTag/ContentView.swift; SwiftTag/Features/AlbumArt/AlbumArtSheetView.swift; SwiftTag/Features/AlbumArt/AlbumArtViewModel.swift; SwiftTagTests/SwiftTagTests.swift; SwiftTagTests/TrackStatusViewInspectorTests.swift,6,310,54,94,169,0,0,101,0,False,"[""11""]","[""transcript-2026-03-26-1-11-AddMultiPicturePerTrackSupport""]","[""applescript"", ""diff"", ""picture"", ""save"", ""tags""]",assigned,94.0,169.0,0.0,0.0,104.04522613065326,10039.0,581.0,9458.0,3.0,6.0,0,"{""assistant_processing_time"": 581.0, ""back_and_forth_count"": 3.0, ""code_lines"": 94.0, ""elapsed_time"": 10039.0, ""plan_lines"": 0.0, ""transcript_lines"": 104.04522613065326}",60.29,High,1.0,1.0,0,2026-03-26,2026-03-26,1.00,one-commit analytical invariant
2aee7213d2467ac765cf2f834b3e8b0a5409064e,2aee7213d2467ac765cf2f834b3e8b0a5409064e,2aee721,2026-03-26T13:00:51-07:00,2026-03-26T13:00:51-07:00,feat(settings): add duplicate picture overlay controls,"- add picture status overlay color and format on duplicate picture settings with defaults
- wire the album art sheet to use the new overlay color and filter duplicate overlay messages
- add the duplicate picture toggle to diff tools and update the utility window width
- update settings and album art inspector coverage for the new controls and defaults

docs(plans): update the 2026-03-26 multi-picture support transcript",feat,settings,add duplicate picture overlay controls,False,[],"[""docs(plans): update the 2026-03-26 multi-picture support transcript""]",parsed,Docs/Plans/Transcripts/transcript-2026-03-26-1-11-AddMultiPicturePerTrackSupport.md; SwiftTag/Features/AlbumArt/AlbumArtSheetView.swift; SwiftTag/Features/Settings/DiffToolsView.swift; SwiftTag/Features/Settings/FeedbackSettingsView.swift; SwiftTag/Shared/Models/FeedbackSettings.swift; SwiftTag/SwiftTagApp.swift; SwiftTagTests/SwiftTagTests.swift; SwiftTagTests/TrackStatusViewInspectorTests.swift,8,91,11,60,10,0,0,32,0,False,"[""11""]","[""transcript-2026-03-26-1-11-AddMultiPicturePerTrackSupport""]","[""applescript"", ""diff"", ""picture"", ""settings"", ""tags""]",assigned,60.0,10.0,0.0,0.0,32.96482412060301,1861.0,140.0,1721.0,1.0,2.0,0,"{""assistant_processing_time"": 140.0, ""back_and_forth_count"": 1.0, ""code_lines"": 60.0, ""elapsed_time"": 1861.0, ""plan_lines"": 0.0, ""transcript_lines"": 32.96482412060301}",46.06,Moderate,1.0,1.0,0,2026-03-26,2026-03-26,1.00,one-commit analytical invariant
a0438824397c29c96ca6c63b48ef501b5d63dffe,a0438824397c29c96ca6c63b48ef501b5d63dffe,a043882,2026-03-26T15:51:13-07:00,2026-03-26T15:51:13-07:00,"feat(album-art): support copy, paste, and flac-safe picture formats","- wire per-slot copy and paste actions into the album art sheet and image well context menu
- add copy and paste commands to AlbumArtWellView and read image or file URL items from the pasteboard
- preserve the provider image type identifier when importing dropped or pasted pictures
- normalize non-JPEG and non-PNG pictures to PNG before FLAC write operations
- add tests for sheet commands, provider type selection, and FLAC picture normalization

docs(plans): update the 2026-03-26 multi-picture support transcript",feat,album-art,"support copy, paste, and flac-safe picture formats",False,[],"[""docs(plans): update the 2026-03-26 multi-picture support transcript""]",parsed,Docs/Plans/Transcripts/transcript-2026-03-26-1-11-AddMultiPicturePerTrackSupport.md; SwiftTag/ContentView.swift; SwiftTag/Features/AlbumArt/AlbumArtSheetView.swift; SwiftTag/Features/AlbumArt/AlbumArtViewModel.swift; SwiftTag/Features/AlbumArt/AlbumArtWellView.swift; SwiftTag/FlacMetadataService.swift; SwiftTagTests/SwiftTagTests.swift; SwiftTagTests/TrackStatusViewInspectorTests.swift,8,467,213,560,88,0,0,32,0,False,"[""11""]","[""transcript-2026-03-26-1-11-AddMultiPicturePerTrackSupport""]","[""applescript"", ""diff"", ""flac-lib"", ""picture"", ""save"", ""tags""]",assigned,560.0,88.0,0.0,0.0,119.49748743718592,5196.0,597.0,4599.0,4.0,8.0,0,"{""assistant_processing_time"": 597.0, ""back_and_forth_count"": 4.0, ""code_lines"": 560.0, ""elapsed_time"": 5196.0, ""plan_lines"": 0.0, ""transcript_lines"": 119.49748743718592}",69.76,High,1.0,1.0,0,2026-03-26,2026-03-26,1.00,one-commit analytical invariant
bba775b507acd848d8bea0c67609752e0d812194,bba775b507acd848d8bea0c67609752e0d812194,bba775b,2026-04-01T10:00:31-07:00,2026-04-01T10:00:31-07:00,feat(document): add finder-open support for flac files,"- add FLAC document type metadata and document icon resources to the app bundle
- route openFile, openFiles, and open URL events through EditorWindowCoordinator
- queue launch-time document opens until an editor session registers an external open handler
- reuse the add-files import path to append opened FLAC files into editor sessions
- track the active session and add unit and UI coverage for document-open flows

build(flac): filter ranlib no-symbol warnings during libflac builds

- drop libFLAC.a object warnings from cmake build and install stderr output

docs(plan): add flac document open support plan and transcript

- add plan 12 for Finder-open routing, buffering, and document registration work
- add the supporting transcript for the planning session

project(gitignore): ignore codex workspace files

- add .codex/ to .gitignore",feat,document,add finder-open support for flac files,False,[],"[""build(flac): filter ranlib no-symbol warnings during libflac builds"", ""docs(plan): add flac document open support plan and transcript"", ""project(gitignore): ignore codex workspace files""]",parsed,.gitignore; BuildScripts/build-libflac.sh; Docs/Plans/12-AddFLACDocumentOpenSupport.md; Docs/Plans/Transcripts/transcript-2026-03-31-1-12-AddFLACDocumentOpenSupport.md; SwiftTag.xcodeproj/project.pbxproj; SwiftTag/Assets.xcassets/SwiftTagFLACDoc.iconset/icon_128x128.png; SwiftTag/Assets.xcassets/SwiftTagFLACDoc.iconset/icon_128x128@2x.png; SwiftTag/Assets.xcassets/SwiftTagFLACDoc.iconset/icon_16x16.png; SwiftTag/Assets.xcassets/SwiftTagFLACDoc.iconset/icon_16x16@2x.png; SwiftTag/Assets.xcassets/SwiftTagFLACDoc.iconset/icon_256x256.png; SwiftTag/Assets.xcassets/SwiftTagFLACDoc.iconset/icon_256x256@2x.png; SwiftTag/Assets.xcassets/SwiftTagFLACDoc.iconset/icon_32x32.png; SwiftTag/Assets.xcassets/SwiftTagFLACDoc.iconset/icon_32x32@2x.png; SwiftTag/Assets.xcassets/SwiftTagFLACDoc.iconset/icon_512x512.png; SwiftTag/Assets.xcassets/SwiftTagFLACDoc.iconset/icon_512x512@2x.png; SwiftTag/Assets.xcassets/SwiftTagNamedDoc.iconset/icon_128x128.png; SwiftTag/Assets.xcassets/SwiftTagNamedDoc.iconset/icon_128x128@2x.png; SwiftTag/Assets.xcassets/SwiftTagNamedDoc.iconset/icon_16x16.png; SwiftTag/Assets.xcassets/SwiftTagNamedDoc.iconset/icon_16x16@2x.png; SwiftTag/Assets.xcassets/SwiftTagNamedDoc.iconset/icon_256x256.png; SwiftTag/Assets.xcassets/SwiftTagNamedDoc.iconset/icon_256x256@2x.png; SwiftTag/Assets.xcassets/SwiftTagNamedDoc.iconset/icon_32x32.png; SwiftTag/Assets.xcassets/SwiftTagNamedDoc.iconset/icon_32x32@2x.png; SwiftTag/Assets.xcassets/SwiftTagNamedDoc.iconset/icon_512x512.png; SwiftTag/Assets.xcassets/SwiftTagNamedDoc.iconset/icon_512x512@2x.png; SwiftTag/ContentView.swift; SwiftTag/Info.plist; SwiftTag/Shared/Utilities/EditorWindowCoordinator.swift; SwiftTag/SwiftTagApp.swift; SwiftTagTests/SwiftTagTests.swift; SwiftTagUITests/SwiftTagUITests.swift,31,1131,38,413,203,0,142,392,0,True,"[""12""]","[""transcript-2026-03-31-1-12-AddFLACDocumentOpenSupport""]","[""applescript"", ""diff"", ""flac-lib"", ""picture"", ""project"", ""swifttag-document"", ""tags""]",assigned,413.0,203.0,0.0,142.0,398.00000000000006,44663.0,2948.0,41715.0,12.0,24.0,0,"{""assistant_processing_time"": 2948.0, ""back_and_forth_count"": 12.0, ""code_lines"": 413.0, ""elapsed_time"": 44663.0, ""plan_lines"": 142.0, ""transcript_lines"": 398.00000000000006}",90.67,Very High,1.0,1.0,0,2026-04-01,2026-04-01,1.00,one-commit analytical invariant
da7b04f7563351b6c4c0883dbcbc16a5e081336a,da7b04f7563351b6c4c0883dbcbc16a5e081336a,da7b04f,2026-04-01T15:38:29-07:00,2026-04-01T15:38:29-07:00,feat(flac): add track fingerprint support,"- read the STREAMINFO MD5 from libFLAC and expose it through FlacMetadataService
- store fingerprints on tracks and snapshots during import, reload, save refresh, and file refresh
- add a Fingerprint (ffp) track-table column with persisted show or hide state and NA fallback
- add targeted tests for fixture reads, fingerprint propagation, and table column behavior

docs(plan): add plan and transcript docs for FLAC fingerprint support",feat,flac,add track fingerprint support,False,[],"[""docs(plan): add plan and transcript docs for FLAC fingerprint support""]",parsed,AGENTS.md; Docs/Plans/13-AddFLACFingerprintSupport.md; Docs/Plans/Transcripts/transcript-2026-04-01-1-13-AddFLACFingerprintSupport.md; SwiftTag/ContentView.swift; SwiftTag/FLACBridge/include/FlacMetadataBridge.h; SwiftTag/FLACBridge/src/FlacMetadataBridge.c; SwiftTag/Features/TagEditor/TagEditorTrackFileView.swift; SwiftTag/Features/TagEditor/TagEditorView.swift; SwiftTag/Features/TagEditor/TagEditorViewModel.swift; SwiftTag/FlacMetadataService.swift; SwiftTag/Shared/Models/FeedbackSettings.swift; SwiftTag/Shared/Models/Track.swift; SwiftTag/Shared/Models/TrackStatus.swift; SwiftTagTests/SwiftTagTests.swift; SwiftTagTests/TrackStatusViewInspectorTests.swift,15,504,10,145,139,1,133,96,0,False,"[""13""]","[""transcript-2026-04-01-1-13-AddFLACFingerprintSupport""]","[""applescript"", ""diff"", ""flac-lib"", ""save"", ""settings"", ""tags""]",assigned,145.0,139.0,1.0,133.0,96.0,3695.0,655.0,3040.0,3.0,6.0,0,"{""assistant_processing_time"": 655.0, ""back_and_forth_count"": 3.0, ""code_lines"": 145.0, ""elapsed_time"": 3695.0, ""plan_lines"": 133.0, ""transcript_lines"": 96.0}",68.32,High,1.0,1.0,0,2026-04-01,2026-04-01,1.00,one-commit analytical invariant
90ef077070ed157959eed236c4a5edfc023423b8,90ef077070ed157959eed236c4a5edfc023423b8,90ef077,2026-04-01T23:18:26-07:00,2026-04-01T23:18:26-07:00,feat(tag-editor): add compilation tag support,"- add COMPILATION as an explicit tag with truthy read parsing and ""1"" serialization
- add a mixed-state Compilation control and apply-to-all setting in the tag editor
- stop track total updates from mutating locked tracks through the removed override setting
- add targeted tests for compilation mapping, UI wiring, and save behavior

docs(plan): add plan and transcript docs for compilation tag support",feat,tag-editor,add compilation tag support,False,[],"[""docs(plan): add plan and transcript docs for compilation tag support""]",parsed,AGENTS.md; Docs/Plans/14-AddCompilationTag.md; Docs/Plans/Transcripts/transcript-2026-04-02-1-14-AddCompilationTag.md; SwiftTag/ContentView.swift; SwiftTag/Features/FlacImport/FlacWriteMapper.swift; SwiftTag/Features/Settings/TagWriteSettingsView.swift; SwiftTag/Features/TagEditor/TagEditorCoreTagsView.swift; SwiftTag/Features/TagEditor/TagEditorView.swift; SwiftTag/Features/TagEditor/TagEditorViewModel.swift; SwiftTag/Shared/Models/FeedbackSettings.swift; SwiftTag/Shared/Models/SaveSettings.swift; SwiftTag/Shared/Models/TagKey.swift; SwiftTag/Shared/Utilities/CompilationTag.swift; SwiftTag/Shared/Utilities/TagNormalization.swift; SwiftTagTests/SwiftTagTests.swift; SwiftTagTests/TrackStatusViewInspectorTests.swift,16,791,31,270,215,3,196,138,0,False,"[""14""]","[""transcript-2026-04-02-1-14-AddCompilationTag""]","[""applescript"", ""diff"", ""save"", ""settings"", ""tags""]",assigned,270.0,215.0,3.0,196.0,138.00000000000003,19534.0,1060.0,18474.0,6.0,12.0,0,"{""assistant_processing_time"": 1060.0, ""back_and_forth_count"": 6.0, ""code_lines"": 270.0, ""elapsed_time"": 19534.0, ""plan_lines"": 196.0, ""transcript_lines"": 138.00000000000003}",81.27,Very High,1.0,1.0,0,2026-04-01,2026-04-01,1.00,one-commit analytical invariant
866d179e6bed7ea2133bcda6ef1ea9f2f91c5a15,866d179e6bed7ea2133bcda6ef1ea9f2f91c5a15,866d179,2026-04-02T13:47:44-07:00,2026-04-02T13:47:44-07:00,feat(menus): reorganize app commands with modifier key alternates,"Replaced separate menu items and dividers for FLAC import and Save operations with Shift and Option modifier key alternates. Changed FLAC import keyboard shortcuts from 'l' to 'o' and renamed ""Load FLAC files"" to ""Add FLAC files"".

docs(agents): update macOS version requirement and documentation guidance",feat,menus,reorganize app commands with modifier key alternates,False,[],"[""docs(agents): update macOS version requirement and documentation guidance""]",parsed,AGENTS.md; SwiftTag/SwiftTagApp.swift,2,27,27,50,0,4,0,0,0,False,[],[],"[""project"", ""save"", ""swifttag-document"", ""tags""]",assigned,50.0,0.0,4.0,0.0,0.0,,,,0.0,0.0,0,"{""assistant_processing_time"": null, ""back_and_forth_count"": 0.0, ""code_lines"": 50.0, ""elapsed_time"": null, ""plan_lines"": 0.0, ""transcript_lines"": 0.0}",13.99,Low,0.7,1.0,0,2026-04-02,2026-04-02,1.00,one-commit analytical invariant
1276536d7ce542d757187ed8e2a7a229c6741847,1276536d7ce542d757187ed8e2a7a229c6741847,1276536,2026-04-03T15:23:41-07:00,2026-04-03T15:23:41-07:00,feat(package): add SwiftTag document creation and serialization,"- add SwiftTag document package type registration with `.swifttag` extension and `<id>-<hash>.<extension>` pooled image assets
- add `Save SwiftTag Document...` File menu command through focused-scene command system to serialize current frontmost-editor track list, tags, etc.
- add image dimension/colors data will now surface as saveable file differences

docs(plan): add plan 15 for SwiftTag document creation support",feat,package,add SwiftTag document creation and serialization,False,[],"[""docs(plan): add plan 15 for SwiftTag document creation support""]",parsed,Docs/Plans/15-AddSwiftTagDocumentCreation.md; SwiftTag/ContentView.swift; SwiftTag/FLACBridge/include/FlacMetadataBridge.h; SwiftTag/FLACBridge/src/FlacMetadataBridge.c; SwiftTag/Features/AlbumArt/AlbumArtViewModel.swift; SwiftTag/Features/FlacImport/FlacImportMapper.swift; SwiftTag/Features/TagEditor/TagEditorViewModel.swift; SwiftTag/FlacMetadataService.swift; SwiftTag/Info.plist; SwiftTag/Shared/Utilities/PictureDataUtilities.swift; SwiftTag/Shared/Utilities/SwiftTagDocumentPackage.swift; SwiftTag/SwiftTagApp.swift; SwiftTagTests/SwiftTagDocumentTests.swift; SwiftTagUITests/SwiftTagUITests.swift,14,1517,13,931,298,0,301,0,0,False,"[""15""]","[""transcript-2026-04-02-1-15-AddSwiftTagDocumentCreation""]","[""diff"", ""flac-lib"", ""picture"", ""save"", ""swifttag-document"", ""tags""]",assigned,931.0,298.0,0.0,301.0,281.61111111111114,90117.0,2260.0,87857.0,6.0,12.0,0,"{""assistant_processing_time"": 2260.0, ""back_and_forth_count"": 6.0, ""code_lines"": 931.0, ""elapsed_time"": 90117.0, ""plan_lines"": 301.0, ""transcript_lines"": 281.61111111111114}",93.37,Very High,1.0,1.0,0,2026-04-03,2026-04-03,1.00,one-commit analytical invariant
bf6d257c8a9a96ec6846d3cac38bd49afd54f83a,bf6d257c8a9a96ec6846d3cac38bd49afd54f83a,bf6d257,2026-04-03T16:47:00-07:00,2026-04-03T16:47:00-07:00,fix(package): compute accurate image depth and palette colors for SwiftTag export,"- Updated `PictureDataUtilities` to compute `depth` and `colors` accurately from original bytes instead of from `32 bpp` decoded memory surfaces.
- Replaced blind `CGImage.bitsPerPixel` reads with direct PNG chunk parsing and prioritized CGImage properties for JPEG files. This correction ensures that `24 bpp` JPEG imagery and indexed-color `8 bpp` PNG imagery will export correct specifications to SwiftTag documents rather than inaccurately reporting `32 bpp` decoded dimensions and zero palettes.
- Included tests for indexed PNG palette count generation, JPEG `24 bpp` fallback reads, and RGBA PNG `32 bpp` detection.

docs(transcript): add plan 15 transcript",fix,package,compute accurate image depth and palette colors for SwiftTag export,False,[],"[""docs(transcript): add plan 15 transcript""]",parsed,Docs/Plans/Transcripts/transcript-2026-04-02-1-15-AddSwiftTagDocumentCreation.md; SwiftTag/Shared/Utilities/PictureDataUtilities.swift; SwiftTagTests/SwiftTagDocumentTests.swift,3,731,1,150,138,0,0,444,0,False,"[""15""]","[""transcript-2026-04-02-1-15-AddSwiftTagDocumentCreation""]","[""applescript"", ""picture"", ""swifttag-document"", ""tags""]",assigned,150.0,138.0,0.0,0.0,162.38888888888886,2283.0,888.0,1395.0,5.0,10.0,0,"{""assistant_processing_time"": 888.0, ""back_and_forth_count"": 5.0, ""code_lines"": 150.0, ""elapsed_time"": 2283.0, ""plan_lines"": 0.0, ""transcript_lines"": 162.38888888888886}",62.43,High,1.0,1.0,0,2026-04-03,2026-04-03,1.00,one-commit analytical invariant
c0f71285faefcb501480a4ad69f63e5e7dc0df1e,c0f71285faefcb501480a4ad69f63e5e7dc0df1e,c0f7128,2026-04-03T17:05:15-07:00,2026-04-03T17:05:15-07:00,project(config): update bundle identifiers to use reverse domain notation,- Updated `PRODUCT_BUNDLE_IDENTIFIER` in `project.pbxproj` and the SwiftTag document identifier in `Info.plist` and `SwiftTagDocumentPackage.swift` to use standard reverse-DNS format (`com.toowalks.*`) instead of the previous `toowalks.*` strings.,project,config,update bundle identifiers to use reverse domain notation,False,[],[],parsed,SwiftTag.xcodeproj/project.pbxproj; SwiftTag/Info.plist; SwiftTag/Shared/Utilities/SwiftTagDocumentPackage.swift,3,9,9,18,0,0,0,0,0,False,[],[],"[""project"", ""swifttag-document"", ""tags""]",assigned,18.0,0.0,0.0,0.0,0.0,,,,0.0,0.0,0,"{""assistant_processing_time"": null, ""back_and_forth_count"": 0.0, ""code_lines"": 18.0, ""elapsed_time"": null, ""plan_lines"": 0.0, ""transcript_lines"": 0.0}",9.81,Low,0.7,1.0,0,2026-04-03,2026-04-03,1.00,one-commit analytical invariant
1c2bb82cfcda4a8e4043b7e883e42928b18064cf,1c2bb82cfcda4a8e4043b7e883e42928b18064cf,1c2bb82,2026-04-04T11:43:27-07:00,2026-04-04T11:43:27-07:00,feat(document): add support for opening .swifttag documents,"- Add `Open SwiftTag Document...` command to the File menu.
- Add `SwiftTagDocumentPackageReader` to read `.swifttag` packages.
- Update `EditorWindowCoordinator` to route `.swifttag` documents to existing unused windows or new windows.
- Update `TagEditorViewModel` to load the `SwiftTagDocumentImportResult` into editable track state.
- Retain the loaded document URL and ID for saving.
- Include unit and UI tests for document read operations and routing.

docs(plan): add plan and transcript for SwiftTag document read",feat,document,add support for opening .swifttag documents,False,[],"[""docs(plan): add plan and transcript for SwiftTag document read""]",parsed,Docs/Plans/16-AddSwiftTagDocumentRead.md; Docs/Plans/Transcripts/transcript-2026-04-04-1-16-AddSwiftTagDocumentRead.md; SwiftTag/ContentView.swift; SwiftTag/Features/TagEditor/TagEditorViewModel.swift; SwiftTag/Shared/Models/Track.swift; SwiftTag/Shared/Utilities/EditorWindowCoordinator.swift; SwiftTag/Shared/Utilities/SwiftTagDocumentPackage.swift; SwiftTag/SwiftTagApp.swift; SwiftTagTests/SwiftTagDocumentTests.swift; SwiftTagTests/SwiftTagTests.swift; SwiftTagUITests/SwiftTagUITests.swift,11,1104,24,479,282,0,200,167,0,False,"[""16""]","[""transcript-2026-04-04-1-16-AddSwiftTagDocumentRead""]","[""applescript"", ""save"", ""swifttag-document"", ""tags""]",assigned,479.0,282.0,0.0,200.0,169.0,4084.0,1389.0,2695.0,4.0,8.0,0,"{""assistant_processing_time"": 1389.0, ""back_and_forth_count"": 4.0, ""code_lines"": 479.0, ""elapsed_time"": 4084.0, ""plan_lines"": 200.0, ""transcript_lines"": 169.0}",79.86,Very High,1.0,1.0,0,2026-04-04,2026-04-04,1.00,one-commit analytical invariant
633671ae999d222fba32fde71594440b8b367350,633671ae999d222fba32fde71594440b8b367350,633671a,2026-04-04T15:31:50-07:00,2026-04-04T15:31:50-07:00,fix(swifttag doc) save valid FLAC File URLrather than posix path,,,,fix(swifttag doc) save valid FLAC File URLrather than posix path,False,[],[],unparsed,Docs/Plans/Transcripts/transcript-2026-04-04-1-16-AddSwiftTagDocumentRead.md; SwiftTag/Shared/Utilities/SwiftTagDocumentPackage.swift,2,14,8,18,0,0,0,4,0,False,"[""16"", ""17""]","[""transcript-2026-04-04-1-16-AddSwiftTagDocumentRead"", ""transcript-2026-04-04-1-17-SwiftTagDocumentReadLiveFileResolution""]","[""applescript"", ""save"", ""swifttag-document"", ""tags""]",assigned,18.0,0.0,0.0,0.0,32.01086956521739,1484.0,172.0,1312.0,1.0,2.0,0,"{""assistant_processing_time"": 172.0, ""back_and_forth_count"": 1.0, ""code_lines"": 18.0, ""elapsed_time"": 1484.0, ""plan_lines"": 0.0, ""transcript_lines"": 32.01086956521739}",40.53,Moderate,1.0,1.0,1,2026-04-04,2026-04-04,1.00,one-commit analytical invariant
d0fca7dec639c9bd9845c8efb59147ccd1016e26,d0fca7dec639c9bd9845c8efb59147ccd1016e26,d0fca7d,2026-04-04T20:42:20-07:00,2026-04-04T20:42:20-07:00,fix(document): refresh live flac state for swifttag sessions,"- compare loaded `.swifttag` tracks against live FLAC files immediately after document open
- resolve track files by current path, bookmark, then saved file URL before marking them deleted
- refresh in-memory file URLs and bookmarks after successful move or rename resolution
- validate and repair exported SwiftTag document track references before saving the package
- add document read, fallback, monitor, and export regression tests

docs(plan): add the live file resolution plan and transcript for the implemented change",fix,document,refresh live flac state for swifttag sessions,False,[],"[""docs(plan): add the live file resolution plan and transcript for the implemented change""]",parsed,Docs/Plans/17-SwiftTagDocumentReadLiveFileResolution.md; Docs/Plans/Transcripts/transcript-2026-04-04-1-17-SwiftTagDocumentReadLiveFileResolution.md; SwiftTag/ContentView.swift; SwiftTag/Features/TagEditor/TagEditorViewModel.swift; SwiftTag/Shared/Utilities/TrackFileMonitor.swift; SwiftTagTests/SwiftTagDocumentTests.swift,6,1064,110,297,289,0,208,380,0,False,"[""16"", ""17""]","[""transcript-2026-04-04-1-17-SwiftTagDocumentReadLiveFileResolution""]","[""applescript"", ""diff"", ""save"", ""swifttag-document"", ""tags""]",assigned,297.0,289.0,0.0,208.0,105.32608695652172,4139.0,1315.0,2824.0,3.0,6.0,0,"{""assistant_processing_time"": 1315.0, ""back_and_forth_count"": 3.0, ""code_lines"": 297.0, ""elapsed_time"": 4139.0, ""plan_lines"": 208.0, ""transcript_lines"": 105.32608695652172}",75.79,Very High,1.0,1.0,0,2026-04-04,2026-04-04,1.00,one-commit analytical invariant
bc1eaf01993b5f6ef2cc64eef0f6dd4fe66824de,bc1eaf01993b5f6ef2cc64eef0f6dd4fe66824de,bc1eaf0,2026-04-05T00:19:03-07:00,2026-04-05T00:19:03-07:00,fix(window): restore swifttag document reopen after closing its window,"- add a File > Close command bound to cmd-w and route key window closes through session shutdown
- track closing editor sessions and ignore stale or closing window routes during document reopen
- reuse only live sessions that still have external-open and swifttag document handlers registered
- add coordinator tests for stale-session, closing-session, and reopen routing cases
- add an XCUI regression that opens a flac file, opens a swifttag document, closes it,
  and reopens the same document through NSWorkspace

docs(transcript) add the conversation transcript for the swifttag reopen investigation",fix,window,restore swifttag document reopen after closing its window,False,[],[],parsed,Docs/Plans/Transcripts/transcript-2026-04-05-1-SwiftTagDocumentReopenFix.md; SwiftTag/ContentView.swift; SwiftTag/Shared/Utilities/EditorWindowCoordinator.swift; SwiftTag/SwiftTagApp.swift; SwiftTagTests/SwiftTagTests.swift; SwiftTagUITests/SwiftTagUITests.swift,6,1189,17,279,577,0,0,350,0,False,"[""16""]","[""transcript-2026-04-05-1-SwiftTagDocumentReopenFix""]","[""applescript"", ""diff"", ""swifttag-document"", ""tags""]",assigned,279.0,577.0,0.0,0.0,354.00000000000006,5825.0,4654.0,1171.0,6.0,12.0,0,"{""assistant_processing_time"": 4654.0, ""back_and_forth_count"": 6.0, ""code_lines"": 279.0, ""elapsed_time"": 5825.0, ""plan_lines"": 0.0, ""transcript_lines"": 354.00000000000006}",75.0,Very High,1.0,1.0,0,2026-04-05,2026-04-05,1.00,one-commit analytical invariant
575c54bdaeb6d9eda3326eedccc6e2395422094e,575c54bdaeb6d9eda3326eedccc6e2395422094e,575c54b,2026-04-05T17:26:21-07:00,2026-04-05T17:26:21-07:00,fix(track-status): preserve dirty status when adding flac files,"- sync saved-state snapshots only for newly appended tracks during additive FLAC import
- add track status icon accessibility id and label for UI verification
- materialize UI test FLAC files into the app container caches directory for add, load, and open flows
- add unit and UI regressions covering dirty-status preservation and sandbox-safe menu import

docs(guide): document the materialized FLAC fixture workflow in the testing guide

docs(transcript): add the session transcript for the add-track status fix",fix,track-status,preserve dirty status when adding flac files,False,[],"[""docs(guide): document the materialized FLAC fixture workflow in the testing guide"", ""docs(transcript): add the session transcript for the add-track status fix""]",parsed,Docs/Guides/testing-guide.md; Docs/Plans/Transcripts/transcript-2026-04-05-1-SwiftTagDocumentReopenFix.md; Docs/Plans/Transcripts/transcript-2026-04-05-2-AddFlacStatusUpdateFix.md; SwiftTag/ContentView.swift; SwiftTag/Features/TagEditor/TagEditorTrackFileView.swift; SwiftTag/Features/TagEditor/TagEditorViewModel.swift; SwiftTag/SwiftTagApp.swift; SwiftTagTests/SwiftTagTests.swift; SwiftTagUITests/SwiftTagUITests.swift,9,455,40,117,124,40,0,214,0,False,[],"[""transcript-2026-04-05-1-SwiftTagDocumentReopenFix"", ""transcript-2026-04-05-2-AddFlacStatusUpdateFix""]","[""applescript"", ""diff"", ""picture"", ""save"", ""settings"", ""swifttag-document"", ""tags""]",assigned,117.0,124.0,40.0,0.0,209.00000000000003,6246.0,2181.0,4065.0,8.0,16.0,0,"{""assistant_processing_time"": 2181.0, ""back_and_forth_count"": 8.0, ""code_lines"": 117.0, ""elapsed_time"": 6246.0, ""plan_lines"": 0.0, ""transcript_lines"": 209.00000000000003}",68.1,High,1.0,1.0,0,2026-04-05,2026-04-05,1.00,one-commit analytical invariant
41e60a87d8b66f2a9ba012f5c5d11b525ab7c759,41e60a87d8b66f2a9ba012f5c5d11b525ab7c759,41e60a8,2026-04-06T15:54:34-07:00,2026-04-06T15:54:34-07:00,feat(tag-editor): add/update window title text,"- derive ContentView navigation title, subtitle, and document URL from editor session state
- add unit and UI coverage for empty, import, open, save, and reopen document flows
- drive Save SwiftTag Document UI coverage through the real save panel in container caches
- count external tag and picture differences in reopened document navigation subtitles
- normalize live picture snapshots to avoid false picture diffs after opening .swifttag files

docs(plan): add plan 18-UpdateWindowTitleText.md and its transcript for the window title text work",feat,tag-editor,add/update window title text,False,[],"[""docs(plan): add plan 18-UpdateWindowTitleText.md and its transcript for the window title text work""]",parsed,Docs/Plans/18-UpdateWindowTitleText.md; Docs/Plans/Transcripts/transcript-2026-04-06-1-18-UpdateWindowTitleText.md; SwiftTag/ContentView.swift; SwiftTag/Features/TagEditor/TagEditorViewModel.swift; SwiftTag/SwiftTagApp.swift; SwiftTagTests/SwiftTagDocumentTests.swift; SwiftTagTests/SwiftTagTests.swift; SwiftTagUITests/SwiftTagUITests.swift,8,1583,18,241,738,0,250,372,0,False,"[""18""]","[""transcript-2026-04-06-1-18-UpdateWindowTitleText""]","[""applescript"", ""diff"", ""picture"", ""save"", ""swifttag-document"", ""tags""]",assigned,241.0,738.0,0.0,250.0,372.0,60169.0,6889.0,53280.0,12.0,24.0,0,"{""assistant_processing_time"": 6889.0, ""back_and_forth_count"": 12.0, ""code_lines"": 241.0, ""elapsed_time"": 60169.0, ""plan_lines"": 250.0, ""transcript_lines"": 372.0}",88.99,Very High,1.0,1.0,0,2026-04-06,2026-04-06,1.00,one-commit analytical invariant
a41be8a2ef85b234f33f4003a47fd3d0117b6e83,a41be8a2ef85b234f33f4003a47fd3d0117b6e83,a41be8a,2026-04-06T20:29:05-07:00,2026-04-06T20:29:05-07:00,fix(routing): open unassociated swifttag documents in new windows,"- stop routing new `.swifttag` opens into unused editor sessions
- keep bringing the existing associated session forward for reopened documents
- remove the unused empty-session routing helper from the coordinator
- update coordinator tests to expect new sessions for unassociated document opens

test(ui): update save pictures ui interactions

- change the relaunch persistence test to send option-command-s for `Save Pictures`
- update the file menu read-only command assertion to expect `Add FLAC files (read-only)...`

docs(transcript): add reuse-empty-editor conversation transcripts

- add transcript files for the April 6 empty-window routing investigation",fix,routing,open unassociated swifttag documents in new windows,False,[],"[""test(ui): update save pictures ui interactions"", ""docs(transcript): add reuse-empty-editor conversation transcripts""]",parsed,Docs/Plans/Transcripts/transcript-2026-04-06-2-ReuseEmptyEditorIssue.md; Docs/Plans/Transcripts/transcript-2026-04-06-3-ReuseEmptyEditorIssue.md; SwiftTag/Shared/Utilities/EditorWindowCoordinator.swift; SwiftTagTests/SwiftTagTests.swift; SwiftTagUITests/SwiftTagUITests.swift,5,360,46,35,80,0,0,291,0,False,[],"[""transcript-2026-04-06-2-ReuseEmptyEditorIssue"", ""transcript-2026-04-06-3-ReuseEmptyEditorIssue""]","[""applescript"", ""picture"", ""project"", ""save"", ""swifttag-document"", ""tags""]",assigned,35.0,80.0,0.0,0.0,291.0,7633.0,3046.0,4587.0,7.0,15.0,0,"{""assistant_processing_time"": 3046.0, ""back_and_forth_count"": 7.0, ""code_lines"": 35.0, ""elapsed_time"": 7633.0, ""plan_lines"": 0.0, ""transcript_lines"": 291.0}",63.68,High,1.0,1.0,0,2026-04-06,2026-04-06,1.00,one-commit analytical invariant
19369540b1a2f92b3ab4fd1cedb4db7cefe41498,19369540b1a2f92b3ab4fd1cedb4db7cefe41498,1936954,2026-04-06T21:32:02-07:00,2026-04-06T21:32:02-07:00,fix(editor): preserve track title editing and queued finder opens,"- keep the track title field focused while editing table rows
- remove the table status refresh identity reset and related view plumbing
- allow inactive finder opens to create a new session when a window action already exists
- update track file inspector tests for the removed track view initializer argument
- compare loaded picture fields explicitly in the document reader test to avoid actor isolation warnings

test(ui): add regression for track title focus loss

- verify renaming a track in the table keeps the edited value after the first text change

docs(transcript): add transcript for test bug fixes

- add the April 6 transcript covering the staged test and editor fixes",fix,editor,preserve track title editing and queued finder opens,False,[],"[""test(ui): add regression for track title focus loss"", ""docs(transcript): add transcript for test bug fixes""]",parsed,Docs/Plans/Transcripts/transcript-2026-04-06-4-TestBugFixes.md; SwiftTag/ContentView.swift; SwiftTag/Features/TagEditor/TagEditorTrackFileView.swift; SwiftTag/Features/TagEditor/TagEditorView.swift; SwiftTag/Shared/Utilities/EditorWindowCoordinator.swift; SwiftTagTests/SwiftTagDocumentTests.swift; SwiftTagTests/TrackStatusViewInspectorTests.swift; SwiftTagUITests/SwiftTagUITests.swift,8,177,28,27,29,0,0,149,0,False,[],"[""transcript-2026-04-06-4-TestBugFixes""]","[""applescript"", ""diff"", ""picture"", ""project"", ""swifttag-document"", ""tags""]",assigned,27.0,29.0,0.0,0.0,149.0,2175.0,683.0,1492.0,5.0,10.0,0,"{""assistant_processing_time"": 683.0, ""back_and_forth_count"": 5.0, ""code_lines"": 27.0, ""elapsed_time"": 2175.0, ""plan_lines"": 0.0, ""transcript_lines"": 149.0}",53.0,High,1.0,1.0,0,2026-04-06,2026-04-06,1.00,one-commit analytical invariant
ac6148bb93aa6651ba5884d968f1821e107eef34,ac6148bb93aa6651ba5884d968f1821e107eef34,ac6148b,2026-04-07T01:01:05-07:00,2026-04-07T01:01:05-07:00,fix(track-monitoring): refresh bookmark-backed filenames after rename and delete,"- use Track.displayFileName for track file cells and save status fallback labels
- re-arm monitoring when a track's source URL or bookmark data changes in ContentView
- resolve monitor currentPath updates while bookmark access is active before refreshing state
- add a debug SIGTRAP on EPERM from monitor open() failures in debug builds
- add UI tests for add-file rename/delete, saved-document rename/delete, and reopen flows

docs(transcript): add bookmark resolution/track file monitoring transcript",fix,track-monitoring,refresh bookmark-backed filenames after rename and delete,False,[],"[""docs(transcript): add bookmark resolution/track file monitoring transcript""]",parsed,Docs/Plans/Transcripts/transcript-2026-04-07-1-TrackFileMonitoringFix.md; SwiftTag/ContentView.swift; SwiftTag/Features/TagEditor/TagEditorTrackFileView.swift; SwiftTag/Features/TagEditor/TagEditorViewModel.swift; SwiftTag/Shared/Models/Track.swift; SwiftTag/Shared/Utilities/TrackFileMonitor.swift; SwiftTagUITests/SwiftTagUITests.swift,7,1028,54,263,549,0,0,270,0,False,[],"[""transcript-2026-04-07-1-TrackFileMonitoringFix""]","[""applescript"", ""diff"", ""save"", ""swifttag-document"", ""tags""]",assigned,263.0,549.0,0.0,0.0,270.0,10666.0,6700.0,3966.0,6.0,12.0,0,"{""assistant_processing_time"": 6700.0, ""back_and_forth_count"": 6.0, ""code_lines"": 263.0, ""elapsed_time"": 10666.0, ""plan_lines"": 0.0, ""transcript_lines"": 270.0}",75.26,Very High,1.0,1.0,0,2026-04-07,2026-04-07,1.00,one-commit analytical invariant
ec63010015b0d8b4b08f578fb82c8526ce872cc6,ec63010015b0d8b4b08f578fb82c8526ce872cc6,ec63010,2026-04-07T12:36:18-07:00,2026-04-07T12:36:18-07:00,fix(document): ignore equivalent multi-picture ordering after reopen,"- share picture canonicalization between live diff checks and SwiftTag document packaging
- route UI test FLAC overrides through a shared writer that can apply picture profiles
- add document and UI regressions for reopened .swifttag files with reordered front covers

docs(transcript): add transcript for the document picture diff fix session",fix,document,ignore equivalent multi-picture ordering after reopen,False,[],"[""docs(transcript): add transcript for the document picture diff fix session""]",parsed,Docs/Plans/Transcripts/transcript-2026-04-07-2-DocumentPictureDiffFix.md; SwiftTag/ContentView.swift; SwiftTag/Features/TagEditor/TagEditorViewModel.swift; SwiftTag/FlacMetadataService.swift; SwiftTag/Shared/Utilities/SwiftTagDocumentPackage.swift; SwiftTag/SwiftTagApp.swift; SwiftTagTests/SwiftTagDocumentTests.swift; SwiftTagUITests/SwiftTagUITests.swift,8,479,62,251,167,0,0,123,0,False,[],"[""transcript-2026-04-07-2-DocumentPictureDiffFix""]","[""applescript"", ""diff"", ""flac-lib"", ""picture"", ""save"", ""swifttag-document"", ""tags""]",assigned,251.0,167.0,0.0,0.0,123.0,2433.0,2433.0,0.0,4.0,8.0,0,"{""assistant_processing_time"": 2433.0, ""back_and_forth_count"": 4.0, ""code_lines"": 251.0, ""elapsed_time"": 2433.0, ""plan_lines"": 0.0, ""transcript_lines"": 123.0}",66.18,High,1.0,1.0,0,2026-04-07,2026-04-07,1.00,one-commit analytical invariant
126cc0a4b597443b882c65566c53e996d2cc62d2,126cc0a4b597443b882c65566c53e996d2cc62d2,126cc0a,2026-04-07T17:22:49-07:00,2026-04-07T17:22:49-07:00,fix(tag-editor): preserve picture spec mismatches in save checks,"- compare picture records without recomputing image metadata in saveability checks
- keep normalized canonicalization behavior for snapshot and export paths
- restore the picture spec mismatch regression test and related document picture tests",fix,tag-editor,preserve picture spec mismatches in save checks,False,[],[],parsed,SwiftTag/Features/TagEditor/TagEditorViewModel.swift,1,7,3,10,0,0,0,0,0,False,[],[],"[""picture"", ""save"", ""swifttag-document"", ""tags""]",assigned,10.0,0.0,0.0,0.0,0.0,,,,0.0,0.0,0,"{""assistant_processing_time"": null, ""back_and_forth_count"": 0.0, ""code_lines"": 10.0, ""elapsed_time"": null, ""plan_lines"": 0.0, ""transcript_lines"": 0.0}",8.8,Low,0.7,1.0,0,2026-04-07,2026-04-07,1.00,one-commit analytical invariant
27b4d85ec22c4165acb415ef3929bd10d4c35202,27b4d85ec22c4165acb415ef3929bd10d4c35202,27b4d85,2026-04-07T23:56:05-07:00,2026-04-07T23:56:05-07:00,feat(save): add SwiftTag document follow-on save options,"- add default-off save settings and a window-scoped follow-on Command-S flow for referenced or new
  SwiftTag documents
- reuse the SwiftTag document save path after successful FLAC saves and report follow-on document
  errors without treating the FLAC save as failed
- add decision tests and focused macOS UI coverage for auto-save, prompting, suppression, and
  follow-on save failures

docs(plan): add plan 19 and transcript documents and ignore VS Code workspace settings",feat,save,add SwiftTag document follow-on save options,False,[],"[""docs(plan): add plan 19 and transcript documents and ignore VS Code workspace settings""]",parsed,.gitignore; Docs/Plans/19-AddSwiftTagDocumentSaveOptions.md; Docs/Plans/Transcripts/transcript-2026-04-07-3-19-AddSwiftTagDocumentSaveOptions.md; SwiftTag/ContentView.swift; SwiftTag/Features/Settings/GeneralSettingsView.swift; SwiftTag/Shared/Models/SaveSettings.swift; SwiftTag/SwiftTagApp.swift; SwiftTagTests/SwiftTagTests.swift; SwiftTagUITests/SwiftTagUITests.swift,9,1011,34,233,447,0,263,98,0,False,"[""19"", ""20"", ""22""]","[""transcript-2026-04-07-3-19-AddSwiftTagDocumentSaveOptions""]","[""applescript"", ""picture"", ""save"", ""settings"", ""swifttag-document"", ""tags""]",assigned,233.0,447.0,0.0,263.0,318.00000000000006,18821.0,4631.0,14190.0,6.0,12.0,0,"{""assistant_processing_time"": 4631.0, ""back_and_forth_count"": 6.0, ""code_lines"": 233.0, ""elapsed_time"": 18821.0, ""plan_lines"": 263.0, ""transcript_lines"": 318.00000000000006}",85.22,Very High,1.0,1.0,0,2026-04-07,2026-04-07,1.00,one-commit analytical invariant
e34aa24684bc1f8934df624b380e976c55c09dc0,e34aa24684bc1f8934df624b380e976c55c09dc0,e34aa24,2026-04-08T02:47:55-07:00,2026-04-08T02:47:55-07:00,feat(ui): settings dialog ui layout cleanup,,feat,ui,settings dialog ui layout cleanup,False,[],[],parsed,SwiftTag/Features/Settings/GeneralSettingsView.swift; SwiftTag/Features/Settings/SettingsView.swift; SwiftTag/Features/Settings/TagWriteSettingsView.swift; SwiftTag/SwiftTagApp.swift,4,32,20,52,0,0,0,0,0,False,[],[],"[""save"", ""settings"", ""tags""]",assigned,52.0,0.0,0.0,0.0,0.0,,,,0.0,0.0,0,"{""assistant_processing_time"": null, ""back_and_forth_count"": 0.0, ""code_lines"": 52.0, ""elapsed_time"": null, ""plan_lines"": 0.0, ""transcript_lines"": 0.0}",14.13,Low,0.7,1.0,0,2026-04-08,2026-04-08,1.00,one-commit analytical invariant
603c07621916ecd47e1a9faee08d8c32cd6eebdf,603c07621916ecd47e1a9faee08d8c32cd6eebdf,603c076,2026-04-08T22:42:53-07:00,2026-04-08T22:42:53-07:00,feat(save): add close and quit swifttag save choices,"- add unsaved-changes flow models and async coordinator handling for expanded close and quit
  prompts
- reuse ContentView FLAC and SwiftTag save helpers for flac-only, document-only, and combined
  actions
- keep windows open and abort quit when new-document save panels are canceled or saves fail
- add resolver and UI test coverage for the new close-flow options

docs(plan) add plan 20 and its transcript for the implemented save-option work",feat,save,add close and quit swifttag save choices,False,[],[],parsed,Docs/Plans/20-AddSwiftTagDocumentSaveOptions.md; Docs/Plans/Transcripts/transcript-2026-04-08-1-20-AddSwiftTagDocumentSaveOptions.md; SwiftTag/ContentView.swift; SwiftTag/Shared/Utilities/UnsavedChangesCoordinator.swift; SwiftTag/Shared/Utilities/UnsavedChangesFlow.swift; SwiftTag/SwiftTagApp.swift; SwiftTagTests/SwiftTagTests.swift; SwiftTagUITests/SwiftTagUITests.swift,8,1121,116,580,224,0,287,146,0,False,"[""19"", ""20"", ""22""]","[""transcript-2026-04-08-1-20-AddSwiftTagDocumentSaveOptions""]","[""applescript"", ""picture"", ""save"", ""swifttag-document"", ""tags""]",assigned,580.0,224.0,0.0,287.0,146.0,8944.0,1248.0,7696.0,4.0,8.0,0,"{""assistant_processing_time"": 1248.0, ""back_and_forth_count"": 4.0, ""code_lines"": 580.0, ""elapsed_time"": 8944.0, ""plan_lines"": 287.0, ""transcript_lines"": 146.0}",83.49,Very High,1.0,1.0,0,2026-04-08,2026-04-08,1.00,one-commit analytical invariant
92460554b47e6062390266578964fe59fd5af784,92460554b47e6062390266578964fe59fd5af784,9246055,2026-04-09T00:35:55-07:00,2026-04-09T00:35:55-07:00,fix(sync): restore repeated external album updates across windows,"- rebind track file monitor observations when same-path saves replace the monitored file
- expose selected album external file values through a gated UI test metadata probe
- add a monitor regression for repeated same-path rewrites on the same FLAC path
- add deterministic open-panel window targeting and shared-FLAC multi-window UI regressions

docs(transcript): add bug fix implementation transcript",fix,sync,restore repeated external album updates across windows,False,[],"[""docs(transcript): add bug fix implementation transcript""]",parsed,Docs/Plans/Transcripts/transcript-2026-04-09-1-ExternalDifferenceDetectionFix.md; SwiftTag/ContentView.swift; SwiftTag/Features/TagEditor/TagEditorViewModel.swift; SwiftTag/Shared/Utilities/TrackFileMonitor.swift; SwiftTagTests/SwiftTagTests.swift; SwiftTagUITests/SwiftTagUITests.swift,6,722,18,69,467,0,0,204,0,False,[],"[""transcript-2026-04-09-1-ExternalDifferenceDetectionFix""]","[""applescript"", ""diff"", ""save"", ""tags""]",assigned,69.0,467.0,0.0,0.0,204.0,3832.0,2825.0,1007.0,3.0,6.0,0,"{""assistant_processing_time"": 2825.0, ""back_and_forth_count"": 3.0, ""code_lines"": 69.0, ""elapsed_time"": 3832.0, ""plan_lines"": 0.0, ""transcript_lines"": 204.0}",61.01,High,1.0,1.0,0,2026-04-09,2026-04-09,1.00,one-commit analytical invariant
096d27739611fe6d978a8e683283c1ec3de7c030,096d27739611fe6d978a8e683283c1ec3de7c030,096d277,2026-04-09T13:11:13-07:00,2026-04-09T13:11:13-07:00,feat(ui): add limit to .swifttag document name in unsaved dialog,,feat,ui,add limit to .swifttag document name in unsaved dialog,False,[],[],parsed,SwiftTag/ContentView.swift; SwiftTag/Shared/Utilities/StringExtensions.swift; SwiftTag/Shared/Utilities/UnsavedChangesFlow.swift; SwiftTagTests/SwiftTagTests.swift,4,54,10,36,28,0,0,0,0,False,"[""21""]","[""transcript-2026-04-09-2-21-AddSwiftTagDocumentBookmark""]","[""save"", ""swifttag-document"", ""tags""]",assigned,36.0,28.0,0.0,0.0,38.386740331491715,13640.0,183.0,13457.0,1.0,2.0,0,"{""assistant_processing_time"": 183.0, ""back_and_forth_count"": 1.0, ""code_lines"": 36.0, ""elapsed_time"": 13640.0, ""plan_lines"": 0.0, ""transcript_lines"": 38.386740331491715}",50.36,High,1.0,1.0,0,2026-04-09,2026-04-09,1.00,one-commit analytical invariant
ea17789b68f2441b900707719032349f6b2aad75,ea17789b68f2441b900707719032349f6b2aad75,ea17789,2026-04-09T15:15:56-07:00,2026-04-09T15:15:56-07:00,tests(ui): add test to confirm control s saves only swittag document,,tests,ui,add test to confirm control s saves only swittag document,False,[],[],parsed,SwiftTagUITests/SwiftTagUITests.swift,1,79,0,0,79,0,0,0,0,False,[],[],"[""save"", ""swifttag-document"", ""tags""]",assigned,0.0,79.0,0.0,0.0,0.0,,,,0.0,0.0,0,"{""assistant_processing_time"": null, ""back_and_forth_count"": 0.0, ""code_lines"": 0.0, ""elapsed_time"": null, ""plan_lines"": 0.0, ""transcript_lines"": 0.0}",0.0,Low,0.7,1.0,0,2026-04-09,2026-04-09,1.00,one-commit analytical invariant
561817a4bca220d705273d6744f1e5756cec418f,561817a4bca220d705273d6744f1e5756cec418f,561817a,2026-04-09T21:37:06-07:00,2026-04-09T21:39:23-07:00,feat(swifttag-document): track referenced documents via bookmark across move and delete events,"- store bookmark-backed referenced .swifttag document state with live, deleted, and last-known
  document metadata
- monitor referenced document moves and deletes, refresh navigation title and document URL, and
  keep window routing tied to document identity after path changes
- resolve security-scoped access before saving moved referenced documents and prompt for recovery
  when the referenced document has been deleted
- add unit, coordinator, and UI coverage for renamed or moved document tracking and deleted
  document state

docs(plan): add plan 21 and transcript",feat,swifttag-document,track referenced documents via bookmark across move and delete events,False,[],"[""docs(plan): add plan 21 and transcript""]",parsed,Docs/Plans/21-AddSwiftTagDocumentBookmark.md; Docs/Plans/Transcripts/transcript-2026-04-09-2-21-AddSwiftTagDocumentBookmark.md; SwiftTag/ContentView.swift; SwiftTag/Features/TagEditor/TagEditorViewModel.swift; SwiftTag/Shared/Utilities/EditorWindowCoordinator.swift; SwiftTag/Shared/Utilities/SwiftTagDocumentMonitor.swift; SwiftTag/Shared/Utilities/SwiftTagDocumentPackage.swift; SwiftTagTests/SwiftTagDocumentTests.swift; SwiftTagTests/SwiftTagTests.swift; SwiftTagUITests/SwiftTagUITests.swift,10,1422,42,754,285,0,232,193,0,False,"[""21""]","[""transcript-2026-04-09-2-21-AddSwiftTagDocumentBookmark""]","[""applescript"", ""picture"", ""save"", ""swifttag-document"", ""tags""]",assigned,754.0,285.0,0.0,232.0,154.6132596685083,5688.0,2265.0,3423.0,3.0,6.0,0,"{""assistant_processing_time"": 2265.0, ""back_and_forth_count"": 3.0, ""code_lines"": 754.0, ""elapsed_time"": 5688.0, ""plan_lines"": 232.0, ""transcript_lines"": 154.6132596685083}",83.22,Very High,1.0,1.0,0,2026-04-09,2026-04-09,1.00,one-commit analytical invariant
3c4cfff64ee127631152a551713977c1ad5a40dd,3c4cfff64ee127631152a551713977c1ad5a40dd,3c4cfff,2026-04-09T22:26:31-07:00,2026-04-09T22:26:31-07:00,fix(windowing): show finder-opened flac files in the launch window,"- register a fallback editor window opener so launch-time Finder opens can surface an editor window
  before any session-specific routing is available
- keep bootstrap FLAC routing queued only while a visible unregistered window is still expected to
  receive the files
- preserve the separate new-window behavior for SwiftTag document opens while fixing launch-time
  FLAC visibility
- add a Finder-style UI regression that launches SwiftTag by opening a FLAC through NSWorkspace and
  verifies the window becomes visible and editable

docs(transcript): add transcript for the launch-open FLAC and SwiftTag window visibility fix",fix,windowing,show finder-opened flac files in the launch window,False,[],"[""docs(transcript): add transcript for the launch-open FLAC and SwiftTag window visibility fix""]",parsed,Docs/Plans/Transcripts/transcript-2026-04-10-1-LaunchOpenFlacOrDocFix.md; SwiftTag/Shared/Utilities/EditorWindowCoordinator.swift; SwiftTag/SwiftTagApp.swift; SwiftTagUITests/SwiftTagUITests.swift,4,199,1,39,105,0,0,56,0,False,[],"[""transcript-2026-04-10-1-LaunchOpenFlacOrDocFix""]","[""applescript"", ""project"", ""swifttag-document"", ""tags""]",assigned,39.0,105.0,0.0,0.0,56.0,1126.0,1126.0,0.0,1.0,2.0,0,"{""assistant_processing_time"": 1126.0, ""back_and_forth_count"": 1.0, ""code_lines"": 39.0, ""elapsed_time"": 1126.0, ""plan_lines"": 0.0, ""transcript_lines"": 56.0}",47.12,Moderate,1.0,1.0,0,2026-04-09,2026-04-09,1.00,one-commit analytical invariant
4e470f0885282d2dfa9bcfc38252ea229589132c,4e470f0885282d2dfa9bcfc38252ea229589132c,4e470f0,2026-04-10T00:58:16-07:00,2026-04-10T00:58:16-07:00,feat(save): prompt to save referenced documents on track list divergence,"- add a referenced-document track-list baseline in the view model and compare tracks by the
  most recent bookmark-resolved URL, with a pathless-track fallback
- append `*` to referenced document titles when the ordered track list changes and add a
  close/quit prompt branch for track-list-difference-only sessions
- keep the existing FLAC unsaved-changes flow for mixed dirty states and reuse deleted-document
  recovery for close-triggered referenced-document saves
- allow saving an existing referenced `.swifttag` document with an empty current track list
- add targeted tests for bookmark identity, rename safety, title markers, empty saves, and prompt resolution

docs(plan): add plan 22 documentation and transcript",feat,save,prompt to save referenced documents on track list divergence,False,[],"[""docs(plan): add plan 22 documentation and transcript""]",parsed,Docs/Plans/22-AddSwiftTagDocumentSaveOptions.md; Docs/Plans/Transcripts/transcript-2026-04-10-2-22-AddSwiftTagDocumentSaveOptions.md; SwiftTag/ContentView.swift; SwiftTag/Features/TagEditor/TagEditorViewModel.swift; SwiftTag/Shared/Utilities/SwiftTagDocumentPackage.swift; SwiftTag/Shared/Utilities/UnsavedChangesFlow.swift; SwiftTagTests/SwiftTagDocumentTests.swift; SwiftTagTests/SwiftTagTests.swift,8,1059,66,315,423,0,239,148,0,False,"[""19"", ""20"", ""22""]","[""transcript-2026-04-10-2-22-AddSwiftTagDocumentSaveOptions""]","[""applescript"", ""diff"", ""picture"", ""save"", ""swifttag-document"", ""tags""]",assigned,315.0,423.0,0.0,239.0,148.0,4312.0,2771.0,1541.0,3.0,6.0,0,"{""assistant_processing_time"": 2771.0, ""back_and_forth_count"": 3.0, ""code_lines"": 315.0, ""elapsed_time"": 4312.0, ""plan_lines"": 239.0, ""transcript_lines"": 148.0}",79.74,Very High,1.0,1.0,0,2026-04-10,2026-04-10,1.00,one-commit analytical invariant
454258cb9db98ff57199e91810c74d771038a613,454258cb9db98ff57199e91810c74d771038a613,454258c,2026-04-10T09:28:18-07:00,2026-04-10T09:28:18-07:00,feat(swifttag-document): remove from `SwiftTagDocumentPackageError` the `noTracks` error case,"- a SwiftTag document can contain no tracks
- it is valid to save a SwiftTag Document with no tracks",feat,swifttag-document,remove from `SwiftTagDocumentPackageError` the `noTracks` error case,False,[],[],parsed,SwiftTag/Features/TagEditor/TagEditorViewModel.swift; SwiftTag/Shared/Utilities/SwiftTagDocumentPackage.swift; SwiftTagTests/SwiftTagTests.swift,3,3,6,5,4,0,0,0,0,False,[],"[""transcript-2026-04-10-3-AddSwiftTagDocumentSwiftTags""]","[""save"", ""swifttag-document"", ""tags""]",assigned,5.0,4.0,0.0,0.0,43.24137931034483,2170.0,236.0,1934.0,1.0,2.0,0,"{""assistant_processing_time"": 236.0, ""back_and_forth_count"": 1.0, ""code_lines"": 5.0, ""elapsed_time"": 2170.0, ""plan_lines"": 0.0, ""transcript_lines"": 43.24137931034483}",41.11,Moderate,1.0,1.0,0,2026-04-10,2026-04-10,1.00,one-commit analytical invariant
cfba5a1a7b93b8e01d1e1b806a8db413e207ae55,cfba5a1a7b93b8e01d1e1b806a8db413e207ae55,cfba5a1,2026-04-10T10:45:41-07:00,2026-04-10T10:45:41-07:00,feat(swifttag-document): update SwiftTag document to allow no tracks and add `SwiftTags` metadata,,feat,swifttag-document,update SwiftTag document to allow no tracks and add `SwiftTags` metadata,False,[],[],parsed,Docs/Plans/Transcripts/transcript-2026-04-10-3-AddSwiftTagDocumentSwiftTags.md; SwiftTag/Shared/Utilities/SwiftTagDocumentPackage.swift; SwiftTagTests/SwiftTagDocumentTests.swift,3,115,1,15,2,0,0,99,0,False,[],"[""transcript-2026-04-10-3-AddSwiftTagDocumentSwiftTags""]","[""applescript"", ""swifttag-document"", ""tags""]",assigned,15.0,2.0,0.0,0.0,55.758620689655174,369.0,369.0,0.0,2.0,4.0,0,"{""assistant_processing_time"": 369.0, ""back_and_forth_count"": 2.0, ""code_lines"": 15.0, ""elapsed_time"": 369.0, ""plan_lines"": 0.0, ""transcript_lines"": 55.758620689655174}",42.38,Moderate,1.0,1.0,0,2026-04-10,2026-04-10,1.00,one-commit analytical invariant
29c8eed7decacebe51ab53c9150e9b5b86cd9f3b,29c8eed7decacebe51ab53c9150e9b5b86cd9f3b,29c8eed,2026-04-10T15:35:55-07:00,2026-04-10T15:35:55-07:00,fix(tag-editor): when MixedStateCheckbox is disabled it does not display checkbox state,"- separate display-state track scoping from editable track scoping for compilation toggles
- keep the checkbox visuals in sync with SwiftUI disabled state and selected track state
- preserve compilation checkbox state for locked tracks
- add view, unit, and UI regression coverage for the disabled compilation checkbox flow

docs(transcipt): add bug fix transcript",fix,tag-editor,when MixedStateCheckbox is disabled it does not display checkbox state,False,[],"[""docs(transcipt): add bug fix transcript""]",parsed,Docs/Plans/Transcripts/transcript-2026-04-10-4-CompilationDisabledAndDiffFix.md; SwiftTag/Features/TagEditor/TagEditorCoreTagsView.swift; SwiftTag/Features/TagEditor/TagEditorViewModel.swift; SwiftTagTests/SwiftTagTests.swift; SwiftTagTests/TrackStatusViewInspectorTests.swift; SwiftTagUITests/SwiftTagUITests.swift,6,272,25,75,113,0,0,109,0,False,[],"[""transcript-2026-04-10-4-CompilationDisabledAndDiffFix""]","[""applescript"", ""diff"", ""picture"", ""tags""]",assigned,75.0,113.0,0.0,0.0,109.0,2072.0,1234.0,838.0,2.0,4.0,0,"{""assistant_processing_time"": 1234.0, ""back_and_forth_count"": 2.0, ""code_lines"": 75.0, ""elapsed_time"": 2072.0, ""plan_lines"": 0.0, ""transcript_lines"": 109.0}",55.46,High,1.0,1.0,0,2026-04-10,2026-04-10,1.00,one-commit analytical invariant
78b870c79708a25f71251242e16deec289711c28,78b870c79708a25f71251242e16deec289711c28,78b870c,2026-04-10T15:57:51-07:00,2026-04-10T15:57:51-07:00,feat(flac-pictures): limit FLAC picture type 2 to one per file (as per FLAC specifications),,feat,flac-pictures,limit FLAC picture type 2 to one per file (as per FLAC specifications),False,[],[],parsed,SwiftTag/FLACBridge/src/FlacMetadataBridge.c; SwiftTagTests/SwiftTagTests.swift,2,75,12,33,54,0,0,0,0,False,[],[],"[""applescript"", ""flac-lib"", ""picture"", ""tags""]",assigned,33.0,54.0,0.0,0.0,0.0,,,,0.0,0.0,0,"{""assistant_processing_time"": null, ""back_and_forth_count"": 0.0, ""code_lines"": 33.0, ""elapsed_time"": null, ""plan_lines"": 0.0, ""transcript_lines"": 0.0}",11.68,Low,0.7,1.0,0,2026-04-10,2026-04-10,1.00,one-commit analytical invariant
75f43d8c150b372bc6602d8a7a6e7e013429e880,75f43d8c150b372bc6602d8a7a6e7e013429e880,75f43d8,2026-04-10T18:41:28-07:00,2026-04-10T18:41:28-07:00,feat(tag-editor): limit window/navigation title length,,feat,tag-editor,limit window/navigation title length,False,[],[],parsed,SwiftTag/ContentView.swift,1,3,2,5,0,0,0,0,0,False,[],[],"[""tags""]",assigned,5.0,0.0,0.0,0.0,0.0,,,,0.0,0.0,0,"{""assistant_processing_time"": null, ""back_and_forth_count"": 0.0, ""code_lines"": 5.0, ""elapsed_time"": null, ""plan_lines"": 0.0, ""transcript_lines"": 0.0}",7.93,Low,0.7,1.0,0,2026-04-10,2026-04-10,1.00,one-commit analytical invariant
f195e03db1cd290792f99f8b880bb69995e28921,f195e03db1cd290792f99f8b880bb69995e28921,f195e03,2026-04-11T14:31:32-07:00,2026-04-11T14:34:19-07:00,feat(quicklook): add .swifttag quick look preview extension,"- add the SwiftTagQuickLookPreview appex target, embed it in the app, and register
  com.toowalks.swifttag-document with the Quick Look preview extension point
- split shared SwiftTag document and picture support so the extension can reuse package reading
  and preview models without linking the FLAC bridge
- add Quick Look snapshot, SwiftUI view, bitmap renderer, and provider code for cover-art-backed
  previews with track ordering, conditional metadata lines, and ellipsis overflow handling
- add focused Quick Look tests

docs (plan): add plan documentation and transcript",feat,quicklook,add .swifttag quick look preview extension,False,[],[],parsed,Docs/Plans/23-AddSwiftTagDocumentQuickLook.md; Docs/Plans/Transcripts/transcript-2026-04-11-1-23-AddSwiftTagDocumentQuickLook.md; SwiftTag.xcodeproj/project.pbxproj; SwiftTag.xcodeproj/xcuserdata/ccm.xcuserdatad/xcschemes/xcschememanagement.plist; SwiftTag/FlacMetadataService.swift; SwiftTag/Shared/Models/FlacPictureModels.swift; SwiftTag/Shared/QuickLook/SwiftTagDocumentQuickLookBitmapRenderer.swift; SwiftTag/Shared/QuickLook/SwiftTagDocumentQuickLookSnapshot.swift; SwiftTag/Shared/QuickLook/SwiftTagDocumentQuickLookView.swift; SwiftTag/Shared/Utilities/FlacPictureUtilities.swift; SwiftTag/Shared/Utilities/SwiftTagDocumentPackage.swift; SwiftTag/Shared/Utilities/SwiftTagDocumentPackageManifest.swift; SwiftTag/Shared/Utilities/SwiftTagDocumentPackageReader.swift; SwiftTag/Shared/Utilities/SwiftTagDocumentPackageWriter.swift; SwiftTag/Shared/Utilities/SwiftTagDocumentSupport.swift; SwiftTagQuickLookPreview/Info.plist; SwiftTagQuickLookPreview/Resources/SwiftTagQuickLookFallback.png; SwiftTagQuickLookPreview/SwiftTagDocumentQuickLookPreviewProvider.swift; SwiftTagTests/SwiftTagQuickLookTests.swift,19,2383,898,2337,276,0,256,284,0,True,"[""23""]","[""transcript-2026-04-11-1-23-AddSwiftTagDocumentQuickLook""]","[""applescript"", ""flac-lib"", ""picture"", ""save"", ""swifttag-document"", ""tags""]",assigned,2337.0,276.0,0.0,256.0,284.0,65681.0,9070.0,56611.0,5.0,10.0,0,"{""assistant_processing_time"": 9070.0, ""back_and_forth_count"": 5.0, ""code_lines"": 2337.0, ""elapsed_time"": 65681.0, ""plan_lines"": 256.0, ""transcript_lines"": 284.0}",94.01,Very High,1.0,1.0,0,2026-04-11,2026-04-11,1.00,one-commit analytical invariant
b70f6625e06280784004190bcabafe04c96086d3,b70f6625e06280784004190bcabafe04c96086d3,b70f662,2026-04-12T09:08:28-07:00,2026-04-12T09:08:28-07:00,feat(duration): add derived flac track duration support,"- read STREAMINFO sample rate and total samples to derive track duration during FLAC metadata loads
- persist optional duration in Track and SwiftTag document manifests without changing manifest fingerprints
- add a hidden Duration table column with AppStorage-backed visibility and Quick Look trailing rows
- add formatter, bridge, document, Quick Look, and ViewInspector tests for duration behavior

docs(plan): add plan 24-AddTrackDurationInfo and its transcript",feat,duration,add derived flac track duration support,False,[],"[""docs(plan): add plan 24-AddTrackDurationInfo and its transcript""]",parsed,Docs/Plans/24-AddTrackDurationInfo.md; Docs/Plans/Transcripts/transcript-2026-04-12-1-24-AddTrackDurationInfo.md; SwiftTag/ContentView.swift; SwiftTag/FLACBridge/include/FlacMetadataBridge.h; SwiftTag/FLACBridge/src/FlacMetadataBridge.c; SwiftTag/Features/TagEditor/TagEditorTrackFileView.swift; SwiftTag/Features/TagEditor/TagEditorView.swift; SwiftTag/Features/TagEditor/TagEditorViewModel.swift; SwiftTag/FlacMetadataService.swift; SwiftTag/Shared/Models/FeedbackSettings.swift; SwiftTag/Shared/Models/Track.swift; SwiftTag/Shared/QuickLook/SwiftTagDocumentQuickLookSnapshot.swift; SwiftTag/Shared/QuickLook/SwiftTagDocumentQuickLookView.swift; SwiftTag/Shared/Utilities/SwiftTagDocumentPackageManifest.swift; SwiftTag/Shared/Utilities/SwiftTagDocumentPackageReader.swift; SwiftTag/Shared/Utilities/SwiftTagDocumentPackageWriter.swift; SwiftTag/Shared/Utilities/SwiftTagDocumentSupport.swift; SwiftTagTests/SwiftTagDocumentTests.swift; SwiftTagTests/SwiftTagQuickLookTests.swift; SwiftTagTests/TrackDurationTests.swift; SwiftTagTests/TrackStatusViewInspectorTests.swift,21,1023,29,240,337,0,264,211,0,False,"[""24""]","[""transcript-2026-04-12-1-24-AddTrackDurationInfo""]","[""applescript"", ""diff"", ""flac-lib"", ""save"", ""settings"", ""swifttag-document"", ""tags""]",assigned,240.0,337.0,0.0,264.0,211.00000000000003,17857.0,2173.0,15684.0,5.0,10.0,0,"{""assistant_processing_time"": 2173.0, ""back_and_forth_count"": 5.0, ""code_lines"": 240.0, ""elapsed_time"": 17857.0, ""plan_lines"": 264.0, ""transcript_lines"": 211.00000000000003}",82.52,Very High,1.0,1.0,0,2026-04-12,2026-04-12,1.00,one-commit analytical invariant
fa39eb8476a30b608351962f31e7e6868495c9eb,fa39eb8476a30b608351962f31e7e6868495c9eb,fa39eb8,2026-04-13T14:43:11-07:00,2026-04-13T14:43:11-07:00,"feat(QuickLook) add ""Mix"" for album, add alternating bacground for tracks",,,,"feat(QuickLook) add ""Mix"" for album, add alternating bacground for tracks",False,[],[],unparsed,SwiftTag/Shared/QuickLook/SwiftTagDocumentQuickLookSnapshot.swift; SwiftTag/Shared/QuickLook/SwiftTagDocumentQuickLookView.swift,2,15,5,20,0,0,0,0,0,False,[],[],"[""swifttag-document"", ""tags""]",assigned,20.0,0.0,0.0,0.0,0.0,,,,0.0,0.0,0,"{""assistant_processing_time"": null, ""back_and_forth_count"": 0.0, ""code_lines"": 20.0, ""elapsed_time"": null, ""plan_lines"": 0.0, ""transcript_lines"": 0.0}",10.38,Low,0.7,1.0,1,2026-04-13,2026-04-13,1.00,one-commit analytical invariant
36c5b18642e6568ca15e897dcae9132a6907e9db,36c5b18642e6568ca15e897dcae9132a6907e9db,36c5b18,2026-04-14T10:12:52-07:00,2026-04-14T10:12:52-07:00,feat(album-art): implement picture description editing,"- add an `Edit Description...` action and child sheet in the album art browser
- validate UTF-8 description bytes against the FLAC picture metadata budget with a 256-byte buffer
- update picture save and diff flows so description-only changes count as picture edits
- scope external picture-difference overlays to the affected slot and expose UI test identifiers
- add unit, inspector, and UI tests for description saves, save scope, and multi-window diff state

docs(plan): add plan 25-AddPictureDescriptionEdit",feat,album-art,implement picture description editing,False,[],"[""docs(plan): add plan 25-AddPictureDescriptionEdit""]",parsed,Docs/Plans/25-AddPictureDescriptionEdit.md; SwiftTag/ContentView.swift; SwiftTag/Features/AlbumArt/AlbumArtSheetView.swift; SwiftTag/Features/AlbumArt/AlbumArtTypes.swift; SwiftTag/Features/AlbumArt/AlbumArtViewModel.swift; SwiftTag/Features/TagEditor/TagEditorViewModel.swift; SwiftTag/Shared/Utilities/FlacPictureUtilities.swift; SwiftTag/Shared/Utilities/SwiftTagDocumentSupport.swift; SwiftTagTests/SwiftTagQuickLookTests.swift; SwiftTagTests/SwiftTagTests.swift; SwiftTagTests/TrackDurationTests.swift; SwiftTagTests/TrackStatusViewInspectorTests.swift; SwiftTagUITests/SwiftTagUITests.swift,13,1314,40,477,654,0,223,0,0,False,"[""25""]","[""transcript-2026-04-14-1-25-AddPictureDescriptionEdit""]","[""applescript"", ""diff"", ""picture"", ""save"", ""swifttag-document"", ""tags""]",assigned,477.0,654.0,0.0,223.0,399.25934065934064,77564.0,11044.0,66520.0,7.0,14.0,0,"{""assistant_processing_time"": 11044.0, ""back_and_forth_count"": 7.0, ""code_lines"": 477.0, ""elapsed_time"": 77564.0, ""plan_lines"": 223.0, ""transcript_lines"": 399.25934065934064}",92.57,Very High,1.0,1.0,0,2026-04-14,2026-04-14,1.00,one-commit analytical invariant
4a07659704ab091a117b882a027635c12af8294c,4a07659704ab091a117b882a027635c12af8294c,4a07659,2026-04-14T15:47:38-07:00,2026-04-14T15:47:38-07:00,fix(tag-editor): show internal icon for picture description edits,"- use externally modified picture types for row warning icons and picture warning help text
- keep internal picture and picture-description edits on the dirty fish status
- add unit and UI regressions for internal and external picture description status changes

docs(transcript): add 25-AddPictureDescriptionEdit and fixes transcript",fix,tag-editor,show internal icon for picture description edits,False,[],"[""docs(transcript): add 25-AddPictureDescriptionEdit and fixes transcript""]",parsed,Docs/Plans/Transcripts/transcript-2026-04-14-1-25-AddPictureDescriptionEdit.md; SwiftTag/ContentView.swift; SwiftTag/Features/AlbumArt/AlbumArtSheetView.swift; SwiftTag/Features/TagEditor/TagEditorViewModel.swift; SwiftTag/Shared/Models/TrackStatus.swift; SwiftTagTests/SwiftTagTests.swift; SwiftTagTests/TrackStatusViewInspectorTests.swift; SwiftTagUITests/SwiftTagUITests.swift,8,880,20,160,273,0,0,467,0,False,"[""25""]","[""transcript-2026-04-14-1-25-AddPictureDescriptionEdit""]","[""applescript"", ""diff"", ""picture"", ""tags""]",assigned,160.0,273.0,0.0,0.0,67.74065934065933,8311.0,1688.0,6623.0,2.0,4.0,0,"{""assistant_processing_time"": 1688.0, ""back_and_forth_count"": 2.0, ""code_lines"": 160.0, ""elapsed_time"": 8311.0, ""plan_lines"": 0.0, ""transcript_lines"": 67.74065934065933}",63.15,High,1.0,1.0,0,2026-04-14,2026-04-14,1.00,one-commit analytical invariant
0539816b5ba23a6e25ff44d6be08444b0f8dd6c7,0539816b5ba23a6e25ff44d6be08444b0f8dd6c7,0539816,2026-04-15T15:57:13-07:00,2026-04-15T15:57:13-07:00,fix(album-art): reject oversized flac picture imports,"- add picture-data budget validation using current description bytes and reserved FLAC buffer
- stop drop, paste, and file-import updates when picture data exceeds remaining payload budget
- show a single-button ""Picture Too Large"" alert from album art sheet bindings
- cover budget math and rejection flow in SwiftTagTests and TrackStatusViewInspectorTests

docs(agents): add ""smart caveman"" response guidance to AGENTS.md",fix,album-art,reject oversized flac picture imports,False,[],"[""docs(agents): add \""smart caveman\"" response guidance to AGENTS.md""]",parsed,AGENTS.md; SwiftTag/ContentView.swift; SwiftTag/Features/AlbumArt/AlbumArtSheetView.swift; SwiftTag/Features/AlbumArt/AlbumArtViewModel.swift; SwiftTag/Shared/Utilities/FlacPictureUtilities.swift; SwiftTagTests/SwiftTagTests.swift; SwiftTagTests/TrackStatusViewInspectorTests.swift,7,279,51,238,85,7,0,0,0,False,[],[],"[""applescript"", ""diff"", ""picture"", ""save"", ""tags""]",assigned,238.0,85.0,7.0,0.0,0.0,,,,0.0,0.0,0,"{""assistant_processing_time"": null, ""back_and_forth_count"": 0.0, ""code_lines"": 238.0, ""elapsed_time"": null, ""plan_lines"": 0.0, ""transcript_lines"": 0.0}",22.36,Low,0.7,1.0,0,2026-04-15,2026-04-15,1.00,one-commit analytical invariant
352ff8c562657dc7ed4c0171d4448bdda0bec559,352ff8c562657dc7ed4c0171d4448bdda0bec559,352ff8c,2026-04-16T17:08:15-07:00,2026-04-16T17:08:15-07:00,fix: preserve picture diff state across refresh flows,"- keep document refresh baselines when editor state must survive file refreshes
- adopt live picture state for clean rename refreshes and derive fallback picture metadata
- update ui, document, and coordinator tests for current labels, save state, fixtures, and routing
- align picture description budget expectations with current behavior

docs(transcript): add transcript for 2026-04-16 regression fix session",fix,,preserve picture diff state across refresh flows,False,[],"[""docs(transcript): add transcript for 2026-04-16 regression fix session""]",parsed,Docs/Plans/Transcripts/transcript-2026-04-16-1-Internal-ExternalDiffUpdateFix.md; SwiftTag/Features/AlbumArt/AlbumArtSheetView.swift; SwiftTag/Features/TagEditor/TagEditorViewModel.swift; SwiftTag/Shared/Models/Track.swift; SwiftTagTests/SwiftTagDocumentTests.swift; SwiftTagTests/SwiftTagTests.swift; SwiftTagTests/TrackStatusViewInspectorTests.swift; SwiftTagUITests/SwiftTagUITests.swift,8,441,44,61,195,0,0,229,0,False,"[""25""]","[""transcript-2026-04-16-1-InternalExternalDiffUpdateFix""]","[""applescript"", ""diff"", ""picture"", ""save"", ""swifttag-document"", ""tags""]",assigned,61.0,195.0,0.0,0.0,229.00000000000003,14561.0,3048.0,11513.0,6.0,12.0,0,"{""assistant_processing_time"": 3048.0, ""back_and_forth_count"": 6.0, ""code_lines"": 61.0, ""elapsed_time"": 14561.0, ""plan_lines"": 0.0, ""transcript_lines"": 229.00000000000003}",66.54,High,1.0,1.0,0,2026-04-16,2026-04-16,1.00,one-commit analytical invariant
f23c8a089f6d5549a597e0635ff808b203a25766,f23c8a089f6d5549a597e0635ff808b203a25766,f23c8a0,2026-04-16T23:40:02-07:00,2026-04-16T23:40:02-07:00,fix(album-art): show external picture diffs in reopened swifttag documents,"- use externallyModifiedPictureTypes when resolving slot-level external picture differences
- expose album art sidebar difference state and add ui coverage for reopened saved documents
  with edited descriptions and added picture slots

docs(transcript) add transcript for fix",fix,album-art,show external picture diffs in reopened swifttag documents,False,[],[],parsed,Docs/Plans/Transcripts/{transcript-2026-04-16-1-Internal-ExternalDiffUpdateFix.md => transcript-2026-04-16-1-InternalExternalDiffUpdateFix.md}; Docs/Plans/Transcripts/transcript-2026-04-17-1-InternalExternalDiffDocUpdateFix.md; SwiftTag/Features/AlbumArt/AlbumArtSheetView.swift; SwiftTag/Features/TagEditor/TagEditorViewModel.swift; SwiftTagTests/SwiftTagDocumentTests.swift; SwiftTagUITests/SwiftTagUITests.swift,6,548,34,40,342,0,0,200,0,False,"[""25""]","[""transcript-2026-04-16-1-InternalExternalDiffUpdateFix"", ""transcript-2026-04-17-1-InternalExternalDiffDocUpdateFix""]","[""applescript"", ""diff"", ""picture"", ""save"", ""swifttag-document"", ""tags""]",assigned,40.0,342.0,0.0,0.0,200.0,4287.0,4287.0,0.0,6.0,12.0,0,"{""assistant_processing_time"": 4287.0, ""back_and_forth_count"": 6.0, ""code_lines"": 40.0, ""elapsed_time"": 4287.0, ""plan_lines"": 0.0, ""transcript_lines"": 200.0}",61.49,High,1.0,1.0,0,2026-04-16,2026-04-16,1.00,one-commit analytical invariant
759876b5751c03c882cad89d885311f3073fe8cc,759876b5751c03c882cad89d885311f3073fe8cc,759876b,2026-04-17T01:18:54-07:00,2026-04-17T01:18:54-07:00,project(xcode): adopt xcode 26.4 test plan and nonisolated annotations,"- add shared SwiftTag.xctestplan and reference it from both shared schemes
- update project upgrade metadata and rename quick look extension embed phase for xcode 26.4
- mark picture record and utility helpers as nonisolated to keep them callable across isolation
- move quick look snapshot background equality into explicit nonisolated equatable conformance",project,xcode,adopt xcode 26.4 test plan and nonisolated annotations,False,[],[],parsed,SwiftTag.xcodeproj/project.pbxproj; SwiftTag.xcodeproj/xcshareddata/xcschemes/SwiftTag.xcscheme; SwiftTag.xcodeproj/xcshareddata/xcschemes/SwiftTagApp.xcscheme; SwiftTag.xctestplan; SwiftTag/Shared/Models/FlacPictureModels.swift; SwiftTag/Shared/Models/Track.swift; SwiftTag/Shared/QuickLook/SwiftTagDocumentQuickLookSnapshot.swift; SwiftTag/Shared/Utilities/PictureDataUtilities.swift,8,99,43,82,0,0,0,0,0,False,[],[],"[""picture"", ""project"", ""swifttag-document"", ""tags""]",assigned,82.0,0.0,0.0,0.0,0.0,,,,0.0,0.0,0,"{""assistant_processing_time"": null, ""back_and_forth_count"": 0.0, ""code_lines"": 82.0, ""elapsed_time"": null, ""plan_lines"": 0.0, ""transcript_lines"": 0.0}",16.59,Low,0.7,1.0,0,2026-04-17,2026-04-17,1.00,one-commit analytical invariant
192eaacabaecbe09ee3ee59d935f0d3ab2d86a02,192eaacabaecbe09ee3ee59d935f0d3ab2d86a02,192eaac,2026-04-19T17:01:56-07:00,2026-04-19T17:01:56-07:00,feat(applescript): initial AppleScript support,"- make/count editor window
- quit app

docs(plan): add plan 26 add AppleScript support",feat,applescript,initial AppleScript support,False,[],"[""docs(plan): add plan 26 add AppleScript support""]",parsed,Docs/Plans/26-AddAppleScriptSupport.md; SwiftTag/Info.plist; SwiftTag/Shared/Utilities/SwiftTagAppleScriptSupport.swift; SwiftTag/SwiftTag.sdef; SwiftTagTests/SwiftTagAppleScriptTests.swift,5,615,0,313,37,0,265,0,0,False,"[""26""]","[""transcript-2026-04-18-1-26-AddAppleScriptSupport""]","[""applescript"", ""tags""]",assigned,313.0,37.0,0.0,265.0,210.6341463414634,105544.0,459.0,105085.0,1.0,2.0,0,"{""assistant_processing_time"": 459.0, ""back_and_forth_count"": 1.0, ""code_lines"": 313.0, ""elapsed_time"": 105544.0, ""plan_lines"": 265.0, ""transcript_lines"": 210.6341463414634}",82.26,Very High,1.0,1.0,0,2026-04-19,2026-04-19,1.00,one-commit analytical invariant
777706cf1432bcd9bbd0ff1d145469d038b76fd3,777706cf1432bcd9bbd0ff1d145469d038b76fd3,777706c,2026-04-19T17:49:40-07:00,2026-04-19T17:49:40-07:00,feat(applescript): add AppleScript support for swifttag document open and save,"- expose standard open/save commands and scriptable documents in SwiftTag.sdef
- route AppleScript document and editor-window commands through existing session save/open flows
- add tests for pending document wrappers and empty-window saves

docs(transcript): add transcript for AppleScript open/save implementation work",feat,applescript,add AppleScript support for swifttag document open and save,False,[],"[""docs(transcript): add transcript for AppleScript open/save implementation work""]",parsed,Docs/Plans/Transcripts/transcript-2026-04-18-1-26-AddAppleScriptSupport.md; SwiftTag/ContentView.swift; SwiftTag/Shared/Utilities/EditorWindowCoordinator.swift; SwiftTag/Shared/Utilities/SwiftTagAppleScriptSupport.swift; SwiftTag/SwiftTag.sdef; SwiftTagTests/SwiftTagAppleScriptTests.swift,6,1075,17,612,99,0,0,381,0,False,"[""26""]","[""transcript-2026-04-18-1-26-AddAppleScriptSupport""]","[""applescript"", ""save"", ""swifttag-document"", ""tags""]",assigned,612.0,99.0,0.0,0.0,170.3658536585366,4368.0,2166.0,2202.0,3.0,6.0,0,"{""assistant_processing_time"": 2166.0, ""back_and_forth_count"": 3.0, ""code_lines"": 612.0, ""elapsed_time"": 4368.0, ""plan_lines"": 0.0, ""transcript_lines"": 170.3658536585366}",73.05,High,1.0,1.0,0,2026-04-19,2026-04-19,1.00,one-commit analytical invariant
bee209c217c6b5fa2c4eaddbddcab99101ee589a,bee209c217c6b5fa2c4eaddbddcab99101ee589a,bee209c,2026-04-20T22:40:20-07:00,2026-04-20T22:40:20-07:00,"feat(applescript): support track add, selection, and property access","- expose editor window tracks, selected track, and typed track properties in the scripting layer
- add add command routing in SwiftTag.sdef and AppleScript wrappers for editor windows
- reuse synchronous import helpers to return added track IDs while preserving async entry points
- cover track count, add, selection, and property reads in SwiftTagAppleScriptTests

docs (transcript): add transcript for plan 26 implementation of track scripting support",feat,applescript,"support track add, selection, and property access",False,[],[],parsed,Docs/Plans/Transcripts/transcript-2026-04-20-1-26-AddAppleScriptSupport.md; SwiftTag/ContentView.swift; SwiftTag/Features/TagEditor/TagEditorViewModel.swift; SwiftTag/Shared/Utilities/SwiftTagAppleScriptSupport.swift; SwiftTag/SwiftTag.sdef; SwiftTagTests/SwiftTagAppleScriptTests.swift,6,1233,14,859,162,0,0,226,0,False,"[""26""]","[""transcript-2026-04-20-1-26-AddAppleScriptSupport""]","[""applescript"", ""picture"", ""tags""]",assigned,859.0,162.0,0.0,0.0,226.0,17817.0,1242.0,16575.0,2.0,4.0,0,"{""assistant_processing_time"": 1242.0, ""back_and_forth_count"": 2.0, ""code_lines"": 859.0, ""elapsed_time"": 17817.0, ""plan_lines"": 0.0, ""transcript_lines"": 226.0}",76.13,Very High,1.0,1.0,0,2026-04-20,2026-04-20,1.00,one-commit analytical invariant
5866685bcbe463804d3efa4fb258029bf961207a,5866685bcbe463804d3efa4fb258029bf961207a,5866685,2026-04-20T23:29:10-07:00,2026-04-21T01:00:43-07:00,feat(stream-info): persist flac stream metadata across document round-trips,"- extend flac bridge and metadata service with sample rate, total samples,
  bits per sample, and channel count
- store normalized stream metadata on Track and preserve it during import,
  reload, and refresh flows
- write stream metadata into document manifests and parse sample rate display
  values when reading packages
- add tests for metadata extraction, sample rate formatting, and document
  round-trips",feat,stream-info,persist flac stream metadata across document round-trips,False,[],[],parsed,SwiftTag/FLACBridge/include/FlacMetadataBridge.h; SwiftTag/FLACBridge/src/FlacMetadataBridge.c; SwiftTag/Features/TagEditor/TagEditorViewModel.swift; SwiftTag/FlacMetadataService.swift; SwiftTag/Shared/Models/Track.swift; SwiftTag/Shared/Utilities/SwiftTagDocumentPackageManifest.swift; SwiftTag/Shared/Utilities/SwiftTagDocumentPackageReader.swift; SwiftTag/Shared/Utilities/SwiftTagDocumentPackageWriter.swift; SwiftTag/Shared/Utilities/SwiftTagDocumentSupport.swift; SwiftTagTests/SwiftTagDocumentTests.swift; SwiftTagTests/SwiftTagTests.swift; SwiftTagTests/TrackDurationTests.swift,12,381,5,213,173,0,0,0,0,False,"[""26""]","[""transcript-2026-04-21-1-26-AddAppleScriptSupport""]","[""flac-lib"", ""save"", ""swifttag-document"", ""tags""]",assigned,213.0,173.0,0.0,0.0,54.6,2947.0,741.0,2206.0,1.0,2.0,0,"{""assistant_processing_time"": 741.0, ""back_and_forth_count"": 1.0, ""code_lines"": 213.0, ""elapsed_time"": 2947.0, ""plan_lines"": 0.0, ""transcript_lines"": 54.6}",57.43,High,1.0,1.0,0,2026-04-20,2026-04-20,1.00,one-commit analytical invariant
859a8f570b718d332f3f3814fc621280ae0f077e,859a8f570b718d332f3f3814fc621280ae0f077e,859a8f5,2026-04-21T01:07:43-07:00,2026-04-21T01:07:43-07:00,feat(applescript): expose track fingerprints and audio properties,"- add read-only script properties for bits per sample, channels, sample rate, total samples,
  track fingerprint, and flac fingerprint
- extract shared track fingerprint line generation in package writer
- extend applescript tests with picture-backed fingerprints and audio property assertions",feat,applescript,expose track fingerprints and audio properties,False,[],[],parsed,SwiftTag/Shared/Utilities/SwiftTagAppleScriptSupport.swift; SwiftTag/Shared/Utilities/SwiftTagDocumentPackageWriter.swift; SwiftTag/SwiftTag.sdef; SwiftTagTests/SwiftTagAppleScriptTests.swift,4,165,19,151,33,0,0,0,0,False,"[""26""]","[""transcript-2026-04-21-1-26-AddAppleScriptSupport"", ""transcript-2026-04-22-1-26-AddAppleScriptSupport""]","[""applescript"", ""flac-lib"", ""picture"", ""save"", ""swifttag-document"", ""tags""]",assigned,151.0,33.0,0.0,0.0,62.4,3629.0,573.0,3056.0,2.0,4.0,0,"{""assistant_processing_time"": 573.0, ""back_and_forth_count"": 2.0, ""code_lines"": 151.0, ""elapsed_time"": 3629.0, ""plan_lines"": 0.0, ""transcript_lines"": 62.4}",57.52,High,1.0,1.0,0,2026-04-21,2026-04-21,1.00,one-commit analytical invariant
0c2d38575541a8dada750da08698d78e75a4d3f0,0c2d38575541a8dada750da08698d78e75a4d3f0,0c2d385,2026-04-22T13:35:01-07:00,2026-04-22T13:35:01-07:00,feat(applescript): support standard track tag scripting,"- expose track tags and tag objects in SwiftTag.sdef for standard suite collection access
- add session bridge and view-model tag upsert/delete flows with script errors for invalid targets
- normalize related FLAC tag keys during AppleScript lookup, rename, replacement, and deletion
- add AppleScript tests for canonical tag access and update plan and transcript artifacts

docs(transcript): add additional track properties and tag class implementation transcripts",feat,applescript,support standard track tag scripting,False,[],"[""docs(transcript): add additional track properties and tag class implementation transcripts""]",parsed,Docs/Plans/26-AddAppleScriptSupport.md; Docs/Plans/Transcripts/transcript-2026-04-21-1-26-AddAppleScriptSupport.md; Docs/Plans/Transcripts/transcript-2026-04-22-1-26-AddAppleScriptSupport.md; SwiftTag/ContentView.swift; SwiftTag/Features/TagEditor/TagEditorViewModel.swift; SwiftTag/Shared/Utilities/SwiftTagAppleScriptSupport.swift; SwiftTag/SwiftTag.sdef; SwiftTagTests/SwiftTagAppleScriptTests.swift,8,1067,11,695,120,0,21,242,0,False,"[""26""]","[""transcript-2026-04-21-1-26-AddAppleScriptSupport"", ""transcript-2026-04-22-1-26-AddAppleScriptSupport""]","[""applescript"", ""swifttag-document"", ""tags""]",assigned,695.0,120.0,0.0,21.0,125.0,1613.0,1613.0,0.0,1.0,2.0,0,"{""assistant_processing_time"": 1613.0, ""back_and_forth_count"": 1.0, ""code_lines"": 695.0, ""elapsed_time"": 1613.0, ""plan_lines"": 21.0, ""transcript_lines"": 125.0}",74.45,High,1.0,1.0,0,2026-04-22,2026-04-22,1.00,one-commit analytical invariant
2298c43c00492de67ad920a395d3ec7a8c8fb722,2298c43c00492de67ad920a395d3ec7a8c8fb722,2298c43,2026-04-22T16:30:45-07:00,2026-04-22T16:41:42-07:00,feat(applescript): update tag normalization to invalidate white space contents,docs(transcript): add update tag normalization transcript,feat,applescript,update tag normalization to invalidate white space contents,False,[],"[""docs(transcript): add update tag normalization transcript""]",parsed,Docs/Plans/Transcripts/transcript-2026-04-22-2-26-AddAppleScriptSupport.md; SwiftTag/Features/FlacImport/FlacImportMapper.swift; SwiftTag/Features/TagEditor/TagEditorViewModel.swift; SwiftTag/Shared/Models/Track.swift; SwiftTag/Shared/Utilities/SwiftTagAppleScriptSupport.swift; SwiftTag/Shared/Utilities/TagNormalization.swift; SwiftTagTests/SwiftTagAppleScriptTests.swift; SwiftTagTests/SwiftTagTests.swift,8,229,15,39,72,0,0,133,0,False,"[""26""]","[""transcript-2026-04-22-2-26-AddAppleScriptSupport""]","[""applescript"", ""tags""]",assigned,39.0,72.0,0.0,0.0,133.0,6291.0,1632.0,4659.0,5.0,10.0,0,"{""assistant_processing_time"": 1632.0, ""back_and_forth_count"": 5.0, ""code_lines"": 39.0, ""elapsed_time"": 6291.0, ""plan_lines"": 0.0, ""transcript_lines"": 133.0}",59.01,High,1.0,1.0,0,2026-04-22,2026-04-22,1.00,one-commit analytical invariant
d65459355d32c58116293e4f6cce8a759b6d67f5,d65459355d32c58116293e4f6cce8a759b6d67f5,d654593,2026-04-23T01:04:12-07:00,2026-04-23T01:04:12-07:00,feat(applescript): support editor window flac saves,"- add `SwiftTagAppleScriptFlacSaveRequest` parsing for scope and payload save options
- route `save` on editor windows through FLAC writeback and default save settings
- keep document `save` scoped to `.swifttag` package writes and update `SwiftTag.sdef`
- extract shared synchronous save helpers for AppleScript-triggered track saves
- add AppleScript and view model tests for request mapping and selected-track writes

docs(transcript): record confirmed plan decisions and session transcript for plan 26",feat,applescript,support editor window flac saves,False,[],"[""docs(transcript): record confirmed plan decisions and session transcript for plan 26""]",parsed,Docs/Plans/26-AddAppleScriptSupport.md; Docs/Plans/Transcripts/transcript-2026-04-23-1-26-AddAppleScriptSupport.md; SwiftTag/ContentView.swift; SwiftTag/Features/TagEditor/TagEditorViewModel.swift; SwiftTag/Shared/Utilities/SwiftTagAppleScriptSupport.swift; SwiftTag/SwiftTag.sdef; SwiftTagTests/SwiftTagAppleScriptTests.swift; SwiftTagTests/SwiftTagTests.swift,8,636,71,425,146,0,12,124,0,False,"[""26""]","[""transcript-2026-04-23-1-26-AddAppleScriptSupport""]","[""applescript"", ""save"", ""settings"", ""swifttag-document"", ""tags""]",assigned,425.0,146.0,0.0,12.0,124.0,1696.0,1217.0,479.0,2.0,4.0,0,"{""assistant_processing_time"": 1217.0, ""back_and_forth_count"": 2.0, ""code_lines"": 425.0, ""elapsed_time"": 1696.0, ""plan_lines"": 12.0, ""transcript_lines"": 124.0}",73.03,High,1.0,1.0,0,2026-04-23,2026-04-23,1.00,one-commit analytical invariant
546e43d639eb9d7eceb46aa966b8a592b187b12c,546e43d639eb9d7eceb46aa966b8a592b187b12c,546e43d,2026-04-23T23:15:09-07:00,2026-04-23T23:15:09-07:00,feat(applescript): support selected tracks and track list filtering,"- expose application and editor window tracks as AppleScript lists backed by track-table ordering
- back selected tracks with multi-selection state and normalize single, list, and specifier inputs
- share track-table sorting with scripting indices and add unit plus gated osascript coverage

docs(transcript): transcript, osascript harness constraints and update AppleScript support plan notes",feat,applescript,support selected tracks and track list filtering,False,[],"[""docs(transcript): transcript, osascript harness constraints and update AppleScript support plan notes""]",parsed,Docs/Guides/testing-guide.md; Docs/Plans/26-AddAppleScriptSupport.md; Docs/Plans/Transcripts/transcript-2026-04-23-2-26-AddAppleScriptSupport.md; SwiftTag/ContentView.swift; SwiftTag/Features/TagEditor/TagEditorTrackFileView.swift; SwiftTag/Shared/Models/Track.swift; SwiftTag/Shared/Utilities/SwiftTagAppleScriptSupport.swift; SwiftTag/SwiftTag.sdef; SwiftTagTests/SwiftTagAppleScriptTests.swift; SwiftTagUITests/SwiftTagUITests.swift,10,1305,74,206,494,26,5,648,0,False,"[""26""]","[""transcript-2026-04-23-2-26-AddAppleScriptSupport""]","[""applescript"", ""picture"", ""project"", ""tags""]",assigned,206.0,494.0,26.0,5.0,640.0000000000001,36485.0,8294.0,28191.0,11.0,22.0,0,"{""assistant_processing_time"": 8294.0, ""back_and_forth_count"": 11.0, ""code_lines"": 206.0, ""elapsed_time"": 36485.0, ""plan_lines"": 5.0, ""transcript_lines"": 640.0000000000001}",86.11,Very High,1.0,1.0,0,2026-04-23,2026-04-23,1.00,one-commit analytical invariant
c02d65544f4b09ec7b1fa8ca3e5e15204fdd1795,c02d65544f4b09ec7b1fa8ca3e5e15204fdd1795,c02d655,2026-04-24T14:58:34-07:00,2026-04-24T14:58:34-07:00,feat(applescript): update track tag properties to be setable,,feat,applescript,update track tag properties to be setable,False,[],[],parsed,SwiftTag/Shared/Utilities/SwiftTagAppleScriptSupport.swift; SwiftTagTests/SwiftTagAppleScriptTests.swift; SwiftTagUITests/SwiftTagUITests.swift,3,360,40,312,88,0,0,0,0,False,"[""26""]","[""transcript-2026-04-24-1-26-AddAppleScriptSupport""]","[""applescript"", ""tags""]",assigned,312.0,88.0,0.0,0.0,69.3477088948787,6275.0,559.0,5716.0,1.0,2.0,0,"{""assistant_processing_time"": 559.0, ""back_and_forth_count"": 1.0, ""code_lines"": 312.0, ""elapsed_time"": 6275.0, ""plan_lines"": 0.0, ""transcript_lines"": 69.3477088948787}",63.89,High,1.0,1.0,0,2026-04-24,2026-04-24,1.00,one-commit analytical invariant
95957dd6350042cf04715f42d75a708d22bd4af1,95957dd6350042cf04715f42d75a708d22bd4af1,95957dd,2026-04-24T22:45:16-07:00,2026-04-24T22:45:16-07:00,feat(applescript): add enum-based save and close scripting support,"- add Standard Suite save and close enumerations and update save command parameters in sdef
- route AppleScript save and close requests through typed FourChar enum parsing and close handlers
- close editor windows with unsaved-change bypass support and unregister stale scripting sessions
- sign UI tests for Apple Events and move AppleScript harness execution to in-process NSAppleScript
- add save and close AppleScript tests

docs(transcript): plan 26 implementation transcript

docs(guide): AppleScript testing, sandbox, entitlement, and harness guidance",feat,applescript,add enum-based save and close scripting support,False,[],"[""docs(transcript): plan 26 implementation transcript"", ""docs(guide): AppleScript testing, sandbox, entitlement, and harness guidance""]",parsed,Docs/Guides/testing-guide.md; Docs/Plans/Transcripts/transcript-2026-04-24-1-26-AddAppleScriptSupport.md; SwiftTag.xcodeproj/project.pbxproj; SwiftTag/Shared/Utilities/SwiftTagAppleScriptSupport.swift; SwiftTag/Shared/Utilities/UnsavedChangesCoordinator.swift; SwiftTag/SwiftTag.sdef; SwiftTagTests/SwiftTagAppleScriptTests.swift; SwiftTagUITests/SwiftTagUITests.entitlements; SwiftTagUITests/SwiftTagUITests.swift,9,1096,159,422,365,76,0,392,0,False,"[""26""]","[""transcript-2026-04-24-1-26-AddAppleScriptSupport""]","[""applescript"", ""save"", ""settings"", ""swifttag-document"", ""tags""]",assigned,422.0,365.0,76.0,0.0,314.65229110512126,26252.0,4188.0,22064.0,8.0,16.0,0,"{""assistant_processing_time"": 4188.0, ""back_and_forth_count"": 8.0, ""code_lines"": 422.0, ""elapsed_time"": 26252.0, ""plan_lines"": 0.0, ""transcript_lines"": 314.65229110512126}",80.77,Very High,1.0,1.0,0,2026-04-24,2026-04-24,1.00,one-commit analytical invariant
d42524c80ead7c678062531b1a7e72fe58e29d72,d42524c80ead7c678062531b1a7e72fe58e29d72,d42524c,2026-04-27T14:55:53-07:00,2026-04-27T14:55:53-07:00,project(ai-agent): add Apple Docs Scout agent for efficient docs search,feat(applescript): isolated apple event key/value lookup,project,ai-agent,add Apple Docs Scout agent for efficient docs search,False,[],"[""feat(applescript): isolated apple event key/value lookup""]",parsed,.gitignore; AGENTS.md; Docs/AppleDocsIndex/README.md; Docs/AppleDocsIndex/apple-docs-scout-agent.md; Docs/AppleDocsIndex/generate_apple_docs_index.py; SwiftTag/Features/TagEditor/TagEditorViewModel.swift; SwiftTag/Shared/Utilities/SwiftTagAppleScriptSupport.swift,7,483,111,217,0,376,0,0,0,False,[],[],"[""applescript"", ""project"", ""tags""]",assigned,217.0,0.0,376.0,0.0,0.0,,,,0.0,0.0,0,"{""assistant_processing_time"": null, ""back_and_forth_count"": 0.0, ""code_lines"": 217.0, ""elapsed_time"": null, ""plan_lines"": 0.0, ""transcript_lines"": 0.0}",21.92,Low,0.7,1.0,0,2026-04-27,2026-04-27,1.00,one-commit analytical invariant
d433bba53b6179aaaf82904aa26a22b18eba3bf0,d433bba53b6179aaaf82904aa26a22b18eba3bf0,d433bba,2026-04-27T17:18:01-07:00,2026-04-27T17:18:01-07:00,feat(editor): allow new window command from AppleScript to not activate app,Co-authored-by: Copilot <copilot@github.com>,feat,editor,allow new window command from AppleScript to not activate app,False,[],[],parsed,SwiftTag/Shared/Utilities/EditorWindowCoordinator.swift; SwiftTag/Shared/Utilities/SwiftTagAppleScriptSupport.swift; SwiftTagTests/SwiftTagAppleScriptTests.swift; SwiftTagTests/SwiftTagTests.swift,4,26,3,19,10,0,0,0,0,False,[],[],"[""applescript"", ""tags""]",assigned,19.0,10.0,0.0,0.0,0.0,,,,0.0,0.0,0,"{""assistant_processing_time"": null, ""back_and_forth_count"": 0.0, ""code_lines"": 19.0, ""elapsed_time"": null, ""plan_lines"": 0.0, ""transcript_lines"": 0.0}",10.1,Low,0.7,1.0,0,2026-04-27,2026-04-27,1.00,one-commit analytical invariant
11ba78598b25840b5e415e7410b8df4b75c964c5,11ba78598b25840b5e415e7410b8df4b75c964c5,11ba785,2026-04-28T03:11:04-07:00,2026-04-28T03:11:04-07:00,feat(applescript): expose FLAC pictures to scripts,"- add picture terminology, FLAC picture type enum, and track picture elements to SDEF
- add SwiftTagScriptPicture wrappers with picture filtering and NSData descriptors
- route scripted picture description edits through editor state and album-art refresh
- cover picture reads, description updates, album-art refresh, and UI AppleScript harness

docs(plan): update AppleScript support plan 26 and add implementation transcript",feat,applescript,expose FLAC pictures to scripts,False,[],"[""docs(plan): update AppleScript support plan 26 and add implementation transcript""]",parsed,Docs/Plans/26-AddAppleScriptSupport.md; Docs/Plans/Transcripts/transcript-2026-04-28-1-26-AddAppleScriptSupport.md; SwiftTag/ContentView.swift; SwiftTag/Features/AlbumArt/AlbumArtViewModel.swift; SwiftTag/Features/TagEditor/TagEditorViewModel.swift; SwiftTag/Shared/Utilities/SwiftTagAppleScriptSupport.swift; SwiftTag/SwiftTag.sdef; SwiftTagTests/SwiftTagAppleScriptTests.swift; SwiftTagTests/SwiftTagTests.swift; SwiftTagUITests/SwiftTagUITests.swift,10,1133,8,435,283,0,40,383,0,False,"[""26""]","[""transcript-2026-04-28-1-26-AddAppleScriptSupport""]","[""applescript"", ""picture"", ""tags""]",assigned,435.0,283.0,0.0,40.0,383.00000000000006,12231.0,5648.0,6583.0,8.0,16.0,0,"{""assistant_processing_time"": 5648.0, ""back_and_forth_count"": 8.0, ""code_lines"": 435.0, ""elapsed_time"": 12231.0, ""plan_lines"": 40.0, ""transcript_lines"": 383.00000000000006}",88.37,Very High,1.0,1.0,0,2026-04-28,2026-04-28,1.00,one-commit analytical invariant
6811df91487bd977d74d60b43af798e9970e5d69,6811df91487bd977d74d60b43af798e9970e5d69,6811df9,2026-04-28T19:20:25-07:00,2026-04-28T19:20:25-07:00,feat(applescript): import track pictures from script data,"- add `import picture` command with direct data or `with data` argument
- expose writable picture `data` and derive MIME and dimensions from image bytes
- route picture upsert and replacement through editor state with duplicate matching
- add unit and osascript UI coverage for picture import behavior

docs(transcript) Cocoa scripting findings and add AppleScript support transcript",feat,applescript,import track pictures from script data,False,[],[],parsed,Docs/Plans/26-AddAppleScriptSupport.md; Docs/Plans/Transcripts/transcript-2026-04-28-2-26-AddAppleScriptSupport.md; SwiftTag/ContentView.swift; SwiftTag/Features/TagEditor/TagEditorViewModel.swift; SwiftTag/Shared/Utilities/SwiftTagAppleScriptSupport.swift; SwiftTag/SwiftTag.sdef; SwiftTag/SwiftTagApp.swift; SwiftTagTests/SwiftTagAppleScriptTests.swift; SwiftTagUITests/SwiftTagUITests.swift,9,2175,69,1431,242,0,44,527,0,False,"[""26""]","[""transcript-2026-04-28-2-26-AddAppleScriptSupport""]","[""applescript"", ""picture"", ""tags""]",assigned,1431.0,242.0,0.0,44.0,526.9999999999999,17544.0,12495.0,5049.0,4.0,8.0,0,"{""assistant_processing_time"": 12495.0, ""back_and_forth_count"": 4.0, ""code_lines"": 1431.0, ""elapsed_time"": 17544.0, ""plan_lines"": 44.0, ""transcript_lines"": 526.9999999999999}",90.6,Very High,1.0,1.0,0,2026-04-28,2026-04-28,1.00,one-commit analytical invariant
9b05c92e3f87af186de2ebdf43ebe8f297b41572,9b05c92e3f87af186de2ebdf43ebe8f297b41572,9b05c92,2026-04-28T22:32:29-07:00,2026-04-28T22:32:29-07:00,fix(applescript): accept base64 picture import payloads,"- decode Base64 string and descriptor values when resolving picture import data
- include raw direct Apple event descriptor as picture import data candidate
- add unit and UI coverage for Foundation-loaded image data imported as Base64 text

docs(transcript): add transcript for AppleScript support debugging session",fix,applescript,accept base64 picture import payloads,False,[],"[""docs(transcript): add transcript for AppleScript support debugging session""]",parsed,Docs/Plans/Transcripts/transcript-2026-04-29-1-26-AddAppleScriptSupport.md; SwiftTag/Shared/Utilities/SwiftTagAppleScriptSupport.swift; SwiftTagTests/SwiftTagAppleScriptTests.swift; SwiftTagUITests/SwiftTagUITests.swift,4,265,5,57,86,0,0,127,0,False,"[""26""]","[""transcript-2026-04-29-1-26-AddAppleScriptSupport""]","[""applescript"", ""picture"", ""save"", ""swifttag-document"", ""tags""]",assigned,57.0,86.0,0.0,0.0,126.99999999999999,1717.0,1717.0,0.0,1.0,2.0,0,"{""assistant_processing_time"": 1717.0, ""back_and_forth_count"": 1.0, ""code_lines"": 57.0, ""elapsed_time"": 1717.0, ""plan_lines"": 0.0, ""transcript_lines"": 126.99999999999999}",53.75,High,1.0,1.0,0,2026-04-28,2026-04-28,1.00,one-commit analytical invariant
46a24e9e98968ea9d3bfa50853be92e35d857f8e,46a24e9e98968ea9d3bfa50853be92e35d857f8e,46a24e9,2026-04-29T01:54:09-07:00,2026-04-29T01:54:09-07:00,fix(applescript): expose tag IDs for key-filtered references,"- add read-only tag id terminology backed by the normalized tag key
- expose SwiftTagScriptTag id for unique ID specifier resolution
- cover first tag whose key lookup in unit and UI AppleScript tests",fix,applescript,expose tag IDs for key-filtered references,False,[],[],parsed,SwiftTag/Shared/Utilities/SwiftTagAppleScriptSupport.swift; SwiftTag/SwiftTag.sdef; SwiftTagTests/SwiftTagAppleScriptTests.swift; SwiftTagUITests/SwiftTagUITests.swift,4,114,0,8,106,0,0,0,0,False,"[""26""]","[""transcript-2026-04-29-2-26-AddAppleScriptSupport""]","[""applescript"", ""picture"", ""tags""]",assigned,8.0,106.0,0.0,0.0,62.5242718446602,37912.0,635.0,37277.0,1.0,2.0,0,"{""assistant_processing_time"": 635.0, ""back_and_forth_count"": 1.0, ""code_lines"": 8.0, ""elapsed_time"": 37912.0, ""plan_lines"": 0.0, ""transcript_lines"": 62.5242718446602}",51.49,High,1.0,1.0,0,2026-04-29,2026-04-29,1.00,one-commit analytical invariant
bbb83ef00b9fb130f94ada7293ee1f429c6bf755,bbb83ef00b9fb130f94ada7293ee1f429c6bf755,bbb83ef,2026-04-29T12:20:03-07:00,2026-04-29T12:20:03-07:00,feat(applescript): support deleting track tags,"- add SwiftTagDeleteCommand for tag object and mapped track property deletion
- mark tag elements writable in SDEF so Standard delete can target tag collections
- cover KVC tag removal, tag delete routing, and album property delete in tests",feat,applescript,support deleting track tags,False,[],[],parsed,SwiftTag/Shared/Utilities/SwiftTagAppleScriptSupport.swift; SwiftTag/SwiftTag.sdef; SwiftTagTests/SwiftTagAppleScriptTests.swift; SwiftTagUITests/SwiftTagUITests.swift,4,353,3,286,70,0,0,0,0,False,"[""26""]","[""transcript-2026-04-29-2-26-AddAppleScriptSupport""]","[""applescript"", ""picture"", ""tags""]",assigned,286.0,70.0,0.0,0.0,73.98705501618123,4035.0,689.0,3346.0,1.0,2.0,0,"{""assistant_processing_time"": 689.0, ""back_and_forth_count"": 1.0, ""code_lines"": 286.0, ""elapsed_time"": 4035.0, ""plan_lines"": 0.0, ""transcript_lines"": 73.98705501618123}",62.31,High,1.0,1.0,0,2026-04-29,2026-04-29,1.00,one-commit analytical invariant
24428a1548324e06268c9174e358e22e9559801b,24428a1548324e06268c9174e358e22e9559801b,24428a1,2026-04-29T15:10:56-07:00,2026-04-29T15:10:56-07:00,fix(applescript): support making tags from track tell contexts,"- resolve create command targets from tell-context receivers when at is omitted
- create tag wrappers from track tag collections and attach inserted tags to tracks
- expose tag specifier descriptors so make returns scriptable tag results
- add UI coverage for make new tag inside tell first track

fix(misc-tags): refresh misc tag rows after selection and reload changes

- clear misc tag row values when no tracks are selected
- reload misc tag rows after selected track reload replaces track data
- add misc value field and destructive action accessibility identifiers
- add unit and UI coverage for placeholder values and reload restoration

docs(transcripts): add AppleScript support session plan 26 and bug fix transcript",fix,applescript,support making tags from track tell contexts,False,[],"[""fix(misc-tags): refresh misc tag rows after selection and reload changes"", ""docs(transcripts): add AppleScript support session plan 26 and bug fix transcript""]",parsed,Docs/Plans/Transcripts/transcript-2026-04-29-2-26-AddAppleScriptSupport.md; SwiftTag/ContentView.swift; SwiftTag/Features/TagEditor/TagEditorMiscTagsView.swift; SwiftTag/Features/TagEditor/TagEditorViewModel.swift; SwiftTag/Shared/Utilities/SwiftTagAppleScriptSupport.swift; SwiftTagTests/SwiftTagTests.swift; SwiftTagUITests/SwiftTagUITests.swift,7,760,27,170,295,0,0,322,0,False,"[""26""]","[""transcript-2026-04-29-2-26-AddAppleScriptSupport""]","[""applescript"", ""picture"", ""swifttag-document"", ""tags""]",assigned,170.0,295.0,0.0,0.0,185.4886731391586,7656.0,2205.0,5451.0,3.0,6.0,0,"{""assistant_processing_time"": 2205.0, ""back_and_forth_count"": 3.0, ""code_lines"": 170.0, ""elapsed_time"": 7656.0, ""plan_lines"": 0.0, ""transcript_lines"": 185.4886731391586}",68.34,High,1.0,1.0,0,2026-04-29,2026-04-29,1.00,one-commit analytical invariant
ce1865558f2929bb98bcf1450a297244be3fbb06,ce1865558f2929bb98bcf1450a297244be3fbb06,ce18655,2026-04-29T22:03:37-07:00,2026-04-29T22:03:37-07:00,fix(applescript): preserve empty tag objects for keyed lookups,"- keep empty tag snapshots so whose key filters return tag objects
- return missing value for empty tag values
- read album and albumArtist from raw tags instead of Track convenience fields
- sync album fields into raw tags when edited through selected track binding
- add unit and UI harness coverage for empty ALBUM lookups after UI clear",fix,applescript,preserve empty tag objects for keyed lookups,False,[],[],parsed,SwiftTag/Features/TagEditor/TagEditorViewModel.swift; SwiftTag/Shared/Utilities/SwiftTagAppleScriptSupport.swift; SwiftTagTests/SwiftTagAppleScriptTests.swift; SwiftTagUITests/SwiftTagUITests.swift,4,272,47,65,254,0,0,0,0,False,"[""26"", ""27""]","[""transcript-2026-04-30-1-26-AddAppleScriptSupport""]","[""applescript"", ""picture"", ""tags""]",assigned,65.0,254.0,0.0,0.0,281.8064516129032,25298.0,1745.0,23553.0,7.0,14.0,0,"{""assistant_processing_time"": 1745.0, ""back_and_forth_count"": 7.0, ""code_lines"": 65.0, ""elapsed_time"": 25298.0, ""plan_lines"": 0.0, ""transcript_lines"": 281.8064516129032}",68.27,High,1.0,1.0,0,2026-04-29,2026-04-29,1.00,one-commit analytical invariant
987ade16137d70327f87ab16fcf3fc874681eba4,987ade16137d70327f87ab16fcf3fc874681eba4,987ade1,2026-04-30T01:57:32-07:00,2026-04-30T01:57:32-07:00,fix(tags): use tag storage for shared track fields,"- replace stored album, album artist, and total tracks values with tag-backed accessors
- canonicalize in-memory total track updates to TOTALTRACKS while reading TRACKTOTAL
- route AppleScript property and tag element mutations through shared tag storage
- preserve empty scripted tag values and clear property reads after tag deletion
- add model, ViewModel, AppleScript, and document regression coverage

docs(plan) add track tags refactor plan and transcript documentation",fix,tags,use tag storage for shared track fields,False,[],[],parsed,Docs/Plans/27-TrackTagsRefactor.md; Docs/Plans/Transcripts/transcript-2026-04-30-1-26-AddAppleScriptSupport.md; SwiftTag/Features/TagEditor/TagEditorViewModel.swift; SwiftTag/Shared/Models/Track.swift; SwiftTag/Shared/Utilities/SwiftTagAppleScriptSupport.swift; SwiftTagTests/SwiftTagAppleScriptTests.swift; SwiftTagTests/SwiftTagTests.swift; SwiftTagUITests/SwiftTagUITests.swift,8,937,38,158,121,0,280,416,0,False,"[""26"", ""27""]","[""transcript-2026-04-30-1-26-AddAppleScriptSupport""]","[""applescript"", ""picture"", ""swifttag-document"", ""tags""]",assigned,158.0,121.0,0.0,280.0,134.19354838709677,3266.0,1069.0,2197.0,3.0,6.0,0,"{""assistant_processing_time"": 1069.0, ""back_and_forth_count"": 3.0, ""code_lines"": 158.0, ""elapsed_time"": 3266.0, ""plan_lines"": 280.0, ""transcript_lines"": 134.19354838709677}",71.35,High,1.0,1.0,0,2026-04-30,2026-04-30,1.00,one-commit analytical invariant
c6c7c445aae308a598d41e9f839c9bfd0e495e88,c6c7c445aae308a598d41e9f839c9bfd0e495e88,c6c7c44,2026-04-30T02:43:12-07:00,2026-04-30T02:43:12-07:00,project(tests): reorganize UI tests into more clear and isolatable groups,,project,tests,reorganize UI tests into more clear and isolatable groups,False,[],[],parsed,SwiftTagUITests/SwiftTagUITestSuites.swift; SwiftTagUITests/SwiftTagUITests.swift,2,389,62,0,451,0,0,0,0,False,[],[],"[""project"", ""tags""]",assigned,0.0,451.0,0.0,0.0,0.0,,,,0.0,0.0,0,"{""assistant_processing_time"": null, ""back_and_forth_count"": 0.0, ""code_lines"": 0.0, ""elapsed_time"": null, ""plan_lines"": 0.0, ""transcript_lines"": 0.0}",0.0,Low,0.7,1.0,0,2026-04-30,2026-04-30,1.00,one-commit analytical invariant
83b8764ca1faecb6f984a4cf8703eaad75501f8a,83b8764ca1faecb6f984a4cf8703eaad75501f8a,83b8764,2026-04-30T15:21:22-07:00,2026-04-30T15:21:22-07:00,feat(applescript): add picture delete support,"- route delete commands for picture objects and picture specifiers through session bridge
- remove picture records from tag editor and refresh album art context after deletion
- add AppleScript unit coverage and UI harness check for empty image well after delete

docs(transcript): add plan 26 picture delete support transcript",feat,applescript,add picture delete support,False,[],"[""docs(transcript): add plan 26 picture delete support transcript""]",parsed,Docs/Plans/Transcripts/transcript-2026-04-30-2-26-AddAppleScriptSupport.md; SwiftTag/ContentView.swift; SwiftTag/Features/AlbumArt/AlbumArtSheetView.swift; SwiftTag/Features/TagEditor/TagEditorViewModel.swift; SwiftTag/Shared/Utilities/SwiftTagAppleScriptSupport.swift; SwiftTagTests/SwiftTagAppleScriptTests.swift; SwiftTagUITests/SwiftTagUITestSuites.swift; SwiftTagUITests/SwiftTagUITests.swift,8,614,2,296,181,0,0,139,0,False,"[""26""]","[""transcript-2026-04-30-2-26-AddAppleScriptSupport""]","[""applescript"", ""picture"", ""swifttag-document"", ""tags""]",assigned,296.0,181.0,0.0,0.0,139.0,9228.0,1534.0,7694.0,2.0,4.0,0,"{""assistant_processing_time"": 1534.0, ""back_and_forth_count"": 2.0, ""code_lines"": 296.0, ""elapsed_time"": 9228.0, ""plan_lines"": 0.0, ""transcript_lines"": 139.0}",70.0,High,1.0,1.0,0,2026-04-30,2026-04-30,1.00,one-commit analytical invariant
17b6c1045af4a5e5e2c465dded80f53ff5695df5,17b6c1045af4a5e5e2c465dded80f53ff5695df5,17b6c10,2026-05-01T12:26:29-07:00,2026-05-01T12:26:29-07:00,feat(applescript): expose settings preferences,"- add application terminology for save, tag write, notification, theme, and diff settings
- add KVC settings bridge through UserDefaults and enum Apple event codes
- add RGBA color object support with component write-back
- add unit and UI AppleScript coverage for settings read/write behavior",feat,applescript,expose settings preferences,False,[],[],parsed,SwiftTag/Shared/Utilities/SwiftTagAppleScriptSupport.swift; SwiftTag/SwiftTag.sdef; SwiftTagTests/SwiftTagAppleScriptTests.swift; SwiftTagUITests/SwiftTagUITestSuites.swift; SwiftTagUITests/SwiftTagUITests.swift,5,1056,5,877,184,0,0,0,0,False,"[""26""]","[""transcript-2026-05-01-1-26-AddAppleScriptSupport""]","[""applescript"", ""diff"", ""picture"", ""save"", ""settings"", ""tags""]",assigned,877.0,184.0,0.0,0.0,184.96797153024912,3373.0,1990.0,1383.0,1.0,2.0,0,"{""assistant_processing_time"": 1990.0, ""back_and_forth_count"": 1.0, ""code_lines"": 877.0, ""elapsed_time"": 3373.0, ""plan_lines"": 0.0, ""transcript_lines"": 184.96797153024912}",70.58,High,1.0,1.0,0,2026-05-01,2026-05-01,1.00,one-commit analytical invariant
1b08404c005806083a5443603d98c10c5510ee70,1b08404c005806083a5443603d98c10c5510ee70,1b08404,2026-05-02T10:52:51-07:00,2026-05-02T10:52:51-07:00,feat(applescript): model color settings as records,"- change color terminology from script class to record-type
- return color settings as NSDictionary records and accept Apple event record descriptors
- update color settings tests to validate RGBA record round trips
- rename track/disc total mismatch color scripting key to match settings name

docs(plans): add AppleScript support implementation transcript",feat,applescript,model color settings as records,False,[],"[""docs(plans): add AppleScript support implementation transcript""]",parsed,Docs/Plans/Transcripts/transcript-2026-05-01-1-26-AddAppleScriptSupport.md; SwiftTag/Shared/Utilities/SwiftTagAppleScriptSupport.swift; SwiftTag/SwiftTag.sdef; SwiftTagTests/SwiftTagAppleScriptTests.swift,4,360,61,84,45,0,0,292,0,False,"[""26""]","[""transcript-2026-05-01-1-26-AddAppleScriptSupport""]","[""applescript"", ""diff"", ""settings"", ""tags""]",assigned,84.0,45.0,0.0,0.0,107.03202846975088,3722.0,1089.0,2633.0,2.0,4.0,0,"{""assistant_processing_time"": 1089.0, ""back_and_forth_count"": 2.0, ""code_lines"": 84.0, ""elapsed_time"": 3722.0, ""plan_lines"": 0.0, ""transcript_lines"": 107.03202846975088}",57.12,High,1.0,1.0,0,2026-05-02,2026-05-02,1.00,one-commit analytical invariant
063c138d4ad746588a85c0be70cc1c5c75854e87,063c138d4ad746588a85c0be70cc1c5c75854e87,063c138,2026-05-02T12:20:10-07:00,2026-05-02T13:12:00-07:00,feat(applescript): expose diff tools settings,"- add SwiftTag Suite application properties for Diff Tools formatting toggles
- map new AppleScript properties to UserDefaults-backed feedback settings
- assert AppleScript read/write behavior in unit and UI harness coverage
- add Diff Tools toggle accessibility values for UI assertions

docs: add transcript for AppleScript support feature branch",feat,applescript,expose diff tools settings,False,[],"[""docs: add transcript for AppleScript support feature branch""]",parsed,Docs/Plans/Transcripts/transcript-2026-05-02-1-26-AddAppleScriptSupport.md; SwiftTag/Features/Settings/DiffToolsView.swift; SwiftTag/Shared/Utilities/SwiftTagAppleScriptSupport.swift; SwiftTag/SwiftTag.sdef; SwiftTagTests/SwiftTagAppleScriptTests.swift; SwiftTagUITests/SwiftTagUITests.swift,6,257,3,97,71,0,0,92,0,False,"[""26""]","[""transcript-2026-05-02-1-26-AddAppleScriptSupport""]","[""applescript"", ""diff"", ""picture"", ""save"", ""settings"", ""tags""]",assigned,97.0,71.0,0.0,0.0,92.0,589.0,589.0,0.0,1.0,2.0,0,"{""assistant_processing_time"": 589.0, ""back_and_forth_count"": 1.0, ""code_lines"": 97.0, ""elapsed_time"": 589.0, ""plan_lines"": 0.0, ""transcript_lines"": 92.0}",51.85,High,1.0,1.0,0,2026-05-02,2026-05-02,1.00,one-commit analytical invariant
7c15f6097d77ab2db98c6795b04474308f770536,7c15f6097d77ab2db98c6795b04474308f770536,7c15f60,2026-05-02T22:22:36-07:00,2026-05-02T22:22:36-07:00,feat(applescript): expose scriptable window properties,"- add point and rectangle record types for window position and bounds
- add window class terminology and make editor window inherit window properties
- back window getters and setters with live NSWindow state
- support editor window lookup by numeric window id
- add unit and UI coverage for window terminology and record field access

docs(transcript): add transcript for AppleScript support work",feat,applescript,expose scriptable window properties,False,[],"[""docs(transcript): add transcript for AppleScript support work""]",parsed,Docs/Plans/Transcripts/transcript-2026-05-02-2-26-AddAppleScriptSupport.md; SwiftTag/Shared/Utilities/SwiftTagAppleScriptSupport.swift; SwiftTag/SwiftTag.sdef; SwiftTagTests/SwiftTagAppleScriptTests.swift; SwiftTagUITests/SwiftTagUITestSuites.swift; SwiftTagUITests/SwiftTagUITests.swift,6,879,8,537,177,0,0,173,0,False,"[""26""]","[""transcript-2026-05-02-2-26-AddAppleScriptSupport""]","[""applescript"", ""picture"", ""tags""]",assigned,537.0,177.0,0.0,0.0,173.0,11065.0,1155.0,9910.0,2.0,4.0,0,"{""assistant_processing_time"": 1155.0, ""back_and_forth_count"": 2.0, ""code_lines"": 537.0, ""elapsed_time"": 11065.0, ""plan_lines"": 0.0, ""transcript_lines"": 173.0}",72.74,High,1.0,1.0,0,2026-05-02,2026-05-02,1.00,one-commit analytical invariant
d928e3bb438c8fa266b8700f3d4b2709c72bd7ee,d928e3bb438c8fa266b8700f3d4b2709c72bd7ee,d928e3b,2026-05-03T01:54:10-07:00,2026-05-03T01:54:10-07:00,feat(applescript): add settings window scripting support,"- add settings window class and singleton application element to SwiftTag.sdef
- add open settings window command with application command routing
- register SwiftUI settings window for AppleScript window properties
- expose application windows, settings windows, and editor windows in scripting tests
- add UI coverage for window enumeration and singleton settings window command

docs(transcript): add implementation transcript",feat,applescript,add settings window scripting support,False,[],"[""docs(transcript): add implementation transcript""]",parsed,Docs/Plans/Transcripts/transcript-2026-05-03-1-26-AddAppleScriptSupport.md; SwiftTag/Features/Settings/SettingsView.swift; SwiftTag/Shared/Utilities/SwiftTagAppleScriptSupport.swift; SwiftTag/SwiftTag.sdef; SwiftTag/SwiftTagApp.swift; SwiftTagTests/SwiftTagAppleScriptTests.swift; SwiftTagUITests/SwiftTagUITestSuites.swift; SwiftTagUITests/SwiftTagUITests.swift,8,876,1,531,163,0,0,183,0,False,"[""26""]","[""transcript-2026-05-03-1-26-AddAppleScriptSupport""]","[""applescript"", ""picture"", ""settings"", ""tags""]",assigned,531.0,163.0,0.0,0.0,183.0,6956.0,1673.0,5283.0,3.0,6.0,0,"{""assistant_processing_time"": 1673.0, ""back_and_forth_count"": 3.0, ""code_lines"": 531.0, ""elapsed_time"": 6956.0, ""plan_lines"": 0.0, ""transcript_lines"": 183.0}",73.49,High,1.0,1.0,0,2026-05-03,2026-05-03,1.00,one-commit analytical invariant
3fd6771aa6fbbc5afe81722f5d39ce0c171019cd,3fd6771aa6fbbc5afe81722f5d39ce0c171019cd,3fd6771,2026-05-03T15:38:50-07:00,2026-05-03T15:38:50-07:00,feat(applescript): add locked track support to scripting commands,"- add optional with lock parameter to add command and default omitted values to false
- expose writable locked property on track objects through SwiftTag AppleScript bridge
- route add and lock updates through editor session handlers and existing track lock state
- add unit and UI AppleScript coverage for locked adds and track lock property reads/writes

docs(transcript): add scripting track lock implementation transcript",feat,applescript,add locked track support to scripting commands,False,[],"[""docs(transcript): add scripting track lock implementation transcript""]",parsed,Docs/Plans/Transcripts/transcript-2026-05-03-2-26-AddAppleScriptSupport.md; SwiftTag/ContentView.swift; SwiftTag/Features/TagEditor/TagEditorViewModel.swift; SwiftTag/Shared/Utilities/SwiftTagAppleScriptSupport.swift; SwiftTag/SwiftTag.sdef; SwiftTagTests/SwiftTagAppleScriptTests.swift; SwiftTagUITests/SwiftTagUITestSuites.swift; SwiftTagUITests/SwiftTagUITests.swift,8,596,12,210,288,0,0,110,0,False,"[""26""]","[""transcript-2026-05-03-2-26-AddAppleScriptSupport""]","[""applescript"", ""picture"", ""save"", ""swifttag-document"", ""tags""]",assigned,210.0,288.0,0.0,0.0,110.0,1845.0,1029.0,816.0,2.0,4.0,0,"{""assistant_processing_time"": 1029.0, ""back_and_forth_count"": 2.0, ""code_lines"": 210.0, ""elapsed_time"": 1845.0, ""plan_lines"": 0.0, ""transcript_lines"": 110.0}",59.95,High,1.0,1.0,0,2026-05-03,2026-05-03,1.00,one-commit analytical invariant
2e24923ec49954fa4d4b17f56f3d26c10265a51b,2e24923ec49954fa4d4b17f56f3d26c10265a51b,2e24923,2026-05-03T22:14:01-07:00,2026-05-03T22:14:01-07:00,fix(applescript): support track file comparisons,"- add scriptable file URL wrapper with file descriptors and scripting equality
- normalize file URL, file descriptor, and path string values for comparisons
- expose track file values through the wrapper while keeping Swift URL access
- add unit and UI coverage for track file whose specifiers",fix,applescript,support track file comparisons,False,[],[],parsed,SwiftTag/Shared/Utilities/SwiftTagAppleScriptSupport.swift; SwiftTagTests/SwiftTagAppleScriptTests.swift; SwiftTagUITests/SwiftTagUITestSuites.swift; SwiftTagUITests/SwiftTagUITests.swift,4,223,1,105,119,0,0,0,0,False,"[""26""]","[""transcript-2026-05-04-1-26-AddAppleScriptSupport""]","[""applescript"", ""picture"", ""tags""]",assigned,105.0,119.0,0.0,0.0,103.32608695652173,6756.0,1556.0,5200.0,1.0,2.0,0,"{""assistant_processing_time"": 1556.0, ""back_and_forth_count"": 1.0, ""code_lines"": 105.0, ""elapsed_time"": 6756.0, ""plan_lines"": 0.0, ""transcript_lines"": 103.32608695652173}",59.78,High,1.0,1.0,0,2026-05-03,2026-05-03,1.00,one-commit analytical invariant
43b64835145b64f3346d6298de67754019b36df8,43b64835145b64f3346d6298de67754019b36df8,43b6483,2026-05-04T00:47:08-07:00,2026-05-04T00:47:08-07:00,feat(applescript): support deleting tracks from editor windows,"- route track deletes through session bridge, view model, and script wrappers
- enable delete on track elements and editor window track collections in scripting definitions
- add unit and UI coverage for nested, bulk, and whose-based track deletion

fix(tag-editor): keep disabled placeholders visible without track selection

- show placeholder text for disabled date and misc tag value fields with empty selection
- dim disabled description editors in core tags view

docs(transcript): add plan 26 applescript session transcript",feat,applescript,support deleting tracks from editor windows,False,[],"[""fix(tag-editor): keep disabled placeholders visible without track selection"", ""docs(transcript): add plan 26 applescript session transcript""]",parsed,Docs/Plans/Transcripts/transcript-2026-05-04-1-26-AddAppleScriptSupport.md; SwiftTag/ContentView.swift; SwiftTag/Features/TagEditor/TagEditorCoreTagsView.swift; SwiftTag/Features/TagEditor/TagEditorMiscTagsView.swift; SwiftTag/Features/TagEditor/TagEditorViewModel.swift; SwiftTag/Shared/Utilities/SwiftTagAppleScriptSupport.swift; SwiftTag/SwiftTag.sdef; SwiftTagTests/SwiftTagAppleScriptTests.swift; SwiftTagUITests/SwiftTagUITestSuites.swift; SwiftTagUITests/SwiftTagUITests.swift,10,607,15,274,154,0,0,194,0,False,"[""26""]","[""transcript-2026-05-04-1-26-AddAppleScriptSupport""]","[""applescript"", ""picture"", ""swifttag-document"", ""tags""]",assigned,274.0,154.0,0.0,0.0,90.67391304347827,1495.0,1495.0,0.0,1.0,2.0,0,"{""assistant_processing_time"": 1495.0, ""back_and_forth_count"": 1.0, ""code_lines"": 274.0, ""elapsed_time"": 1495.0, ""plan_lines"": 0.0, ""transcript_lines"": 90.67391304347827}",60.91,High,1.0,1.0,0,2026-05-04,2026-05-04,1.00,one-commit analytical invariant
380be212ade022a481997efbb4051584360a9b92,380be212ade022a481997efbb4051584360a9b92,380be21,2026-05-07T01:56:48-07:00,2026-05-07T01:56:48-07:00,fix(applescript): return missing value for unavailable picture metrics,"- add missing value descriptors for unavailable picture width, height, color depth, and colors
- allow picture metric terminology to return integer or missing value
- use standard width and height terminology codes
- avoid color record plural collision with picture colors property
- cover missing picture metadata and picture metric reads in unit and UI tests

feat(applescript)!: expose conductor and nullable track terminology

- add conductor track property mapped to CONDUCTOR tags
- declare editable track tag properties with missing value variants in SDEF
- rename track date terminology to release date",fix,applescript,return missing value for unavailable picture metrics,False,[],"[""feat(applescript)!: expose conductor and nullable track terminology""]",parsed,SwiftTag/Features/TagEditor/TagEditorMiscTagsView.swift; SwiftTag/Shared/Utilities/SwiftTagAppleScriptSupport.swift; SwiftTag/SwiftTag.sdef; SwiftTagTests/SwiftTagAppleScriptTests.swift; SwiftTagUITests/SwiftTagUITests.swift,5,300,53,251,102,0,0,0,0,False,[],[],"[""applescript"", ""picture"", ""tags""]",assigned,251.0,102.0,0.0,0.0,0.0,,,,0.0,0.0,0,"{""assistant_processing_time"": null, ""back_and_forth_count"": 0.0, ""code_lines"": 251.0, ""elapsed_time"": null, ""plan_lines"": 0.0, ""transcript_lines"": 0.0}",23.22,Low,0.7,1.0,0,2026-05-07,2026-05-07,1.00,one-commit analytical invariant
fc120558109cc0d36c1bee5ae25bce69d4702311,fc120558109cc0d36c1bee5ae25bce69d4702311,fc12055,2026-05-07T16:47:16-07:00,2026-05-07T16:47:16-07:00,feat(applescript): expose picture identity properties,"- add id and pool id properties to AppleScript picture objects and terminology
- wire album art identities through session bridge for unique ID and whose picture lookups
- add unit and UI coverage for identity metadata and AppleScript picture filtering",feat,applescript,expose picture identity properties,False,[],[],parsed,SwiftTag/ContentView.swift; SwiftTag/Features/AlbumArt/AlbumArtViewModel.swift; SwiftTag/Shared/Utilities/SwiftTagAppleScriptSupport.swift; SwiftTag/SwiftTag.sdef; SwiftTagTests/SwiftTagAppleScriptTests.swift; SwiftTagUITests/SwiftTagUITestSuites.swift; SwiftTagUITests/SwiftTagUITests.swift,7,324,3,143,184,0,0,0,0,False,"[""26""]","[""transcript-2026-05-07-1-26-AddAppleScriptSupport""]","[""applescript"", ""picture"", ""swifttag-document"", ""tags""]",assigned,143.0,184.0,0.0,0.0,72.74509803921569,177648.0,549.0,177099.0,1.0,2.0,0,"{""assistant_processing_time"": 549.0, ""back_and_forth_count"": 1.0, ""code_lines"": 143.0, ""elapsed_time"": 177648.0, ""plan_lines"": 0.0, ""transcript_lines"": 72.74509803921569}",64.25,High,1.0,1.0,0,2026-05-07,2026-05-07,1.00,one-commit analytical invariant
25fde2c3d0c01acd97eb967b5903f6336c57b6ae,25fde2c3d0c01acd97eb967b5903f6336c57b6ae,25fde2c,2026-05-09T17:31:42-07:00,2026-05-09T17:31:42-07:00,fix(applescript): preserve picture IDs after deleting same-type pictures,"- remove only the deleted album art reference instead of discarding all track picture state
- resolve attached script pictures through captured stable IDs after index shifts
- add unit and UI AppleScript coverage for same-type picture deletion",fix,applescript,preserve picture IDs after deleting same-type pictures,False,[],[],parsed,SwiftTag/ContentView.swift; SwiftTag/Features/AlbumArt/AlbumArtViewModel.swift; SwiftTag/Shared/Utilities/SwiftTagAppleScriptSupport.swift; SwiftTagTests/SwiftTagAppleScriptTests.swift; SwiftTagTests/SwiftTagTests.swift; SwiftTagUITests/SwiftTagUITestSuites.swift; SwiftTagUITests/SwiftTagUITests.swift,7,362,19,131,250,0,0,0,0,False,"[""26""]","[""transcript-2026-05-07-1-26-AddAppleScriptSupport""]","[""applescript"", ""picture"", ""tags""]",assigned,131.0,250.0,0.0,0.0,60.274509803921575,31139.0,694.0,30445.0,1.0,2.0,0,"{""assistant_processing_time"": 694.0, ""back_and_forth_count"": 1.0, ""code_lines"": 131.0, ""elapsed_time"": 31139.0, ""plan_lines"": 0.0, ""transcript_lines"": 60.274509803921575}",61.18,High,1.0,1.0,0,2026-05-09,2026-05-09,1.00,one-commit analytical invariant
94c83a7fe23cb17431994dd0f02d5f38c321630b,94c83a7fe23cb17431994dd0f02d5f38c321630b,94c83a7,2026-05-10T01:27:42-07:00,2026-05-10T01:27:42-07:00,fix(applescript): close settings window from AppleScript,"- add settings window close command mapping in scripting definition
- route settings window close handling through NSWindow.performClose(_:)
- cover command registration, no-live-window behavior, and UI AppleScript close flow",fix,applescript,close settings window from AppleScript,False,[],[],parsed,SwiftTag/Shared/Utilities/SwiftTagAppleScriptSupport.swift; SwiftTag/SwiftTag.sdef; SwiftTagTests/SwiftTagAppleScriptTests.swift; SwiftTagUITests/SwiftTagUITestSuites.swift; SwiftTagUITests/SwiftTagUITests.swift,5,140,1,25,116,0,0,0,0,False,"[""26""]","[""transcript-2026-05-07-1-26-AddAppleScriptSupport""]","[""applescript"", ""picture"", ""settings"", ""tags""]",assigned,25.0,116.0,0.0,0.0,60.274509803921575,3494.0,399.0,3095.0,1.0,2.0,0,"{""assistant_processing_time"": 399.0, ""back_and_forth_count"": 1.0, ""code_lines"": 25.0, ""elapsed_time"": 3494.0, ""plan_lines"": 0.0, ""transcript_lines"": 60.274509803921575}",46.56,Moderate,1.0,1.0,0,2026-05-10,2026-05-10,1.00,one-commit analytical invariant
77e0dc1182db2bdd7d3a4d09b5c1a7b3b912191b,77e0dc1182db2bdd7d3a4d09b5c1a7b3b912191b,77e0dc1,2026-05-10T11:37:38-07:00,2026-05-10T11:37:38-07:00,fix(applescript): return integer window coordinate records,"- round point and rectangle values before exposing window position and bounds
- update window property tests to assert integer coordinate records
- add UI coverage for inline x of (get position) record access

docs(transcripts): add AppleScript support session transcript",fix,applescript,return integer window coordinate records,False,[],"[""docs(transcripts): add AppleScript support session transcript""]",parsed,Docs/Plans/Transcripts/transcript-2026-05-07-1-26-AddAppleScriptSupport.md; SwiftTag/Shared/Utilities/SwiftTagAppleScriptSupport.swift; SwiftTagTests/SwiftTagAppleScriptTests.swift; SwiftTagUITests/SwiftTagUITestSuites.swift; SwiftTagUITests/SwiftTagUITests.swift,5,330,18,24,59,0,0,265,0,False,"[""26""]","[""transcript-2026-05-07-1-26-AddAppleScriptSupport""]","[""applescript"", ""picture"", ""swifttag-document"", ""tags""]",assigned,24.0,59.0,0.0,0.0,71.70588235294119,1049.0,1049.0,0.0,1.0,2.0,0,"{""assistant_processing_time"": 1049.0, ""back_and_forth_count"": 1.0, ""code_lines"": 24.0, ""elapsed_time"": 1049.0, ""plan_lines"": 0.0, ""transcript_lines"": 71.70588235294119}",45.7,Moderate,1.0,1.0,0,2026-05-10,2026-05-10,1.00,one-commit analytical invariant
f19906905ecd5db8ea9d65fc0a6d80dbd0f798cb,f19906905ecd5db8ea9d65fc0a6d80dbd0f798cb,f199069,2026-05-10T15:03:07-07:00,2026-05-10T15:03:07-07:00,feat(applescript): expose editor window modified state,"- add read-only modified property to editor window sdef and script wrapper
- compute editor modified from tag or picture edits, separate from document changes
- use editor modified state before saving FLAC files on close saving yes
- add unit and UI coverage for modified terminology and state transitions",feat,applescript,expose editor window modified state,False,[],[],parsed,SwiftTag/ContentView.swift; SwiftTag/Shared/Utilities/SwiftTagAppleScriptSupport.swift; SwiftTag/SwiftTag.sdef; SwiftTagTests/SwiftTagAppleScriptTests.swift; SwiftTagUITests/SwiftTagUITestSuites.swift; SwiftTagUITests/SwiftTagUITests.swift,6,198,1,29,170,0,0,0,0,False,"[""26""]","[""transcript-2026-05-10-1-26-AddAppleScriptSupport""]","[""applescript"", ""diff"", ""picture"", ""save"", ""swifttag-document"", ""tags""]",assigned,29.0,170.0,0.0,0.0,59.2093023255814,11332.0,380.0,10952.0,1.0,2.0,0,"{""assistant_processing_time"": 380.0, ""back_and_forth_count"": 1.0, ""code_lines"": 29.0, ""elapsed_time"": 11332.0, ""plan_lines"": 0.0, ""transcript_lines"": 59.2093023255814}",50.31,High,1.0,1.0,0,2026-05-10,2026-05-10,1.00,one-commit analytical invariant
82db5cd7599e76c1f0c6e8dda5f420865e32f4e7,82db5cd7599e76c1f0c6e8dda5f420865e32f4e7,82db5cd,2026-05-10T22:24:07-07:00,2026-05-10T22:24:07-07:00,feat(applescript): expose track modified state,"- add read-only track.modified scripting property backed by editor diff state
- cover SDEF metadata, bridge routing, and UI AppleScript modified-state flow",feat,applescript,expose track modified state,False,[],[],parsed,SwiftTag/ContentView.swift; SwiftTag/Shared/Utilities/SwiftTagAppleScriptSupport.swift; SwiftTag/SwiftTag.sdef; SwiftTagTests/SwiftTagAppleScriptTests.swift; SwiftTagUITests/SwiftTagUITestSuites.swift; SwiftTagUITests/SwiftTagUITests.swift,6,159,0,36,123,0,0,0,0,False,"[""26""]","[""transcript-2026-05-10-1-26-AddAppleScriptSupport""]","[""applescript"", ""diff"", ""picture"", ""tags""]",assigned,36.0,123.0,0.0,0.0,60.248062015503876,35569.0,409.0,35160.0,1.0,2.0,0,"{""assistant_processing_time"": 409.0, ""back_and_forth_count"": 1.0, ""code_lines"": 36.0, ""elapsed_time"": 35569.0, ""plan_lines"": 0.0, ""transcript_lines"": 60.248062015503876}",54.06,High,1.0,1.0,0,2026-05-10,2026-05-10,1.00,one-commit analytical invariant
2976159836a41160b0a462b26c952968c19a7923,2976159836a41160b0a462b26c952968c19a7923,2976159,2026-05-11T01:53:25-07:00,2026-05-11T01:53:25-07:00,fix(applescript): refresh album-art state after picture imports,"- refresh album-art context from track records after AppleScript picture mutations
- resolve script picture identity from track record order and matching picture data
- add UI regression for Base64 picture restore updating track status icon
- add unit coverage for record-order picture identity

docs(transcripts): add AppleScript support conversation transcript",fix,applescript,refresh album-art state after picture imports,False,[],"[""docs(transcripts): add AppleScript support conversation transcript""]",parsed,Docs/Plans/Transcripts/transcript-2026-05-10-1-26-AddAppleScriptSupport.md; SwiftTag/ContentView.swift; SwiftTag/Features/AlbumArt/AlbumArtViewModel.swift; SwiftTagTests/SwiftTagTests.swift; SwiftTagUITests/SwiftTagUITestSuites.swift; SwiftTagUITests/SwiftTagUITests.swift,6,493,13,79,159,0,0,268,0,False,"[""26""]","[""transcript-2026-05-10-1-26-AddAppleScriptSupport""]","[""applescript"", ""diff"", ""picture"", ""tags""]",assigned,79.0,159.0,0.0,0.0,148.54263565891475,1003.0,1003.0,0.0,1.0,2.0,0,"{""assistant_processing_time"": 1003.0, ""back_and_forth_count"": 1.0, ""code_lines"": 79.0, ""elapsed_time"": 1003.0, ""plan_lines"": 0.0, ""transcript_lines"": 148.54263565891475}",53.75,High,1.0,1.0,0,2026-05-11,2026-05-11,1.00,one-commit analytical invariant
452263137775f01b3d4877c28d37aad4dce7884d,452263137775f01b3d4877c28d37aad4dce7884d,4522631,2026-05-13T13:05:14-07:00,2026-05-13T13:05:14-07:00,docs(user): add SwiftTag user documentation,"- add implementation plan and transcript record for user documentation
- add static HTML docs with Quick Start as primary entry point
- add workflow pages for FLAC import, tag editing, album art, saving, settings, and status
- add AppleScript overview, examples, troubleshooting, and shared CSS",docs,user,add SwiftTag user documentation,False,[],[],parsed,Docs/Plans/28-AddSwiftTagUseDocumentation.md; Docs/Plans/Transcripts/transcript-2026-05-12-1-28-AddSwiftTagUseDocumentation.md; Docs/UserDocumentation/assets/swifttag-docs.css; Docs/UserDocumentation/automation/applescript-examples.html; Docs/UserDocumentation/automation/applescript.html; Docs/UserDocumentation/examples/batch-edit-tags.html; Docs/UserDocumentation/examples/clean-up-album.html; Docs/UserDocumentation/examples/create-session-document.html; Docs/UserDocumentation/examples/manage-cover-art.html; Docs/UserDocumentation/examples/save-tags-only.html; Docs/UserDocumentation/index.html; Docs/UserDocumentation/quick-start.html; Docs/UserDocumentation/troubleshooting.html; Docs/UserDocumentation/workflows/adding-flac-files.html; Docs/UserDocumentation/workflows/album-art.html; Docs/UserDocumentation/workflows/editing-tags.html; Docs/UserDocumentation/workflows/saving.html; Docs/UserDocumentation/workflows/settings.html; Docs/UserDocumentation/workflows/status-and-diffs.html; Docs/UserDocumentation/workflows/swifttag-documents.html,20,2290,0,0,0,1496,685,109,0,False,"[""28""]","[""transcript-2026-05-12-1-28-AddSwiftTagUseDocumentation""]","[""applescript"", ""diff"", ""picture"", ""save"", ""settings"", ""swifttag-document"", ""tags"", ""user-docs""]",assigned,0.0,0.0,1496.0,685.0,108.99999999999999,85286.0,1004.0,84282.0,3.0,6.0,0,"{""assistant_processing_time"": 1004.0, ""back_and_forth_count"": 3.0, ""code_lines"": 0.0, ""elapsed_time"": 85286.0, ""plan_lines"": 685.0, ""transcript_lines"": 108.99999999999999}",58.12,High,1.0,1.0,0,2026-05-13,2026-05-13,1.00,one-commit analytical invariant
7334db00fd1f68b65e90267ef0cde394804255cb,7334db00fd1f68b65e90267ef0cde394804255cb,7334db0,2026-05-13T15:39:37-07:00,2026-05-13T15:39:37-07:00,docs(user): initial quick start clean up,,docs,user,initial quick start clean up,False,[],[],parsed,Docs/UserDocumentation/assets/exclamationmark.triangle.png; Docs/UserDocumentation/assets/fish.fill.png; Docs/UserDocumentation/assets/fish.png; Docs/UserDocumentation/assets/lock.fill.png; Docs/UserDocumentation/quick-start.html; Docs/UserDocumentation/workflows/adding-flac-files.html; Docs/UserDocumentation/workflows/status-and-diffs.html,7,28,23,0,0,51,0,0,0,True,[],[],"[""diff"", ""picture"", ""swifttag-document"", ""user-docs""]",assigned,0.0,0.0,51.0,0.0,0.0,,,,0.0,0.0,0,"{""assistant_processing_time"": null, ""back_and_forth_count"": 0.0, ""code_lines"": 0.0, ""elapsed_time"": null, ""plan_lines"": 0.0, ""transcript_lines"": 0.0}",0.0,Low,0.7,1.0,0,2026-05-13,2026-05-13,1.00,one-commit analytical invariant
f156647a0d461ef4ed0ad7411cf1f1a4da51b3d4,f156647a0d461ef4ed0ad7411cf1f1a4da51b3d4,f156647,2026-05-13T23:08:07-07:00,2026-05-13T23:08:07-07:00,"docs(user): status and diff expansion, emphasis and links",,docs,user,"status and diff expansion, emphasis and links",False,[],[],parsed,Docs/UserDocumentation/workflows/adding-flac-files.html; Docs/UserDocumentation/workflows/album-art.html; Docs/UserDocumentation/workflows/editing-tags.html; Docs/UserDocumentation/workflows/settings.html; Docs/UserDocumentation/workflows/status-and-diffs.html,5,141,20,0,0,161,0,0,0,False,"[""28""]","[""transcript-2026-05-13-1-28-AddSwiftTagUseDocumentation""]","[""diff"", ""picture"", ""settings"", ""swifttag-document"", ""tags"", ""user-docs""]",assigned,0.0,0.0,161.0,0.0,31.840490797546014,26400.0,95.0,26305.0,1.0,2.0,0,"{""assistant_processing_time"": 95.0, ""back_and_forth_count"": 1.0, ""code_lines"": 0.0, ""elapsed_time"": 26400.0, ""plan_lines"": 0.0, ""transcript_lines"": 31.840490797546014}",37.96,Moderate,1.0,1.0,0,2026-05-13,2026-05-13,1.00,one-commit analytical invariant
9273900261be4959eb466c7c8dd5bce9283d6da8,9273900261be4959eb466c7c8dd5bce9283d6da8,9273900,2026-05-14T11:41:53-07:00,2026-05-14T11:41:53-07:00,docs(user): more `tgas` info,,docs,user,more `tgas` info,False,[],[],parsed,Docs/UserDocumentation/workflows/settings.html,1,81,1,0,0,82,0,0,0,False,"[""28""]","[""transcript-2026-05-13-1-28-AddSwiftTagUseDocumentation""]","[""settings"", ""swifttag-document"", ""tags"", ""user-docs""]",assigned,0.0,0.0,82.0,0.0,23.349693251533743,47631.0,52.0,47579.0,1.0,2.0,0,"{""assistant_processing_time"": 52.0, ""back_and_forth_count"": 1.0, ""code_lines"": 0.0, ""elapsed_time"": 47631.0, ""plan_lines"": 0.0, ""transcript_lines"": 23.349693251533743}",37.98,Moderate,1.0,1.0,0,2026-05-14,2026-05-14,1.00,one-commit analytical invariant
fdfa298ddbbdc77c6301d6f700b3f922d82f9d27,fdfa298ddbbdc77c6301d6f700b3f922d82f9d27,fdfa298,2026-05-14T17:50:32-07:00,2026-05-14T17:50:32-07:00,docs(user): more on album art,,docs,user,more on album art,False,[],[],parsed,Docs/UserDocumentation/examples/manage-cover-art.html; Docs/UserDocumentation/workflows/album-art.html; Docs/UserDocumentation/workflows/settings.html,3,155,4,0,0,159,0,0,0,False,"[""28""]","[""transcript-2026-05-13-1-28-AddSwiftTagUseDocumentation""]","[""picture"", ""settings"", ""swifttag-document"", ""tags"", ""user-docs""]",assigned,0.0,0.0,159.0,0.0,47.76073619631902,31684.0,166.0,31518.0,2.0,4.0,0,"{""assistant_processing_time"": 166.0, ""back_and_forth_count"": 2.0, ""code_lines"": 0.0, ""elapsed_time"": 31684.0, ""plan_lines"": 0.0, ""transcript_lines"": 47.76073619631902}",40.89,Moderate,1.0,1.0,0,2026-05-14,2026-05-14,1.00,one-commit analytical invariant
32babc084a6572ee51a860f636b385d6870c2b90,32babc084a6572ee51a860f636b385d6870c2b90,32babc0,2026-05-14T21:34:46-07:00,2026-05-14T21:34:46-07:00,docs(user): .swifttag document updates,,docs,user,.swifttag document updates,False,[],[],parsed,Docs/UserDocumentation/workflows/swifttag-documents.html,1,46,6,0,0,52,0,0,0,False,"[""28""]","[""transcript-2026-05-13-1-28-AddSwiftTagUseDocumentation""]","[""swifttag-document"", ""tags"", ""user-docs""]",assigned,0.0,0.0,52.0,0.0,40.331288343558285,1527.0,184.0,1343.0,1.0,2.0,0,"{""assistant_processing_time"": 184.0, ""back_and_forth_count"": 1.0, ""code_lines"": 0.0, ""elapsed_time"": 1527.0, ""plan_lines"": 0.0, ""transcript_lines"": 40.331288343558285}",31.8,Moderate,1.0,1.0,0,2026-05-14,2026-05-14,1.00,one-commit analytical invariant
11e4877420c3dc760f9be803b2734ea34a2031e0,11e4877420c3dc760f9be803b2734ea34a2031e0,11e4877,2026-05-15T11:15:41-07:00,2026-05-15T12:10:03-07:00,docs(user): .swifttag document updates,,docs,user,.swifttag document updates,False,[],[],parsed,Docs/Plans/Transcripts/transcript-2026-05-13-1-28-AddSwiftTagUseDocumentation.md; Docs/UserDocumentation/examples/create-session-document.html; Docs/UserDocumentation/workflows/swifttag-documents.html,3,230,19,0,0,76,0,173,0,False,"[""28""]","[""transcript-2026-05-13-1-28-AddSwiftTagUseDocumentation""]","[""applescript"", ""swifttag-document"", ""tags"", ""user-docs""]",assigned,0.0,0.0,76.0,0.0,29.717791411042946,67.0,67.0,0.0,1.0,2.0,0,"{""assistant_processing_time"": 67.0, ""back_and_forth_count"": 1.0, ""code_lines"": 0.0, ""elapsed_time"": 67.0, ""plan_lines"": 0.0, ""transcript_lines"": 29.717791411042946}",28.39,Moderate,1.0,1.0,0,2026-05-15,2026-05-15,1.00,one-commit analytical invariant
82c43c94fe7392a5e5551ef1a311c150006ab0f3,82c43c94fe7392a5e5551ef1a311c150006ab0f3,82c43c9,2026-05-16T16:09:55-07:00,2026-05-16T16:09:55-07:00,feat(sandbox): add persisted sandbox path settings,"- add SwiftTag Sandbox Paths settings with folder picker, sorting, and removal
- persist security-scoped folder bookmarks and sandbox path sort mode
- add app-scope bookmark entitlement and shared sandbox bookmark access helper
- use sandbox folder bookmarks as fallback for FLAC import/save and document save
- add tests for sandbox path storage, sorting, removal, containment, and access

docs(plan): add sandbox settings implementation plan and transcript docs",feat,sandbox,add persisted sandbox path settings,False,[],"[""docs(plan): add sandbox settings implementation plan and transcript docs""]",parsed,Docs/Plans/29-AddSandboxSettings.md; Docs/Plans/Transcripts/transcript-2026-05-15-1-29-AddSandboxSettings.md; SwiftTag.xcodeproj/project.pbxproj; SwiftTag/ContentView.swift; SwiftTag/Features/Settings/GeneralSettingsView.swift; SwiftTag/Features/TagEditor/TagEditorViewModel.swift; SwiftTag/Shared/Models/SandboxPathSettings.swift; SwiftTag/Shared/Models/SaveSettings.swift; SwiftTag/Shared/Utilities/SandboxPathBookmarkAccess.swift; SwiftTag/SwiftTag.entitlements; SwiftTagTests/SandboxPathSettingsTests.swift,11,1841,42,733,302,0,610,238,0,False,"[""29""]","[""transcript-2026-05-15-1-29-AddSandboxSettings""]","[""applescript"", ""save"", ""settings"", ""swifttag-document"", ""tags""]",assigned,733.0,302.0,0.0,610.0,237.99999999999997,87853.0,2176.0,85677.0,6.0,12.0,0,"{""assistant_processing_time"": 2176.0, ""back_and_forth_count"": 6.0, ""code_lines"": 733.0, ""elapsed_time"": 87853.0, ""plan_lines"": 610.0, ""transcript_lines"": 237.99999999999997}",92.45,Very High,1.0,1.0,0,2026-05-16,2026-05-16,1.00,one-commit analytical invariant
c2b2356f0f3b1143f444b6e8120567b343d729cc,c2b2356f0f3b1143f444b6e8120567b343d729cc,c2b2356,2026-05-18T16:19:52-07:00,2026-05-18T16:19:52-07:00,fix(applescript): derive scriptable windows from live AppKit windows,"- add orderedWindows delegate handling backed by visible or miniaturized non-panel windows
- update close-window UI harness to assert base window counts return after close

fix(flac): mention sandbox permissions in tag read failure",fix,applescript,derive scriptable windows from live AppKit windows,False,[],"[""fix(flac): mention sandbox permissions in tag read failure""]",parsed,SwiftTag/FLACBridge/src/FlacMetadataBridge.c; SwiftTag/SwiftTagApp.swift; SwiftTagUITests/SwiftTagUITests.swift,3,91,4,63,32,0,0,0,0,False,"[""26"", ""28""]","[""transcript-2026-05-18-1-28-AddSwiftTagUseDocumentation""]","[""applescript"", ""flac-lib"", ""settings"", ""tags""]",assigned,63.0,32.0,0.0,0.0,60.809815950920246,30510.0,403.0,30107.0,1.0,2.0,0,"{""assistant_processing_time"": 403.0, ""back_and_forth_count"": 1.0, ""code_lines"": 63.0, ""elapsed_time"": 30510.0, ""plan_lines"": 0.0, ""transcript_lines"": 60.809815950920246}",56.59,High,1.0,1.0,0,2026-05-18,2026-05-18,1.00,one-commit analytical invariant
2d385f97d2b5097ff8ecaaefb442f64c3739da39,2d385f97d2b5097ff8ecaaefb442f64c3739da39,2d385f9,2026-05-19T00:09:58-07:00,2026-05-19T00:09:58-07:00,docs(user): simple example update,,docs,user,simple example update,False,[],[],parsed,Docs/UserDocumentation/examples/clean-up-album.html,1,5,3,0,0,8,0,0,0,False,[],[],"[""swifttag-document"", ""tags"", ""user-docs""]",assigned,0.0,0.0,8.0,0.0,0.0,,,,0.0,0.0,0,"{""assistant_processing_time"": null, ""back_and_forth_count"": 0.0, ""code_lines"": 0.0, ""elapsed_time"": null, ""plan_lines"": 0.0, ""transcript_lines"": 0.0}",0.0,Low,0.7,1.0,0,2026-05-19,2026-05-19,1.00,one-commit analytical invariant
969d6592c5cd201b256d15e2453193b8064126f1,969d6592c5cd201b256d15e2453193b8064126f1,969d659,2026-05-19T11:54:58-07:00,2026-05-19T11:54:58-07:00,docs(user): applescript - document class and support commands,,docs,user,applescript - document class and support commands,False,[],[],parsed,Docs/UserDocumentation/automation/applescript-close.html; Docs/UserDocumentation/automation/applescript-document.html; Docs/UserDocumentation/automation/applescript-save.html; Docs/UserDocumentation/automation/applescript.html; Docs/UserDocumentation/examples/create-session-document.html,5,568,3,0,0,571,0,0,0,False,"[""26"", ""28""]","[""transcript-2026-05-18-1-28-AddSwiftTagUseDocumentation""]","[""applescript"", ""save"", ""swifttag-document"", ""user-docs""]",assigned,0.0,0.0,571.0,0.0,30.92024539877301,41340.0,251.0,41089.0,1.0,2.0,0,"{""assistant_processing_time"": 251.0, ""back_and_forth_count"": 1.0, ""code_lines"": 0.0, ""elapsed_time"": 41340.0, ""plan_lines"": 0.0, ""transcript_lines"": 30.92024539877301}",39.69,Moderate,1.0,1.0,0,2026-05-19,2026-05-19,1.00,one-commit analytical invariant
5cf9b48f0411fadf42905537294e7db841c6a628,5cf9b48f0411fadf42905537294e7db841c6a628,5cf9b48,2026-05-19T12:37:12-07:00,2026-05-19T12:37:12-07:00,docs(user): applescript - application class and support,,docs,user,applescript - application class and support,False,[],[],parsed,Docs/UserDocumentation/automation/applescript-add.html; Docs/UserDocumentation/automation/applescript-application.html; Docs/UserDocumentation/automation/applescript-close.html; Docs/UserDocumentation/automation/applescript-document.html; Docs/UserDocumentation/automation/applescript-import-picture.html; Docs/UserDocumentation/automation/applescript-make.html; Docs/UserDocumentation/automation/applescript-open-settings-window.html; Docs/UserDocumentation/automation/applescript-open.html; Docs/UserDocumentation/automation/applescript-quit.html; Docs/UserDocumentation/automation/applescript-save.html; Docs/UserDocumentation/automation/applescript.html; Docs/UserDocumentation/workflows/settings.html,12,1213,23,0,0,1236,0,0,0,False,"[""26"", ""28""]","[""transcript-2026-05-18-1-28-AddSwiftTagUseDocumentation""]","[""applescript"", ""picture"", ""save"", ""settings"", ""swifttag-document"", ""user-docs""]",assigned,0.0,0.0,1236.0,0.0,40.19631901840491,4158.0,756.0,3402.0,1.0,2.0,0,"{""assistant_processing_time"": 756.0, ""back_and_forth_count"": 1.0, ""code_lines"": 0.0, ""elapsed_time"": 4158.0, ""plan_lines"": 0.0, ""transcript_lines"": 40.19631901840491}",36.73,Moderate,1.0,1.0,0,2026-05-19,2026-05-19,1.00,one-commit analytical invariant
50b8fd902d32fca1ed43570b89b6e097dd4e9fae,50b8fd902d32fca1ed43570b89b6e097dd4e9fae,50b8fd9,2026-05-19T13:59:40-07:00,2026-05-19T15:39:53-07:00,docs(user): settings - General settings update,,docs,user,settings - General settings update,False,[],[],parsed,Docs/UserDocumentation/workflows/settings.html; Docs/UserDocumentation/workflows/status-and-diffs.html,2,219,77,0,0,296,0,0,0,False,"[""26"", ""28""]","[""transcript-2026-05-18-1-28-AddSwiftTagUseDocumentation""]","[""diff"", ""settings"", ""swifttag-document"", ""user-docs""]",assigned,0.0,0.0,296.0,0.0,127.80368098159511,10872.0,298.0,10574.0,7.0,14.0,0,"{""assistant_processing_time"": 298.0, ""back_and_forth_count"": 7.0, ""code_lines"": 0.0, ""elapsed_time"": 10872.0, ""plan_lines"": 0.0, ""transcript_lines"": 127.80368098159511}",45.91,Moderate,1.0,1.0,0,2026-05-19,2026-05-19,1.00,one-commit analytical invariant
44df34502dee4a2af0a264dfe0047ff8e82be4ab,44df34502dee4a2af0a264dfe0047ff8e82be4ab,44df345,2026-05-19T17:09:06-07:00,2026-05-19T17:09:06-07:00,docs(user): applescript enumerations,,docs,user,applescript enumerations,False,[],[],parsed,Docs/UserDocumentation/automation/applescript-application.html; Docs/UserDocumentation/automation/applescript-enumerations.html,2,498,6,0,0,504,0,0,0,False,"[""26"", ""28""]","[""transcript-2026-05-18-1-28-AddSwiftTagUseDocumentation""]","[""applescript"", ""swifttag-document"", ""user-docs""]",assigned,0.0,0.0,504.0,0.0,21.644171779141104,11853.0,152.0,11701.0,1.0,2.0,0,"{""assistant_processing_time"": 152.0, ""back_and_forth_count"": 1.0, ""code_lines"": 0.0, ""elapsed_time"": 11853.0, ""plan_lines"": 0.0, ""transcript_lines"": 21.644171779141104}",35.7,Moderate,1.0,1.0,0,2026-05-19,2026-05-19,1.00,one-commit analytical invariant
14a623cc7cae72b22210b2f44a8b8a9d3f09e85f,14a623cc7cae72b22210b2f44a8b8a9d3f09e85f,14a623c,2026-05-19T19:59:53-07:00,2026-05-19T19:59:53-07:00,docs(user): applescript record types,,docs,user,applescript record types,False,[],[],parsed,Docs/UserDocumentation/automation/applescript-application.html; Docs/UserDocumentation/automation/applescript-record-types.html,2,219,6,0,0,225,0,0,0,False,"[""26"", ""28""]","[""transcript-2026-05-18-1-28-AddSwiftTagUseDocumentation""]","[""applescript"", ""swifttag-document"", ""user-docs""]",assigned,0.0,0.0,225.0,0.0,20.61349693251534,15015.0,86.0,14929.0,1.0,2.0,0,"{""assistant_processing_time"": 86.0, ""back_and_forth_count"": 1.0, ""code_lines"": 0.0, ""elapsed_time"": 15015.0, ""plan_lines"": 0.0, ""transcript_lines"": 20.61349693251534}",35.77,Moderate,1.0,1.0,0,2026-05-19,2026-05-19,1.00,one-commit analytical invariant
5944288d9bd94e8186dd374b0aec6090ad90fc96,5944288d9bd94e8186dd374b0aec6090ad90fc96,5944288,2026-05-19T22:14:46-07:00,2026-05-19T22:14:46-07:00,docs(user): applescript make and import picture examples update,,docs,user,applescript make and import picture examples update,False,[],[],parsed,Docs/UserDocumentation/automation/applescript-import-picture.html; Docs/UserDocumentation/automation/applescript-make.html,2,46,5,0,0,51,0,0,0,False,[],[],"[""applescript"", ""picture"", ""swifttag-document"", ""user-docs""]",assigned,0.0,0.0,51.0,0.0,0.0,,,,0.0,0.0,0,"{""assistant_processing_time"": null, ""back_and_forth_count"": 0.0, ""code_lines"": 0.0, ""elapsed_time"": null, ""plan_lines"": 0.0, ""transcript_lines"": 0.0}",0.0,Low,0.7,1.0,0,2026-05-19,2026-05-19,1.00,one-commit analytical invariant
893289b52cf06c6f3c02548f549ebc68e4281380,893289b52cf06c6f3c02548f549ebc68e4281380,893289b,2026-05-20T09:19:42-07:00,2026-05-20T09:42:04-07:00,docs(user): applescript windows,docs(transcript): add transcript for plan 28 implementation progress,docs,user,applescript windows,False,[],"[""docs(transcript): add transcript for plan 28 implementation progress""]",parsed,Docs/Plans/Transcripts/transcript-2026-05-18-1-28-AddSwiftTagUseDocumentation.md; Docs/UserDocumentation/automation/applescript-add.html; Docs/UserDocumentation/automation/applescript-application.html; Docs/UserDocumentation/automation/applescript-close.html; Docs/UserDocumentation/automation/applescript-document.html; Docs/UserDocumentation/automation/applescript-open-settings-window.html; Docs/UserDocumentation/automation/applescript-record-types.html; Docs/UserDocumentation/automation/applescript-save.html; Docs/UserDocumentation/automation/applescript-windows.html; Docs/UserDocumentation/automation/applescript.html,10,768,11,0,0,443,0,336,0,False,"[""26"", ""28""]","[""transcript-2026-05-18-1-28-AddSwiftTagUseDocumentation""]","[""applescript"", ""save"", ""settings"", ""swifttag-document"", ""tags"", ""user-docs""]",assigned,0.0,0.0,443.0,0.0,34.012269938650306,325.0,325.0,0.0,1.0,2.0,0,"{""assistant_processing_time"": 325.0, ""back_and_forth_count"": 1.0, ""code_lines"": 0.0, ""elapsed_time"": 325.0, ""plan_lines"": 0.0, ""transcript_lines"": 34.012269938650306}",30.67,Moderate,1.0,1.0,0,2026-05-20,2026-05-20,1.00,one-commit analytical invariant
604d139ad72b08a404092b8812a0130678f53984,604d139ad72b08a404092b8812a0130678f53984,604d139,2026-05-20T11:13:21-07:00,2026-05-20T11:13:21-07:00,docs(user): applescript track,,docs,user,applescript track,False,[],[],parsed,Docs/UserDocumentation/automation/applescript-add.html; Docs/UserDocumentation/automation/applescript-application.html; Docs/UserDocumentation/automation/applescript-import-picture.html; Docs/UserDocumentation/automation/applescript-make.html; Docs/UserDocumentation/automation/applescript-track.html; Docs/UserDocumentation/automation/applescript-windows.html; Docs/UserDocumentation/automation/applescript.html,7,618,7,0,0,625,0,0,0,False,"[""28""]","[""transcript-2026-05-20-2-28-AddSwiftTagUseDocumentation""]","[""applescript"", ""picture"", ""swifttag-document"", ""user-docs""]",assigned,0.0,0.0,625.0,0.0,26.790697674418603,52781.0,228.0,52553.0,1.0,2.0,0,"{""assistant_processing_time"": 228.0, ""back_and_forth_count"": 1.0, ""code_lines"": 0.0, ""elapsed_time"": 52781.0, ""plan_lines"": 0.0, ""transcript_lines"": 26.790697674418603}",39.4,Moderate,1.0,1.0,0,2026-05-20,2026-05-20,1.00,one-commit analytical invariant
7602f5d2dbef63b01a09845e5f322ad810ce7431,7602f5d2dbef63b01a09845e5f322ad810ce7431,7602f5d,2026-05-20T12:36:05-07:00,2026-05-20T12:36:05-07:00,feat(applescript): accept base64 text when making pictures,"- Decode base64 text from picture data descriptors, string values, and NSData values
- Accept contents and objectDescription aliases in picture creation properties
- Return created script picture references with stable object specifier descriptors
- Mark picture description as accepted in properties and allow data as any type
- Add unit and UI coverage for base64 picture creation paths",feat,applescript,accept base64 text when making pictures,False,[],[],parsed,SwiftTag/Shared/Utilities/SwiftTagAppleScriptSupport.swift; SwiftTag/SwiftTag.sdef; SwiftTagTests/SwiftTagAppleScriptTests.swift; SwiftTagUITests/SwiftTagUITestSuites.swift; SwiftTagUITests/SwiftTagUITests.swift,5,239,38,145,132,0,0,0,0,False,"[""26""]","[""transcript-2026-05-20-1-MakePictureFix""]","[""applescript"", ""picture"", ""tags""]",assigned,145.0,132.0,0.0,0.0,86.4,6668.0,1454.0,5214.0,1.0,2.0,0,"{""assistant_processing_time"": 1454.0, ""back_and_forth_count"": 1.0, ""code_lines"": 145.0, ""elapsed_time"": 6668.0, ""plan_lines"": 0.0, ""transcript_lines"": 86.4}",61.35,High,1.0,1.0,0,2026-05-20,2026-05-20,1.00,one-commit analytical invariant
8053109fcb999ee4c2f8a060048b83dbfe4eed81,8053109fcb999ee4c2f8a060048b83dbfe4eed81,8053109,2026-05-20T14:05:10-07:00,2026-05-20T14:05:10-07:00,refactor(applescript)!: remove custom import picture command (replaced by use of `make`),"- Delete import picture terminology, command class, payload parser, and handlers
- Move picture scripts, docs, and tests to make new picture with properties {data:...}
- Add absence coverage for import picture command in suite registry and script targets

docs(transcript): add transcript for the make picture fix session

BREAKING CHANGE: AppleScript import picture command is removed.",refactor,applescript,remove custom import picture command (replaced by use of `make`),True,"[""AppleScript import picture command is removed.""]","[""docs(transcript): add transcript for the make picture fix session""]",parsed,Docs/Plans/26-AddAppleScriptSupport.md; Docs/Plans/28-AddSwiftTagUseDocumentation.md; Docs/Plans/Transcripts/transcript-2026-05-20-1-MakePictureFix.md; Docs/UserDocumentation/automation/applescript-application.html; Docs/UserDocumentation/automation/applescript-import-picture.html; Docs/UserDocumentation/automation/applescript-make.html; Docs/UserDocumentation/automation/applescript-track.html; Docs/UserDocumentation/automation/applescript.html; SwiftTag/Shared/Utilities/SwiftTagAppleScriptSupport.swift; SwiftTag/SwiftTag.sdef; SwiftTagTests/SwiftTagAppleScriptTests.swift; SwiftTagUITests/SwiftTagUITestSuites.swift; SwiftTagUITests/SwiftTagUITests.swift,13,228,495,211,88,236,53,135,0,False,"[""26"", ""28""]","[""transcript-2026-05-20-1-MakePictureFix""]","[""applescript"", ""picture"", ""save"", ""swifttag-document"", ""tags"", ""user-docs""]",assigned,211.0,88.0,236.0,53.0,48.6,671.0,671.0,0.0,1.0,2.0,0,"{""assistant_processing_time"": 671.0, ""back_and_forth_count"": 1.0, ""code_lines"": 211.0, ""elapsed_time"": 671.0, ""plan_lines"": 53.0, ""transcript_lines"": 48.6}",62.74,High,1.0,1.0,0,2026-05-20,2026-05-20,1.00,one-commit analytical invariant
e096ded126a62938d4627bd1205b32a0e30c77b0,e096ded126a62938d4627bd1205b32a0e30c77b0,e096ded,2026-05-21T00:48:05-07:00,2026-05-21T00:48:05-07:00,docs(user): applescript delete command,,docs,user,applescript delete command,False,[],[],parsed,Docs/UserDocumentation/automation/applescript-delete.html; Docs/UserDocumentation/automation/applescript-make.html; Docs/UserDocumentation/automation/applescript-track.html; Docs/UserDocumentation/automation/applescript.html,4,169,5,0,0,174,0,0,0,False,"[""28""]","[""transcript-2026-05-20-2-28-AddSwiftTagUseDocumentation""]","[""applescript"", ""swifttag-document"", ""user-docs""]",assigned,0.0,0.0,174.0,0.0,24.558139534883722,1580.0,168.0,1412.0,1.0,2.0,0,"{""assistant_processing_time"": 168.0, ""back_and_forth_count"": 1.0, ""code_lines"": 0.0, ""elapsed_time"": 1580.0, ""plan_lines"": 0.0, ""transcript_lines"": 24.558139534883722}",30.1,Moderate,1.0,1.0,0,2026-05-21,2026-05-21,1.00,one-commit analytical invariant
c1df562489d39bf6608f3053706fc038844b482c,c1df562489d39bf6608f3053706fc038844b482c,c1df562,2026-05-21T01:42:22-07:00,2026-05-21T01:42:22-07:00,docs(user): applescript tag class,,docs,user,applescript tag class,False,[],[],parsed,Docs/UserDocumentation/automation/applescript-delete.html; Docs/UserDocumentation/automation/applescript-make.html; Docs/UserDocumentation/automation/applescript-tag.html; Docs/UserDocumentation/automation/applescript-track.html; Docs/UserDocumentation/automation/applescript.html,5,179,9,0,0,188,0,0,0,False,"[""28""]","[""transcript-2026-05-20-2-28-AddSwiftTagUseDocumentation""]","[""applescript"", ""swifttag-document"", ""tags"", ""user-docs""]",assigned,0.0,0.0,188.0,0.0,20.093023255813954,3446.0,86.0,3360.0,1.0,2.0,0,"{""assistant_processing_time"": 86.0, ""back_and_forth_count"": 1.0, ""code_lines"": 0.0, ""elapsed_time"": 3446.0, ""plan_lines"": 0.0, ""transcript_lines"": 20.093023255813954}",31.18,Moderate,1.0,1.0,0,2026-05-21,2026-05-21,1.00,one-commit analytical invariant
5c2ab0a3ba722d5fdc139615b6eb55902237162d,5c2ab0a3ba722d5fdc139615b6eb55902237162d,5c2ab0a,2026-05-21T17:09:04-07:00,2026-05-21T17:09:04-07:00,docs(user): applescript picture class,,docs,user,applescript picture class,False,[],[],parsed,Docs/UserDocumentation/automation/applescript-delete.html; Docs/UserDocumentation/automation/applescript-enumerations.html; Docs/UserDocumentation/automation/applescript-make.html; Docs/UserDocumentation/automation/applescript-picture.html; Docs/UserDocumentation/automation/applescript-track.html; Docs/UserDocumentation/automation/applescript.html,6,296,32,0,0,328,0,0,0,False,"[""28""]","[""transcript-2026-05-20-2-28-AddSwiftTagUseDocumentation""]","[""applescript"", ""picture"", ""swifttag-document"", ""user-docs""]",assigned,0.0,0.0,328.0,0.0,24.558139534883722,141.0,141.0,0.0,1.0,2.0,0,"{""assistant_processing_time"": 141.0, ""back_and_forth_count"": 1.0, ""code_lines"": 0.0, ""elapsed_time"": 141.0, ""plan_lines"": 0.0, ""transcript_lines"": 24.558139534883722}",28.41,Moderate,1.0,1.0,0,2026-05-21,2026-05-21,1.00,one-commit analytical invariant
e534c8366925af29f7c8f9ab67a908c5d6941650,e534c8366925af29f7c8f9ab67a908c5d6941650,e534c83,2026-05-23T14:04:46-07:00,2026-05-23T14:14:36-07:00,docs(user): content and links cleanup,,docs,user,content and links cleanup,False,[],[],parsed,Docs/Plans/Transcripts/transcript-2026-05-20-2-28-AddSwiftTagUseDocumentation.md; Docs/UserDocumentation/automation/applescript-picture.html; Docs/UserDocumentation/examples/batch-edit-tags.html; Docs/UserDocumentation/examples/clean-up-album.html; Docs/UserDocumentation/examples/manage-cover-art.html; Docs/UserDocumentation/quick-start.html; Docs/UserDocumentation/troubleshooting.html; Docs/UserDocumentation/workflows/album-art.html; Docs/UserDocumentation/workflows/editing-tags.html; Docs/UserDocumentation/workflows/saving.html; Docs/UserDocumentation/workflows/settings.html; Docs/UserDocumentation/workflows/status-and-diffs.html,12,237,54,0,0,195,0,96,0,False,[],"[""transcript-2026-05-20-2-28-AddSwiftTagUseDocumentation""]","[""applescript"", ""diff"", ""picture"", ""save"", ""settings"", ""swifttag-document"", ""tags"", ""user-docs""]",assigned,0.0,0.0,195.0,0.0,0.0,,,,0.0,0.0,0,"{""assistant_processing_time"": null, ""back_and_forth_count"": 0.0, ""code_lines"": 0.0, ""elapsed_time"": null, ""plan_lines"": 0.0, ""transcript_lines"": 0.0}",0.0,Low,0.7,1.0,0,2026-05-23,2026-05-23,1.00,one-commit analytical invariant
1df3dd0c798507ee9db2c2005d577ac499b3e933,1df3dd0c798507ee9db2c2005d577ac499b3e933,1df3dd0,2026-05-25T15:10:13-07:00,2026-05-25T15:10:13-07:00,docs(user): more applescript examples and links,,docs,user,more applescript examples and links,False,[],[],parsed,Docs/UserDocumentation/automation/applescript-document.html; Docs/UserDocumentation/automation/applescript-save.html; Docs/UserDocumentation/automation/applescript-tag.html; Docs/UserDocumentation/automation/applescript-track.html; Docs/UserDocumentation/examples/create-session-document.html; Docs/UserDocumentation/examples/save-tags-only.html; Docs/UserDocumentation/workflows/adding-flac-files.html; Docs/UserDocumentation/workflows/album-art.html; Docs/UserDocumentation/workflows/editing-tags.html; Docs/UserDocumentation/workflows/saving.html; Docs/UserDocumentation/workflows/settings.html; Docs/UserDocumentation/workflows/swifttag-documents.html; SwiftTagTests/SwiftTagAppleScriptTests.swift; SwiftTagUITests/SwiftTagUITestSuites.swift; SwiftTagUITests/SwiftTagUITests.swift,15,235,16,0,67,184,0,0,0,False,[],[],"[""applescript"", ""picture"", ""save"", ""settings"", ""swifttag-document"", ""tags"", ""user-docs""]",assigned,0.0,67.0,184.0,0.0,0.0,,,,0.0,0.0,0,"{""assistant_processing_time"": null, ""back_and_forth_count"": 0.0, ""code_lines"": 0.0, ""elapsed_time"": null, ""plan_lines"": 0.0, ""transcript_lines"": 0.0}",0.0,Low,0.7,1.0,0,2026-05-25,2026-05-25,1.00,one-commit analytical invariant
62b9a68e15a34d8c2919c736be910ce3a9eec8e4,62b9a68e15a34d8c2919c736be910ce3a9eec8e4,62b9a68,2026-05-25T16:40:23-07:00,2026-05-25T16:40:23-07:00,fix(applescript): accept image descriptors for picture data,"- read validated image bytes from non-tdta Apple event descriptors
- add JPEG and PNGf picture payload tests
- add UI coverage for AppleScript JPEG picture and PNGf picture imports",fix,applescript,accept image descriptors for picture data,False,[],[],parsed,SwiftTag/Shared/Utilities/SwiftTagAppleScriptSupport.swift; SwiftTagTests/SwiftTagAppleScriptTests.swift; SwiftTagUITests/SwiftTagUITestSuites.swift; SwiftTagUITests/SwiftTagUITests.swift,4,173,4,20,157,0,0,0,0,False,[],[],"[""applescript"", ""picture"", ""save"", ""tags""]",assigned,20.0,157.0,0.0,0.0,0.0,,,,0.0,0.0,0,"{""assistant_processing_time"": null, ""back_and_forth_count"": 0.0, ""code_lines"": 20.0, ""elapsed_time"": null, ""plan_lines"": 0.0, ""transcript_lines"": 0.0}",10.38,Low,0.7,1.0,0,2026-05-25,2026-05-25,1.00,one-commit analytical invariant
21aacef712ef78c44bd11f0a848276d3125a82a4,21aacef712ef78c44bd11f0a848276d3125a82a4,21aacef,2026-05-25T18:28:19-07:00,2026-05-25T18:28:19-07:00,docs(user): applecript picture examples and links,,docs,user,applecript picture examples and links,False,[],[],parsed,Docs/UserDocumentation/automation/applescript-picture.html; Docs/UserDocumentation/examples/clean-up-album.html; Docs/UserDocumentation/examples/create-session-document.html; Docs/UserDocumentation/examples/save-tags-only.html,4,52,16,0,0,68,0,0,0,False,[],[],"[""applescript"", ""picture"", ""save"", ""swifttag-document"", ""tags"", ""user-docs""]",assigned,0.0,0.0,68.0,0.0,0.0,,,,0.0,0.0,0,"{""assistant_processing_time"": null, ""back_and_forth_count"": 0.0, ""code_lines"": 0.0, ""elapsed_time"": null, ""plan_lines"": 0.0, ""transcript_lines"": 0.0}",0.0,Low,0.7,1.0,0,2026-05-25,2026-05-25,1.00,one-commit analytical invariant
a3d4895796afa545efc1d3c39379220da2c616f3,a3d4895796afa545efc1d3c39379220da2c616f3,a3d4895,2026-05-25T21:45:30-07:00,2026-05-25T21:45:30-07:00,docs(user): re-tag example rename,,docs,user,re-tag example rename,False,[],[],parsed,Docs/Plans/28-AddSwiftTagUseDocumentation.md; Docs/UserDocumentation/examples/clean-up-album.html; Docs/UserDocumentation/examples/create-session-document.html; Docs/UserDocumentation/examples/{save-tags-only.html => re-tag-with-applescript.html}; Docs/UserDocumentation/workflows/saving.html; Docs/UserDocumentation/workflows/settings.html,6,7,7,0,0,12,2,0,0,False,"[""28""]",[],"[""applescript"", ""save"", ""settings"", ""swifttag-document"", ""tags"", ""user-docs""]",assigned,0.0,0.0,12.0,2.0,0.0,,,,0.0,0.0,0,"{""assistant_processing_time"": null, ""back_and_forth_count"": 0.0, ""code_lines"": 0.0, ""elapsed_time"": null, ""plan_lines"": 2.0, ""transcript_lines"": 0.0}",7.74,Low,0.7,1.0,0,2026-05-25,2026-05-25,1.00,one-commit analytical invariant
8ab71c90c52e8a8740d754719c48c53f0ca66065,8ab71c90c52e8a8740d754719c48c53f0ca66065,8ab71c9,2026-05-25T21:59:02-07:00,2026-05-25T21:59:02-07:00,docs(user): filenames and links cleanup,,docs,user,filenames and links cleanup,False,[],[],parsed,Docs/UserDocumentation/index.html; Docs/UserDocumentation/troubleshooting.html,2,6,7,0,0,13,0,0,0,False,[],[],"[""swifttag-document"", ""user-docs""]",assigned,0.0,0.0,13.0,0.0,0.0,,,,0.0,0.0,0,"{""assistant_processing_time"": null, ""back_and_forth_count"": 0.0, ""code_lines"": 0.0, ""elapsed_time"": null, ""plan_lines"": 0.0, ""transcript_lines"": 0.0}",0.0,Low,0.7,1.0,0,2026-05-25,2026-05-25,1.00,one-commit analytical invariant
7a19911399e2e3a8b7ff2d239319a658e793346c,7a19911399e2e3a8b7ff2d239319a658e793346c,7a19911,2026-05-25T22:03:59-07:00,2026-05-25T22:04:14-07:00,docs(user): editing-tags rename and link update,,docs,user,editing-tags rename and link update,False,[],[],parsed,Docs/Plans/28-AddSwiftTagUseDocumentation.md; Docs/UserDocumentation/automation/applescript-delete.html; Docs/UserDocumentation/automation/applescript-make.html; Docs/UserDocumentation/automation/applescript-tag.html; Docs/UserDocumentation/examples/batch-edit-tags.html; Docs/UserDocumentation/examples/clean-up-album.html; Docs/UserDocumentation/index.html; Docs/UserDocumentation/quick-start.html; Docs/UserDocumentation/workflows/adding-flac-files.html; Docs/UserDocumentation/workflows/saving.html; Docs/UserDocumentation/workflows/swifttag-documents.html; Docs/UserDocumentation/workflows/{editing-tags.html => tags.html},12,13,13,0,0,24,2,0,0,False,"[""28""]",[],"[""applescript"", ""save"", ""swifttag-document"", ""tags"", ""user-docs""]",assigned,0.0,0.0,24.0,2.0,0.0,,,,0.0,0.0,0,"{""assistant_processing_time"": null, ""back_and_forth_count"": 0.0, ""code_lines"": 0.0, ""elapsed_time"": null, ""plan_lines"": 2.0, ""transcript_lines"": 0.0}",7.74,Low,0.7,1.0,0,2026-05-25,2026-05-25,1.00,one-commit analytical invariant
477665910577c41766377204a1abfc8cc7f0dd6d,477665910577c41766377204a1abfc8cc7f0dd6d,4776659,2026-05-25T22:20:45-07:00,2026-05-25T22:20:45-07:00,docs(user): album-art rename and link update,,docs,user,album-art rename and link update,False,[],[],parsed,Docs/Plans/28-AddSwiftTagUseDocumentation.md; Docs/UserDocumentation/automation/applescript-delete.html; Docs/UserDocumentation/automation/applescript-make.html; Docs/UserDocumentation/automation/applescript-picture.html; Docs/UserDocumentation/examples/batch-edit-tags.html; Docs/UserDocumentation/examples/clean-up-album.html; Docs/UserDocumentation/examples/manage-cover-art.html; Docs/UserDocumentation/index.html; Docs/UserDocumentation/quick-start.html; Docs/UserDocumentation/workflows/{album-art.html => pictures.html}; Docs/UserDocumentation/workflows/saving.html; Docs/UserDocumentation/workflows/swifttag-documents.html; Docs/UserDocumentation/workflows/tags.html,13,21,21,0,0,40,2,0,0,False,"[""28""]",[],"[""applescript"", ""picture"", ""save"", ""swifttag-document"", ""tags"", ""user-docs""]",assigned,0.0,0.0,40.0,2.0,0.0,,,,0.0,0.0,0,"{""assistant_processing_time"": null, ""back_and_forth_count"": 0.0, ""code_lines"": 0.0, ""elapsed_time"": null, ""plan_lines"": 2.0, ""transcript_lines"": 0.0}",7.74,Low,0.7,1.0,0,2026-05-25,2026-05-25,1.00,one-commit analytical invariant
0015089006f52550ef2f4ed4fdd0057bb9e521b9,0015089006f52550ef2f4ed4fdd0057bb9e521b9,0015089,2026-05-25T23:16:25-07:00,2026-05-25T23:16:25-07:00,feat(ui): help menu now opens user docs,,feat,ui,help menu now opens user docs,False,[],[],parsed,SwiftTag.xcodeproj/project.pbxproj; SwiftTag/Shared/Utilities/SwiftTagHelpDocumentation.swift; SwiftTag/SwiftTagApp.swift; SwiftTagTests/SwiftTagHelpDocumentationTests.swift,4,54,0,40,14,0,0,0,0,False,[],[],"[""project"", ""swifttag-document"", ""tags"", ""user-docs""]",assigned,40.0,14.0,0.0,0.0,0.0,,,,0.0,0.0,0,"{""assistant_processing_time"": null, ""back_and_forth_count"": 0.0, ""code_lines"": 40.0, ""elapsed_time"": null, ""plan_lines"": 0.0, ""transcript_lines"": 0.0}",13.27,Low,0.7,1.0,0,2026-05-25,2026-05-25,1.00,one-commit analytical invariant
4eca36ce52399ef139926f5430d3cd08ac3c993a,4eca36ce52399ef139926f5430d3cd08ac3c993a,4eca36c,2026-05-26T13:31:51-07:00,2026-05-26T13:35:56-07:00,test(applescript): add external .applescript test suite,,test,applescript,add external .applescript test suite,False,[],[],parsed,.gitignore; SwiftTagAppleScriptTests/_test_.applescript; SwiftTagAppleScriptTests/test-pictures.applescript; SwiftTagAppleScriptTests/test-settings.applescript; SwiftTagAppleScriptTests/test-tags.applescript; SwiftTagAppleScriptTests/test-tracks.applescript; SwiftTagAppleScriptTests/test-utils.applescript; SwiftTagAppleScriptTests/test-windows.applescript,8,2117,0,0,0,0,0,0,0,False,[],[],"[""applescript"", ""diff"", ""picture"", ""settings"", ""tags""]",assigned,0.0,0.0,0.0,0.0,0.0,,,,0.0,0.0,0,"{""assistant_processing_time"": null, ""back_and_forth_count"": 0.0, ""code_lines"": 0.0, ""elapsed_time"": null, ""plan_lines"": 0.0, ""transcript_lines"": 0.0}",0.0,Low,0.7,1.0,0,2026-05-26,2026-05-26,1.00,one-commit analytical invariant
486b13c723b2fac0220854d9ea7269a09442e7ce,486b13c723b2fac0220854d9ea7269a09442e7ce,486b13c,2026-05-26T15:40:25-07:00,2026-05-26T15:40:25-07:00,feat(quicklook): show audio summary in document previews,"- add snapshot audio summary text for bits per sample, sample rate, channels, and duration
- render summary footer with trailing total duration in Quick Look view
- add Quick Look tests for shared, mono, stereo, and mixed audio summary values",feat,quicklook,show audio summary in document previews,False,[],[],parsed,SwiftTag/Shared/QuickLook/SwiftTagDocumentQuickLookSnapshot.swift; SwiftTag/Shared/QuickLook/SwiftTagDocumentQuickLookView.swift; SwiftTagTests/SwiftTagQuickLookTests.swift,3,171,2,96,77,0,0,0,0,False,[],"[""transcript-2026-05-26-1-MiscCleanupAndDocs""]","[""project"", ""swifttag-document"", ""tags""]",assigned,96.0,77.0,0.0,0.0,33.67241379310345,3991.0,331.0,3660.0,1.0,2.0,0,"{""assistant_processing_time"": 331.0, ""back_and_forth_count"": 1.0, ""code_lines"": 96.0, ""elapsed_time"": 3991.0, ""plan_lines"": 0.0, ""transcript_lines"": 33.67241379310345}",51.56,High,1.0,1.0,0,2026-05-26,2026-05-26,1.00,one-commit analytical invariant
e8c7dcb8fa1bcfe202e061807bb6873d2e1e0473,e8c7dcb8fa1bcfe202e061807bb6873d2e1e0473,e8c7dcb,2026-05-26T15:51:10-07:00,2026-05-26T15:51:10-07:00,feat(tag-editor): remove Show TOML feature,"- remove Show TOML command, focused value, sheet state, and TOML utility view
- remove TagEditorViewModel TOML export generation
- remove TOML feature references from Docs/README.md",feat,tag-editor,remove Show TOML feature,False,[],[],parsed,Docs/README.md; SwiftTag/ContentView.swift; SwiftTag/Features/TagEditor/TOMLUtilityView.swift; SwiftTag/Features/TagEditor/TagEditorViewModel.swift; SwiftTag/SwiftTagApp.swift,5,0,85,82,0,3,0,0,0,False,[],"[""transcript-2026-05-26-1-MiscCleanupAndDocs""]","[""project"", ""tags""]",assigned,82.0,0.0,3.0,0.0,35.8448275862069,830.0,116.0,714.0,1.0,2.0,0,"{""assistant_processing_time"": 116.0, ""back_and_forth_count"": 1.0, ""code_lines"": 82.0, ""elapsed_time"": 830.0, ""plan_lines"": 0.0, ""transcript_lines"": 35.8448275862069}",46.8,Moderate,1.0,1.0,0,2026-05-26,2026-05-26,1.00,one-commit analytical invariant
65538b7f93d2246cfc37625f018af76640c6aa40,65538b7f93d2246cfc37625f018af76640c6aa40,65538b7,2026-05-26T16:14:32-07:00,2026-05-26T16:14:32-07:00,docs(readme): update README to reflect latest feature set,,docs,readme,update README to reflect latest feature set,False,[],[],parsed,Docs/README.md,1,222,55,0,0,277,0,0,0,False,[],"[""transcript-2026-05-26-1-MiscCleanupAndDocs""]","[""project""]",assigned,0.0,0.0,277.0,0.0,30.413793103448278,1616.0,162.0,1454.0,1.0,2.0,0,"{""assistant_processing_time"": 162.0, ""back_and_forth_count"": 1.0, ""code_lines"": 0.0, ""elapsed_time"": 1616.0, ""plan_lines"": 0.0, ""transcript_lines"": 30.413793103448278}",30.77,Moderate,1.0,1.0,0,2026-05-26,2026-05-26,1.00,one-commit analytical invariant
716c54c01f81ac69fb1c6e5252727cbd5dd10310,716c54c01f81ac69fb1c6e5252727cbd5dd10310,716c54c,2026-05-26T18:03:51-07:00,2026-05-26T22:29:46-07:00,docs: update project README and add session transcript,"- add current project overview, AI development notes, and bundled help link
- document vendored ThirdParty dependencies with upstream repository links

docs(transcript): add transcript for documentation and Quick Look development session",docs,,update project README and add session transcript,False,[],"[""docs(transcript): add transcript for documentation and Quick Look development session""]",parsed,Docs/Plans/Transcripts/transcript-2026-05-26-1-MiscCleanupAndDocs.md; Docs/README.md,2,171,6,0,0,51,0,126,0,False,[],"[""transcript-2026-05-26-1-MiscCleanupAndDocs""]","[""applescript"", ""project"", ""swifttag-document""]",assigned,0.0,0.0,51.0,0.0,26.06896551724138,38.0,38.0,0.0,1.0,2.0,0,"{""assistant_processing_time"": 38.0, ""back_and_forth_count"": 1.0, ""code_lines"": 0.0, ""elapsed_time"": 38.0, ""plan_lines"": 0.0, ""transcript_lines"": 26.06896551724138}",27.84,Moderate,1.0,1.0,0,2026-05-26,2026-05-26,1.00,one-commit analytical invariant
1df3bec4c822e6fcc30d809dab5277868a8e3290,1df3bec4c822e6fcc30d809dab5277868a8e3290,1df3bec,2026-05-27T14:45:23-07:00,2026-05-27T14:45:23-07:00,project(license): add MIT License to the project,,project,license,add MIT License to the project,False,[],[],parsed,LICENSE,1,21,0,0,0,0,0,0,0,False,[],[],"[""project""]",assigned,0.0,0.0,0.0,0.0,0.0,,,,0.0,0.0,0,"{""assistant_processing_time"": null, ""back_and_forth_count"": 0.0, ""code_lines"": 0.0, ""elapsed_time"": null, ""plan_lines"": 0.0, ""transcript_lines"": 0.0}",0.0,Low,0.7,1.0,0,2026-05-27,2026-05-27,1.00,one-commit analytical invariant
d07df1fefbd553b00635ee882631ee74d12f0530,d07df1fefbd553b00635ee882631ee74d12f0530,d07df1f,2026-05-27T23:19:57-07:00,2026-05-27T23:19:57-07:00,project(build): configure hardened runtime and universal libFLAC builds,"- derive CMake architectures from Xcode ARCHS for multi-slice libFLAC builds
- enable hardened runtime, sandbox, signing team, and resource access settings
- set app display name, category, and marketing version to 1.0.0
- remove test FLAC fixtures from app resources
- keep SwiftTag entitlements scoped to sandbox, app bookmarks, and user-selected files",project,build,configure hardened runtime and universal libFLAC builds,False,[],[],parsed,BuildScripts/build-libflac.sh; SwiftTag.xcodeproj/project.pbxproj; SwiftTag/SwiftTag.entitlements,3,79,16,72,0,0,0,0,0,False,[],[],"[""applescript"", ""flac-lib"", ""save"", ""settings"", ""swifttag-document"", ""tags""]",assigned,72.0,0.0,0.0,0.0,0.0,,,,0.0,0.0,0,"{""assistant_processing_time"": null, ""back_and_forth_count"": 0.0, ""code_lines"": 72.0, ""elapsed_time"": null, ""plan_lines"": 0.0, ""transcript_lines"": 0.0}",15.72,Low,0.7,1.0,0,2026-05-27,2026-05-27,1.00,one-commit analytical invariant
149bf183fe3edf4d14481d354a078cb50f628aee,149bf183fe3edf4d14481d354a078cb50f628aee,149bf18,2026-05-29T19:11:38-07:00,2026-05-29T19:11:38-07:00,project(docs): update README with latest screenshots and links to documentation,,project,docs,update README with latest screenshots and links to documentation,False,[],[],parsed,Docs/README.md; Docs/Screenshots/SwiftTag-quicklook-test.jpg; Docs/Screenshots/SwiftTag-settings-window-feedback.jpg; Docs/Screenshots/SwiftTag-settings-window-general.jpg; Docs/Screenshots/SwiftTag-settings-window-tags.jpg; Docs/Screenshots/SwiftTag-window-unlock.jpg; Docs/Screenshots/SwiftTag-window-with-changes-diff.jpg; Docs/Screenshots/SwiftTag-window-with-changes-picture-browser-list.jpg; Docs/Screenshots/SwiftTag-window-with-changes-picture-browser.jpg; Docs/Screenshots/SwiftTag-window-with-changes.jpg,10,87,112,0,0,199,0,0,0,True,[],[],"[""diff"", ""picture"", ""project"", ""settings"", ""tags""]",assigned,0.0,0.0,199.0,0.0,0.0,,,,0.0,0.0,0,"{""assistant_processing_time"": null, ""back_and_forth_count"": 0.0, ""code_lines"": 0.0, ""elapsed_time"": null, ""plan_lines"": 0.0, ""transcript_lines"": 0.0}",0.0,Low,0.7,1.0,0,2026-05-29,2026-05-29,1.00,one-commit analytical invariant
fcee05c29e0d15314bee932ee8b1e48cc7ca7276,fcee05c29e0d15314bee932ee8b1e48cc7ca7276,fcee05c,2026-05-30T12:00:19-07:00,2026-05-30T12:00:19-07:00,fix(tag-editor): keep unsaved album edits as internal diffs,"- compare refreshed file snapshots before marking tag keys as externally modified
- preserve existing external tag keys without promoting unchanged file values
- add unit and UI coverage for saved Album edit followed by unsaved selection change",fix,tag-editor,keep unsaved album edits as internal diffs,False,[],[],parsed,SwiftTag/ContentView.swift; SwiftTag/Features/TagEditor/TagEditorViewModel.swift; SwiftTagTests/SwiftTagTests.swift; SwiftTagUITests/SwiftTagUITestSuites.swift; SwiftTagUITests/SwiftTagUITests.swift,5,290,1,62,229,0,0,0,0,False,[],"[""transcript-2026-05-30-1-DiffFormatAndTestFix""]","[""diff"", ""picture"", ""save"", ""tags""]",assigned,62.0,229.0,0.0,0.0,89.78846153846155,8763.0,1635.0,7128.0,1.0,2.0,0,"{""assistant_processing_time"": 1635.0, ""back_and_forth_count"": 1.0, ""code_lines"": 62.0, ""elapsed_time"": 8763.0, ""plan_lines"": 0.0, ""transcript_lines"": 89.78846153846155}",57.38,High,1.0,1.0,0,2026-05-30,2026-05-30,1.00,one-commit analytical invariant
03227c22ec04d4a16f48e8159bca42426af9eac7,03227c22ec04d4a16f48e8159bca42426af9eac7,03227c2,2026-05-30T13:31:49-07:00,2026-05-30T13:31:49-07:00,fix(tags): treat total count aliases as equivalent,"- add shared tag-key groups for TRACKTOTAL/TOTALTRACKS and DISCTOTAL/TOTALDISCS
- include DISCTOTAL in explicit tag keys so total-disc aliases stay out of misc tags
- compare total-count alias groups by value and presence when computing file differences
- read DISCTOTAL as fallback source for imported total-disc initial values
- add tests for alias cleanliness, value/presence differences, and misc-tag exclusion",fix,tags,treat total count aliases as equivalent,False,[],[],parsed,SwiftTag/Features/FlacImport/FlacImportMapper.swift; SwiftTag/Features/TagEditor/TagEditorViewModel.swift; SwiftTag/Shared/Utilities/TagNormalization.swift; SwiftTagTests/SwiftTagTests.swift,4,264,10,114,160,0,0,0,0,False,[],"[""transcript-2026-05-30-1-DiffFormatAndTestFix""]","[""diff"", ""tags""]",assigned,114.0,160.0,0.0,0.0,63.987179487179496,3179.0,593.0,2586.0,1.0,2.0,0,"{""assistant_processing_time"": 593.0, ""back_and_forth_count"": 1.0, ""code_lines"": 114.0, ""elapsed_time"": 3179.0, ""plan_lines"": 0.0, ""transcript_lines"": 63.987179487179496}",54.35,High,1.0,1.0,0,2026-05-30,2026-05-30,1.00,one-commit analytical invariant
b0eb1bc5f0a1a447bed6c6c903afad44009c9cd6,b0eb1bc5f0a1a447bed6c6c903afad44009c9cd6,b0eb1bc,2026-05-30T13:48:08-07:00,2026-05-30T13:48:08-07:00,feat(settings): update default settings to not zero pad and write all track/disc total tags,,feat,settings,update default settings to not zero pad and write all track/disc total tags,False,[],[],parsed,SwiftTag/Shared/Models/SaveSettings.swift,1,3,3,6,0,0,0,0,0,False,[],[],"[""diff"", ""save"", ""settings"", ""tags""]",assigned,6.0,0.0,0.0,0.0,0.0,,,,0.0,0.0,0,"{""assistant_processing_time"": null, ""back_and_forth_count"": 0.0, ""code_lines"": 6.0, ""elapsed_time"": null, ""plan_lines"": 0.0, ""transcript_lines"": 0.0}",8.22,Low,0.7,1.0,0,2026-05-30,2026-05-30,1.00,one-commit analytical invariant
48fd612594d6a6ae7f88cfe82807c8c31823b63d,48fd612594d6a6ae7f88cfe82807c8c31823b63d,48fd612,2026-05-30T14:19:20-07:00,2026-05-30T14:19:20-07:00,fix(date): preserve partial DATE tag text,"- add DateTagFormatter.tagText for editable YYYY, YYYY-MM, and YYYY-MM-DD values
- use preserved date text during FLAC import and SwiftTag document track normalization
- compare DATE values as literal trimmed text instead of numeric-normalized values
- add tests for partial DATE import, bindings, and literal difference detection",fix,date,preserve partial DATE tag text,False,[],[],parsed,SwiftTag/Features/FlacImport/FlacImportMapper.swift; SwiftTag/Features/TagEditor/TagEditorViewModel.swift; SwiftTag/Shared/Utilities/DateTagFormatter.swift; SwiftTagTests/SwiftTagTests.swift,4,147,10,74,83,0,0,0,0,False,[],"[""transcript-2026-05-30-1-DiffFormatAndTestFix""]","[""diff"", ""swifttag-document"", ""tags""]",assigned,74.0,83.0,0.0,0.0,44.37820512820513,5467.0,346.0,5121.0,1.0,2.0,0,"{""assistant_processing_time"": 346.0, ""back_and_forth_count"": 1.0, ""code_lines"": 74.0, ""elapsed_time"": 5467.0, ""plan_lines"": 0.0, ""transcript_lines"": 44.37820512820513}",52.33,High,1.0,1.0,0,2026-05-30,2026-05-30,1.00,one-commit analytical invariant
36789f5d0b7a89231ac47b62ca91d92c8b537df8,36789f5d0b7a89231ac47b62ca91d92c8b537df8,36789f5,2026-05-30T15:49:55-07:00,2026-05-30T15:49:55-07:00,fix(album-art): require explicit import actions for picture picker,"- remove single-click image well picker launch from album art sheet
- update help text to point to context menu, controls, or drag and drop
- add ViewInspector coverage that the image well has no tap handler
- keep picker launch checks for context menu import and Import Picture button",fix,album-art,require explicit import actions for picture picker,False,[],[],parsed,SwiftTag/Features/AlbumArt/AlbumArtSheetView.swift; SwiftTagTests/TrackStatusViewInspectorTests.swift,2,37,10,8,39,0,0,0,0,False,[],"[""transcript-2026-05-30-1-DiffFormatAndTestFix""]","[""diff"", ""picture"", ""tags""]",assigned,8.0,39.0,0.0,0.0,34.057692307692314,1220.0,222.0,998.0,1.0,2.0,0,"{""assistant_processing_time"": 222.0, ""back_and_forth_count"": 1.0, ""code_lines"": 8.0, ""elapsed_time"": 1220.0, ""plan_lines"": 0.0, ""transcript_lines"": 34.057692307692314}",39.76,Moderate,1.0,1.0,0,2026-05-30,2026-05-30,1.00,one-commit analytical invariant
b5795c22e58a84982d07d6846e1929f9eba2166f,b5795c22e58a84982d07d6846e1929f9eba2166f,b5795c2,2026-05-30T16:16:47-07:00,2026-05-30T16:16:47-07:00,build(xcode): set development team for SwiftTag targets,"test(settings): update save setting default expectations

test(tags): isolate literal date difference checks",build,xcode,set development team for SwiftTag targets,False,[],"[""test(settings): update save setting default expectations"", ""test(tags): isolate literal date difference checks""]",parsed,SwiftTag.xcodeproj/project.pbxproj; SwiftTagTests/SwiftTagTests.swift; SwiftTagTests/TrackStatusViewInspectorTests.swift,3,18,8,4,22,0,0,0,0,False,[],"[""transcript-2026-05-30-1-DiffFormatAndTestFix""]","[""diff"", ""project"", ""save"", ""settings""]",assigned,4.0,22.0,0.0,0.0,27.865384615384617,1159.0,471.0,688.0,1.0,2.0,0,"{""assistant_processing_time"": 471.0, ""back_and_forth_count"": 1.0, ""code_lines"": 4.0, ""elapsed_time"": 1159.0, ""plan_lines"": 0.0, ""transcript_lines"": 27.865384615384617}",38.49,Moderate,1.0,1.0,0,2026-05-30,2026-05-30,1.00,one-commit analytical invariant
5c58b2c352709f9b9c609c1e60a15c4ebf49062c,5c58b2c352709f9b9c609c1e60a15c4ebf49062c,5c58b2c,2026-05-30T16:26:44-07:00,2026-05-30T16:26:44-07:00,test(picture): fix no tap gesture on picture browser well test,,test,picture,fix no tap gesture on picture browser well test,False,[],[],parsed,SwiftTagTests/TrackStatusViewInspectorTests.swift,1,3,5,0,8,0,0,0,0,False,[],"[""transcript-2026-05-30-1-DiffFormatAndTestFix""]","[""diff"", ""picture"", ""project"", ""tags""]",assigned,0.0,8.0,0.0,0.0,27.865384615384617,3401.0,228.0,3173.0,1.0,2.0,0,"{""assistant_processing_time"": 228.0, ""back_and_forth_count"": 1.0, ""code_lines"": 0.0, ""elapsed_time"": 3401.0, ""plan_lines"": 0.0, ""transcript_lines"": 27.865384615384617}",32.62,Moderate,1.0,1.0,0,2026-05-30,2026-05-30,1.00,one-commit analytical invariant
5b2392f98b7d9b0680edf4fdfb6966ed9a44d9bc,5b2392f98b7d9b0680edf4fdfb6966ed9a44d9bc,5b2392f,2026-05-30T17:55:45-07:00,2026-05-30T17:55:45-07:00,test(settings): update sandbox path source expectations,"test(ui): align misc tag placeholder expectation

test(ui): prefer built SwiftTag app for launch resolution

docs(transcripts): add diff format and test fix transcript",test,settings,update sandbox path source expectations,False,[],"[""test(ui): align misc tag placeholder expectation"", ""test(ui): prefer built SwiftTag app for launch resolution"", ""docs(transcripts): add diff format and test fix transcript""]",parsed,Docs/Plans/Transcripts/transcript-2026-05-30-1-DiffFormatAndTestFix.md; SwiftTagTests/SandboxPathSettingsTests.swift; SwiftTagUITests/SwiftTagUITests.swift,3,351,4,0,33,0,0,322,0,False,[],"[""transcript-2026-05-30-1-DiffFormatAndTestFix""]","[""applescript"", ""diff"", ""project"", ""settings"", ""tags""]",assigned,0.0,33.0,0.0,0.0,34.057692307692314,251.0,251.0,0.0,1.0,2.0,0,"{""assistant_processing_time"": 251.0, ""back_and_forth_count"": 1.0, ""code_lines"": 0.0, ""elapsed_time"": 251.0, ""plan_lines"": 0.0, ""transcript_lines"": 34.057692307692314}",30.53,Moderate,1.0,1.0,0,2026-05-30,2026-05-30,1.00,one-commit analytical invariant
05c75465e894b197009e4fa12fcee8a2f232be65,05c75465e894b197009e4fa12fcee8a2f232be65,05c7546,2026-05-31T16:58:30-07:00,2026-05-31T16:58:30-07:00,project(version): update SwiftTag release to 1.0.1,,project,version,update SwiftTag release to 1.0.1,False,[],[],parsed,SwiftTag.xcodeproj/project.pbxproj,1,2,2,4,0,0,0,0,0,False,[],[],"[""project""]",assigned,4.0,0.0,0.0,0.0,0.0,,,,0.0,0.0,0,"{""assistant_processing_time"": null, ""back_and_forth_count"": 0.0, ""code_lines"": 4.0, ""elapsed_time"": null, ""plan_lines"": 0.0, ""transcript_lines"": 0.0}",7.36,Low,0.7,1.0,0,2026-05-31,2026-05-31,1.00,one-commit analytical invariant
5f406d41dab292e9d24be77a40a86053fba4e075,5f406d41dab292e9d24be77a40a86053fba4e075,5f406d4,2026-06-03T18:12:10-07:00,2026-06-03T18:12:10-07:00,fix(editor): mark swifttag documents dirty for editor differences,"- add referenced document edit-state baseline for track identity, tags, and pictures
- use edit-state differences for document title marker
- keep track-list difference checks available for existing save and close flows
- add tests for tag-only, picture-only, and document-save baseline behavior

project(xcode): update project metadata and version settings

- set project and shared scheme upgrade versions to 2650
- move development team setting to project build configurations
- add sdk-scoped app version values for debug and release configurations
- update Quick Look preview marketing version to 1.0.1",fix,editor,mark swifttag documents dirty for editor differences,False,[],"[""project(xcode): update project metadata and version settings""]",parsed,SwiftTag.xcodeproj/project.pbxproj; SwiftTag.xcodeproj/xcshareddata/xcschemes/SwiftTag.xcscheme; SwiftTag.xcodeproj/xcshareddata/xcschemes/SwiftTagApp.xcscheme; SwiftTag/Features/TagEditor/TagEditorViewModel.swift; SwiftTagTests/SwiftTagTests.swift,5,203,20,106,113,0,0,0,0,False,[],"[""transcript-2026-06-03-1-UpdatesForRelease-1-0-2""]","[""diff"", ""picture"", ""save"", ""settings"", ""swifttag-document"", ""tags""]",assigned,106.0,113.0,0.0,0.0,47.015452538631344,69687.0,480.0,69207.0,1.0,2.0,0,"{""assistant_processing_time"": 480.0, ""back_and_forth_count"": 1.0, ""code_lines"": 106.0, ""elapsed_time"": 69687.0, ""plan_lines"": 0.0, ""transcript_lines"": 47.015452538631344}",59.95,High,1.0,1.0,0,2026-06-03,2026-06-03,1.00,one-commit analytical invariant
58c447d0c8f8d603db83117199143fea38de98fb,58c447d0c8f8d603db83117199143fea38de98fb,58c447d,2026-06-04T13:20:26-07:00,2026-06-04T13:20:26-07:00,feat(swifttag-document): add Save As command for session documents,"- add Save SwiftTag Document as... as shift alternate to Save SwiftTag Document...
- enable Save As only when current editor has an associated SwiftTag document
- save current editor state to a selected package and associate the window with it
- create a new document ID when saving to a new destination
- document Save As behavior and add unit and UI coverage",feat,swifttag-document,add Save As command for session documents,False,[],[],parsed,Docs/UserDocumentation/workflows/swifttag-documents.html; SwiftTag/ContentView.swift; SwiftTag/Shared/Utilities/SwiftTagDocumentPackageWriter.swift; SwiftTag/SwiftTagApp.swift; SwiftTagTests/SwiftTagDocumentTests.swift; SwiftTagUITests/SwiftTagUITestSuites.swift; SwiftTagUITests/SwiftTagUITests.swift,7,187,4,40,142,9,0,0,0,False,[],"[""transcript-2026-06-03-1-UpdatesForRelease-1-0-2""]","[""picture"", ""save"", ""swifttag-document"", ""tags"", ""user-docs""]",assigned,40.0,142.0,9.0,0.0,80.7439293598234,92909.0,562.0,92347.0,1.0,2.0,0,"{""assistant_processing_time"": 562.0, ""back_and_forth_count"": 1.0, ""code_lines"": 40.0, ""elapsed_time"": 92909.0, ""plan_lines"": 0.0, ""transcript_lines"": 80.7439293598234}",57.98,High,1.0,1.0,0,2026-06-04,2026-06-04,1.00,one-commit analytical invariant
a19bccf7a97c76901ba27f942e9cae26a5642edc,a19bccf7a97c76901ba27f942e9cae26a5642edc,a19bccf,2026-06-05T14:07:44-07:00,2026-06-05T14:07:44-07:00,feat(settings): add last-window close quit preference,"- store quit-on-last-window-close feedback setting with false default
- read setting from app delegate before terminating after last window close
- add unit and ViewInspector coverage for default, stored values, and settings wiring",feat,settings,add last-window close quit preference,False,[],[],parsed,SwiftTag/Features/Settings/FeedbackSettingsView.swift; SwiftTag/Shared/Models/FeedbackSettings.swift; SwiftTag/SwiftTagApp.swift; SwiftTagTests/SwiftTagTests.swift; SwiftTagTests/TrackStatusViewInspectorTests.swift,5,72,1,34,39,0,0,0,0,False,[],"[""transcript-2026-06-03-1-UpdatesForRelease-1-0-2""]","[""diff"", ""picture"", ""settings"", ""tags""]",assigned,34.0,39.0,0.0,0.0,77.67770419426047,2536.0,295.0,2241.0,1.0,2.0,0,"{""assistant_processing_time"": 295.0, ""back_and_forth_count"": 1.0, ""code_lines"": 34.0, ""elapsed_time"": 2536.0, ""plan_lines"": 0.0, ""transcript_lines"": 77.67770419426047}",47.52,Moderate,1.0,1.0,0,2026-06-05,2026-06-05,1.00,one-commit analytical invariant
d4616ef79d1f5f6f9afe47e139aa7a092e4b3085,d4616ef79d1f5f6f9afe47e139aa7a092e4b3085,d4616ef,2026-06-05T15:10:36-07:00,2026-06-05T15:10:36-07:00,feat(applescript): expose quit-on-last-window-close setting,"- add qalw application property mapped to QuitAppOnLastWindowCloseSetting
- persist AppleScript get/set through FeedbackSettingsKey.quitAppOnLastWindowClose
- document setting in user workflow and AppleScript application reference
- cover sdef metadata, UserDefaults bridging, and settings AppleScript script",feat,applescript,expose quit-on-last-window-close setting,False,[],[],parsed,Docs/UserDocumentation/automation/applescript-application.html; Docs/UserDocumentation/workflows/settings.html; SwiftTag/Features/Settings/FeedbackSettingsView.swift; SwiftTag/Shared/Utilities/SwiftTagAppleScriptSupport.swift; SwiftTag/SwiftTag.sdef; SwiftTagAppleScriptTests/test-settings.applescript; SwiftTagTests/SwiftTagAppleScriptTests.swift,7,74,13,42,8,27,0,0,0,False,[],"[""transcript-2026-06-03-1-UpdatesForRelease-1-0-2""]","[""applescript"", ""picture"", ""settings"", ""swifttag-document"", ""tags"", ""user-docs""]",assigned,42.0,8.0,27.0,0.0,72.56732891832229,4630.0,206.0,4424.0,1.0,2.0,0,"{""assistant_processing_time"": 206.0, ""back_and_forth_count"": 1.0, ""code_lines"": 42.0, ""elapsed_time"": 4630.0, ""plan_lines"": 0.0, ""transcript_lines"": 72.56732891832229}",50.38,High,1.0,1.0,0,2026-06-05,2026-06-05,1.00,one-commit analytical invariant
798de55dcbb0a4e26d499cec324224070b108b19,798de55dcbb0a4e26d499cec324224070b108b19,798de55,2026-06-05T17:20:44-07:00,2026-06-05T17:20:44-07:00,feat(tag-editor): add COMMENT tag editor support,"- add COMMENT TagKey, diff identifier, and explicit tag classification
- show Description and Comment text editors in split core tag layout
- map COMMENT separately from DESCRIPTION during FLAC import
- keep AppleScript comment property backed by TagKey.comment
- add tests for COMMENT import, core-tag migration, AppleScript, and UI source contract",feat,tag-editor,add COMMENT tag editor support,False,[],[],parsed,SwiftTag/ContentView.swift; SwiftTag/Features/FlacImport/FlacImportMapper.swift; SwiftTag/Features/TagEditor/TagEditorCoreTagsView.swift; SwiftTag/Features/TagEditor/TagEditorMiscTagsView.swift; SwiftTag/Features/TagEditor/TagEditorView.swift; SwiftTag/Shared/Models/FeedbackSettings.swift; SwiftTag/Shared/Models/TagKey.swift; SwiftTag/Shared/Utilities/SwiftTagAppleScriptSupport.swift; SwiftTag/Shared/Utilities/TagNormalization.swift; SwiftTagTests/SwiftTagAppleScriptTests.swift; SwiftTagTests/SwiftTagTests.swift; SwiftTagTests/TrackStatusViewInspectorTests.swift,12,162,26,122,66,0,0,0,0,False,[],"[""transcript-2026-06-03-1-UpdatesForRelease-1-0-2""]","[""applescript"", ""diff"", ""picture"", ""settings"", ""tags""]",assigned,122.0,66.0,0.0,0.0,66.43487858719647,6064.0,397.0,5667.0,1.0,2.0,0,"{""assistant_processing_time"": 397.0, ""back_and_forth_count"": 1.0, ""code_lines"": 122.0, ""elapsed_time"": 6064.0, ""plan_lines"": 0.0, ""transcript_lines"": 66.43487858719647}",56.78,High,1.0,1.0,0,2026-06-05,2026-06-05,1.00,one-commit analytical invariant
a0be45da0d49c7dfb87bef36da1afed83c46ba4d,a0be45da0d49c7dfb87bef36da1afed83c46ba4d,a0be45d,2026-06-09T16:23:24-07:00,2026-06-09T16:23:24-07:00,feat(tag-editor): scroll new misc tag rows into view,"- wrap misc tag table in ScrollViewReader and scroll selected row after selection changes
- add UI regression for repeated misc tag additions and visible key-field entry",feat,tag-editor,scroll new misc tag rows into view,False,[],[],parsed,SwiftTag/Features/TagEditor/TagEditorMiscTagsView.swift; SwiftTagUITests/SwiftTagUITestSuites.swift; SwiftTagUITests/SwiftTagUITests.swift,3,133,29,71,91,0,0,0,0,False,[],"[""transcript-2026-06-03-1-UpdatesForRelease-1-0-2""]","[""tags""]",assigned,71.0,91.0,0.0,0.0,118.560706401766,2003.0,2003.0,0.0,3.0,6.0,0,"{""assistant_processing_time"": 2003.0, ""back_and_forth_count"": 3.0, ""code_lines"": 71.0, ""elapsed_time"": 2003.0, ""plan_lines"": 0.0, ""transcript_lines"": 118.560706401766}",56.9,High,1.0,1.0,0,2026-06-09,2026-06-09,1.00,one-commit analytical invariant
31627a922620a24d64ae4f88232256f56993e172,31627a922620a24d64ae4f88232256f56993e172,31627a9,2026-06-09T17:40:15-07:00,2026-06-09T17:40:15-07:00,"feat(quicklook): update album title color, size and truncation for better visibilty",,feat,quicklook,"update album title color, size and truncation for better visibilty",False,[],[],parsed,SwiftTag/Shared/QuickLook/SwiftTagDocumentQuickLookView.swift,1,4,2,6,0,0,0,0,0,False,[],[],"[""swifttag-document"", ""tags""]",assigned,6.0,0.0,0.0,0.0,0.0,,,,0.0,0.0,0,"{""assistant_processing_time"": null, ""back_and_forth_count"": 0.0, ""code_lines"": 6.0, ""elapsed_time"": null, ""plan_lines"": 0.0, ""transcript_lines"": 0.0}",8.22,Low,0.7,1.0,0,2026-06-09,2026-06-09,1.00,one-commit analytical invariant
abe9194d5f3d791d34010e12ea51acb0054ae4ce,abe9194d5f3d791d34010e12ea51acb0054ae4ce,abe9194,2026-06-11T17:33:53-07:00,2026-06-11T17:33:53-07:00,project(release): prepare 1.0.2 release,"- update SwiftTag and Quick Look marketing versions from 1.0.1 to 1.0.2
- add release information page with signature and notarization verification details
- add release information navigation links across user documentation pages
- add QR code assets and wrapping table styles for release verification content

docs(transcript): add transcript for 1.0.2 updates",project,release,prepare 1.0.2 release,False,[],"[""docs(transcript): add transcript for 1.0.2 updates""]",parsed,Docs/Plans/Transcripts/transcript-2026-06-03-1-UpdatesForRelease-1-0-2.md; Docs/UserDocumentation/assets/swiftTag-bitcoin-qrc.png; Docs/UserDocumentation/assets/swifttag-cardano-qrc.png; Docs/UserDocumentation/assets/swifttag-docs.css; Docs/UserDocumentation/automation/applescript.html; Docs/UserDocumentation/examples/clean-up-album.html; Docs/UserDocumentation/index.html; Docs/UserDocumentation/quick-start.html; Docs/UserDocumentation/release-information.html; Docs/UserDocumentation/troubleshooting.html; SwiftTag.xcodeproj/project.pbxproj,11,632,6,12,0,167,0,459,0,True,[],"[""transcript-2026-06-03-1-UpdatesForRelease-1-0-2""]","[""applescript"", ""picture"", ""project"", ""swifttag-document"", ""tags""]",assigned,12.0,0.0,167.0,0.0,0.0,,,,0.0,0.0,0,"{""assistant_processing_time"": null, ""back_and_forth_count"": 0.0, ""code_lines"": 12.0, ""elapsed_time"": null, ""plan_lines"": 0.0, ""transcript_lines"": 0.0}",9.23,Low,0.7,1.0,0,2026-06-11,2026-06-11,1.00,one-commit analytical invariant
9654a156c85a094a0fe4d86cb59ab87de34bf6f3,9654a156c85a094a0fe4d86cb59ab87de34bf6f3,9654a15,2026-06-14T21:25:46-07:00,2026-06-14T21:25:46-07:00,fix(save): stage overwrite replacements on destination volume,"- create FLAC rewrite temp files with itemReplacementDirectory for target file
- stage SwiftTag document packages with itemReplacementDirectory for destination folder
- remove replacement staging directories after write",fix,save,stage overwrite replacements on destination volume,False,[],[],parsed,SwiftTag/FlacMetadataService.swift; SwiftTag/Shared/Utilities/SwiftTagDocumentPackageWriter.swift,2,62,51,113,0,0,0,0,0,False,[],[],"[""flac-lib"", ""save"", ""swifttag-document"", ""tags""]",assigned,113.0,0.0,0.0,0.0,0.0,,,,0.0,0.0,0,"{""assistant_processing_time"": null, ""back_and_forth_count"": 0.0, ""code_lines"": 113.0, ""elapsed_time"": null, ""plan_lines"": 0.0, ""transcript_lines"": 0.0}",18.03,Low,0.7,1.0,0,2026-06-14,2026-06-14,1.00,one-commit analytical invariant
fdd51810b0f51c7b8ee798ecfa0eb42453627946,fdd51810b0f51c7b8ee798ecfa0eb42453627946,fdd5181,2026-06-14T23:02:25-07:00,2026-06-14T23:02:25-07:00,fix(rename): refresh all batch-renamed FLAC tracks,"- keep file monitor observations alive when old paths disappear during batch rename
- preserve clean editor baseline for path-only file refreshes
- add AppleScript UI coverage for 15-file rename and modified state
- assert rename refresh keeps tracks clean in unit tests",fix,rename,refresh all batch-renamed FLAC tracks,False,[],[],parsed,SwiftTag/Features/TagEditor/TagEditorViewModel.swift; SwiftTag/Shared/Utilities/TrackFileMonitor.swift; SwiftTagTests/SwiftTagTests.swift; SwiftTagUITests/SwiftTagUITestSuites.swift; SwiftTagUITests/SwiftTagUITests.swift,5,304,1,30,275,0,0,0,0,False,[],[],"[""applescript"", ""diff"", ""picture"", ""project"", ""tags""]",assigned,30.0,275.0,0.0,0.0,0.0,,,,0.0,0.0,0,"{""assistant_processing_time"": null, ""back_and_forth_count"": 0.0, ""code_lines"": 30.0, ""elapsed_time"": null, ""plan_lines"": 0.0, ""transcript_lines"": 0.0}",11.39,Low,0.7,1.0,0,2026-06-14,2026-06-14,1.00,one-commit analytical invariant
d2843d58d7c77e0470d1b467eacf8a956665e2c9,d2843d58d7c77e0470d1b467eacf8a956665e2c9,d2843d5,2026-06-15T15:22:40-07:00,2026-06-15T15:22:40-07:00,feat(tags): add per-disc track total update mode,"- add save setting, disabled Settings toggle, and AppleScript property
- calculate disc counts for manual and automatic track-total updates
- add File and context-menu commands for per-disc total updates
- update mismatch warnings to accept table totals or matching disc totals
- document behavior and add plan, transcript, unit, source, and AppleScript tests",feat,tags,add per-disc track total update mode,False,[],[],parsed,Docs/Plans/30-AutoUpdateTrackTotalByDisc.md; Docs/Plans/Transcripts/transcript-2026-06-15-1-30-AutoUpdateTrackTotalByDisc.md; Docs/UserDocumentation/automation/applescript-application.html; Docs/UserDocumentation/workflows/settings.html; Docs/UserDocumentation/workflows/tags.html; SwiftTag/ContentView.swift; SwiftTag/Features/Settings/SettingsView.swift; SwiftTag/Features/Settings/TagWriteSettingsView.swift; SwiftTag/Features/TagEditor/TagEditorCoreTagsView.swift; SwiftTag/Features/TagEditor/TagEditorTrackFileView.swift; SwiftTag/Features/TagEditor/TagEditorView.swift; SwiftTag/Features/TagEditor/TagEditorViewModel.swift; SwiftTag/Shared/Models/SaveSettings.swift; SwiftTag/Shared/Utilities/SwiftTagAppleScriptSupport.swift; SwiftTag/SwiftTag.sdef; SwiftTag/SwiftTagApp.swift; SwiftTagAppleScriptTests/test-settings.applescript; SwiftTagTests/SwiftTagAppleScriptTests.swift; SwiftTagTests/SwiftTagTests.swift; SwiftTagTests/TrackStatusViewInspectorTests.swift,20,1303,28,290,224,23,502,284,0,False,"[""30""]","[""transcript-2026-06-15-1-30-AutoUpdateTrackTotalByDisc""]","[""applescript"", ""diff"", ""save"", ""settings"", ""swifttag-document"", ""tags"", ""user-docs""]",assigned,290.0,224.0,23.0,502.0,284.0,5896.0,1401.0,4495.0,6.0,12.0,0,"{""assistant_processing_time"": 1401.0, ""back_and_forth_count"": 6.0, ""code_lines"": 290.0, ""elapsed_time"": 5896.0, ""plan_lines"": 502.0, ""transcript_lines"": 284.0}",83.0,Very High,1.0,1.0,0,2026-06-15,2026-06-15,1.00,one-commit analytical invariant
7228297fdfbf05a87af30e5330fdcdd1e908dd84,7228297fdfbf05a87af30e5330fdcdd1e908dd84,7228297,2026-06-17T00:09:06-07:00,2026-06-17T00:09:06-07:00,feat(tracks): add sort order and track numbering controls,"- add table sort mode for track number and filename ordering
- add menu and context commands for sorting and setting track numbers
- expose AppleScript track sort order property with track sort options
- align AppleScript track ordering and index specifiers with current sort mode
- update user documentation, implementation plan, transcript, and tests",feat,tracks,add sort order and track numbering controls,False,[],[],parsed,Docs/Plans/31-SetTrackNumbersAndSortTracks.md; Docs/Plans/Transcripts/transcript-2026-06-16-1-31-AddTrackSortAndNumbering.md; Docs/UserDocumentation/automation/applescript-enumerations.html; Docs/UserDocumentation/automation/applescript-examples.html; Docs/UserDocumentation/automation/applescript-windows.html; Docs/UserDocumentation/workflows/tags.html; SwiftTag/ContentView.swift; SwiftTag/Features/TagEditor/TagEditorTrackFileView.swift; SwiftTag/Features/TagEditor/TagEditorView.swift; SwiftTag/Features/TagEditor/TagEditorViewModel.swift; SwiftTag/Shared/Models/Track.swift; SwiftTag/Shared/Utilities/SwiftTagAppleScriptSupport.swift; SwiftTag/SwiftTag.sdef; SwiftTag/SwiftTagApp.swift; SwiftTagTests/SwiftTagAppleScriptTests.swift; SwiftTagTests/SwiftTagTests.swift; SwiftTagTests/TrackStatusViewInspectorTests.swift,17,1633,33,453,447,83,446,237,0,False,"[""31""]","[""transcript-2026-06-16-1-31-AddTrackSortAndNumbering""]","[""applescript"", ""diff"", ""swifttag-document"", ""tags"", ""user-docs""]",assigned,453.0,447.0,83.0,446.0,236.99999999999994,79754.0,1959.0,77795.0,4.0,8.0,0,"{""assistant_processing_time"": 1959.0, ""back_and_forth_count"": 4.0, ""code_lines"": 453.0, ""elapsed_time"": 79754.0, ""plan_lines"": 446.0, ""transcript_lines"": 236.99999999999994}",88.82,Very High,1.0,1.0,0,2026-06-17,2026-06-17,1.00,one-commit analytical invariant
88d09498e62eed6f088450eb0cf1ec3129a7ad34,88d09498e62eed6f088450eb0cf1ec3129a7ad34,88d0949,2026-06-17T11:00:06-07:00,2026-06-17T11:00:06-07:00,feat(tags): add auto disc total setting and command,"- add auto update disc total defaults, settings toggle, and AppleScript property
- calculate disc total from highest valid non-deleted DISCNUMBER
- add Set Disc Total menu and track-table context menu actions with focused routing
- disable total-disc editing while auto update disc total is enabled
- update mismatch detection when disc totals exceed current disc-number range
- document setting, command, and AppleScript application property
- add plan, transcript, unit, ViewInspector, source-order, and AppleScript coverage",feat,tags,add auto disc total setting and command,False,[],[],parsed,Docs/Plans/32-AutoUpdateDiscTotal.md; Docs/Plans/Transcripts/transcript-2026-06-17-1-32-AutoUpdateDiscTotal.md; Docs/UserDocumentation/automation/applescript-application.html; Docs/UserDocumentation/workflows/settings.html; Docs/UserDocumentation/workflows/tags.html; SwiftTag/ContentView.swift; SwiftTag/Features/Settings/SettingsView.swift; SwiftTag/Features/Settings/TagWriteSettingsView.swift; SwiftTag/Features/TagEditor/TagEditorCoreTagsView.swift; SwiftTag/Features/TagEditor/TagEditorTrackFileView.swift; SwiftTag/Features/TagEditor/TagEditorView.swift; SwiftTag/Features/TagEditor/TagEditorViewModel.swift; SwiftTag/Shared/Models/SaveSettings.swift; SwiftTag/Shared/Utilities/SwiftTagAppleScriptSupport.swift; SwiftTag/SwiftTag.sdef; SwiftTag/SwiftTagApp.swift; SwiftTagAppleScriptTests/test-settings.applescript; SwiftTagTests/SwiftTagAppleScriptTests.swift; SwiftTagTests/SwiftTagTests.swift; SwiftTagTests/TrackStatusViewInspectorTests.swift,20,1227,10,189,262,26,487,265,0,False,"[""32""]","[""transcript-2026-06-17-1-32-AutoUpdateDiscTotal""]","[""applescript"", ""diff"", ""picture"", ""save"", ""settings"", ""swifttag-document"", ""tags"", ""user-docs""]",assigned,189.0,262.0,26.0,487.0,265.0,4997.0,1250.0,3747.0,5.0,10.0,0,"{""assistant_processing_time"": 1250.0, ""back_and_forth_count"": 5.0, ""code_lines"": 189.0, ""elapsed_time"": 4997.0, ""plan_lines"": 487.0, ""transcript_lines"": 265.0}",77.62,Very High,1.0,1.0,0,2026-06-17,2026-06-17,1.00,one-commit analytical invariant
29444d740b06ee147a5690f1070d56abfa8be162,29444d740b06ee147a5690f1070d56abfa8be162,29444d7,2026-06-19T18:07:57-07:00,2026-06-19T18:07:57-07:00,feat(tag-editor): add track file rename workflow,"- Add persisted rename settings, config sheet, and focused File menu commands.
- Support selected-track and all-track rename scopes for loaded FLAC files.
- Render names from tag placeholders with aliases, zero padding, and sanitizing.
- Validate conflicts before coordinated moves, then refresh bookmarks and export references.
- Update workflow docs, add implementation plan and transcript, and cover rename paths.",feat,tag-editor,add track file rename workflow,False,[],[],parsed,Docs/Plans/33-AddTrackFileRename.md; Docs/Plans/Transcripts/transcript-2026-06-18-1-33-AddTrackFileRename.md; Docs/UserDocumentation/workflows/tags.html; SwiftTag/ContentView.swift; SwiftTag/Features/TagEditor/TagEditorTrackFileView.swift; SwiftTag/Features/TagEditor/TagEditorView.swift; SwiftTag/Features/TagEditor/TagEditorViewModel.swift; SwiftTag/Features/TagEditor/TrackFileRenameSheetView.swift; SwiftTag/Shared/Models/TrackFileRenameSettings.swift; SwiftTag/Shared/Utilities/TrackFileRenameFormatter.swift; SwiftTag/SwiftTagApp.swift; SwiftTagTests/SwiftTagTests.swift; SwiftTagTests/TrackStatusViewInspectorTests.swift,13,3506,4,1350,418,39,982,721,0,False,"[""33""]","[""transcript-2026-06-18-1-33-AddTrackFileRename""]","[""applescript"", ""diff"", ""picture"", ""save"", ""settings"", ""swifttag-document"", ""tags"", ""user-docs""]",assigned,1350.0,418.0,39.0,982.0,716.9999999999999,108706.0,3388.0,105318.0,10.0,20.0,0,"{""assistant_processing_time"": 3388.0, ""back_and_forth_count"": 10.0, ""code_lines"": 1350.0, ""elapsed_time"": 108706.0, ""plan_lines"": 982.0, ""transcript_lines"": 716.9999999999999}",97.28,Very High,1.0,1.0,0,2026-06-19,2026-06-19,1.00,one-commit analytical invariant
d6d76b5913d9f81cd56e52292e703ab25e1d9e9d,d6d76b5913d9f81cd56e52292e703ab25e1d9e9d,d6d76b5,2026-06-19T20:18:02-07:00,2026-06-19T20:18:02-07:00,feat(help): add release and GitHub links to Help menu,"- add Help menu items for 1.0.3 release notes and SwiftTag project page
- add shared help menu link URLs with tests for targets and menu order
- update release information and project version metadata to 1.0.3",feat,help,add release and GitHub links to Help menu,False,[],[],parsed,Docs/UserDocumentation/release-information.html; SwiftTag.xcodeproj/project.pbxproj; SwiftTag/Info.plist; SwiftTag/Shared/Utilities/SwiftTagHelpDocumentation.swift; SwiftTag/SwiftTagApp.swift; SwiftTagTests/SwiftTagHelpDocumentationTests.swift,6,71,17,54,28,6,0,0,0,False,[],[],"[""swifttag-document"", ""tags"", ""user-docs""]",assigned,54.0,28.0,6.0,0.0,0.0,,,,0.0,0.0,0,"{""assistant_processing_time"": null, ""back_and_forth_count"": 0.0, ""code_lines"": 54.0, ""elapsed_time"": null, ""plan_lines"": 0.0, ""transcript_lines"": 0.0}",14.28,Low,0.7,1.0,0,2026-06-19,2026-06-19,1.00,one-commit analytical invariant
9ff3081da95b34bbdf6d8d736fbee5eaf6301b84,9ff3081da95b34bbdf6d8d736fbee5eaf6301b84,9ff3081,2026-06-19T22:44:45-07:00,2026-06-19T22:44:45-07:00,fix(tag-editor): leave missing total tracks blank on load,"- remove fallback that set missing total tracks to loaded track count
- add coverage for tracks without TOTALTRACKS or TRACKTOTAL on load
- keep TRACKTOTAL source values normalized when present

style(save-status): adjust track counter spacing

- align current track index trailing and total track count leading
- add side padding to counter fields and reduce row horizontal padding",fix,tag-editor,leave missing total tracks blank on load,False,[],"[""style(save-status): adjust track counter spacing""]",parsed,SwiftTag/Features/TagEditor/TagEditorViewModel.swift; SwiftTag/Shared/Utilities/SaveStatusView.swift; SwiftTagTests/SwiftTagTests.swift,3,43,12,19,36,0,0,0,0,False,[],[],"[""diff"", ""picture"", ""save"", ""tags""]",assigned,19.0,36.0,0.0,0.0,0.0,,,,0.0,0.0,0,"{""assistant_processing_time"": null, ""back_and_forth_count"": 0.0, ""code_lines"": 19.0, ""elapsed_time"": null, ""plan_lines"": 0.0, ""transcript_lines"": 0.0}",10.1,Low,0.7,1.0,0,2026-06-19,2026-06-19,1.00,one-commit analytical invariant
be8b3e170bc3c338a1fbbb22d814e73b77d7c994,be8b3e170bc3c338a1fbbb22d814e73b77d7c994,be8b3e1,2026-06-20T01:27:03-07:00,2026-06-20T01:27:03-07:00,perf(album-art): cache display images and picture specs,"- create ImageIO-backed display images with cached CGImage assets
- derive picture specs from ImageIO properties without creating decoded images
- store picture specs on album-art pool items
- reuse cached specs when building writable FLAC picture records
- avoid building album-art records for external difference checks
- add interpolation controls for album-art wells
- add tests for preserved picture bytes, sRGB display images, and cached specs

fix(editor): constrain core tag field group height

- set max frame height for core tag metadata fields",perf,album-art,cache display images and picture specs,False,[],"[""fix(editor): constrain core tag field group height""]",parsed,SwiftTag/ContentView.swift; SwiftTag/Features/AlbumArt/AlbumArtSheetView.swift; SwiftTag/Features/AlbumArt/AlbumArtTypes.swift; SwiftTag/Features/AlbumArt/AlbumArtViewModel.swift; SwiftTag/Features/AlbumArt/AlbumArtWellView.swift; SwiftTag/Features/TagEditor/TagEditorCoreTagsView.swift; SwiftTag/Features/TagEditor/TagEditorViewModel.swift; SwiftTag/Shared/Utilities/PictureDataUtilities.swift; SwiftTagTests/SwiftTagTests.swift,9,237,63,230,70,0,0,0,0,False,[],[],"[""diff"", ""picture"", ""tags""]",assigned,230.0,70.0,0.0,0.0,0.0,,,,0.0,0.0,0,"{""assistant_processing_time"": null, ""back_and_forth_count"": 0.0, ""code_lines"": 230.0, ""elapsed_time"": null, ""plan_lines"": 0.0, ""transcript_lines"": 0.0}",22.07,Low,0.7,1.0,0,2026-06-20,2026-06-20,1.00,one-commit analytical invariant
53c04fbdd27f87fda0f693f5de6166e607975ee0,53c04fbdd27f87fda0f693f5de6166e607975ee0,53c04fb,2026-06-20T09:47:47-07:00,2026-06-20T09:47:47-07:00,perf(album-art): avoid image reprocessing on track selection,"- add stable album-art image sources for editor and browser wells
- wrap album-art well image rendering in an equatable view
- route selection changes through a context update that skips picture record merging
- reuse existing pool items before decoding display images during reference merges
- add selection-context regression coverage and update ViewInspector fixtures",perf,album-art,avoid image reprocessing on track selection,False,[],[],parsed,SwiftTag/ContentView.swift; SwiftTag/Features/AlbumArt/AlbumArtSheetView.swift; SwiftTag/Features/AlbumArt/AlbumArtTypes.swift; SwiftTag/Features/AlbumArt/AlbumArtViewModel.swift; SwiftTag/Features/AlbumArt/AlbumArtWellView.swift; SwiftTag/Features/TagEditor/TagEditorAlbumView.swift; SwiftTag/Features/TagEditor/TagEditorView.swift; SwiftTagTests/SwiftTagTests.swift; SwiftTagTests/TrackStatusViewInspectorTests.swift,9,166,26,138,54,0,0,0,0,False,[],[],"[""diff"", ""picture"", ""tags""]",assigned,138.0,54.0,0.0,0.0,0.0,,,,0.0,0.0,0,"{""assistant_processing_time"": null, ""back_and_forth_count"": 0.0, ""code_lines"": 138.0, ""elapsed_time"": null, ""plan_lines"": 0.0, ""transcript_lines"": 0.0}",19.33,Low,0.7,1.0,0,2026-06-20,2026-06-20,1.00,one-commit analytical invariant
e38ebba60c6454fd14c208d37ffb036038f231da,e38ebba60c6454fd14c208d37ffb036038f231da,e38ebba,2026-06-20T15:02:01-07:00,2026-06-20T15:02:01-07:00,fix(commands): add explicit Save SwiftTag Document as shortcut,"- replace shift alternate menu item with standalone command
- bind Save SwiftTag Document as... to Control-Option-S

fix(tests): run all tests and correct test issues/warnings",fix,commands,add explicit Save SwiftTag Document as shortcut,False,[],"[""fix(tests): run all tests and correct test issues/warnings""]",parsed,SwiftTag/Features/AlbumArt/AlbumArtWellView.swift; SwiftTag/SwiftTagApp.swift; SwiftTagTests/SwiftTagAppleScriptTests.swift; SwiftTagTests/SwiftTagTests.swift,4,11,6,12,5,0,0,0,0,False,[],[],"[""applescript"", ""save"", ""swifttag-document"", ""tags""]",assigned,12.0,5.0,0.0,0.0,0.0,,,,0.0,0.0,0,"{""assistant_processing_time"": null, ""back_and_forth_count"": 0.0, ""code_lines"": 12.0, ""elapsed_time"": null, ""plan_lines"": 0.0, ""transcript_lines"": 0.0}",9.23,Low,0.7,1.0,0,2026-06-20,2026-06-20,1.00,one-commit analytical invariant
1071c2e0ffd3bbc279f2cca6e15509e725518e25,1071c2e0ffd3bbc279f2cca6e15509e725518e25,1071c2e,2026-06-23T17:10:07-07:00,2026-06-23T17:10:07-07:00,fix(flac): load files without Vorbis comment tags,"- treat readable FLAC files without VORBIS_COMMENT blocks as empty tag results
- keep missing or unreadable FLAC files on the existing bridge failure path
- add no-tags FLAC fixture coverage for metadata reads and import flow",fix,flac,load files without Vorbis comment tags,False,[],[],parsed,SwiftTag/FLACBridge/src/FlacMetadataBridge.c; SwiftTagTestFiles/test-no_tags.flac; SwiftTagTests/SwiftTagTests.swift,3,122,38,107,53,0,0,0,0,True,[],[],"[""flac-lib"", ""picture"", ""tags""]",assigned,107.0,53.0,0.0,0.0,0.0,,,,0.0,0.0,0,"{""assistant_processing_time"": null, ""back_and_forth_count"": 0.0, ""code_lines"": 107.0, ""elapsed_time"": null, ""plan_lines"": 0.0, ""transcript_lines"": 0.0}",17.88,Low,0.7,1.0,0,2026-06-23,2026-06-23,1.00,one-commit analytical invariant
