commit_hash,short_hash,path,expanded_paths,status,path_class,additions,deletions,binary
2c8445cbde7892ceff58fb58780a79278bcf7d6e,2c8445c,SwiftTag.xcodeproj/project.pbxproj,"[""SwiftTag.xcodeproj/project.pbxproj""]",A,app_code,568,0,False
2c8445cbde7892ceff58fb58780a79278bcf7d6e,2c8445c,SwiftTag.xcodeproj/project.xcworkspace/contents.xcworkspacedata,"[""SwiftTag.xcodeproj/project.xcworkspace/contents.xcworkspacedata""]",A,other,7,0,False
2c8445cbde7892ceff58fb58780a79278bcf7d6e,2c8445c,SwiftTag.xcodeproj/xcuserdata/ccm.xcuserdatad/xcschemes/xcschememanagement.plist,"[""SwiftTag.xcodeproj/xcuserdata/ccm.xcuserdatad/xcschemes/xcschememanagement.plist""]",A,other,14,0,False
2c8445cbde7892ceff58fb58780a79278bcf7d6e,2c8445c,SwiftTag/Assets.xcassets/AccentColor.colorset/Contents.json,"[""SwiftTag/Assets.xcassets/AccentColor.colorset/Contents.json""]",A,app_code,11,0,False
2c8445cbde7892ceff58fb58780a79278bcf7d6e,2c8445c,SwiftTag/Assets.xcassets/AppIcon.appiconset/Contents.json,"[""SwiftTag/Assets.xcassets/AppIcon.appiconset/Contents.json""]",A,app_code,58,0,False
2c8445cbde7892ceff58fb58780a79278bcf7d6e,2c8445c,SwiftTag/Assets.xcassets/Contents.json,"[""SwiftTag/Assets.xcassets/Contents.json""]",A,app_code,6,0,False
2c8445cbde7892ceff58fb58780a79278bcf7d6e,2c8445c,SwiftTag/ContentView.swift,"[""SwiftTag/ContentView.swift""]",A,app_code,24,0,False
2c8445cbde7892ceff58fb58780a79278bcf7d6e,2c8445c,SwiftTag/SwiftTagApp.swift,"[""SwiftTag/SwiftTagApp.swift""]",A,app_code,17,0,False
2c8445cbde7892ceff58fb58780a79278bcf7d6e,2c8445c,SwiftTagTests/SwiftTagTests.swift,"[""SwiftTagTests/SwiftTagTests.swift""]",A,tests,17,0,False
2c8445cbde7892ceff58fb58780a79278bcf7d6e,2c8445c,SwiftTagUITests/SwiftTagUITests.swift,"[""SwiftTagUITests/SwiftTagUITests.swift""]",A,tests,41,0,False
2c8445cbde7892ceff58fb58780a79278bcf7d6e,2c8445c,SwiftTagUITests/SwiftTagUITestsLaunchTests.swift,"[""SwiftTagUITests/SwiftTagUITestsLaunchTests.swift""]",A,tests,33,0,False
639e6a21c2fa231ef59f0c8aab3d67494a0bce8a,639e6a2,SwiftTag/SwiftTagApp.swift,"[""SwiftTag/SwiftTagApp.swift""]",M,app_code,9,0,False
43285ad34d978291d76ea1cfbeac822c7e09b4d2,43285ad,SwiftTag.xcodeproj/xcshareddata/xcschemes/SwiftTag.xcscheme,"[""SwiftTag.xcodeproj/xcshareddata/xcschemes/SwiftTag.xcscheme""]",A,other,102,0,False
43285ad34d978291d76ea1cfbeac822c7e09b4d2,43285ad,SwiftTag.xcodeproj/xcuserdata/ccm.xcuserdatad/xcschemes/xcschememanagement.plist,"[""SwiftTag.xcodeproj/xcuserdata/ccm.xcuserdatad/xcschemes/xcschememanagement.plist""]",M,other,18,0,False
43285ad34d978291d76ea1cfbeac822c7e09b4d2,43285ad,SwiftTag/ContentView.swift,"[""SwiftTag/ContentView.swift""]",M,app_code,45,5,False
8f7481796eca68b823fc7aec209bbb51293c7feb,8f74817,SwiftTag/ContentView.swift,"[""SwiftTag/ContentView.swift""]",M,app_code,44,4,False
2781d736d1d22465c49e505f1fdfa9810b4f5107,2781d73,SwiftTag/ContentView.swift,"[""SwiftTag/ContentView.swift""]",M,app_code,42,32,False
dad9d6e302f63b22f383f5f07d99ec48bade1acc,dad9d6e,SwiftTag/ContentView.swift,"[""SwiftTag/ContentView.swift""]",M,app_code,108,25,False
4fd2b5edcbc462961a46e931d880917e5f3470ba,4fd2b5e,SwiftTag/ContentView.swift,"[""SwiftTag/ContentView.swift""]",M,app_code,82,0,False
4fd2b5edcbc462961a46e931d880917e5f3470ba,4fd2b5e,SwiftTag/SwiftTagApp.swift,"[""SwiftTag/SwiftTagApp.swift""]",M,app_code,23,0,False
0c4e80ab485f4ddfd5292c23962ece5bce8ebb9d,0c4e80a,SwiftTag/ContentView.swift,"[""SwiftTag/ContentView.swift""]",M,app_code,17,11,False
0c4e80ab485f4ddfd5292c23962ece5bce8ebb9d,0c4e80a,SwiftTag/SwiftTagApp.swift,"[""SwiftTag/SwiftTagApp.swift""]",M,app_code,1,11,False
6f2967d87599d562749e274f56e19ecd000bc610,6f2967d,SwiftTag/ContentView.swift,"[""SwiftTag/ContentView.swift""]",M,app_code,8,32,False
6f2967d87599d562749e274f56e19ecd000bc610,6f2967d,SwiftTag/SwiftTagApp.swift,"[""SwiftTag/SwiftTagApp.swift""]",M,app_code,4,1,False
ee7e8faab965a7c2c39bc3ec3f698594d9ce8101,ee7e8fa,SwiftTag.xcodeproj/project.pbxproj,"[""SwiftTag.xcodeproj/project.pbxproj""]",M,app_code,8,0,False
ee7e8faab965a7c2c39bc3ec3f698594d9ce8101,ee7e8fa,SwiftTag/ContentView.swift,"[""SwiftTag/ContentView.swift""]",M,app_code,228,0,False
ee7e8faab965a7c2c39bc3ec3f698594d9ce8101,ee7e8fa,SwiftTag/SwiftTagApp.swift,"[""SwiftTag/SwiftTagApp.swift""]",M,app_code,6,0,False
6cf4772cd3482a0a7ca38f2f613ca64a86da22a1,6cf4772,BuildScripts/build-libflac.sh,"[""BuildScripts/build-libflac.sh""]",A,other,75,0,False
6cf4772cd3482a0a7ca38f2f613ca64a86da22a1,6cf4772,Docs/FLACBridgeExecution.md,"[""Docs/FLACBridgeExecution.md""]",A,plans,24,0,False
6cf4772cd3482a0a7ca38f2f613ca64a86da22a1,6cf4772,SwiftTag.xcodeproj/project.pbxproj,"[""SwiftTag.xcodeproj/project.pbxproj""]",M,app_code,42,0,False
6cf4772cd3482a0a7ca38f2f613ca64a86da22a1,6cf4772,SwiftTag/ContentView.swift,"[""SwiftTag/ContentView.swift""]",M,app_code,1,89,False
6cf4772cd3482a0a7ca38f2f613ca64a86da22a1,6cf4772,SwiftTag/FLACBridge/include/FlacMetadataBridge.h,"[""SwiftTag/FLACBridge/include/FlacMetadataBridge.h""]",A,app_code,33,0,False
6cf4772cd3482a0a7ca38f2f613ca64a86da22a1,6cf4772,SwiftTag/FLACBridge/module.modulemap,"[""SwiftTag/FLACBridge/module.modulemap""]",A,app_code,5,0,False
6cf4772cd3482a0a7ca38f2f613ca64a86da22a1,6cf4772,SwiftTag/FLACBridge/module.modulemap.template,"[""SwiftTag/FLACBridge/module.modulemap.template""]",A,app_code,5,0,False
6cf4772cd3482a0a7ca38f2f613ca64a86da22a1,6cf4772,SwiftTag/FLACBridge/src/FlacMetadataBridge.c,"[""SwiftTag/FLACBridge/src/FlacMetadataBridge.c""]",A,app_code,23,0,False
6cf4772cd3482a0a7ca38f2f613ca64a86da22a1,6cf4772,SwiftTag/FLACBridge/src/FlacMetadataBridge.c.template,"[""SwiftTag/FLACBridge/src/FlacMetadataBridge.c.template""]",A,app_code,23,0,False
6cf4772cd3482a0a7ca38f2f613ca64a86da22a1,6cf4772,SwiftTag/FlacMetadataService.swift,"[""SwiftTag/FlacMetadataService.swift""]",A,app_code,94,0,False
1fcd08274065e59e148cb05d16e592e98f02bced,1fcd082,BuildScripts/build-libflac.sh,"[""BuildScripts/build-libflac.sh""]",M,other,30,22,False
1fcd08274065e59e148cb05d16e592e98f02bced,1fcd082,Docs/FLACBridgeExecution.md,"[""Docs/FLACBridgeExecution.md""]",M,plans,2,1,False
1fcd08274065e59e148cb05d16e592e98f02bced,1fcd082,SwiftTag-Bridging-Header.h,"[""SwiftTag-Bridging-Header.h""]",A,other,6,0,False
1fcd08274065e59e148cb05d16e592e98f02bced,1fcd082,SwiftTag.xcodeproj/project.pbxproj,"[""SwiftTag.xcodeproj/project.pbxproj""]",M,app_code,17,5,False
1fcd08274065e59e148cb05d16e592e98f02bced,1fcd082,SwiftTag.xcodeproj/xcshareddata/xcschemes/SwiftTagApp.xcscheme,"[""SwiftTag.xcodeproj/xcshareddata/xcschemes/SwiftTagApp.xcscheme""]",A,other,102,0,False
1fcd08274065e59e148cb05d16e592e98f02bced,1fcd082,SwiftTag/FLACBridge/src/FlacMetadataBridge.c,"[""SwiftTag/FLACBridge/src/FlacMetadataBridge.c""]",M,app_code,135,12,False
1fcd08274065e59e148cb05d16e592e98f02bced,1fcd082,SwiftTag/FLACBridge/src/FlacMetadataBridge.c.template,"[""SwiftTag/FLACBridge/src/FlacMetadataBridge.c.template""]",M,app_code,2,2,False
1fcd08274065e59e148cb05d16e592e98f02bced,1fcd082,SwiftTag/FlacMetadataService.swift,"[""SwiftTag/FlacMetadataService.swift""]",M,app_code,27,64,False
4f1e2732dc317203bf9fd6f998fe4946be3a760c,4f1e273,Docs/FLACBridgeExecution.md,"[""Docs/FLACBridgeExecution.md""]",M,plans,19,21,False
4f1e2732dc317203bf9fd6f998fe4946be3a760c,4f1e273,SwiftTag.xcodeproj/project.pbxproj,"[""SwiftTag.xcodeproj/project.pbxproj""]",M,app_code,26,2,False
4f1e2732dc317203bf9fd6f998fe4946be3a760c,4f1e273,SwiftTag/FLACBridge/module.modulemap,"[""SwiftTag/FLACBridge/module.modulemap""]",D,app_code,0,5,False
4f1e2732dc317203bf9fd6f998fe4946be3a760c,4f1e273,SwiftTag/FLACBridge/module.modulemap.template,"[""SwiftTag/FLACBridge/module.modulemap.template""]",D,app_code,0,5,False
4f1e2732dc317203bf9fd6f998fe4946be3a760c,4f1e273,SwiftTag/FLACBridge/src/FlacMetadataBridge.c,"[""SwiftTag/FLACBridge/src/FlacMetadataBridge.c""]",M,app_code,1,1,False
4f1e2732dc317203bf9fd6f998fe4946be3a760c,4f1e273,SwiftTag/FLACBridge/src/FlacMetadataBridge.c.template,"[""SwiftTag/FLACBridge/src/FlacMetadataBridge.c.template""]",D,app_code,0,23,False
e382ae31861176bf220f87c7e380b5162331e490,e382ae3,SwiftTag/ContentView.swift,"[""SwiftTag/ContentView.swift""]",M,app_code,159,54,False
c965c3feb354452704670af683ab541da3c43f71,c965c3f,SwiftTag/ContentView.swift,"[""SwiftTag/ContentView.swift""]",M,app_code,226,20,False
2302109d0c43a41cb71c36e47cf2b4b8973a63d6,2302109,SwiftTag/ContentView.swift,"[""SwiftTag/ContentView.swift""]",M,app_code,132,3,False
b5b4f12719bcc1df96078cbbc79157c47985e637,b5b4f12,SwiftTag/ContentView.swift,"[""SwiftTag/ContentView.swift""]",M,app_code,107,25,False
f80a21a0f9e9c0b21edf1637deb0e07fb89efc1e,f80a21a,SwiftTag/ContentView.swift,"[""SwiftTag/ContentView.swift""]",M,app_code,5,0,False
f80a21a0f9e9c0b21edf1637deb0e07fb89efc1e,f80a21a,SwiftTagUITests/SwiftTagUITests.swift,"[""SwiftTagUITests/SwiftTagUITests.swift""]",M,tests,120,0,False
9fea9987c80b7709896d6a46e750b0a0c7925c30,9fea998,SwiftTag.xcodeproj/project.pbxproj,"[""SwiftTag.xcodeproj/project.pbxproj""]",M,app_code,4,1,False
a28886ff5fcb92bf016b563a5df7785225f80a77,a28886f,SwiftTag.xcodeproj/project.pbxproj,"[""SwiftTag.xcodeproj/project.pbxproj""]",M,app_code,11,1,False
f400158d420b3d62590a7863231b3f4fe603006b,f400158,SwiftTag.xcodeproj/project.pbxproj,"[""SwiftTag.xcodeproj/project.pbxproj""]",M,app_code,22,2,False
f400158d420b3d62590a7863231b3f4fe603006b,f400158,SwiftTag/ContentView.swift,"[""SwiftTag/ContentView.swift""]",M,app_code,348,8,False
a76f2110c364943a6a2b000cd575807b8f75a6e6,a76f211,Docs/ContentViewReorganizationPlan.md,"[""Docs/ContentViewReorganizationPlan.md""]",A,plans,125,0,False
a76f2110c364943a6a2b000cd575807b8f75a6e6,a76f211,SwiftTag.xcodeproj/project.pbxproj,"[""SwiftTag.xcodeproj/project.pbxproj""]",M,app_code,2,0,False
a76f2110c364943a6a2b000cd575807b8f75a6e6,a76f211,SwiftTag/ContentView.swift,"[""SwiftTag/ContentView.swift""]",M,app_code,184,1023,False
a76f2110c364943a6a2b000cd575807b8f75a6e6,a76f211,SwiftTag/Features/AlbumArt/AlbumArtSheetView.swift,"[""SwiftTag/Features/AlbumArt/AlbumArtSheetView.swift""]",A,app_code,84,0,False
a76f2110c364943a6a2b000cd575807b8f75a6e6,a76f211,SwiftTag/Features/AlbumArt/AlbumArtTypes.swift,"[""SwiftTag/Features/AlbumArt/AlbumArtTypes.swift""]",A,app_code,61,0,False
a76f2110c364943a6a2b000cd575807b8f75a6e6,a76f211,SwiftTag/Features/AlbumArt/AlbumArtViewModel.swift,"[""SwiftTag/Features/AlbumArt/AlbumArtViewModel.swift""]",A,app_code,181,0,False
a76f2110c364943a6a2b000cd575807b8f75a6e6,a76f211,SwiftTag/Features/AlbumArt/AlbumArtWellView.swift,"[""SwiftTag/Features/AlbumArt/AlbumArtWellView.swift""]",A,app_code,25,0,False
a76f2110c364943a6a2b000cd575807b8f75a6e6,a76f211,SwiftTag/Features/FlacImport/FlacImportMapper.swift,"[""SwiftTag/Features/FlacImport/FlacImportMapper.swift""]",A,app_code,57,0,False
a76f2110c364943a6a2b000cd575807b8f75a6e6,a76f211,SwiftTag/Features/TagEditor/MiscTagsSectionView.swift,"[""SwiftTag/Features/TagEditor/MiscTagsSectionView.swift""]",A,app_code,62,0,False
a76f2110c364943a6a2b000cd575807b8f75a6e6,a76f211,SwiftTag/Features/TagEditor/TOMLUtilityView.swift,"[""SwiftTag/Features/TagEditor/TOMLUtilityView.swift""]",A,app_code,22,0,False
a76f2110c364943a6a2b000cd575807b8f75a6e6,a76f211,SwiftTag/Features/TagEditor/TagEditorHeaderView.swift,"[""SwiftTag/Features/TagEditor/TagEditorHeaderView.swift""]",A,app_code,41,0,False
a76f2110c364943a6a2b000cd575807b8f75a6e6,a76f211,SwiftTag/Features/TagEditor/TagEditorMetadataFieldsView.swift,"[""SwiftTag/Features/TagEditor/TagEditorMetadataFieldsView.swift""]",A,app_code,129,0,False
a76f2110c364943a6a2b000cd575807b8f75a6e6,a76f211,SwiftTag/Features/TagEditor/TagEditorView.swift,"[""SwiftTag/Features/TagEditor/TagEditorView.swift""]",A,app_code,85,0,False
a76f2110c364943a6a2b000cd575807b8f75a6e6,a76f211,SwiftTag/Features/TagEditor/TagEditorViewModel.swift,"[""SwiftTag/Features/TagEditor/TagEditorViewModel.swift""]",A,app_code,489,0,False
a76f2110c364943a6a2b000cd575807b8f75a6e6,a76f211,SwiftTag/Features/TagEditor/TrackTableView.swift,"[""SwiftTag/Features/TagEditor/TrackTableView.swift""]",A,app_code,24,0,False
a76f2110c364943a6a2b000cd575807b8f75a6e6,a76f211,SwiftTag/Shared/Models/MiscTagRow.swift,"[""SwiftTag/Shared/Models/MiscTagRow.swift""]",A,app_code,7,0,False
a76f2110c364943a6a2b000cd575807b8f75a6e6,a76f211,SwiftTag/Shared/Models/TagKey.swift,"[""SwiftTag/Shared/Models/TagKey.swift""]",A,app_code,14,0,False
a76f2110c364943a6a2b000cd575807b8f75a6e6,a76f211,SwiftTag/Shared/Models/Track.swift,"[""SwiftTag/Shared/Models/Track.swift""]",A,app_code,11,0,False
a76f2110c364943a6a2b000cd575807b8f75a6e6,a76f211,SwiftTag/Shared/Utilities/DateTagFormatter.swift,"[""SwiftTag/Shared/Utilities/DateTagFormatter.swift""]",A,app_code,31,0,False
a76f2110c364943a6a2b000cd575807b8f75a6e6,a76f211,SwiftTag/Shared/Utilities/TagNormalization.swift,"[""SwiftTag/Shared/Utilities/TagNormalization.swift""]",A,app_code,32,0,False
a76f2110c364943a6a2b000cd575807b8f75a6e6,a76f211,SwiftTagTests/SwiftTagTests.swift,"[""SwiftTagTests/SwiftTagTests.swift""]",M,tests,90,9,False
a76f2110c364943a6a2b000cd575807b8f75a6e6,a76f211,SwiftTagUITests/SwiftTagUITests.swift,"[""SwiftTagUITests/SwiftTagUITests.swift""]",M,tests,48,1,False
6c669809df69c8e7566517df27f84cd4ac85cb37,6c66980,Docs/ContentViewReorganizationPlan.md,"[""Docs/ContentViewReorganizationPlan.md""]",M,plans,3,3,False
6c669809df69c8e7566517df27f84cd4ac85cb37,6c66980,SwiftTag/Features/TagEditor/{TagEditorHeaderView.swift => TagEditorAlbumView.swift},"[""SwiftTag/Features/TagEditor/TagEditorHeaderView.swift"", ""SwiftTag/Features/TagEditor/TagEditorAlbumView.swift""]",R097,app_code,1,1,False
6c669809df69c8e7566517df27f84cd4ac85cb37,6c66980,SwiftTag/Features/TagEditor/{MiscTagsSectionView.swift => TagEditorMiscTagsView.swift},"[""SwiftTag/Features/TagEditor/MiscTagsSectionView.swift"", ""SwiftTag/Features/TagEditor/TagEditorMiscTagsView.swift""]",R098,app_code,1,1,False
6c669809df69c8e7566517df27f84cd4ac85cb37,6c66980,SwiftTag/Features/TagEditor/{TagEditorMetadataFieldsView.swift => TagEditorTagFieldsView.swift},"[""SwiftTag/Features/TagEditor/TagEditorMetadataFieldsView.swift"", ""SwiftTag/Features/TagEditor/TagEditorTagFieldsView.swift""]",R099,app_code,1,1,False
6c669809df69c8e7566517df27f84cd4ac85cb37,6c66980,SwiftTag/Features/TagEditor/{TrackTableView.swift => TagEditorTrackView.swift},"[""SwiftTag/Features/TagEditor/TrackTableView.swift"", ""SwiftTag/Features/TagEditor/TagEditorTrackView.swift""]",R095,app_code,1,1,False
6c669809df69c8e7566517df27f84cd4ac85cb37,6c66980,SwiftTag/Features/TagEditor/TagEditorView.swift,"[""SwiftTag/Features/TagEditor/TagEditorView.swift""]",M,app_code,4,4,False
94e847e6468708e93ad725939b662235d58aaa17,94e847e,Docs/Guides/git-commit-message-guide.md,"[""Docs/Guides/git-commit-message-guide.md""]",A,docs,664,0,False
94e847e6468708e93ad725939b662235d58aaa17,94e847e,Docs/{ => Plans}/ContentViewReorganizationPlan.md,"[""Docs/{"", ""Plans}/ContentViewReorganizationPlan.md""]",,other,2,2,False
94e847e6468708e93ad725939b662235d58aaa17,94e847e,Docs/{ => Plans}/FLACBridgeExecution.md,"[""Docs/{"", ""Plans}/FLACBridgeExecution.md""]",,other,0,0,False
94e847e6468708e93ad725939b662235d58aaa17,94e847e,SwiftTag.xcodeproj/project.pbxproj,"[""SwiftTag.xcodeproj/project.pbxproj""]",M,app_code,12,4,False
94e847e6468708e93ad725939b662235d58aaa17,94e847e,SwiftTag/Features/TagEditor/{TagEditorTagFieldsView.swift => TagEditorCoreTagsView.swift},"[""SwiftTag/Features/TagEditor/TagEditorTagFieldsView.swift"", ""SwiftTag/Features/TagEditor/TagEditorCoreTagsView.swift""]",R099,app_code,1,1,False
94e847e6468708e93ad725939b662235d58aaa17,94e847e,SwiftTag/Features/TagEditor/{TagEditorTrackView.swift => TagEditorTrackFileView.swift},"[""SwiftTag/Features/TagEditor/TagEditorTrackView.swift"", ""SwiftTag/Features/TagEditor/TagEditorTrackFileView.swift""]",R094,app_code,1,1,False
94e847e6468708e93ad725939b662235d58aaa17,94e847e,SwiftTag/Features/TagEditor/TagEditorView.swift,"[""SwiftTag/Features/TagEditor/TagEditorView.swift""]",M,app_code,2,2,False
bae266f0f97e4d7e264cc54628bfaf3cc70a78f7,bae266f,Docs/Plans/FlacPictureImportAlbumArtPlan.md,"[""Docs/Plans/FlacPictureImportAlbumArtPlan.md""]",A,plans,116,0,False
bae266f0f97e4d7e264cc54628bfaf3cc70a78f7,bae266f,Docs/README.md,"[""Docs/README.md""]",A,docs,55,0,False
bae266f0f97e4d7e264cc54628bfaf3cc70a78f7,bae266f,SwiftTag.xcodeproj/project.pbxproj,"[""SwiftTag.xcodeproj/project.pbxproj""]",M,app_code,2,0,False
bae266f0f97e4d7e264cc54628bfaf3cc70a78f7,bae266f,SwiftTag/ContentView.swift,"[""SwiftTag/ContentView.swift""]",M,app_code,25,21,False
bae266f0f97e4d7e264cc54628bfaf3cc70a78f7,bae266f,SwiftTag/FLACBridge/include/FlacMetadataBridge.h,"[""SwiftTag/FLACBridge/include/FlacMetadataBridge.h""]",M,app_code,16,0,False
bae266f0f97e4d7e264cc54628bfaf3cc70a78f7,bae266f,SwiftTag/FLACBridge/src/FlacMetadataBridge.c,"[""SwiftTag/FLACBridge/src/FlacMetadataBridge.c""]",M,app_code,109,0,False
bae266f0f97e4d7e264cc54628bfaf3cc70a78f7,bae266f,SwiftTag/Features/AlbumArt/AlbumArtTypes.swift,"[""SwiftTag/Features/AlbumArt/AlbumArtTypes.swift""]",M,app_code,3,2,False
bae266f0f97e4d7e264cc54628bfaf3cc70a78f7,bae266f,SwiftTag/Features/AlbumArt/AlbumArtViewModel.swift,"[""SwiftTag/Features/AlbumArt/AlbumArtViewModel.swift""]",M,app_code,19,0,False
bae266f0f97e4d7e264cc54628bfaf3cc70a78f7,bae266f,SwiftTag/Features/FlacImport/FlacImportMapper.swift,"[""SwiftTag/Features/FlacImport/FlacImportMapper.swift""]",M,app_code,12,0,False
bae266f0f97e4d7e264cc54628bfaf3cc70a78f7,bae266f,SwiftTag/Features/TagEditor/TagEditorViewModel.swift,"[""SwiftTag/Features/TagEditor/TagEditorViewModel.swift""]",M,app_code,11,2,False
bae266f0f97e4d7e264cc54628bfaf3cc70a78f7,bae266f,SwiftTag/FlacMetadataService.swift,"[""SwiftTag/FlacMetadataService.swift""]",M,app_code,43,1,False
bae266f0f97e4d7e264cc54628bfaf3cc70a78f7,bae266f,SwiftTag/Shared/Models/Track.swift,"[""SwiftTag/Shared/Models/Track.swift""]",M,app_code,3,1,False
bae266f0f97e4d7e264cc54628bfaf3cc70a78f7,bae266f,SwiftTagTests/SwiftTagTests.swift,"[""SwiftTagTests/SwiftTagTests.swift""]",M,tests,55,0,False
27b32d888ac16fcaa31f6735b29d960131a8315c,27b32d8,Docs/Plans/{FLACBridgeExecution.md => 1-FLACBridgeExecution.md},"[""Docs/Plans/FLACBridgeExecution.md"", ""Docs/Plans/1-FLACBridgeExecution.md""]",R100,plans,0,0,False
27b32d888ac16fcaa31f6735b29d960131a8315c,27b32d8,Docs/Plans/{ContentViewReorganizationPlan.md => 2-ContentViewReorganizationPlan.md},"[""Docs/Plans/ContentViewReorganizationPlan.md"", ""Docs/Plans/2-ContentViewReorganizationPlan.md""]",R100,plans,0,0,False
27b32d888ac16fcaa31f6735b29d960131a8315c,27b32d8,Docs/Plans/{FlacPictureImportAlbumArtPlan.md => 3-FlacPictureImportAlbumArtPlan.md},"[""Docs/Plans/FlacPictureImportAlbumArtPlan.md"", ""Docs/Plans/3-FlacPictureImportAlbumArtPlan.md""]",R100,plans,0,0,False
27b32d888ac16fcaa31f6735b29d960131a8315c,27b32d8,Docs/Plans/4-FlacWriteTagsAndPicturesPlan.md,"[""Docs/Plans/4-FlacWriteTagsAndPicturesPlan.md""]",A,plans,274,0,False
27b32d888ac16fcaa31f6735b29d960131a8315c,27b32d8,Docs/README.md,"[""Docs/README.md""]",M,docs,71,36,False
27b32d888ac16fcaa31f6735b29d960131a8315c,27b32d8,SwiftTag.xcodeproj/project.pbxproj,"[""SwiftTag.xcodeproj/project.pbxproj""]",M,app_code,115,0,False
27b32d888ac16fcaa31f6735b29d960131a8315c,27b32d8,SwiftTag/ContentView.swift,"[""SwiftTag/ContentView.swift""]",M,app_code,150,7,False
27b32d888ac16fcaa31f6735b29d960131a8315c,27b32d8,SwiftTag/FLACBridge/include/FlacMetadataBridge.h,"[""SwiftTag/FLACBridge/include/FlacMetadataBridge.h""]",M,app_code,25,0,False
27b32d888ac16fcaa31f6735b29d960131a8315c,27b32d8,SwiftTag/FLACBridge/src/FlacMetadataBridge.c,"[""SwiftTag/FLACBridge/src/FlacMetadataBridge.c""]",M,app_code,422,0,False
27b32d888ac16fcaa31f6735b29d960131a8315c,27b32d8,SwiftTag/Features/AlbumArt/AlbumArtTypes.swift,"[""SwiftTag/Features/AlbumArt/AlbumArtTypes.swift""]",M,app_code,1,0,False
27b32d888ac16fcaa31f6735b29d960131a8315c,27b32d8,SwiftTag/Features/AlbumArt/AlbumArtViewModel.swift,"[""SwiftTag/Features/AlbumArt/AlbumArtViewModel.swift""]",M,app_code,33,10,False
27b32d888ac16fcaa31f6735b29d960131a8315c,27b32d8,SwiftTag/Features/FlacImport/FlacImportMapper.swift,"[""SwiftTag/Features/FlacImport/FlacImportMapper.swift""]",M,app_code,4,4,False
27b32d888ac16fcaa31f6735b29d960131a8315c,27b32d8,SwiftTag/Features/FlacImport/FlacWriteMapper.swift,"[""SwiftTag/Features/FlacImport/FlacWriteMapper.swift""]",A,app_code,149,0,False
27b32d888ac16fcaa31f6735b29d960131a8315c,27b32d8,SwiftTag/Features/Settings/GeneralSettingsView.swift,"[""SwiftTag/Features/Settings/GeneralSettingsView.swift""]",A,app_code,46,0,False
27b32d888ac16fcaa31f6735b29d960131a8315c,27b32d8,SwiftTag/Features/Settings/SettingsView.swift,"[""SwiftTag/Features/Settings/SettingsView.swift""]",A,app_code,20,0,False
27b32d888ac16fcaa31f6735b29d960131a8315c,27b32d8,SwiftTag/Features/Settings/TagWriteSettingsView.swift,"[""SwiftTag/Features/Settings/TagWriteSettingsView.swift""]",A,app_code,51,0,False
27b32d888ac16fcaa31f6735b29d960131a8315c,27b32d8,SwiftTag/Features/TagEditor/TagEditorViewModel.swift,"[""SwiftTag/Features/TagEditor/TagEditorViewModel.swift""]",M,app_code,149,37,False
27b32d888ac16fcaa31f6735b29d960131a8315c,27b32d8,SwiftTag/FlacMetadataService.swift,"[""SwiftTag/FlacMetadataService.swift""]",M,app_code,144,0,False
27b32d888ac16fcaa31f6735b29d960131a8315c,27b32d8,SwiftTag/Shared/Models/SaveSettings.swift,"[""SwiftTag/Shared/Models/SaveSettings.swift""]",A,app_code,129,0,False
27b32d888ac16fcaa31f6735b29d960131a8315c,27b32d8,SwiftTag/Shared/Models/TagKey.swift,"[""SwiftTag/Shared/Models/TagKey.swift""]",M,app_code,2,2,False
27b32d888ac16fcaa31f6735b29d960131a8315c,27b32d8,SwiftTag/Shared/Models/Track.swift,"[""SwiftTag/Shared/Models/Track.swift""]",M,app_code,15,1,False
27b32d888ac16fcaa31f6735b29d960131a8315c,27b32d8,SwiftTag/Shared/Utilities/TagNormalization.swift,"[""SwiftTag/Shared/Utilities/TagNormalization.swift""]",M,app_code,2,2,False
27b32d888ac16fcaa31f6735b29d960131a8315c,27b32d8,SwiftTag/SwiftTagApp.swift,"[""SwiftTag/SwiftTagApp.swift""]",M,app_code,57,2,False
27b32d888ac16fcaa31f6735b29d960131a8315c,27b32d8,SwiftTagTests/SwiftTagTests.swift,"[""SwiftTagTests/SwiftTagTests.swift""]",M,tests,543,2,False
27b32d888ac16fcaa31f6735b29d960131a8315c,27b32d8,SwiftTagUITests/SwiftTagUITests.swift,"[""SwiftTagUITests/SwiftTagUITests.swift""]",M,tests,305,24,False
f7f7e4be43044e840ea69ce6c03d1217b38913ad,f7f7e4b,.gitignore,"["".gitignore""]",A,other,25,0,False
f7f7e4be43044e840ea69ce6c03d1217b38913ad,f7f7e4b,Docs/Guides/git-commit-message-guide.md,"[""Docs/Guides/git-commit-message-guide.md""]",M,docs,10,2,False
f7f7e4be43044e840ea69ce6c03d1217b38913ad,f7f7e4b,SwiftTag.xcodeproj/project.xcworkspace/xcshareddata/WorkspaceSettings.xcsettings,"[""SwiftTag.xcodeproj/project.xcworkspace/xcshareddata/WorkspaceSettings.xcsettings""]",A,other,5,0,False
5b61279eb659afad29d7c0e59eac297dc9b0505b,5b61279,SwiftTagUITests/SwiftTagUITests.swift,"[""SwiftTagUITests/SwiftTagUITests.swift""]",M,tests,15,57,False
004751dd893b3e1b96ba2e42f9a63fc000d75663,004751d,Agents.md,"[""Agents.md""]",A,other,19,0,False
004751dd893b3e1b96ba2e42f9a63fc000d75663,004751d,Docs/Guides/git-commit-message-guide.md,"[""Docs/Guides/git-commit-message-guide.md""]",M,docs,3,13,False
004751dd893b3e1b96ba2e42f9a63fc000d75663,004751d,Docs/Plans/5-GitCommitGuidePromptPlan.md,"[""Docs/Plans/5-GitCommitGuidePromptPlan.md""]",A,plans,252,0,False
645232c9f5fdbcd436cd208763553a0f163d3f77,645232c,Agents.md,"[""Agents.md""]",M,other,102,1,False
645232c9f5fdbcd436cd208763553a0f163d3f77,645232c,Docs/Plans/5-AddSaveNotificationsPlan.md,"[""Docs/Plans/5-AddSaveNotificationsPlan.md""]",A,plans,170,0,False
645232c9f5fdbcd436cd208763553a0f163d3f77,645232c,Docs/Plans/5-GitCommitGuidePromptPlan.md,"[""Docs/Plans/5-GitCommitGuidePromptPlan.md""]",D,plans,0,252,False
315dd772a284932ebaf5b599e41c6f6dd911a4e4,315dd77,Agents.md,"[""Agents.md""]",D,other,0,120,False
e031a26f031d038fcc430fb7057600f67102ccbe,e031a26,AGENTS.md,"[""AGENTS.md""]",A,docs,182,0,False
e031a26f031d038fcc430fb7057600f67102ccbe,e031a26,Docs/Guides/transcript-template.md,"[""Docs/Guides/transcript-template.md""]",A,docs,30,0,False
80b722ee0e77887149ebfd307538cac12a5907c3,80b722e,AGENTS.md,"[""AGENTS.md""]",M,docs,1,1,False
80b722ee0e77887149ebfd307538cac12a5907c3,80b722e,Docs/Guides/Transcripts/transcript-2026-03-06-1-AGENTS-update.md,"[""Docs/Guides/Transcripts/transcript-2026-03-06-1-AGENTS-update.md""]",A,docs,316,0,False
80b722ee0e77887149ebfd307538cac12a5907c3,80b722e,Docs/Guides/Transcripts/transcript-2026-03-07-1-AGENTS-initial_transcript_update.md,"[""Docs/Guides/Transcripts/transcript-2026-03-07-1-AGENTS-initial_transcript_update.md""]",A,docs,137,0,False
80b722ee0e77887149ebfd307538cac12a5907c3,80b722e,Docs/Plans/5-AddSaveNotificationsPlan.md,"[""Docs/Plans/5-AddSaveNotificationsPlan.md""]",M,plans,5,0,False
80b722ee0e77887149ebfd307538cac12a5907c3,80b722e,Docs/Plans/6-AgentsTranscriptSkillPlan.md,"[""Docs/Plans/6-AgentsTranscriptSkillPlan.md""]",A,plans,149,0,False
80b722ee0e77887149ebfd307538cac12a5907c3,80b722e,Docs/Plans/Transcripts/transcript-2026-02-27-1-1-FLACBridgeExecution.md,"[""Docs/Plans/Transcripts/transcript-2026-02-27-1-1-FLACBridgeExecution.md""]",A,transcripts,91,0,False
80b722ee0e77887149ebfd307538cac12a5907c3,80b722e,Docs/Plans/Transcripts/transcript-2026-03-02-1-MiscTagEditorDev.md,"[""Docs/Plans/Transcripts/transcript-2026-03-02-1-MiscTagEditorDev.md""]",A,transcripts,148,0,False
80b722ee0e77887149ebfd307538cac12a5907c3,80b722e,Docs/Plans/Transcripts/transcript-2026-03-03-1-MiscTagEditorDev.md,"[""Docs/Plans/Transcripts/transcript-2026-03-03-1-MiscTagEditorDev.md""]",A,transcripts,246,0,False
80b722ee0e77887149ebfd307538cac12a5907c3,80b722e,Docs/Plans/Transcripts/transcript-2026-03-04-1-2-ContentViewReorganizationPlan.md.md,"[""Docs/Plans/Transcripts/transcript-2026-03-04-1-2-ContentViewReorganizationPlan.md.md""]",A,transcripts,247,0,False
80b722ee0e77887149ebfd307538cac12a5907c3,80b722e,Docs/Plans/Transcripts/transcript-2026-03-06-1-4-FlacWriteTagsAndPicturesPlan.md,"[""Docs/Plans/Transcripts/transcript-2026-03-06-1-4-FlacWriteTagsAndPicturesPlan.md""]",A,transcripts,499,0,False
80b722ee0e77887149ebfd307538cac12a5907c3,80b722e,Docs/Plans/Transcripts/transcript-2026-03-07-1-5-AddSaveNotificationsPlan.md,"[""Docs/Plans/Transcripts/transcript-2026-03-07-1-5-AddSaveNotificationsPlan.md""]",A,transcripts,788,0,False
80b722ee0e77887149ebfd307538cac12a5907c3,80b722e,Docs/Plans/Transcripts/transcript-2026-03-07-2-6-AgentsTranscriptSkillPlan.md,"[""Docs/Plans/Transcripts/transcript-2026-03-07-2-6-AgentsTranscriptSkillPlan.md""]",A,transcripts,251,0,False
80b722ee0e77887149ebfd307538cac12a5907c3,80b722e,SwiftTag/ContentView.swift,"[""SwiftTag/ContentView.swift""]",M,app_code,127,2,False
80b722ee0e77887149ebfd307538cac12a5907c3,80b722e,SwiftTag/Features/TagEditor/TagEditorViewModel.swift,"[""SwiftTag/Features/TagEditor/TagEditorViewModel.swift""]",M,app_code,40,2,False
80b722ee0e77887149ebfd307538cac12a5907c3,80b722e,SwiftTag/Shared/Models/EditorSessionModels.swift,"[""SwiftTag/Shared/Models/EditorSessionModels.swift""]",A,app_code,125,0,False
80b722ee0e77887149ebfd307538cac12a5907c3,80b722e,SwiftTag/Shared/Models/SaveSettings.swift,"[""SwiftTag/Shared/Models/SaveSettings.swift""]",M,app_code,4,4,False
80b722ee0e77887149ebfd307538cac12a5907c3,80b722e,SwiftTag/Shared/Models/Track.swift,"[""SwiftTag/Shared/Models/Track.swift""]",M,app_code,11,0,False
80b722ee0e77887149ebfd307538cac12a5907c3,80b722e,SwiftTag/Shared/Utilities/EditorWindowCoordinator.swift,"[""SwiftTag/Shared/Utilities/EditorWindowCoordinator.swift""]",A,app_code,108,0,False
80b722ee0e77887149ebfd307538cac12a5907c3,80b722e,SwiftTag/Shared/Utilities/SaveNotificationCoordinator.swift,"[""SwiftTag/Shared/Utilities/SaveNotificationCoordinator.swift""]",A,app_code,301,0,False
80b722ee0e77887149ebfd307538cac12a5907c3,80b722e,SwiftTag/SwiftTagApp.swift,"[""SwiftTag/SwiftTagApp.swift""]",M,app_code,61,4,False
80b722ee0e77887149ebfd307538cac12a5907c3,80b722e,SwiftTagTestFiles/test-with_padding.flac,"[""SwiftTagTestFiles/test-with_padding.flac""]",A,fixtures,0,0,True
80b722ee0e77887149ebfd307538cac12a5907c3,80b722e,SwiftTagTestFiles/test.flac,"[""SwiftTagTestFiles/test.flac""]",A,fixtures,0,0,True
80b722ee0e77887149ebfd307538cac12a5907c3,80b722e,SwiftTagTests/SwiftTagTests.swift,"[""SwiftTagTests/SwiftTagTests.swift""]",M,tests,397,6,False
80b722ee0e77887149ebfd307538cac12a5907c3,80b722e,SwiftTagUITests/SwiftTagUITests.swift,"[""SwiftTagUITests/SwiftTagUITests.swift""]",M,tests,12,3,False
fa93fee5de699542d9c5b51f16ffc9acac505d9c,fa93fee,AGENTS.md,"[""AGENTS.md""]",M,docs,5,4,False
fa93fee5de699542d9c5b51f16ffc9acac505d9c,fa93fee,Docs/Guides/Transcripts/transcript-2026-03-10-1-transcript-guides-update.md,"[""Docs/Guides/Transcripts/transcript-2026-03-10-1-transcript-guides-update.md""]",A,docs,92,0,False
fa93fee5de699542d9c5b51f16ffc9acac505d9c,fa93fee,Docs/Guides/transcript-template.md,"[""Docs/Guides/transcript-template.md""]",M,docs,5,4,False
c499b7aead381ce46c275a2b7e1571e2a49a4cc8,c499b7a,SwiftTag.xcodeproj/project.pbxproj,"[""SwiftTag.xcodeproj/project.pbxproj""]",M,app_code,14,102,False
c499b7aead381ce46c275a2b7e1571e2a49a4cc8,c499b7a,SwiftTag/Assets.xcassets/Brightly_Colored_Fish-512-circle-alpha-full.imageset/Brightly_Colored_Fish-512-circle-alpha-full.png,"[""SwiftTag/Assets.xcassets/Brightly_Colored_Fish-512-circle-alpha-full.imageset/Brightly_Colored_Fish-512-circle-alpha-full.png""]",A,app_code,0,0,True
c499b7aead381ce46c275a2b7e1571e2a49a4cc8,c499b7a,SwiftTag/Assets.xcassets/Brightly_Colored_Fish-512-circle-alpha-full.imageset/Brightly_Colored_Fish-512-circle-alpha-full@2x.png,"[""SwiftTag/Assets.xcassets/Brightly_Colored_Fish-512-circle-alpha-full.imageset/Brightly_Colored_Fish-512-circle-alpha-full@2x.png""]",A,app_code,0,0,True
c499b7aead381ce46c275a2b7e1571e2a49a4cc8,c499b7a,SwiftTag/Assets.xcassets/Brightly_Colored_Fish-512-circle-alpha-full.imageset/Contents.json,"[""SwiftTag/Assets.xcassets/Brightly_Colored_Fish-512-circle-alpha-full.imageset/Contents.json""]",A,app_code,22,0,False
c499b7aead381ce46c275a2b7e1571e2a49a4cc8,c499b7a,SwiftTag/SwiftTag.icon/Assets/SwiftTag-Brightly_Colored_Fish-1024-centered.png,"[""SwiftTag/SwiftTag.icon/Assets/SwiftTag-Brightly_Colored_Fish-1024-centered.png""]",A,app_code,0,0,True
c499b7aead381ce46c275a2b7e1571e2a49a4cc8,c499b7a,SwiftTag/SwiftTag.icon/icon.json,"[""SwiftTag/SwiftTag.icon/icon.json""]",A,app_code,30,0,False
e0cd7da70c303f9524054cf6e150d7fbfca3d9d1,e0cd7da,Docs/Plans/7-AddSaveStatusViewPlan.md,"[""Docs/Plans/7-AddSaveStatusViewPlan.md""]",A,plans,197,0,False
e0cd7da70c303f9524054cf6e150d7fbfca3d9d1,e0cd7da,Docs/Plans/Transcripts/transcript-2026-03-12-1-7-AddSaveStatusViewPlan.md,"[""Docs/Plans/Transcripts/transcript-2026-03-12-1-7-AddSaveStatusViewPlan.md""]",A,transcripts,536,0,False
e0cd7da70c303f9524054cf6e150d7fbfca3d9d1,e0cd7da,SwiftTag/ContentView.swift,"[""SwiftTag/ContentView.swift""]",M,app_code,207,57,False
e0cd7da70c303f9524054cf6e150d7fbfca3d9d1,e0cd7da,SwiftTag/Features/AlbumArt/AlbumArtSheetView.swift,"[""SwiftTag/Features/AlbumArt/AlbumArtSheetView.swift""]",M,app_code,60,28,False
e0cd7da70c303f9524054cf6e150d7fbfca3d9d1,e0cd7da,SwiftTag/Features/AlbumArt/AlbumArtWellView.swift,"[""SwiftTag/Features/AlbumArt/AlbumArtWellView.swift""]",M,app_code,5,1,False
e0cd7da70c303f9524054cf6e150d7fbfca3d9d1,e0cd7da,SwiftTag/Features/TagEditor/TagEditorAlbumView.swift,"[""SwiftTag/Features/TagEditor/TagEditorAlbumView.swift""]",M,app_code,6,1,False
e0cd7da70c303f9524054cf6e150d7fbfca3d9d1,e0cd7da,SwiftTag/Features/TagEditor/TagEditorView.swift,"[""SwiftTag/Features/TagEditor/TagEditorView.swift""]",M,app_code,3,0,False
e0cd7da70c303f9524054cf6e150d7fbfca3d9d1,e0cd7da,SwiftTag/Features/TagEditor/TagEditorViewModel.swift,"[""SwiftTag/Features/TagEditor/TagEditorViewModel.swift""]",M,app_code,30,4,False
e0cd7da70c303f9524054cf6e150d7fbfca3d9d1,e0cd7da,SwiftTag/Shared/Utilities/SaveStatusView.swift,"[""SwiftTag/Shared/Utilities/SaveStatusView.swift""]",A,app_code,151,0,False
e0cd7da70c303f9524054cf6e150d7fbfca3d9d1,e0cd7da,SwiftTag/SwiftTagApp.swift,"[""SwiftTag/SwiftTagApp.swift""]",M,app_code,1,0,False
e0cd7da70c303f9524054cf6e150d7fbfca3d9d1,e0cd7da,SwiftTagTests/SwiftTagTests.swift,"[""SwiftTagTests/SwiftTagTests.swift""]",M,tests,102,10,False
e0cd7da70c303f9524054cf6e150d7fbfca3d9d1,e0cd7da,SwiftTagUITests/SwiftTagUITests.swift,"[""SwiftTagUITests/SwiftTagUITests.swift""]",M,tests,131,0,False
c56695645a5579bac37f1f716650754ccc5750a1,c566956,AGENTS.md,"[""AGENTS.md""]",M,docs,2,0,False
c56695645a5579bac37f1f716650754ccc5750a1,c566956,Docs/Plans/8-AddTrackStatusPlan.md,"[""Docs/Plans/8-AddTrackStatusPlan.md""]",A,plans,276,0,False
c56695645a5579bac37f1f716650754ccc5750a1,c566956,Docs/Plans/Transcripts/transcript-2026-03-13-1-8-AddTrackStatusPlan.md,"[""Docs/Plans/Transcripts/transcript-2026-03-13-1-8-AddTrackStatusPlan.md""]",A,transcripts,154,0,False
c56695645a5579bac37f1f716650754ccc5750a1,c566956,SwiftTag/ContentView.swift,"[""SwiftTag/ContentView.swift""]",M,app_code,361,159,False
c56695645a5579bac37f1f716650754ccc5750a1,c566956,SwiftTag/Features/AlbumArt/AlbumArtSheetView.swift,"[""SwiftTag/Features/AlbumArt/AlbumArtSheetView.swift""]",M,app_code,9,5,False
c56695645a5579bac37f1f716650754ccc5750a1,c566956,SwiftTag/Features/AlbumArt/AlbumArtWellView.swift,"[""SwiftTag/Features/AlbumArt/AlbumArtWellView.swift""]",M,app_code,6,0,False
c56695645a5579bac37f1f716650754ccc5750a1,c566956,SwiftTag/Features/TagEditor/TagEditorAlbumView.swift,"[""SwiftTag/Features/TagEditor/TagEditorAlbumView.swift""]",M,app_code,24,2,False
c56695645a5579bac37f1f716650754ccc5750a1,c566956,SwiftTag/Features/TagEditor/TagEditorCoreTagsView.swift,"[""SwiftTag/Features/TagEditor/TagEditorCoreTagsView.swift""]",M,app_code,66,13,False
c56695645a5579bac37f1f716650754ccc5750a1,c566956,SwiftTag/Features/TagEditor/TagEditorMiscTagsView.swift,"[""SwiftTag/Features/TagEditor/TagEditorMiscTagsView.swift""]",M,app_code,22,3,False
c56695645a5579bac37f1f716650754ccc5750a1,c566956,SwiftTag/Features/TagEditor/TagEditorTrackFileView.swift,"[""SwiftTag/Features/TagEditor/TagEditorTrackFileView.swift""]",M,app_code,43,0,False
c56695645a5579bac37f1f716650754ccc5750a1,c566956,SwiftTag/Features/TagEditor/TagEditorView.swift,"[""SwiftTag/Features/TagEditor/TagEditorView.swift""]",M,app_code,51,3,False
c56695645a5579bac37f1f716650754ccc5750a1,c566956,SwiftTag/Features/TagEditor/TagEditorViewModel.swift,"[""SwiftTag/Features/TagEditor/TagEditorViewModel.swift""]",M,app_code,593,7,False
c56695645a5579bac37f1f716650754ccc5750a1,c566956,SwiftTag/Shared/Models/Track.swift,"[""SwiftTag/Shared/Models/Track.swift""]",M,app_code,10,1,False
c56695645a5579bac37f1f716650754ccc5750a1,c566956,SwiftTag/Shared/Models/TrackStatus.swift,"[""SwiftTag/Shared/Models/TrackStatus.swift""]",A,app_code,26,0,False
c56695645a5579bac37f1f716650754ccc5750a1,c566956,SwiftTag/Shared/Utilities/TrackFileMonitor.swift,"[""SwiftTag/Shared/Utilities/TrackFileMonitor.swift""]",A,app_code,216,0,False
c56695645a5579bac37f1f716650754ccc5750a1,c566956,SwiftTag/SwiftTagApp.swift,"[""SwiftTag/SwiftTagApp.swift""]",M,app_code,20,0,False
c56695645a5579bac37f1f716650754ccc5750a1,c566956,SwiftTagTests/SwiftTagTests.swift,"[""SwiftTagTests/SwiftTagTests.swift""]",M,tests,858,0,False
2d3e003b9689d477939ba8543f037de2cf8068c5,2d3e003,Docs/Plans/8-AddTrackStatusPlan.md,"[""Docs/Plans/8-AddTrackStatusPlan.md""]",M,plans,35,10,False
ae13badc1a2a880e7b374fa67010992d398fa737,ae13bad,AGENTS.md,"[""AGENTS.md""]",M,docs,4,0,False
ae13badc1a2a880e7b374fa67010992d398fa737,ae13bad,Docs/Guides/testing-guide.md,"[""Docs/Guides/testing-guide.md""]",A,docs,120,0,False
ae13badc1a2a880e7b374fa67010992d398fa737,ae13bad,Docs/testing-tools-review.md,"[""Docs/testing-tools-review.md""]",A,docs,81,0,False
ae13badc1a2a880e7b374fa67010992d398fa737,ae13bad,SwiftTag.xcodeproj/project.pbxproj,"[""SwiftTag.xcodeproj/project.pbxproj""]",M,app_code,23,0,False
ae13badc1a2a880e7b374fa67010992d398fa737,ae13bad,SwiftTag.xcodeproj/xcuserdata/ccm.xcuserdatad/xcschemes/xcschememanagement.plist,"[""SwiftTag.xcodeproj/xcuserdata/ccm.xcuserdatad/xcschemes/xcschememanagement.plist""]",M,other,5,0,False
ae13badc1a2a880e7b374fa67010992d398fa737,ae13bad,SwiftTag/ContentView.swift,"[""SwiftTag/ContentView.swift""]",M,app_code,6,1,False
ae13badc1a2a880e7b374fa67010992d398fa737,ae13bad,SwiftTagTests/TrackStatusViewInspectorTests.swift,"[""SwiftTagTests/TrackStatusViewInspectorTests.swift""]",A,tests,189,0,False
ae13badc1a2a880e7b374fa67010992d398fa737,ae13bad,SwiftTagUITests/SwiftTagUITests.swift,"[""SwiftTagUITests/SwiftTagUITests.swift""]",M,tests,24,0,False
d4f65729d1e61f20ac1eaf10d9e5b13db612d6b9,d4f6572,Docs/Guides/testing-guide.md,"[""Docs/Guides/testing-guide.md""]",M,docs,89,64,False
94246bbd4bebc8a284577f2d68b82ff5db235599,94246bb,Docs/Plans/Transcripts/transcript-2026-03-14-1-8-AddTrackStatusPlan.md,"[""Docs/Plans/Transcripts/transcript-2026-03-14-1-8-AddTrackStatusPlan.md""]",A,transcripts,1,0,False
ac28a73112d2a5170ee56f4f05fe6081f4376eb6,ac28a73,Docs/Plans/9-AddUIFeedbackSettings.md,"[""Docs/Plans/9-AddUIFeedbackSettings.md""]",A,plans,263,0,False
ac28a73112d2a5170ee56f4f05fe6081f4376eb6,ac28a73,Docs/Plans/Transcripts/transcript-2026-03-17-1-9-AddUIFeedbackSettings.md,"[""Docs/Plans/Transcripts/transcript-2026-03-17-1-9-AddUIFeedbackSettings.md""]",A,transcripts,31,0,False
ac28a73112d2a5170ee56f4f05fe6081f4376eb6,ac28a73,Docs/Plans/Transcripts/transcript-2026-03-17-2-9-AddUIFeedbackSettings.md,"[""Docs/Plans/Transcripts/transcript-2026-03-17-2-9-AddUIFeedbackSettings.md""]",A,transcripts,513,0,False
ac28a73112d2a5170ee56f4f05fe6081f4376eb6,ac28a73,SwiftTag.xcodeproj/project.pbxproj,"[""SwiftTag.xcodeproj/project.pbxproj""]",M,app_code,13,0,False
ac28a73112d2a5170ee56f4f05fe6081f4376eb6,ac28a73,SwiftTag/ContentView.swift,"[""SwiftTag/ContentView.swift""]",M,app_code,205,43,False
ac28a73112d2a5170ee56f4f05fe6081f4376eb6,ac28a73,SwiftTag/Features/FlacImport/FlacImportMapper.swift,"[""SwiftTag/Features/FlacImport/FlacImportMapper.swift""]",M,app_code,6,0,False
ac28a73112d2a5170ee56f4f05fe6081f4376eb6,ac28a73,SwiftTag/Features/FlacImport/FlacWriteMapper.swift,"[""SwiftTag/Features/FlacImport/FlacWriteMapper.swift""]",M,app_code,24,7,False
ac28a73112d2a5170ee56f4f05fe6081f4376eb6,ac28a73,SwiftTag/Features/Settings/DiffToolsView.swift,"[""SwiftTag/Features/Settings/DiffToolsView.swift""]",A,app_code,41,0,False
ac28a73112d2a5170ee56f4f05fe6081f4376eb6,ac28a73,SwiftTag/Features/Settings/FeedbackSettingsView.swift,"[""SwiftTag/Features/Settings/FeedbackSettingsView.swift""]",A,app_code,85,0,False
ac28a73112d2a5170ee56f4f05fe6081f4376eb6,ac28a73,SwiftTag/Features/Settings/SettingsView.swift,"[""SwiftTag/Features/Settings/SettingsView.swift""]",M,app_code,5,0,False
ac28a73112d2a5170ee56f4f05fe6081f4376eb6,ac28a73,SwiftTag/Features/TagEditor/TagEditorAlbumView.swift,"[""SwiftTag/Features/TagEditor/TagEditorAlbumView.swift""]",M,app_code,43,25,False
ac28a73112d2a5170ee56f4f05fe6081f4376eb6,ac28a73,SwiftTag/Features/TagEditor/TagEditorCoreTagsView.swift,"[""SwiftTag/Features/TagEditor/TagEditorCoreTagsView.swift""]",M,app_code,121,52,False
ac28a73112d2a5170ee56f4f05fe6081f4376eb6,ac28a73,SwiftTag/Features/TagEditor/TagEditorMiscTagsView.swift,"[""SwiftTag/Features/TagEditor/TagEditorMiscTagsView.swift""]",M,app_code,15,15,False
ac28a73112d2a5170ee56f4f05fe6081f4376eb6,ac28a73,SwiftTag/Features/TagEditor/TagEditorTrackFileView.swift,"[""SwiftTag/Features/TagEditor/TagEditorTrackFileView.swift""]",M,app_code,15,16,False
ac28a73112d2a5170ee56f4f05fe6081f4376eb6,ac28a73,SwiftTag/Features/TagEditor/TagEditorView.swift,"[""SwiftTag/Features/TagEditor/TagEditorView.swift""]",M,app_code,74,10,False
ac28a73112d2a5170ee56f4f05fe6081f4376eb6,ac28a73,SwiftTag/Features/TagEditor/TagEditorViewModel.swift,"[""SwiftTag/Features/TagEditor/TagEditorViewModel.swift""]",M,app_code,435,70,False
ac28a73112d2a5170ee56f4f05fe6081f4376eb6,ac28a73,SwiftTag/Shared/Models/EditorSessionModels.swift,"[""SwiftTag/Shared/Models/EditorSessionModels.swift""]",M,app_code,1,0,False
ac28a73112d2a5170ee56f4f05fe6081f4376eb6,ac28a73,SwiftTag/Shared/Models/FeedbackSettings.swift,"[""SwiftTag/Shared/Models/FeedbackSettings.swift""]",A,app_code,173,0,False
ac28a73112d2a5170ee56f4f05fe6081f4376eb6,ac28a73,SwiftTag/Shared/Models/TagKey.swift,"[""SwiftTag/Shared/Models/TagKey.swift""]",M,app_code,2,0,False
ac28a73112d2a5170ee56f4f05fe6081f4376eb6,ac28a73,SwiftTag/Shared/Models/Track.swift,"[""SwiftTag/Shared/Models/Track.swift""]",M,app_code,18,0,False
ac28a73112d2a5170ee56f4f05fe6081f4376eb6,ac28a73,SwiftTag/Shared/Utilities/SaveNotificationCoordinator.swift,"[""SwiftTag/Shared/Utilities/SaveNotificationCoordinator.swift""]",M,app_code,20,0,False
ac28a73112d2a5170ee56f4f05fe6081f4376eb6,ac28a73,SwiftTag/Shared/Utilities/TagDiffFormatting.swift,"[""SwiftTag/Shared/Utilities/TagDiffFormatting.swift""]",A,app_code,139,0,False
ac28a73112d2a5170ee56f4f05fe6081f4376eb6,ac28a73,SwiftTag/SwiftTagApp.swift,"[""SwiftTag/SwiftTagApp.swift""]",M,app_code,11,1,False
ac28a73112d2a5170ee56f4f05fe6081f4376eb6,ac28a73,SwiftTagTests/SwiftTagTests.swift,"[""SwiftTagTests/SwiftTagTests.swift""]",M,tests,348,0,False
ac28a73112d2a5170ee56f4f05fe6081f4376eb6,ac28a73,SwiftTagTests/TrackStatusViewInspectorTests.swift,"[""SwiftTagTests/TrackStatusViewInspectorTests.swift""]",M,tests,59,0,False
ac28a73112d2a5170ee56f4f05fe6081f4376eb6,ac28a73,SwiftTagUITests/SwiftTagUITests.swift,"[""SwiftTagUITests/SwiftTagUITests.swift""]",M,tests,18,148,False
32d8411d0d981716488a64b235fa1c25240b90ba,32d8411,SwiftTag/Features/Settings/DiffToolsView.swift,"[""SwiftTag/Features/Settings/DiffToolsView.swift""]",M,app_code,54,18,False
32d8411d0d981716488a64b235fa1c25240b90ba,32d8411,SwiftTag/Shared/Utilities/TagDiffFormatting.swift,"[""SwiftTag/Shared/Utilities/TagDiffFormatting.swift""]",M,app_code,1,1,False
32d8411d0d981716488a64b235fa1c25240b90ba,32d8411,SwiftTag/SwiftTagApp.swift,"[""SwiftTag/SwiftTagApp.swift""]",M,app_code,9,0,False
83083cbcdf9667c18e3a5c3c11c66d2cfa24f4a6,83083cb,Docs/Plans/9-AddUIFeedbackSettings.md,"[""Docs/Plans/9-AddUIFeedbackSettings.md""]",M,plans,147,251,False
83083cbcdf9667c18e3a5c3c11c66d2cfa24f4a6,83083cb,SwiftTag/ContentView.swift,"[""SwiftTag/ContentView.swift""]",M,app_code,4,4,False
83083cbcdf9667c18e3a5c3c11c66d2cfa24f4a6,83083cb,SwiftTag/Features/Settings/DiffToolsView.swift,"[""SwiftTag/Features/Settings/DiffToolsView.swift""]",M,app_code,8,8,False
83083cbcdf9667c18e3a5c3c11c66d2cfa24f4a6,83083cb,SwiftTag/Shared/Models/FeedbackSettings.swift,"[""SwiftTag/Shared/Models/FeedbackSettings.swift""]",M,app_code,4,4,False
83083cbcdf9667c18e3a5c3c11c66d2cfa24f4a6,83083cb,SwiftTagTests/SwiftTagTests.swift,"[""SwiftTagTests/SwiftTagTests.swift""]",M,tests,26,2,False
83083cbcdf9667c18e3a5c3c11c66d2cfa24f4a6,83083cb,SwiftTagTests/TrackStatusViewInspectorTests.swift,"[""SwiftTagTests/TrackStatusViewInspectorTests.swift""]",M,tests,77,8,False
0d268f9dbda719319837ad31711eb87f9f166499,0d268f9,Docs/Plans/Transcripts/transcript-2026-03-18-1-9-AddUIFeedbackSettings.md,"[""Docs/Plans/Transcripts/transcript-2026-03-18-1-9-AddUIFeedbackSettings.md""]",A,transcripts,155,0,False
0d268f9dbda719319837ad31711eb87f9f166499,0d268f9,SwiftTagTests/SwiftTagTests.swift,"[""SwiftTagTests/SwiftTagTests.swift""]",M,tests,4,4,False
0d268f9dbda719319837ad31711eb87f9f166499,0d268f9,SwiftTagTests/TrackStatusViewInspectorTests.swift,"[""SwiftTagTests/TrackStatusViewInspectorTests.swift""]",M,tests,7,14,False
4f2a9e8f1b624f200c4d62747f38f83200dbaf88,4f2a9e8,SwiftTagTests/TrackStatusViewInspectorTests.swift,"[""SwiftTagTests/TrackStatusViewInspectorTests.swift""]",M,tests,140,2,False
4f2a9e8f1b624f200c4d62747f38f83200dbaf88,4f2a9e8,SwiftTagUITests/SwiftTagUITests.swift,"[""SwiftTagUITests/SwiftTagUITests.swift""]",M,tests,0,80,False
472c0f02b8c8e431c30a0e342fa8aee4bd3f6b63,472c0f0,AGENTS.md,"[""AGENTS.md""]",M,docs,1,0,False
472c0f02b8c8e431c30a0e342fa8aee4bd3f6b63,472c0f0,SwiftTag/ContentView.swift,"[""SwiftTag/ContentView.swift""]",M,app_code,26,1,False
472c0f02b8c8e431c30a0e342fa8aee4bd3f6b63,472c0f0,SwiftTag/Features/Settings/GeneralSettingsView.swift,"[""SwiftTag/Features/Settings/GeneralSettingsView.swift""]",M,app_code,13,11,False
472c0f02b8c8e431c30a0e342fa8aee4bd3f6b63,472c0f0,SwiftTag/Features/Settings/TagWriteSettingsView.swift,"[""SwiftTag/Features/Settings/TagWriteSettingsView.swift""]",M,app_code,128,10,False
472c0f02b8c8e431c30a0e342fa8aee4bd3f6b63,472c0f0,SwiftTag/Shared/Models/SaveSettings.swift,"[""SwiftTag/Shared/Models/SaveSettings.swift""]",M,app_code,5,5,False
472c0f02b8c8e431c30a0e342fa8aee4bd3f6b63,472c0f0,SwiftTag/SwiftTagApp.swift,"[""SwiftTag/SwiftTagApp.swift""]",M,app_code,1,1,False
472c0f02b8c8e431c30a0e342fa8aee4bd3f6b63,472c0f0,SwiftTagUITests/SwiftTagUITests.swift,"[""SwiftTagUITests/SwiftTagUITests.swift""]",M,tests,108,10,False
68f7c7b1c66c1a7acd0564610efe03ceff89180b,68f7c7b,Docs/Plans/10-AddTrackManagement.md,"[""Docs/Plans/10-AddTrackManagement.md""]",A,plans,202,0,False
68f7c7b1c66c1a7acd0564610efe03ceff89180b,68f7c7b,SwiftTag/ContentView.swift,"[""SwiftTag/ContentView.swift""]",M,app_code,387,5,False
68f7c7b1c66c1a7acd0564610efe03ceff89180b,68f7c7b,SwiftTag/Features/Settings/GeneralSettingsView.swift,"[""SwiftTag/Features/Settings/GeneralSettingsView.swift""]",M,app_code,1,0,False
68f7c7b1c66c1a7acd0564610efe03ceff89180b,68f7c7b,SwiftTag/Features/Settings/TagWriteSettingsView.swift,"[""SwiftTag/Features/Settings/TagWriteSettingsView.swift""]",M,app_code,10,0,False
68f7c7b1c66c1a7acd0564610efe03ceff89180b,68f7c7b,SwiftTag/Features/TagEditor/TagEditorCoreTagsView.swift,"[""SwiftTag/Features/TagEditor/TagEditorCoreTagsView.swift""]",M,app_code,17,1,False
68f7c7b1c66c1a7acd0564610efe03ceff89180b,68f7c7b,SwiftTag/Features/TagEditor/TagEditorTrackFileView.swift,"[""SwiftTag/Features/TagEditor/TagEditorTrackFileView.swift""]",M,app_code,77,1,False
68f7c7b1c66c1a7acd0564610efe03ceff89180b,68f7c7b,SwiftTag/Features/TagEditor/TagEditorView.swift,"[""SwiftTag/Features/TagEditor/TagEditorView.swift""]",M,app_code,32,1,False
68f7c7b1c66c1a7acd0564610efe03ceff89180b,68f7c7b,SwiftTag/Features/TagEditor/TagEditorViewModel.swift,"[""SwiftTag/Features/TagEditor/TagEditorViewModel.swift""]",M,app_code,259,20,False
68f7c7b1c66c1a7acd0564610efe03ceff89180b,68f7c7b,SwiftTag/Shared/Models/SaveSettings.swift,"[""SwiftTag/Shared/Models/SaveSettings.swift""]",M,app_code,4,0,False
68f7c7b1c66c1a7acd0564610efe03ceff89180b,68f7c7b,SwiftTag/Shared/Models/Track.swift,"[""SwiftTag/Shared/Models/Track.swift""]",M,app_code,4,0,False
68f7c7b1c66c1a7acd0564610efe03ceff89180b,68f7c7b,SwiftTag/Shared/Utilities/UnsavedChangesCoordinator.swift,"[""SwiftTag/Shared/Utilities/UnsavedChangesCoordinator.swift""]",A,app_code,63,0,False
68f7c7b1c66c1a7acd0564610efe03ceff89180b,68f7c7b,SwiftTag/SwiftTagApp.swift,"[""SwiftTag/SwiftTagApp.swift""]",M,app_code,49,1,False
68f7c7b1c66c1a7acd0564610efe03ceff89180b,68f7c7b,SwiftTagTests/SwiftTagTests.swift,"[""SwiftTagTests/SwiftTagTests.swift""]",M,tests,119,0,False
68f7c7b1c66c1a7acd0564610efe03ceff89180b,68f7c7b,SwiftTagTests/TrackStatusViewInspectorTests.swift,"[""SwiftTagTests/TrackStatusViewInspectorTests.swift""]",M,tests,135,5,False
b1c99ff0e11dc7d38d78a51a328115010a433f80,b1c99ff,Docs/Plans/Transcripts/transcript-2026-03-19-1-10-AddTrackManagement.md,"[""Docs/Plans/Transcripts/transcript-2026-03-19-1-10-AddTrackManagement.md""]",A,transcripts,314,0,False
07da732fae63f277c83cb54cf56698ac80e2c851,07da732,SwiftTag/ContentView.swift,"[""SwiftTag/ContentView.swift""]",M,app_code,167,1,False
07da732fae63f277c83cb54cf56698ac80e2c851,07da732,SwiftTag/Features/AlbumArt/AlbumArtSheetView.swift,"[""SwiftTag/Features/AlbumArt/AlbumArtSheetView.swift""]",M,app_code,1,0,False
07da732fae63f277c83cb54cf56698ac80e2c851,07da732,SwiftTag/Features/TagEditor/TagEditorMiscTagsView.swift,"[""SwiftTag/Features/TagEditor/TagEditorMiscTagsView.swift""]",M,app_code,13,4,False
9e1ce62bf296678be8aa16075285d1f9e0cb453c,9e1ce62,Docs/Plans/11-v1-AddMultiPicturePerTrackSupport.md,"[""Docs/Plans/11-v1-AddMultiPicturePerTrackSupport.md""]",A,plans,235,0,False
9e1ce62bf296678be8aa16075285d1f9e0cb453c,9e1ce62,Docs/Plans/11-v2-AddMultiPicturePerTrackSupport.md,"[""Docs/Plans/11-v2-AddMultiPicturePerTrackSupport.md""]",A,plans,300,0,False
9e1ce62bf296678be8aa16075285d1f9e0cb453c,9e1ce62,Docs/Plans/Transcripts/transcript-2026-03-21-1-11-AddMultiPicturePerTrackSupport.md,"[""Docs/Plans/Transcripts/transcript-2026-03-21-1-11-AddMultiPicturePerTrackSupport.md""]",A,transcripts,536,0,False
9e1ce62bf296678be8aa16075285d1f9e0cb453c,9e1ce62,Docs/Plans/Transcripts/transcript-2026-03-22-1-11-AddMultiPicturePerTrackSupport.md,"[""Docs/Plans/Transcripts/transcript-2026-03-22-1-11-AddMultiPicturePerTrackSupport.md""]",A,transcripts,379,0,False
9e1ce62bf296678be8aa16075285d1f9e0cb453c,9e1ce62,SwiftTag/ContentView.swift,"[""SwiftTag/ContentView.swift""]",M,app_code,173,13,False
9e1ce62bf296678be8aa16075285d1f9e0cb453c,9e1ce62,SwiftTag/Features/AlbumArt/AlbumArtSheetView.swift,"[""SwiftTag/Features/AlbumArt/AlbumArtSheetView.swift""]",M,app_code,225,29,False
9e1ce62bf296678be8aa16075285d1f9e0cb453c,9e1ce62,SwiftTag/Features/AlbumArt/AlbumArtTypes.swift,"[""SwiftTag/Features/AlbumArt/AlbumArtTypes.swift""]",M,app_code,32,0,False
9e1ce62bf296678be8aa16075285d1f9e0cb453c,9e1ce62,SwiftTag/Features/AlbumArt/AlbumArtViewModel.swift,"[""SwiftTag/Features/AlbumArt/AlbumArtViewModel.swift""]",M,app_code,961,37,False
9e1ce62bf296678be8aa16075285d1f9e0cb453c,9e1ce62,SwiftTag/Features/FlacImport/FlacImportMapper.swift,"[""SwiftTag/Features/FlacImport/FlacImportMapper.swift""]",M,app_code,15,0,False
9e1ce62bf296678be8aa16075285d1f9e0cb453c,9e1ce62,SwiftTag/Features/Settings/TagWriteSettingsView.swift,"[""SwiftTag/Features/Settings/TagWriteSettingsView.swift""]",M,app_code,10,0,False
9e1ce62bf296678be8aa16075285d1f9e0cb453c,9e1ce62,SwiftTag/Features/TagEditor/TagEditorAlbumView.swift,"[""SwiftTag/Features/TagEditor/TagEditorAlbumView.swift""]",M,app_code,8,2,False
9e1ce62bf296678be8aa16075285d1f9e0cb453c,9e1ce62,SwiftTag/Features/TagEditor/TagEditorViewModel.swift,"[""SwiftTag/Features/TagEditor/TagEditorViewModel.swift""]",M,app_code,102,24,False
9e1ce62bf296678be8aa16075285d1f9e0cb453c,9e1ce62,SwiftTag/FlacMetadataService.swift,"[""SwiftTag/FlacMetadataService.swift""]",M,app_code,1,1,False
9e1ce62bf296678be8aa16075285d1f9e0cb453c,9e1ce62,SwiftTag/Shared/Models/SaveSettings.swift,"[""SwiftTag/Shared/Models/SaveSettings.swift""]",M,app_code,4,0,False
9e1ce62bf296678be8aa16075285d1f9e0cb453c,9e1ce62,SwiftTag/Shared/Models/Track.swift,"[""SwiftTag/Shared/Models/Track.swift""]",M,app_code,44,2,False
9e1ce62bf296678be8aa16075285d1f9e0cb453c,9e1ce62,SwiftTag/Shared/Models/TrackStatus.swift,"[""SwiftTag/Shared/Models/TrackStatus.swift""]",M,app_code,11,0,False
9e1ce62bf296678be8aa16075285d1f9e0cb453c,9e1ce62,SwiftTag/SwiftTagApp.swift,"[""SwiftTag/SwiftTagApp.swift""]",M,app_code,13,0,False
9e1ce62bf296678be8aa16075285d1f9e0cb453c,9e1ce62,SwiftTagTests/SwiftTagTests.swift,"[""SwiftTagTests/SwiftTagTests.swift""]",M,tests,579,0,False
9e1ce62bf296678be8aa16075285d1f9e0cb453c,9e1ce62,SwiftTagTests/TrackStatusViewInspectorTests.swift,"[""SwiftTagTests/TrackStatusViewInspectorTests.swift""]",M,tests,133,2,False
1e4ea8e60ed212c41a1f3f43a972ccad5855a07a,1e4ea8e,SwiftTag/ContentView.swift,"[""SwiftTag/ContentView.swift""]",M,app_code,18,5,False
1e4ea8e60ed212c41a1f3f43a972ccad5855a07a,1e4ea8e,SwiftTag/Features/AlbumArt/AlbumArtSheetView.swift,"[""SwiftTag/Features/AlbumArt/AlbumArtSheetView.swift""]",M,app_code,17,35,False
1e4ea8e60ed212c41a1f3f43a972ccad5855a07a,1e4ea8e,SwiftTag/Features/AlbumArt/AlbumArtViewModel.swift,"[""SwiftTag/Features/AlbumArt/AlbumArtViewModel.swift""]",M,app_code,159,55,False
1e4ea8e60ed212c41a1f3f43a972ccad5855a07a,1e4ea8e,SwiftTag/Features/TagEditor/TagEditorTrackFileView.swift,"[""SwiftTag/Features/TagEditor/TagEditorTrackFileView.swift""]",M,app_code,2,0,False
1e4ea8e60ed212c41a1f3f43a972ccad5855a07a,1e4ea8e,SwiftTag/Features/TagEditor/TagEditorView.swift,"[""SwiftTag/Features/TagEditor/TagEditorView.swift""]",M,app_code,2,0,False
1e4ea8e60ed212c41a1f3f43a972ccad5855a07a,1e4ea8e,SwiftTagTests/SwiftTagTests.swift,"[""SwiftTagTests/SwiftTagTests.swift""]",M,tests,210,8,False
1e4ea8e60ed212c41a1f3f43a972ccad5855a07a,1e4ea8e,SwiftTagTests/TrackStatusViewInspectorTests.swift,"[""SwiftTagTests/TrackStatusViewInspectorTests.swift""]",M,tests,22,9,False
68e340f508e0f0f5b0ac2fbbcae259abf6155b6e,68e340f,Docs/Plans/11-v3-AddMultiPicturePerTrackSupport.md,"[""Docs/Plans/11-v3-AddMultiPicturePerTrackSupport.md""]",A,plans,198,0,False
68e340f508e0f0f5b0ac2fbbcae259abf6155b6e,68e340f,Docs/Plans/Transcripts/transcript-2026-03-23-1-11-AddMultiPicturePerTrackSupport.md,"[""Docs/Plans/Transcripts/transcript-2026-03-23-1-11-AddMultiPicturePerTrackSupport.md""]",A,transcripts,658,0,False
68e340f508e0f0f5b0ac2fbbcae259abf6155b6e,68e340f,SwiftTag/Features/TagEditor/TagEditorViewModel.swift,"[""SwiftTag/Features/TagEditor/TagEditorViewModel.swift""]",M,app_code,28,6,False
b4593bad7a73d4737a89fa81f52b0a0c853f2bce,b4593ba,Docs/Plans/11-v4-AddMultiPicturePerTrackSupport.md,"[""Docs/Plans/11-v4-AddMultiPicturePerTrackSupport.md""]",A,plans,205,0,False
b4593bad7a73d4737a89fa81f52b0a0c853f2bce,b4593ba,Docs/Plans/Transcripts/transcript-2026-03-24-1-11-AddMultiPicturePerTrackSupport.md,"[""Docs/Plans/Transcripts/transcript-2026-03-24-1-11-AddMultiPicturePerTrackSupport.md""]",A,transcripts,200,0,False
b4593bad7a73d4737a89fa81f52b0a0c853f2bce,b4593ba,SwiftTag/ContentView.swift,"[""SwiftTag/ContentView.swift""]",M,app_code,4,15,False
b4593bad7a73d4737a89fa81f52b0a0c853f2bce,b4593ba,SwiftTag/Features/AlbumArt/AlbumArtSheetView.swift,"[""SwiftTag/Features/AlbumArt/AlbumArtSheetView.swift""]",M,app_code,89,94,False
b4593bad7a73d4737a89fa81f52b0a0c853f2bce,b4593ba,SwiftTag/Features/AlbumArt/AlbumArtViewModel.swift,"[""SwiftTag/Features/AlbumArt/AlbumArtViewModel.swift""]",M,app_code,92,108,False
b4593bad7a73d4737a89fa81f52b0a0c853f2bce,b4593ba,SwiftTag/Features/Settings/FeedbackSettingsView.swift,"[""SwiftTag/Features/Settings/FeedbackSettingsView.swift""]",M,app_code,40,22,False
b4593bad7a73d4737a89fa81f52b0a0c853f2bce,b4593ba,SwiftTag/Features/Settings/GeneralSettingsView.swift,"[""SwiftTag/Features/Settings/GeneralSettingsView.swift""]",M,app_code,1,0,False
b4593bad7a73d4737a89fa81f52b0a0c853f2bce,b4593ba,SwiftTag/Features/Settings/SettingsView.swift,"[""SwiftTag/Features/Settings/SettingsView.swift""]",M,app_code,1,1,False
b4593bad7a73d4737a89fa81f52b0a0c853f2bce,b4593ba,SwiftTag/Features/Settings/TagWriteSettingsView.swift,"[""SwiftTag/Features/Settings/TagWriteSettingsView.swift""]",M,app_code,71,39,False
b4593bad7a73d4737a89fa81f52b0a0c853f2bce,b4593ba,SwiftTag/Shared/Models/SaveSettings.swift,"[""SwiftTag/Shared/Models/SaveSettings.swift""]",M,app_code,1,1,False
b4593bad7a73d4737a89fa81f52b0a0c853f2bce,b4593ba,SwiftTagTests/SwiftTagTests.swift,"[""SwiftTagTests/SwiftTagTests.swift""]",M,tests,144,6,False
b4593bad7a73d4737a89fa81f52b0a0c853f2bce,b4593ba,SwiftTagTests/TrackStatusViewInspectorTests.swift,"[""SwiftTagTests/TrackStatusViewInspectorTests.swift""]",M,tests,20,10,False
f36a117c021f535e956e2d1722625465cd66b2f3,f36a117,Docs/Plans/Transcripts/transcript-2026-03-26-1-11-AddMultiPicturePerTrackSupport.md,"[""Docs/Plans/Transcripts/transcript-2026-03-26-1-11-AddMultiPicturePerTrackSupport.md""]",A,transcripts,99,0,False
f36a117c021f535e956e2d1722625465cd66b2f3,f36a117,SwiftTag/ContentView.swift,"[""SwiftTag/ContentView.swift""]",M,app_code,2,2,False
f36a117c021f535e956e2d1722625465cd66b2f3,f36a117,SwiftTag/Features/AlbumArt/AlbumArtSheetView.swift,"[""SwiftTag/Features/AlbumArt/AlbumArtSheetView.swift""]",M,app_code,52,19,False
f36a117c021f535e956e2d1722625465cd66b2f3,f36a117,SwiftTag/Features/AlbumArt/AlbumArtViewModel.swift,"[""SwiftTag/Features/AlbumArt/AlbumArtViewModel.swift""]",M,app_code,41,6,False
f36a117c021f535e956e2d1722625465cd66b2f3,f36a117,SwiftTagTests/SwiftTagTests.swift,"[""SwiftTagTests/SwiftTagTests.swift""]",M,tests,48,18,False
f36a117c021f535e956e2d1722625465cd66b2f3,f36a117,SwiftTagTests/TrackStatusViewInspectorTests.swift,"[""SwiftTagTests/TrackStatusViewInspectorTests.swift""]",M,tests,19,6,False
2c3898c5b9fee3c3eefa3367c3219b2f4dbd2974,2c3898c,Docs/Plans/Transcripts/transcript-2026-03-26-1-11-AddMultiPicturePerTrackSupport.md,"[""Docs/Plans/Transcripts/transcript-2026-03-26-1-11-AddMultiPicturePerTrackSupport.md""]",M,transcripts,62,0,False
2c3898c5b9fee3c3eefa3367c3219b2f4dbd2974,2c3898c,SwiftTagTests/SwiftTagTests.swift,"[""SwiftTagTests/SwiftTagTests.swift""]",M,tests,13,32,False
ce82bfb0ed6ae71f4fa52b159af692e3b74fe2c7,ce82bfb,Docs/Plans/Transcripts/transcript-2026-03-26-1-11-AddMultiPicturePerTrackSupport.md,"[""Docs/Plans/Transcripts/transcript-2026-03-26-1-11-AddMultiPicturePerTrackSupport.md""]",M,transcripts,101,0,False
ce82bfb0ed6ae71f4fa52b159af692e3b74fe2c7,ce82bfb,SwiftTag/ContentView.swift,"[""SwiftTag/ContentView.swift""]",M,app_code,2,2,False
ce82bfb0ed6ae71f4fa52b159af692e3b74fe2c7,ce82bfb,SwiftTag/Features/AlbumArt/AlbumArtSheetView.swift,"[""SwiftTag/Features/AlbumArt/AlbumArtSheetView.swift""]",M,app_code,5,4,False
ce82bfb0ed6ae71f4fa52b159af692e3b74fe2c7,ce82bfb,SwiftTag/Features/AlbumArt/AlbumArtViewModel.swift,"[""SwiftTag/Features/AlbumArt/AlbumArtViewModel.swift""]",M,app_code,45,36,False
ce82bfb0ed6ae71f4fa52b159af692e3b74fe2c7,ce82bfb,SwiftTagTests/SwiftTagTests.swift,"[""SwiftTagTests/SwiftTagTests.swift""]",M,tests,140,0,False
ce82bfb0ed6ae71f4fa52b159af692e3b74fe2c7,ce82bfb,SwiftTagTests/TrackStatusViewInspectorTests.swift,"[""SwiftTagTests/TrackStatusViewInspectorTests.swift""]",M,tests,17,12,False
2aee7213d2467ac765cf2f834b3e8b0a5409064e,2aee721,Docs/Plans/Transcripts/transcript-2026-03-26-1-11-AddMultiPicturePerTrackSupport.md,"[""Docs/Plans/Transcripts/transcript-2026-03-26-1-11-AddMultiPicturePerTrackSupport.md""]",M,transcripts,32,0,False
2aee7213d2467ac765cf2f834b3e8b0a5409064e,2aee721,SwiftTag/Features/AlbumArt/AlbumArtSheetView.swift,"[""SwiftTag/Features/AlbumArt/AlbumArtSheetView.swift""]",M,app_code,26,7,False
2aee7213d2467ac765cf2f834b3e8b0a5409064e,2aee721,SwiftTag/Features/Settings/DiffToolsView.swift,"[""SwiftTag/Features/Settings/DiffToolsView.swift""]",M,app_code,10,1,False
2aee7213d2467ac765cf2f834b3e8b0a5409064e,2aee721,SwiftTag/Features/Settings/FeedbackSettingsView.swift,"[""SwiftTag/Features/Settings/FeedbackSettingsView.swift""]",M,app_code,10,0,False
2aee7213d2467ac765cf2f834b3e8b0a5409064e,2aee721,SwiftTag/Shared/Models/FeedbackSettings.swift,"[""SwiftTag/Shared/Models/FeedbackSettings.swift""]",M,app_code,4,0,False
2aee7213d2467ac765cf2f834b3e8b0a5409064e,2aee721,SwiftTag/SwiftTagApp.swift,"[""SwiftTag/SwiftTagApp.swift""]",M,app_code,1,1,False
2aee7213d2467ac765cf2f834b3e8b0a5409064e,2aee721,SwiftTagTests/SwiftTagTests.swift,"[""SwiftTagTests/SwiftTagTests.swift""]",M,tests,2,0,False
2aee7213d2467ac765cf2f834b3e8b0a5409064e,2aee721,SwiftTagTests/TrackStatusViewInspectorTests.swift,"[""SwiftTagTests/TrackStatusViewInspectorTests.swift""]",M,tests,6,2,False
a0438824397c29c96ca6c63b48ef501b5d63dffe,a043882,Docs/Plans/Transcripts/transcript-2026-03-26-1-11-AddMultiPicturePerTrackSupport.md,"[""Docs/Plans/Transcripts/transcript-2026-03-26-1-11-AddMultiPicturePerTrackSupport.md""]",M,transcripts,29,3,False
a0438824397c29c96ca6c63b48ef501b5d63dffe,a043882,SwiftTag/ContentView.swift,"[""SwiftTag/ContentView.swift""]",M,app_code,6,0,False
a0438824397c29c96ca6c63b48ef501b5d63dffe,a043882,SwiftTag/Features/AlbumArt/AlbumArtSheetView.swift,"[""SwiftTag/Features/AlbumArt/AlbumArtSheetView.swift""]",M,app_code,224,207,False
a0438824397c29c96ca6c63b48ef501b5d63dffe,a043882,SwiftTag/Features/AlbumArt/AlbumArtViewModel.swift,"[""SwiftTag/Features/AlbumArt/AlbumArtViewModel.swift""]",M,app_code,40,2,False
a0438824397c29c96ca6c63b48ef501b5d63dffe,a043882,SwiftTag/Features/AlbumArt/AlbumArtWellView.swift,"[""SwiftTag/Features/AlbumArt/AlbumArtWellView.swift""]",M,app_code,49,0,False
a0438824397c29c96ca6c63b48ef501b5d63dffe,a043882,SwiftTag/FlacMetadataService.swift,"[""SwiftTag/FlacMetadataService.swift""]",M,app_code,31,1,False
a0438824397c29c96ca6c63b48ef501b5d63dffe,a043882,SwiftTagTests/SwiftTagTests.swift,"[""SwiftTagTests/SwiftTagTests.swift""]",M,tests,34,0,False
a0438824397c29c96ca6c63b48ef501b5d63dffe,a043882,SwiftTagTests/TrackStatusViewInspectorTests.swift,"[""SwiftTagTests/TrackStatusViewInspectorTests.swift""]",M,tests,54,0,False
bba775b507acd848d8bea0c67609752e0d812194,bba775b,.gitignore,"["".gitignore""]",M,other,4,0,False
bba775b507acd848d8bea0c67609752e0d812194,bba775b,BuildScripts/build-libflac.sh,"[""BuildScripts/build-libflac.sh""]",M,other,13,2,False
bba775b507acd848d8bea0c67609752e0d812194,bba775b,Docs/Plans/12-AddFLACDocumentOpenSupport.md,"[""Docs/Plans/12-AddFLACDocumentOpenSupport.md""]",A,plans,142,0,False
bba775b507acd848d8bea0c67609752e0d812194,bba775b,Docs/Plans/Transcripts/transcript-2026-03-31-1-12-AddFLACDocumentOpenSupport.md,"[""Docs/Plans/Transcripts/transcript-2026-03-31-1-12-AddFLACDocumentOpenSupport.md""]",A,transcripts,392,0,False
bba775b507acd848d8bea0c67609752e0d812194,bba775b,SwiftTag.xcodeproj/project.pbxproj,"[""SwiftTag.xcodeproj/project.pbxproj""]",M,app_code,12,0,False
bba775b507acd848d8bea0c67609752e0d812194,bba775b,SwiftTag/Assets.xcassets/SwiftTagFLACDoc.iconset/icon_128x128.png,"[""SwiftTag/Assets.xcassets/SwiftTagFLACDoc.iconset/icon_128x128.png""]",A,app_code,0,0,True
bba775b507acd848d8bea0c67609752e0d812194,bba775b,SwiftTag/Assets.xcassets/SwiftTagFLACDoc.iconset/icon_128x128@2x.png,"[""SwiftTag/Assets.xcassets/SwiftTagFLACDoc.iconset/icon_128x128@2x.png""]",A,app_code,0,0,True
bba775b507acd848d8bea0c67609752e0d812194,bba775b,SwiftTag/Assets.xcassets/SwiftTagFLACDoc.iconset/icon_16x16.png,"[""SwiftTag/Assets.xcassets/SwiftTagFLACDoc.iconset/icon_16x16.png""]",A,app_code,0,0,True
bba775b507acd848d8bea0c67609752e0d812194,bba775b,SwiftTag/Assets.xcassets/SwiftTagFLACDoc.iconset/icon_16x16@2x.png,"[""SwiftTag/Assets.xcassets/SwiftTagFLACDoc.iconset/icon_16x16@2x.png""]",A,app_code,0,0,True
bba775b507acd848d8bea0c67609752e0d812194,bba775b,SwiftTag/Assets.xcassets/SwiftTagFLACDoc.iconset/icon_256x256.png,"[""SwiftTag/Assets.xcassets/SwiftTagFLACDoc.iconset/icon_256x256.png""]",A,app_code,0,0,True
bba775b507acd848d8bea0c67609752e0d812194,bba775b,SwiftTag/Assets.xcassets/SwiftTagFLACDoc.iconset/icon_256x256@2x.png,"[""SwiftTag/Assets.xcassets/SwiftTagFLACDoc.iconset/icon_256x256@2x.png""]",A,app_code,0,0,True
bba775b507acd848d8bea0c67609752e0d812194,bba775b,SwiftTag/Assets.xcassets/SwiftTagFLACDoc.iconset/icon_32x32.png,"[""SwiftTag/Assets.xcassets/SwiftTagFLACDoc.iconset/icon_32x32.png""]",A,app_code,0,0,True
bba775b507acd848d8bea0c67609752e0d812194,bba775b,SwiftTag/Assets.xcassets/SwiftTagFLACDoc.iconset/icon_32x32@2x.png,"[""SwiftTag/Assets.xcassets/SwiftTagFLACDoc.iconset/icon_32x32@2x.png""]",A,app_code,0,0,True
bba775b507acd848d8bea0c67609752e0d812194,bba775b,SwiftTag/Assets.xcassets/SwiftTagFLACDoc.iconset/icon_512x512.png,"[""SwiftTag/Assets.xcassets/SwiftTagFLACDoc.iconset/icon_512x512.png""]",A,app_code,0,0,True
bba775b507acd848d8bea0c67609752e0d812194,bba775b,SwiftTag/Assets.xcassets/SwiftTagFLACDoc.iconset/icon_512x512@2x.png,"[""SwiftTag/Assets.xcassets/SwiftTagFLACDoc.iconset/icon_512x512@2x.png""]",A,app_code,0,0,True
bba775b507acd848d8bea0c67609752e0d812194,bba775b,SwiftTag/Assets.xcassets/SwiftTagNamedDoc.iconset/icon_128x128.png,"[""SwiftTag/Assets.xcassets/SwiftTagNamedDoc.iconset/icon_128x128.png""]",A,app_code,0,0,True
bba775b507acd848d8bea0c67609752e0d812194,bba775b,SwiftTag/Assets.xcassets/SwiftTagNamedDoc.iconset/icon_128x128@2x.png,"[""SwiftTag/Assets.xcassets/SwiftTagNamedDoc.iconset/icon_128x128@2x.png""]",A,app_code,0,0,True
bba775b507acd848d8bea0c67609752e0d812194,bba775b,SwiftTag/Assets.xcassets/SwiftTagNamedDoc.iconset/icon_16x16.png,"[""SwiftTag/Assets.xcassets/SwiftTagNamedDoc.iconset/icon_16x16.png""]",A,app_code,0,0,True
bba775b507acd848d8bea0c67609752e0d812194,bba775b,SwiftTag/Assets.xcassets/SwiftTagNamedDoc.iconset/icon_16x16@2x.png,"[""SwiftTag/Assets.xcassets/SwiftTagNamedDoc.iconset/icon_16x16@2x.png""]",A,app_code,0,0,True
bba775b507acd848d8bea0c67609752e0d812194,bba775b,SwiftTag/Assets.xcassets/SwiftTagNamedDoc.iconset/icon_256x256.png,"[""SwiftTag/Assets.xcassets/SwiftTagNamedDoc.iconset/icon_256x256.png""]",A,app_code,0,0,True
bba775b507acd848d8bea0c67609752e0d812194,bba775b,SwiftTag/Assets.xcassets/SwiftTagNamedDoc.iconset/icon_256x256@2x.png,"[""SwiftTag/Assets.xcassets/SwiftTagNamedDoc.iconset/icon_256x256@2x.png""]",A,app_code,0,0,True
bba775b507acd848d8bea0c67609752e0d812194,bba775b,SwiftTag/Assets.xcassets/SwiftTagNamedDoc.iconset/icon_32x32.png,"[""SwiftTag/Assets.xcassets/SwiftTagNamedDoc.iconset/icon_32x32.png""]",A,app_code,0,0,True
bba775b507acd848d8bea0c67609752e0d812194,bba775b,SwiftTag/Assets.xcassets/SwiftTagNamedDoc.iconset/icon_32x32@2x.png,"[""SwiftTag/Assets.xcassets/SwiftTagNamedDoc.iconset/icon_32x32@2x.png""]",A,app_code,0,0,True
bba775b507acd848d8bea0c67609752e0d812194,bba775b,SwiftTag/Assets.xcassets/SwiftTagNamedDoc.iconset/icon_512x512.png,"[""SwiftTag/Assets.xcassets/SwiftTagNamedDoc.iconset/icon_512x512.png""]",A,app_code,0,0,True
bba775b507acd848d8bea0c67609752e0d812194,bba775b,SwiftTag/Assets.xcassets/SwiftTagNamedDoc.iconset/icon_512x512@2x.png,"[""SwiftTag/Assets.xcassets/SwiftTagNamedDoc.iconset/icon_512x512@2x.png""]",A,app_code,0,0,True
bba775b507acd848d8bea0c67609752e0d812194,bba775b,SwiftTag/ContentView.swift,"[""SwiftTag/ContentView.swift""]",M,app_code,137,28,False
bba775b507acd848d8bea0c67609752e0d812194,bba775b,SwiftTag/Info.plist,"[""SwiftTag/Info.plist""]",A,app_code,57,0,False
bba775b507acd848d8bea0c67609752e0d812194,bba775b,SwiftTag/Shared/Utilities/EditorWindowCoordinator.swift,"[""SwiftTag/Shared/Utilities/EditorWindowCoordinator.swift""]",M,app_code,108,8,False
bba775b507acd848d8bea0c67609752e0d812194,bba775b,SwiftTag/SwiftTagApp.swift,"[""SwiftTag/SwiftTagApp.swift""]",M,app_code,63,0,False
bba775b507acd848d8bea0c67609752e0d812194,bba775b,SwiftTagTests/SwiftTagTests.swift,"[""SwiftTagTests/SwiftTagTests.swift""]",M,tests,169,0,False
bba775b507acd848d8bea0c67609752e0d812194,bba775b,SwiftTagUITests/SwiftTagUITests.swift,"[""SwiftTagUITests/SwiftTagUITests.swift""]",M,tests,34,0,False
da7b04f7563351b6c4c0883dbcbc16a5e081336a,da7b04f,AGENTS.md,"[""AGENTS.md""]",M,docs,1,0,False
da7b04f7563351b6c4c0883dbcbc16a5e081336a,da7b04f,Docs/Plans/13-AddFLACFingerprintSupport.md,"[""Docs/Plans/13-AddFLACFingerprintSupport.md""]",A,plans,133,0,False
da7b04f7563351b6c4c0883dbcbc16a5e081336a,da7b04f,Docs/Plans/Transcripts/transcript-2026-04-01-1-13-AddFLACFingerprintSupport.md,"[""Docs/Plans/Transcripts/transcript-2026-04-01-1-13-AddFLACFingerprintSupport.md""]",A,transcripts,96,0,False
da7b04f7563351b6c4c0883dbcbc16a5e081336a,da7b04f,SwiftTag/ContentView.swift,"[""SwiftTag/ContentView.swift""]",M,app_code,2,0,False
da7b04f7563351b6c4c0883dbcbc16a5e081336a,da7b04f,SwiftTag/FLACBridge/include/FlacMetadataBridge.h,"[""SwiftTag/FLACBridge/include/FlacMetadataBridge.h""]",M,app_code,1,0,False
da7b04f7563351b6c4c0883dbcbc16a5e081336a,da7b04f,SwiftTag/FLACBridge/src/FlacMetadataBridge.c,"[""SwiftTag/FLACBridge/src/FlacMetadataBridge.c""]",M,app_code,51,0,False
da7b04f7563351b6c4c0883dbcbc16a5e081336a,da7b04f,SwiftTag/Features/TagEditor/TagEditorTrackFileView.swift,"[""SwiftTag/Features/TagEditor/TagEditorTrackFileView.swift""]",M,app_code,19,0,False
da7b04f7563351b6c4c0883dbcbc16a5e081336a,da7b04f,SwiftTag/Features/TagEditor/TagEditorView.swift,"[""SwiftTag/Features/TagEditor/TagEditorView.swift""]",M,app_code,2,0,False
da7b04f7563351b6c4c0883dbcbc16a5e081336a,da7b04f,SwiftTag/Features/TagEditor/TagEditorViewModel.swift,"[""SwiftTag/Features/TagEditor/TagEditorViewModel.swift""]",M,app_code,19,8,False
da7b04f7563351b6c4c0883dbcbc16a5e081336a,da7b04f,SwiftTag/FlacMetadataService.swift,"[""SwiftTag/FlacMetadataService.swift""]",M,app_code,19,1,False
da7b04f7563351b6c4c0883dbcbc16a5e081336a,da7b04f,SwiftTag/Shared/Models/FeedbackSettings.swift,"[""SwiftTag/Shared/Models/FeedbackSettings.swift""]",M,app_code,2,0,False
da7b04f7563351b6c4c0883dbcbc16a5e081336a,da7b04f,SwiftTag/Shared/Models/Track.swift,"[""SwiftTag/Shared/Models/Track.swift""]",M,app_code,16,0,False
da7b04f7563351b6c4c0883dbcbc16a5e081336a,da7b04f,SwiftTag/Shared/Models/TrackStatus.swift,"[""SwiftTag/Shared/Models/TrackStatus.swift""]",M,app_code,4,1,False
da7b04f7563351b6c4c0883dbcbc16a5e081336a,da7b04f,SwiftTagTests/SwiftTagTests.swift,"[""SwiftTagTests/SwiftTagTests.swift""]",M,tests,78,0,False
da7b04f7563351b6c4c0883dbcbc16a5e081336a,da7b04f,SwiftTagTests/TrackStatusViewInspectorTests.swift,"[""SwiftTagTests/TrackStatusViewInspectorTests.swift""]",M,tests,61,0,False
90ef077070ed157959eed236c4a5edfc023423b8,90ef077,AGENTS.md,"[""AGENTS.md""]",M,docs,2,1,False
90ef077070ed157959eed236c4a5edfc023423b8,90ef077,Docs/Plans/14-AddCompilationTag.md,"[""Docs/Plans/14-AddCompilationTag.md""]",A,plans,196,0,False
90ef077070ed157959eed236c4a5edfc023423b8,90ef077,Docs/Plans/Transcripts/transcript-2026-04-02-1-14-AddCompilationTag.md,"[""Docs/Plans/Transcripts/transcript-2026-04-02-1-14-AddCompilationTag.md""]",A,transcripts,138,0,False
90ef077070ed157959eed236c4a5edfc023423b8,90ef077,SwiftTag/ContentView.swift,"[""SwiftTag/ContentView.swift""]",M,app_code,42,7,False
90ef077070ed157959eed236c4a5edfc023423b8,90ef077,SwiftTag/Features/FlacImport/FlacWriteMapper.swift,"[""SwiftTag/Features/FlacImport/FlacWriteMapper.swift""]",M,app_code,11,0,False
90ef077070ed157959eed236c4a5edfc023423b8,90ef077,SwiftTag/Features/Settings/TagWriteSettingsView.swift,"[""SwiftTag/Features/Settings/TagWriteSettingsView.swift""]",M,app_code,6,6,False
90ef077070ed157959eed236c4a5edfc023423b8,90ef077,SwiftTag/Features/TagEditor/TagEditorCoreTagsView.swift,"[""SwiftTag/Features/TagEditor/TagEditorCoreTagsView.swift""]",M,app_code,83,2,False
90ef077070ed157959eed236c4a5edfc023423b8,90ef077,SwiftTag/Features/TagEditor/TagEditorView.swift,"[""SwiftTag/Features/TagEditor/TagEditorView.swift""]",M,app_code,12,0,False
90ef077070ed157959eed236c4a5edfc023423b8,90ef077,SwiftTag/Features/TagEditor/TagEditorViewModel.swift,"[""SwiftTag/Features/TagEditor/TagEditorViewModel.swift""]",M,app_code,59,4,False
90ef077070ed157959eed236c4a5edfc023423b8,90ef077,SwiftTag/Shared/Models/FeedbackSettings.swift,"[""SwiftTag/Shared/Models/FeedbackSettings.swift""]",M,app_code,3,0,False
90ef077070ed157959eed236c4a5edfc023423b8,90ef077,SwiftTag/Shared/Models/SaveSettings.swift,"[""SwiftTag/Shared/Models/SaveSettings.swift""]",M,app_code,2,2,False
90ef077070ed157959eed236c4a5edfc023423b8,90ef077,SwiftTag/Shared/Models/TagKey.swift,"[""SwiftTag/Shared/Models/TagKey.swift""]",M,app_code,1,0,False
90ef077070ed157959eed236c4a5edfc023423b8,90ef077,SwiftTag/Shared/Utilities/CompilationTag.swift,"[""SwiftTag/Shared/Utilities/CompilationTag.swift""]",A,app_code,29,0,False
90ef077070ed157959eed236c4a5edfc023423b8,90ef077,SwiftTag/Shared/Utilities/TagNormalization.swift,"[""SwiftTag/Shared/Utilities/TagNormalization.swift""]",M,app_code,1,0,False
90ef077070ed157959eed236c4a5edfc023423b8,90ef077,SwiftTagTests/SwiftTagTests.swift,"[""SwiftTagTests/SwiftTagTests.swift""]",M,tests,164,9,False
90ef077070ed157959eed236c4a5edfc023423b8,90ef077,SwiftTagTests/TrackStatusViewInspectorTests.swift,"[""SwiftTagTests/TrackStatusViewInspectorTests.swift""]",M,tests,42,0,False
866d179e6bed7ea2133bcda6ef1ea9f2f91c5a15,866d179,AGENTS.md,"[""AGENTS.md""]",M,docs,3,1,False
866d179e6bed7ea2133bcda6ef1ea9f2f91c5a15,866d179,SwiftTag/SwiftTagApp.swift,"[""SwiftTag/SwiftTagApp.swift""]",M,app_code,24,26,False
1276536d7ce542d757187ed8e2a7a229c6741847,1276536,Docs/Plans/15-AddSwiftTagDocumentCreation.md,"[""Docs/Plans/15-AddSwiftTagDocumentCreation.md""]",A,plans,301,0,False
1276536d7ce542d757187ed8e2a7a229c6741847,1276536,SwiftTag/ContentView.swift,"[""SwiftTag/ContentView.swift""]",M,app_code,64,0,False
1276536d7ce542d757187ed8e2a7a229c6741847,1276536,SwiftTag/FLACBridge/include/FlacMetadataBridge.h,"[""SwiftTag/FLACBridge/include/FlacMetadataBridge.h""]",M,app_code,8,0,False
1276536d7ce542d757187ed8e2a7a229c6741847,1276536,SwiftTag/FLACBridge/src/FlacMetadataBridge.c,"[""SwiftTag/FLACBridge/src/FlacMetadataBridge.c""]",M,app_code,8,0,False
1276536d7ce542d757187ed8e2a7a229c6741847,1276536,SwiftTag/Features/AlbumArt/AlbumArtViewModel.swift,"[""SwiftTag/Features/AlbumArt/AlbumArtViewModel.swift""]",M,app_code,2,2,False
1276536d7ce542d757187ed8e2a7a229c6741847,1276536,SwiftTag/Features/FlacImport/FlacImportMapper.swift,"[""SwiftTag/Features/FlacImport/FlacImportMapper.swift""]",M,app_code,12,3,False
1276536d7ce542d757187ed8e2a7a229c6741847,1276536,SwiftTag/Features/TagEditor/TagEditorViewModel.swift,"[""SwiftTag/Features/TagEditor/TagEditorViewModel.swift""]",M,app_code,103,6,False
1276536d7ce542d757187ed8e2a7a229c6741847,1276536,SwiftTag/FlacMetadataService.swift,"[""SwiftTag/FlacMetadataService.swift""]",M,app_code,77,1,False
1276536d7ce542d757187ed8e2a7a229c6741847,1276536,SwiftTag/Info.plist,"[""SwiftTag/Info.plist""]",M,app_code,46,1,False
1276536d7ce542d757187ed8e2a7a229c6741847,1276536,SwiftTag/Shared/Utilities/PictureDataUtilities.swift,"[""SwiftTag/Shared/Utilities/PictureDataUtilities.swift""]",A,app_code,105,0,False
1276536d7ce542d757187ed8e2a7a229c6741847,1276536,SwiftTag/Shared/Utilities/SwiftTagDocumentPackage.swift,"[""SwiftTag/Shared/Utilities/SwiftTagDocumentPackage.swift""]",A,app_code,484,0,False
1276536d7ce542d757187ed8e2a7a229c6741847,1276536,SwiftTag/SwiftTagApp.swift,"[""SwiftTag/SwiftTagApp.swift""]",M,app_code,9,0,False
1276536d7ce542d757187ed8e2a7a229c6741847,1276536,SwiftTagTests/SwiftTagDocumentTests.swift,"[""SwiftTagTests/SwiftTagDocumentTests.swift""]",A,tests,272,0,False
1276536d7ce542d757187ed8e2a7a229c6741847,1276536,SwiftTagUITests/SwiftTagUITests.swift,"[""SwiftTagUITests/SwiftTagUITests.swift""]",M,tests,26,0,False
bf6d257c8a9a96ec6846d3cac38bd49afd54f83a,bf6d257,Docs/Plans/Transcripts/transcript-2026-04-02-1-15-AddSwiftTagDocumentCreation.md,"[""Docs/Plans/Transcripts/transcript-2026-04-02-1-15-AddSwiftTagDocumentCreation.md""]",A,transcripts,444,0,False
bf6d257c8a9a96ec6846d3cac38bd49afd54f83a,bf6d257,SwiftTag/Shared/Utilities/PictureDataUtilities.swift,"[""SwiftTag/Shared/Utilities/PictureDataUtilities.swift""]",M,app_code,149,1,False
bf6d257c8a9a96ec6846d3cac38bd49afd54f83a,bf6d257,SwiftTagTests/SwiftTagDocumentTests.swift,"[""SwiftTagTests/SwiftTagDocumentTests.swift""]",M,tests,138,0,False
c0f71285faefcb501480a4ad69f63e5e7dc0df1e,c0f7128,SwiftTag.xcodeproj/project.pbxproj,"[""SwiftTag.xcodeproj/project.pbxproj""]",M,app_code,6,6,False
c0f71285faefcb501480a4ad69f63e5e7dc0df1e,c0f7128,SwiftTag/Info.plist,"[""SwiftTag/Info.plist""]",M,app_code,2,2,False
c0f71285faefcb501480a4ad69f63e5e7dc0df1e,c0f7128,SwiftTag/Shared/Utilities/SwiftTagDocumentPackage.swift,"[""SwiftTag/Shared/Utilities/SwiftTagDocumentPackage.swift""]",M,app_code,1,1,False
1c2bb82cfcda4a8e4043b7e883e42928b18064cf,1c2bb82,Docs/Plans/16-AddSwiftTagDocumentRead.md,"[""Docs/Plans/16-AddSwiftTagDocumentRead.md""]",A,plans,200,0,False
1c2bb82cfcda4a8e4043b7e883e42928b18064cf,1c2bb82,Docs/Plans/Transcripts/transcript-2026-04-04-1-16-AddSwiftTagDocumentRead.md,"[""Docs/Plans/Transcripts/transcript-2026-04-04-1-16-AddSwiftTagDocumentRead.md""]",A,transcripts,167,0,False
1c2bb82cfcda4a8e4043b7e883e42928b18064cf,1c2bb82,SwiftTag/ContentView.swift,"[""SwiftTag/ContentView.swift""]",M,app_code,35,12,False
1c2bb82cfcda4a8e4043b7e883e42928b18064cf,1c2bb82,SwiftTag/Features/TagEditor/TagEditorViewModel.swift,"[""SwiftTag/Features/TagEditor/TagEditorViewModel.swift""]",M,app_code,87,2,False
1c2bb82cfcda4a8e4043b7e883e42928b18064cf,1c2bb82,SwiftTag/Shared/Models/Track.swift,"[""SwiftTag/Shared/Models/Track.swift""]",M,app_code,4,1,False
1c2bb82cfcda4a8e4043b7e883e42928b18064cf,1c2bb82,SwiftTag/Shared/Utilities/EditorWindowCoordinator.swift,"[""SwiftTag/Shared/Utilities/EditorWindowCoordinator.swift""]",M,app_code,138,3,False
1c2bb82cfcda4a8e4043b7e883e42928b18064cf,1c2bb82,SwiftTag/Shared/Utilities/SwiftTagDocumentPackage.swift,"[""SwiftTag/Shared/Utilities/SwiftTagDocumentPackage.swift""]",M,app_code,170,6,False
1c2bb82cfcda4a8e4043b7e883e42928b18064cf,1c2bb82,SwiftTag/SwiftTagApp.swift,"[""SwiftTag/SwiftTagApp.swift""]",M,app_code,21,0,False
1c2bb82cfcda4a8e4043b7e883e42928b18064cf,1c2bb82,SwiftTagTests/SwiftTagDocumentTests.swift,"[""SwiftTagTests/SwiftTagDocumentTests.swift""]",M,tests,87,0,False
1c2bb82cfcda4a8e4043b7e883e42928b18064cf,1c2bb82,SwiftTagTests/SwiftTagTests.swift,"[""SwiftTagTests/SwiftTagTests.swift""]",M,tests,184,0,False
1c2bb82cfcda4a8e4043b7e883e42928b18064cf,1c2bb82,SwiftTagUITests/SwiftTagUITests.swift,"[""SwiftTagUITests/SwiftTagUITests.swift""]",M,tests,11,0,False
633671ae999d222fba32fde71594440b8b367350,633671a,Docs/Plans/Transcripts/transcript-2026-04-04-1-16-AddSwiftTagDocumentRead.md,"[""Docs/Plans/Transcripts/transcript-2026-04-04-1-16-AddSwiftTagDocumentRead.md""]",M,transcripts,3,1,False
633671ae999d222fba32fde71594440b8b367350,633671a,SwiftTag/Shared/Utilities/SwiftTagDocumentPackage.swift,"[""SwiftTag/Shared/Utilities/SwiftTagDocumentPackage.swift""]",M,app_code,11,7,False
d0fca7dec639c9bd9845c8efb59147ccd1016e26,d0fca7d,Docs/Plans/17-SwiftTagDocumentReadLiveFileResolution.md,"[""Docs/Plans/17-SwiftTagDocumentReadLiveFileResolution.md""]",A,plans,208,0,False
d0fca7dec639c9bd9845c8efb59147ccd1016e26,d0fca7d,Docs/Plans/Transcripts/transcript-2026-04-04-1-17-SwiftTagDocumentReadLiveFileResolution.md,"[""Docs/Plans/Transcripts/transcript-2026-04-04-1-17-SwiftTagDocumentReadLiveFileResolution.md""]",A,transcripts,380,0,False
d0fca7dec639c9bd9845c8efb59147ccd1016e26,d0fca7d,SwiftTag/ContentView.swift,"[""SwiftTag/ContentView.swift""]",M,app_code,6,1,False
d0fca7dec639c9bd9845c8efb59147ccd1016e26,d0fca7d,SwiftTag/Features/TagEditor/TagEditorViewModel.swift,"[""SwiftTag/Features/TagEditor/TagEditorViewModel.swift""]",M,app_code,175,105,False
d0fca7dec639c9bd9845c8efb59147ccd1016e26,d0fca7d,SwiftTag/Shared/Utilities/TrackFileMonitor.swift,"[""SwiftTag/Shared/Utilities/TrackFileMonitor.swift""]",M,app_code,7,3,False
d0fca7dec639c9bd9845c8efb59147ccd1016e26,d0fca7d,SwiftTagTests/SwiftTagDocumentTests.swift,"[""SwiftTagTests/SwiftTagDocumentTests.swift""]",M,tests,288,1,False
bc1eaf01993b5f6ef2cc64eef0f6dd4fe66824de,bc1eaf0,Docs/Plans/Transcripts/transcript-2026-04-05-1-SwiftTagDocumentReopenFix.md,"[""Docs/Plans/Transcripts/transcript-2026-04-05-1-SwiftTagDocumentReopenFix.md""]",A,transcripts,350,0,False
bc1eaf01993b5f6ef2cc64eef0f6dd4fe66824de,bc1eaf0,SwiftTag/ContentView.swift,"[""SwiftTag/ContentView.swift""]",M,app_code,54,2,False
bc1eaf01993b5f6ef2cc64eef0f6dd4fe66824de,bc1eaf0,SwiftTag/Shared/Utilities/EditorWindowCoordinator.swift,"[""SwiftTag/Shared/Utilities/EditorWindowCoordinator.swift""]",M,app_code,109,8,False
bc1eaf01993b5f6ef2cc64eef0f6dd4fe66824de,bc1eaf0,SwiftTag/SwiftTagApp.swift,"[""SwiftTag/SwiftTagApp.swift""]",M,app_code,101,5,False
bc1eaf01993b5f6ef2cc64eef0f6dd4fe66824de,bc1eaf0,SwiftTagTests/SwiftTagTests.swift,"[""SwiftTagTests/SwiftTagTests.swift""]",M,tests,256,0,False
bc1eaf01993b5f6ef2cc64eef0f6dd4fe66824de,bc1eaf0,SwiftTagUITests/SwiftTagUITests.swift,"[""SwiftTagUITests/SwiftTagUITests.swift""]",M,tests,319,2,False
575c54bdaeb6d9eda3326eedccc6e2395422094e,575c54b,Docs/Guides/testing-guide.md,"[""Docs/Guides/testing-guide.md""]",M,docs,40,0,False
575c54bdaeb6d9eda3326eedccc6e2395422094e,575c54b,Docs/Plans/Transcripts/transcript-2026-04-05-1-SwiftTagDocumentReopenFix.md,"[""Docs/Plans/Transcripts/transcript-2026-04-05-1-SwiftTagDocumentReopenFix.md""]",M,transcripts,5,1,False
575c54bdaeb6d9eda3326eedccc6e2395422094e,575c54b,Docs/Plans/Transcripts/transcript-2026-04-05-2-AddFlacStatusUpdateFix.md,"[""Docs/Plans/Transcripts/transcript-2026-04-05-2-AddFlacStatusUpdateFix.md""]",A,transcripts,208,0,False
575c54bdaeb6d9eda3326eedccc6e2395422094e,575c54b,SwiftTag/ContentView.swift,"[""SwiftTag/ContentView.swift""]",M,app_code,40,11,False
575c54bdaeb6d9eda3326eedccc6e2395422094e,575c54b,SwiftTag/Features/TagEditor/TagEditorTrackFileView.swift,"[""SwiftTag/Features/TagEditor/TagEditorTrackFileView.swift""]",M,app_code,2,0,False
575c54bdaeb6d9eda3326eedccc6e2395422094e,575c54b,SwiftTag/Features/TagEditor/TagEditorViewModel.swift,"[""SwiftTag/Features/TagEditor/TagEditorViewModel.swift""]",M,app_code,4,0,False
575c54bdaeb6d9eda3326eedccc6e2395422094e,575c54b,SwiftTag/SwiftTagApp.swift,"[""SwiftTag/SwiftTagApp.swift""]",M,app_code,51,9,False
575c54bdaeb6d9eda3326eedccc6e2395422094e,575c54b,SwiftTagTests/SwiftTagTests.swift,"[""SwiftTagTests/SwiftTagTests.swift""]",M,tests,57,0,False
575c54bdaeb6d9eda3326eedccc6e2395422094e,575c54b,SwiftTagUITests/SwiftTagUITests.swift,"[""SwiftTagUITests/SwiftTagUITests.swift""]",M,tests,48,19,False
41e60a87d8b66f2a9ba012f5c5d11b525ab7c759,41e60a8,Docs/Plans/18-UpdateWindowTitleText.md,"[""Docs/Plans/18-UpdateWindowTitleText.md""]",A,plans,250,0,False
41e60a87d8b66f2a9ba012f5c5d11b525ab7c759,41e60a8,Docs/Plans/Transcripts/transcript-2026-04-06-1-18-UpdateWindowTitleText.md,"[""Docs/Plans/Transcripts/transcript-2026-04-06-1-18-UpdateWindowTitleText.md""]",A,transcripts,372,0,False
41e60a87d8b66f2a9ba012f5c5d11b525ab7c759,41e60a8,SwiftTag/ContentView.swift,"[""SwiftTag/ContentView.swift""]",M,app_code,140,7,False
41e60a87d8b66f2a9ba012f5c5d11b525ab7c759,41e60a8,SwiftTag/Features/TagEditor/TagEditorViewModel.swift,"[""SwiftTag/Features/TagEditor/TagEditorViewModel.swift""]",M,app_code,85,6,False
41e60a87d8b66f2a9ba012f5c5d11b525ab7c759,41e60a8,SwiftTag/SwiftTagApp.swift,"[""SwiftTag/SwiftTagApp.swift""]",M,app_code,3,0,False
41e60a87d8b66f2a9ba012f5c5d11b525ab7c759,41e60a8,SwiftTagTests/SwiftTagDocumentTests.swift,"[""SwiftTagTests/SwiftTagDocumentTests.swift""]",M,tests,82,0,False
41e60a87d8b66f2a9ba012f5c5d11b525ab7c759,41e60a8,SwiftTagTests/SwiftTagTests.swift,"[""SwiftTagTests/SwiftTagTests.swift""]",M,tests,245,0,False
41e60a87d8b66f2a9ba012f5c5d11b525ab7c759,41e60a8,SwiftTagUITests/SwiftTagUITests.swift,"[""SwiftTagUITests/SwiftTagUITests.swift""]",M,tests,406,5,False
a41be8a2ef85b234f33f4003a47fd3d0117b6e83,a41be8a,Docs/Plans/Transcripts/transcript-2026-04-06-2-ReuseEmptyEditorIssue.md,"[""Docs/Plans/Transcripts/transcript-2026-04-06-2-ReuseEmptyEditorIssue.md""]",A,transcripts,219,0,False
a41be8a2ef85b234f33f4003a47fd3d0117b6e83,a41be8a,Docs/Plans/Transcripts/transcript-2026-04-06-3-ReuseEmptyEditorIssue.md,"[""Docs/Plans/Transcripts/transcript-2026-04-06-3-ReuseEmptyEditorIssue.md""]",A,transcripts,72,0,False
a41be8a2ef85b234f33f4003a47fd3d0117b6e83,a41be8a,SwiftTag/Shared/Utilities/EditorWindowCoordinator.swift,"[""SwiftTag/Shared/Utilities/EditorWindowCoordinator.swift""]",M,app_code,0,35,False
a41be8a2ef85b234f33f4003a47fd3d0117b6e83,a41be8a,SwiftTagTests/SwiftTagTests.swift,"[""SwiftTagTests/SwiftTagTests.swift""]",M,tests,62,9,False
a41be8a2ef85b234f33f4003a47fd3d0117b6e83,a41be8a,SwiftTagUITests/SwiftTagUITests.swift,"[""SwiftTagUITests/SwiftTagUITests.swift""]",M,tests,7,2,False
19369540b1a2f92b3ab4fd1cedb4db7cefe41498,1936954,Docs/Plans/Transcripts/transcript-2026-04-06-4-TestBugFixes.md,"[""Docs/Plans/Transcripts/transcript-2026-04-06-4-TestBugFixes.md""]",A,transcripts,149,0,False
19369540b1a2f92b3ab4fd1cedb4db7cefe41498,1936954,SwiftTag/ContentView.swift,"[""SwiftTag/ContentView.swift""]",M,app_code,0,16,False
19369540b1a2f92b3ab4fd1cedb4db7cefe41498,1936954,SwiftTag/Features/TagEditor/TagEditorTrackFileView.swift,"[""SwiftTag/Features/TagEditor/TagEditorTrackFileView.swift""]",M,app_code,3,2,False
19369540b1a2f92b3ab4fd1cedb4db7cefe41498,1936954,SwiftTag/Features/TagEditor/TagEditorView.swift,"[""SwiftTag/Features/TagEditor/TagEditorView.swift""]",M,app_code,0,2,False
19369540b1a2f92b3ab4fd1cedb4db7cefe41498,1936954,SwiftTag/Shared/Utilities/EditorWindowCoordinator.swift,"[""SwiftTag/Shared/Utilities/EditorWindowCoordinator.swift""]",M,app_code,3,1,False
19369540b1a2f92b3ab4fd1cedb4db7cefe41498,1936954,SwiftTagTests/SwiftTagDocumentTests.swift,"[""SwiftTagTests/SwiftTagDocumentTests.swift""]",M,tests,10,1,False
19369540b1a2f92b3ab4fd1cedb4db7cefe41498,1936954,SwiftTagTests/TrackStatusViewInspectorTests.swift,"[""SwiftTagTests/TrackStatusViewInspectorTests.swift""]",M,tests,0,6,False
19369540b1a2f92b3ab4fd1cedb4db7cefe41498,1936954,SwiftTagUITests/SwiftTagUITests.swift,"[""SwiftTagUITests/SwiftTagUITests.swift""]",M,tests,12,0,False
ac6148bb93aa6651ba5884d968f1821e107eef34,ac6148b,Docs/Plans/Transcripts/transcript-2026-04-07-1-TrackFileMonitoringFix.md,"[""Docs/Plans/Transcripts/transcript-2026-04-07-1-TrackFileMonitoringFix.md""]",A,transcripts,270,0,False
ac6148bb93aa6651ba5884d968f1821e107eef34,ac6148b,SwiftTag/ContentView.swift,"[""SwiftTag/ContentView.swift""]",M,app_code,163,7,False
ac6148bb93aa6651ba5884d968f1821e107eef34,ac6148b,SwiftTag/Features/TagEditor/TagEditorTrackFileView.swift,"[""SwiftTag/Features/TagEditor/TagEditorTrackFileView.swift""]",M,app_code,5,3,False
ac6148bb93aa6651ba5884d968f1821e107eef34,ac6148b,SwiftTag/Features/TagEditor/TagEditorViewModel.swift,"[""SwiftTag/Features/TagEditor/TagEditorViewModel.swift""]",M,app_code,44,18,False
ac6148bb93aa6651ba5884d968f1821e107eef34,ac6148b,SwiftTag/Shared/Models/Track.swift,"[""SwiftTag/Shared/Models/Track.swift""]",M,app_code,8,0,False
ac6148bb93aa6651ba5884d968f1821e107eef34,ac6148b,SwiftTag/Shared/Utilities/TrackFileMonitor.swift,"[""SwiftTag/Shared/Utilities/TrackFileMonitor.swift""]",M,app_code,15,0,False
ac6148bb93aa6651ba5884d968f1821e107eef34,ac6148b,SwiftTagUITests/SwiftTagUITests.swift,"[""SwiftTagUITests/SwiftTagUITests.swift""]",M,tests,523,26,False
ec63010015b0d8b4b08f578fb82c8526ce872cc6,ec63010,Docs/Plans/Transcripts/transcript-2026-04-07-2-DocumentPictureDiffFix.md,"[""Docs/Plans/Transcripts/transcript-2026-04-07-2-DocumentPictureDiffFix.md""]",A,transcripts,123,0,False
ec63010015b0d8b4b08f578fb82c8526ce872cc6,ec63010,SwiftTag/ContentView.swift,"[""SwiftTag/ContentView.swift""]",M,app_code,12,30,False
ec63010015b0d8b4b08f578fb82c8526ce872cc6,ec63010,SwiftTag/Features/TagEditor/TagEditorViewModel.swift,"[""SwiftTag/Features/TagEditor/TagEditorViewModel.swift""]",M,app_code,1,11,False
ec63010015b0d8b4b08f578fb82c8526ce872cc6,ec63010,SwiftTag/FlacMetadataService.swift,"[""SwiftTag/FlacMetadataService.swift""]",M,app_code,155,0,False
ec63010015b0d8b4b08f578fb82c8526ce872cc6,ec63010,SwiftTag/Shared/Utilities/SwiftTagDocumentPackage.swift,"[""SwiftTag/Shared/Utilities/SwiftTagDocumentPackage.swift""]",M,app_code,1,19,False
ec63010015b0d8b4b08f578fb82c8526ce872cc6,ec63010,SwiftTag/SwiftTagApp.swift,"[""SwiftTag/SwiftTagApp.swift""]",M,app_code,20,2,False
ec63010015b0d8b4b08f578fb82c8526ce872cc6,ec63010,SwiftTagTests/SwiftTagDocumentTests.swift,"[""SwiftTagTests/SwiftTagDocumentTests.swift""]",M,tests,52,0,False
ec63010015b0d8b4b08f578fb82c8526ce872cc6,ec63010,SwiftTagUITests/SwiftTagUITests.swift,"[""SwiftTagUITests/SwiftTagUITests.swift""]",M,tests,115,0,False
126cc0a4b597443b882c65566c53e996d2cc62d2,126cc0a,SwiftTag/Features/TagEditor/TagEditorViewModel.swift,"[""SwiftTag/Features/TagEditor/TagEditorViewModel.swift""]",M,app_code,7,3,False
27b4d85ec22c4165acb415ef3929bd10d4c35202,27b4d85,.gitignore,"["".gitignore""]",M,other,4,0,False
27b4d85ec22c4165acb415ef3929bd10d4c35202,27b4d85,Docs/Plans/19-AddSwiftTagDocumentSaveOptions.md,"[""Docs/Plans/19-AddSwiftTagDocumentSaveOptions.md""]",A,plans,263,0,False
27b4d85ec22c4165acb415ef3929bd10d4c35202,27b4d85,Docs/Plans/Transcripts/transcript-2026-04-07-3-19-AddSwiftTagDocumentSaveOptions.md,"[""Docs/Plans/Transcripts/transcript-2026-04-07-3-19-AddSwiftTagDocumentSaveOptions.md""]",A,transcripts,98,0,False
27b4d85ec22c4165acb415ef3929bd10d4c35202,27b4d85,SwiftTag/ContentView.swift,"[""SwiftTag/ContentView.swift""]",M,app_code,140,24,False
27b4d85ec22c4165acb415ef3929bd10d4c35202,27b4d85,SwiftTag/Features/Settings/GeneralSettingsView.swift,"[""SwiftTag/Features/Settings/GeneralSettingsView.swift""]",M,app_code,19,1,False
27b4d85ec22c4165acb415ef3929bd10d4c35202,27b4d85,SwiftTag/Shared/Models/SaveSettings.swift,"[""SwiftTag/Shared/Models/SaveSettings.swift""]",M,app_code,36,0,False
27b4d85ec22c4165acb415ef3929bd10d4c35202,27b4d85,SwiftTag/SwiftTagApp.swift,"[""SwiftTag/SwiftTagApp.swift""]",M,app_code,13,0,False
27b4d85ec22c4165acb415ef3929bd10d4c35202,27b4d85,SwiftTagTests/SwiftTagTests.swift,"[""SwiftTagTests/SwiftTagTests.swift""]",M,tests,78,0,False
27b4d85ec22c4165acb415ef3929bd10d4c35202,27b4d85,SwiftTagUITests/SwiftTagUITests.swift,"[""SwiftTagUITests/SwiftTagUITests.swift""]",M,tests,360,9,False
e34aa24684bc1f8934df624b380e976c55c09dc0,e34aa24,SwiftTag/Features/Settings/GeneralSettingsView.swift,"[""SwiftTag/Features/Settings/GeneralSettingsView.swift""]",M,app_code,11,4,False
e34aa24684bc1f8934df624b380e976c55c09dc0,e34aa24,SwiftTag/Features/Settings/SettingsView.swift,"[""SwiftTag/Features/Settings/SettingsView.swift""]",M,app_code,1,1,False
e34aa24684bc1f8934df624b380e976c55c09dc0,e34aa24,SwiftTag/Features/Settings/TagWriteSettingsView.swift,"[""SwiftTag/Features/Settings/TagWriteSettingsView.swift""]",M,app_code,20,12,False
e34aa24684bc1f8934df624b380e976c55c09dc0,e34aa24,SwiftTag/SwiftTagApp.swift,"[""SwiftTag/SwiftTagApp.swift""]",M,app_code,0,3,False
603c07621916ecd47e1a9faee08d8c32cd6eebdf,603c076,Docs/Plans/20-AddSwiftTagDocumentSaveOptions.md,"[""Docs/Plans/20-AddSwiftTagDocumentSaveOptions.md""]",A,plans,287,0,False
603c07621916ecd47e1a9faee08d8c32cd6eebdf,603c076,Docs/Plans/Transcripts/transcript-2026-04-08-1-20-AddSwiftTagDocumentSaveOptions.md,"[""Docs/Plans/Transcripts/transcript-2026-04-08-1-20-AddSwiftTagDocumentSaveOptions.md""]",A,transcripts,146,0,False
603c07621916ecd47e1a9faee08d8c32cd6eebdf,603c076,SwiftTag/ContentView.swift,"[""SwiftTag/ContentView.swift""]",M,app_code,163,34,False
603c07621916ecd47e1a9faee08d8c32cd6eebdf,603c076,SwiftTag/Shared/Utilities/UnsavedChangesCoordinator.swift,"[""SwiftTag/Shared/Utilities/UnsavedChangesCoordinator.swift""]",M,app_code,221,29,False
603c07621916ecd47e1a9faee08d8c32cd6eebdf,603c076,SwiftTag/Shared/Utilities/UnsavedChangesFlow.swift,"[""SwiftTag/Shared/Utilities/UnsavedChangesFlow.swift""]",A,app_code,127,0,False
603c07621916ecd47e1a9faee08d8c32cd6eebdf,603c076,SwiftTag/SwiftTagApp.swift,"[""SwiftTag/SwiftTagApp.swift""]",M,app_code,1,5,False
603c07621916ecd47e1a9faee08d8c32cd6eebdf,603c076,SwiftTagTests/SwiftTagTests.swift,"[""SwiftTagTests/SwiftTagTests.swift""]",M,tests,132,48,False
603c07621916ecd47e1a9faee08d8c32cd6eebdf,603c076,SwiftTagUITests/SwiftTagUITests.swift,"[""SwiftTagUITests/SwiftTagUITests.swift""]",M,tests,44,0,False
92460554b47e6062390266578964fe59fd5af784,9246055,Docs/Plans/Transcripts/transcript-2026-04-09-1-ExternalDifferenceDetectionFix.md,"[""Docs/Plans/Transcripts/transcript-2026-04-09-1-ExternalDifferenceDetectionFix.md""]",A,transcripts,204,0,False
92460554b47e6062390266578964fe59fd5af784,9246055,SwiftTag/ContentView.swift,"[""SwiftTag/ContentView.swift""]",M,app_code,21,11,False
92460554b47e6062390266578964fe59fd5af784,9246055,SwiftTag/Features/TagEditor/TagEditorViewModel.swift,"[""SwiftTag/Features/TagEditor/TagEditorViewModel.swift""]",M,app_code,28,0,False
92460554b47e6062390266578964fe59fd5af784,9246055,SwiftTag/Shared/Utilities/TrackFileMonitor.swift,"[""SwiftTag/Shared/Utilities/TrackFileMonitor.swift""]",M,app_code,7,2,False
92460554b47e6062390266578964fe59fd5af784,9246055,SwiftTagTests/SwiftTagTests.swift,"[""SwiftTagTests/SwiftTagTests.swift""]",M,tests,95,0,False
92460554b47e6062390266578964fe59fd5af784,9246055,SwiftTagUITests/SwiftTagUITests.swift,"[""SwiftTagUITests/SwiftTagUITests.swift""]",M,tests,367,5,False
096d27739611fe6d978a8e683283c1ec3de7c030,096d277,SwiftTag/ContentView.swift,"[""SwiftTag/ContentView.swift""]",M,app_code,1,2,False
096d27739611fe6d978a8e683283c1ec3de7c030,096d277,SwiftTag/Shared/Utilities/StringExtensions.swift,"[""SwiftTag/Shared/Utilities/StringExtensions.swift""]",A,app_code,24,0,False
096d27739611fe6d978a8e683283c1ec3de7c030,096d277,SwiftTag/Shared/Utilities/UnsavedChangesFlow.swift,"[""SwiftTag/Shared/Utilities/UnsavedChangesFlow.swift""]",M,app_code,5,4,False
096d27739611fe6d978a8e683283c1ec3de7c030,096d277,SwiftTagTests/SwiftTagTests.swift,"[""SwiftTagTests/SwiftTagTests.swift""]",M,tests,24,4,False
ea17789b68f2441b900707719032349f6b2aad75,ea17789,SwiftTagUITests/SwiftTagUITests.swift,"[""SwiftTagUITests/SwiftTagUITests.swift""]",M,tests,79,0,False
561817a4bca220d705273d6744f1e5756cec418f,561817a,Docs/Plans/21-AddSwiftTagDocumentBookmark.md,"[""Docs/Plans/21-AddSwiftTagDocumentBookmark.md""]",A,plans,232,0,False
561817a4bca220d705273d6744f1e5756cec418f,561817a,Docs/Plans/Transcripts/transcript-2026-04-09-2-21-AddSwiftTagDocumentBookmark.md,"[""Docs/Plans/Transcripts/transcript-2026-04-09-2-21-AddSwiftTagDocumentBookmark.md""]",A,transcripts,193,0,False
561817a4bca220d705273d6744f1e5756cec418f,561817a,SwiftTag/ContentView.swift,"[""SwiftTag/ContentView.swift""]",M,app_code,179,15,False
561817a4bca220d705273d6744f1e5756cec418f,561817a,SwiftTag/Features/TagEditor/TagEditorViewModel.swift,"[""SwiftTag/Features/TagEditor/TagEditorViewModel.swift""]",M,app_code,195,10,False
561817a4bca220d705273d6744f1e5756cec418f,561817a,SwiftTag/Shared/Utilities/EditorWindowCoordinator.swift,"[""SwiftTag/Shared/Utilities/EditorWindowCoordinator.swift""]",M,app_code,10,1,False
561817a4bca220d705273d6744f1e5756cec418f,561817a,SwiftTag/Shared/Utilities/SwiftTagDocumentMonitor.swift,"[""SwiftTag/Shared/Utilities/SwiftTagDocumentMonitor.swift""]",A,app_code,214,0,False
561817a4bca220d705273d6744f1e5756cec418f,561817a,SwiftTag/Shared/Utilities/SwiftTagDocumentPackage.swift,"[""SwiftTag/Shared/Utilities/SwiftTagDocumentPackage.swift""]",M,app_code,114,16,False
561817a4bca220d705273d6744f1e5756cec418f,561817a,SwiftTagTests/SwiftTagDocumentTests.swift,"[""SwiftTagTests/SwiftTagDocumentTests.swift""]",M,tests,120,0,False
561817a4bca220d705273d6744f1e5756cec418f,561817a,SwiftTagTests/SwiftTagTests.swift,"[""SwiftTagTests/SwiftTagTests.swift""]",M,tests,105,0,False
561817a4bca220d705273d6744f1e5756cec418f,561817a,SwiftTagUITests/SwiftTagUITests.swift,"[""SwiftTagUITests/SwiftTagUITests.swift""]",M,tests,60,0,False
3c4cfff64ee127631152a551713977c1ad5a40dd,3c4cfff,Docs/Plans/Transcripts/transcript-2026-04-10-1-LaunchOpenFlacOrDocFix.md,"[""Docs/Plans/Transcripts/transcript-2026-04-10-1-LaunchOpenFlacOrDocFix.md""]",A,transcripts,56,0,False
3c4cfff64ee127631152a551713977c1ad5a40dd,3c4cfff,SwiftTag/Shared/Utilities/EditorWindowCoordinator.swift,"[""SwiftTag/Shared/Utilities/EditorWindowCoordinator.swift""]",M,app_code,29,1,False
3c4cfff64ee127631152a551713977c1ad5a40dd,3c4cfff,SwiftTag/SwiftTagApp.swift,"[""SwiftTag/SwiftTagApp.swift""]",M,app_code,9,0,False
3c4cfff64ee127631152a551713977c1ad5a40dd,3c4cfff,SwiftTagUITests/SwiftTagUITests.swift,"[""SwiftTagUITests/SwiftTagUITests.swift""]",M,tests,105,0,False
4e470f0885282d2dfa9bcfc38252ea229589132c,4e470f0,Docs/Plans/22-AddSwiftTagDocumentSaveOptions.md,"[""Docs/Plans/22-AddSwiftTagDocumentSaveOptions.md""]",A,plans,239,0,False
4e470f0885282d2dfa9bcfc38252ea229589132c,4e470f0,Docs/Plans/Transcripts/transcript-2026-04-10-2-22-AddSwiftTagDocumentSaveOptions.md,"[""Docs/Plans/Transcripts/transcript-2026-04-10-2-22-AddSwiftTagDocumentSaveOptions.md""]",A,transcripts,148,0,False
4e470f0885282d2dfa9bcfc38252ea229589132c,4e470f0,SwiftTag/ContentView.swift,"[""SwiftTag/ContentView.swift""]",M,app_code,2,1,False
4e470f0885282d2dfa9bcfc38252ea229589132c,4e470f0,SwiftTag/Features/TagEditor/TagEditorViewModel.swift,"[""SwiftTag/Features/TagEditor/TagEditorViewModel.swift""]",M,app_code,186,42,False
4e470f0885282d2dfa9bcfc38252ea229589132c,4e470f0,SwiftTag/Shared/Utilities/SwiftTagDocumentPackage.swift,"[""SwiftTag/Shared/Utilities/SwiftTagDocumentPackage.swift""]",M,app_code,0,4,False
4e470f0885282d2dfa9bcfc38252ea229589132c,4e470f0,SwiftTag/Shared/Utilities/UnsavedChangesFlow.swift,"[""SwiftTag/Shared/Utilities/UnsavedChangesFlow.swift""]",M,app_code,61,19,False
4e470f0885282d2dfa9bcfc38252ea229589132c,4e470f0,SwiftTagTests/SwiftTagDocumentTests.swift,"[""SwiftTagTests/SwiftTagDocumentTests.swift""]",M,tests,112,0,False
4e470f0885282d2dfa9bcfc38252ea229589132c,4e470f0,SwiftTagTests/SwiftTagTests.swift,"[""SwiftTagTests/SwiftTagTests.swift""]",M,tests,311,0,False
454258cb9db98ff57199e91810c74d771038a613,454258c,SwiftTag/Features/TagEditor/TagEditorViewModel.swift,"[""SwiftTag/Features/TagEditor/TagEditorViewModel.swift""]",M,app_code,1,1,False
454258cb9db98ff57199e91810c74d771038a613,454258c,SwiftTag/Shared/Utilities/SwiftTagDocumentPackage.swift,"[""SwiftTag/Shared/Utilities/SwiftTagDocumentPackage.swift""]",M,app_code,0,3,False
454258cb9db98ff57199e91810c74d771038a613,454258c,SwiftTagTests/SwiftTagTests.swift,"[""SwiftTagTests/SwiftTagTests.swift""]",M,tests,2,2,False
cfba5a1a7b93b8e01d1e1b806a8db413e207ae55,cfba5a1,Docs/Plans/Transcripts/transcript-2026-04-10-3-AddSwiftTagDocumentSwiftTags.md,"[""Docs/Plans/Transcripts/transcript-2026-04-10-3-AddSwiftTagDocumentSwiftTags.md""]",A,transcripts,99,0,False
cfba5a1a7b93b8e01d1e1b806a8db413e207ae55,cfba5a1,SwiftTag/Shared/Utilities/SwiftTagDocumentPackage.swift,"[""SwiftTag/Shared/Utilities/SwiftTagDocumentPackage.swift""]",M,app_code,14,1,False
cfba5a1a7b93b8e01d1e1b806a8db413e207ae55,cfba5a1,SwiftTagTests/SwiftTagDocumentTests.swift,"[""SwiftTagTests/SwiftTagDocumentTests.swift""]",M,tests,2,0,False
29c8eed7decacebe51ab53c9150e9b5b86cd9f3b,29c8eed,Docs/Plans/Transcripts/transcript-2026-04-10-4-CompilationDisabledAndDiffFix.md,"[""Docs/Plans/Transcripts/transcript-2026-04-10-4-CompilationDisabledAndDiffFix.md""]",A,transcripts,109,0,False
29c8eed7decacebe51ab53c9150e9b5b86cd9f3b,29c8eed,SwiftTag/Features/TagEditor/TagEditorCoreTagsView.swift,"[""SwiftTag/Features/TagEditor/TagEditorCoreTagsView.swift""]",M,app_code,29,17,False
29c8eed7decacebe51ab53c9150e9b5b86cd9f3b,29c8eed,SwiftTag/Features/TagEditor/TagEditorViewModel.swift,"[""SwiftTag/Features/TagEditor/TagEditorViewModel.swift""]",M,app_code,24,5,False
29c8eed7decacebe51ab53c9150e9b5b86cd9f3b,29c8eed,SwiftTagTests/SwiftTagTests.swift,"[""SwiftTagTests/SwiftTagTests.swift""]",M,tests,20,0,False
29c8eed7decacebe51ab53c9150e9b5b86cd9f3b,29c8eed,SwiftTagTests/TrackStatusViewInspectorTests.swift,"[""SwiftTagTests/TrackStatusViewInspectorTests.swift""]",M,tests,56,3,False
29c8eed7decacebe51ab53c9150e9b5b86cd9f3b,29c8eed,SwiftTagUITests/SwiftTagUITests.swift,"[""SwiftTagUITests/SwiftTagUITests.swift""]",M,tests,34,0,False
78b870c79708a25f71251242e16deec289711c28,78b870c,SwiftTag/FLACBridge/src/FlacMetadataBridge.c,"[""SwiftTag/FLACBridge/src/FlacMetadataBridge.c""]",M,app_code,21,12,False
78b870c79708a25f71251242e16deec289711c28,78b870c,SwiftTagTests/SwiftTagTests.swift,"[""SwiftTagTests/SwiftTagTests.swift""]",M,tests,54,0,False
75f43d8c150b372bc6602d8a7a6e7e013429e880,75f43d8,SwiftTag/ContentView.swift,"[""SwiftTag/ContentView.swift""]",M,app_code,3,2,False
f195e03db1cd290792f99f8b880bb69995e28921,f195e03,Docs/Plans/23-AddSwiftTagDocumentQuickLook.md,"[""Docs/Plans/23-AddSwiftTagDocumentQuickLook.md""]",A,plans,256,0,False
f195e03db1cd290792f99f8b880bb69995e28921,f195e03,Docs/Plans/Transcripts/transcript-2026-04-11-1-23-AddSwiftTagDocumentQuickLook.md,"[""Docs/Plans/Transcripts/transcript-2026-04-11-1-23-AddSwiftTagDocumentQuickLook.md""]",A,transcripts,284,0,False
f195e03db1cd290792f99f8b880bb69995e28921,f195e03,SwiftTag.xcodeproj/project.pbxproj,"[""SwiftTag.xcodeproj/project.pbxproj""]",M,app_code,213,0,False
f195e03db1cd290792f99f8b880bb69995e28921,f195e03,SwiftTag.xcodeproj/xcuserdata/ccm.xcuserdatad/xcschemes/xcschememanagement.plist,"[""SwiftTag.xcodeproj/xcuserdata/ccm.xcuserdatad/xcschemes/xcschememanagement.plist""]",D,other,0,37,False
f195e03db1cd290792f99f8b880bb69995e28921,f195e03,SwiftTag/FlacMetadataService.swift,"[""SwiftTag/FlacMetadataService.swift""]",M,app_code,0,123,False
f195e03db1cd290792f99f8b880bb69995e28921,f195e03,SwiftTag/Shared/Models/FlacPictureModels.swift,"[""SwiftTag/Shared/Models/FlacPictureModels.swift""]",A,app_code,63,0,False
f195e03db1cd290792f99f8b880bb69995e28921,f195e03,SwiftTag/Shared/QuickLook/SwiftTagDocumentQuickLookBitmapRenderer.swift,"[""SwiftTag/Shared/QuickLook/SwiftTagDocumentQuickLookBitmapRenderer.swift""]",A,app_code,47,0,False
f195e03db1cd290792f99f8b880bb69995e28921,f195e03,SwiftTag/Shared/QuickLook/SwiftTagDocumentQuickLookSnapshot.swift,"[""SwiftTag/Shared/QuickLook/SwiftTagDocumentQuickLookSnapshot.swift""]",A,app_code,244,0,False
f195e03db1cd290792f99f8b880bb69995e28921,f195e03,SwiftTag/Shared/QuickLook/SwiftTagDocumentQuickLookView.swift,"[""SwiftTag/Shared/QuickLook/SwiftTagDocumentQuickLookView.swift""]",A,app_code,106,0,False
f195e03db1cd290792f99f8b880bb69995e28921,f195e03,SwiftTag/Shared/Utilities/FlacPictureUtilities.swift,"[""SwiftTag/Shared/Utilities/FlacPictureUtilities.swift""]",A,app_code,62,0,False
f195e03db1cd290792f99f8b880bb69995e28921,f195e03,SwiftTag/Shared/Utilities/SwiftTagDocumentPackage.swift,"[""SwiftTag/Shared/Utilities/SwiftTagDocumentPackage.swift""]",D,app_code,0,738,False
f195e03db1cd290792f99f8b880bb69995e28921,f195e03,SwiftTag/Shared/Utilities/SwiftTagDocumentPackageManifest.swift,"[""SwiftTag/Shared/Utilities/SwiftTagDocumentPackageManifest.swift""]",A,app_code,87,0,False
f195e03db1cd290792f99f8b880bb69995e28921,f195e03,SwiftTag/Shared/Utilities/SwiftTagDocumentPackageReader.swift,"[""SwiftTag/Shared/Utilities/SwiftTagDocumentPackageReader.swift""]",A,app_code,131,0,False
f195e03db1cd290792f99f8b880bb69995e28921,f195e03,SwiftTag/Shared/Utilities/SwiftTagDocumentPackageWriter.swift,"[""SwiftTag/Shared/Utilities/SwiftTagDocumentPackageWriter.swift""]",A,app_code,336,0,False
f195e03db1cd290792f99f8b880bb69995e28921,f195e03,SwiftTag/Shared/Utilities/SwiftTagDocumentSupport.swift,"[""SwiftTag/Shared/Utilities/SwiftTagDocumentSupport.swift""]",A,app_code,187,0,False
f195e03db1cd290792f99f8b880bb69995e28921,f195e03,SwiftTagQuickLookPreview/Info.plist,"[""SwiftTagQuickLookPreview/Info.plist""]",A,other,40,0,False
f195e03db1cd290792f99f8b880bb69995e28921,f195e03,SwiftTagQuickLookPreview/Resources/SwiftTagQuickLookFallback.png,"[""SwiftTagQuickLookPreview/Resources/SwiftTagQuickLookFallback.png""]",A,other,0,0,True
f195e03db1cd290792f99f8b880bb69995e28921,f195e03,SwiftTagQuickLookPreview/SwiftTagDocumentQuickLookPreviewProvider.swift,"[""SwiftTagQuickLookPreview/SwiftTagDocumentQuickLookPreviewProvider.swift""]",A,other,51,0,False
f195e03db1cd290792f99f8b880bb69995e28921,f195e03,SwiftTagTests/SwiftTagQuickLookTests.swift,"[""SwiftTagTests/SwiftTagQuickLookTests.swift""]",A,tests,276,0,False
b70f6625e06280784004190bcabafe04c96086d3,b70f662,Docs/Plans/24-AddTrackDurationInfo.md,"[""Docs/Plans/24-AddTrackDurationInfo.md""]",A,plans,264,0,False
b70f6625e06280784004190bcabafe04c96086d3,b70f662,Docs/Plans/Transcripts/transcript-2026-04-12-1-24-AddTrackDurationInfo.md,"[""Docs/Plans/Transcripts/transcript-2026-04-12-1-24-AddTrackDurationInfo.md""]",A,transcripts,211,0,False
b70f6625e06280784004190bcabafe04c96086d3,b70f662,SwiftTag/ContentView.swift,"[""SwiftTag/ContentView.swift""]",M,app_code,2,0,False
b70f6625e06280784004190bcabafe04c96086d3,b70f662,SwiftTag/FLACBridge/include/FlacMetadataBridge.h,"[""SwiftTag/FLACBridge/include/FlacMetadataBridge.h""]",M,app_code,8,0,False
b70f6625e06280784004190bcabafe04c96086d3,b70f662,SwiftTag/FLACBridge/src/FlacMetadataBridge.c,"[""SwiftTag/FLACBridge/src/FlacMetadataBridge.c""]",M,app_code,45,0,False
b70f6625e06280784004190bcabafe04c96086d3,b70f662,SwiftTag/Features/TagEditor/TagEditorTrackFileView.swift,"[""SwiftTag/Features/TagEditor/TagEditorTrackFileView.swift""]",M,app_code,19,0,False
b70f6625e06280784004190bcabafe04c96086d3,b70f662,SwiftTag/Features/TagEditor/TagEditorView.swift,"[""SwiftTag/Features/TagEditor/TagEditorView.swift""]",M,app_code,2,0,False
b70f6625e06280784004190bcabafe04c96086d3,b70f662,SwiftTag/Features/TagEditor/TagEditorViewModel.swift,"[""SwiftTag/Features/TagEditor/TagEditorViewModel.swift""]",M,app_code,7,1,False
b70f6625e06280784004190bcabafe04c96086d3,b70f662,SwiftTag/FlacMetadataService.swift,"[""SwiftTag/FlacMetadataService.swift""]",M,app_code,24,10,False
b70f6625e06280784004190bcabafe04c96086d3,b70f662,SwiftTag/Shared/Models/FeedbackSettings.swift,"[""SwiftTag/Shared/Models/FeedbackSettings.swift""]",M,app_code,2,0,False
b70f6625e06280784004190bcabafe04c96086d3,b70f662,SwiftTag/Shared/Models/Track.swift,"[""SwiftTag/Shared/Models/Track.swift""]",M,app_code,13,0,False
b70f6625e06280784004190bcabafe04c96086d3,b70f662,SwiftTag/Shared/QuickLook/SwiftTagDocumentQuickLookSnapshot.swift,"[""SwiftTag/Shared/QuickLook/SwiftTagDocumentQuickLookSnapshot.swift""]",M,app_code,23,8,False
b70f6625e06280784004190bcabafe04c96086d3,b70f662,SwiftTag/Shared/QuickLook/SwiftTagDocumentQuickLookView.swift,"[""SwiftTag/Shared/QuickLook/SwiftTagDocumentQuickLookView.swift""]",M,app_code,9,3,False
b70f6625e06280784004190bcabafe04c96086d3,b70f662,SwiftTag/Shared/Utilities/SwiftTagDocumentPackageManifest.swift,"[""SwiftTag/Shared/Utilities/SwiftTagDocumentPackageManifest.swift""]",M,app_code,2,0,False
b70f6625e06280784004190bcabafe04c96086d3,b70f662,SwiftTag/Shared/Utilities/SwiftTagDocumentPackageReader.swift,"[""SwiftTag/Shared/Utilities/SwiftTagDocumentPackageReader.swift""]",M,app_code,1,0,False
b70f6625e06280784004190bcabafe04c96086d3,b70f662,SwiftTag/Shared/Utilities/SwiftTagDocumentPackageWriter.swift,"[""SwiftTag/Shared/Utilities/SwiftTagDocumentPackageWriter.swift""]",M,app_code,1,0,False
b70f6625e06280784004190bcabafe04c96086d3,b70f662,SwiftTag/Shared/Utilities/SwiftTagDocumentSupport.swift,"[""SwiftTag/Shared/Utilities/SwiftTagDocumentSupport.swift""]",M,app_code,60,0,False
b70f6625e06280784004190bcabafe04c96086d3,b70f662,SwiftTagTests/SwiftTagDocumentTests.swift,"[""SwiftTagTests/SwiftTagDocumentTests.swift""]",M,tests,111,2,False
b70f6625e06280784004190bcabafe04c96086d3,b70f662,SwiftTagTests/SwiftTagQuickLookTests.swift,"[""SwiftTagTests/SwiftTagQuickLookTests.swift""]",M,tests,37,3,False
b70f6625e06280784004190bcabafe04c96086d3,b70f662,SwiftTagTests/TrackDurationTests.swift,"[""SwiftTagTests/TrackDurationTests.swift""]",A,tests,118,0,False
b70f6625e06280784004190bcabafe04c96086d3,b70f662,SwiftTagTests/TrackStatusViewInspectorTests.swift,"[""SwiftTagTests/TrackStatusViewInspectorTests.swift""]",M,tests,64,2,False
fa39eb8476a30b608351962f31e7e6868495c9eb,fa39eb8,SwiftTag/Shared/QuickLook/SwiftTagDocumentQuickLookSnapshot.swift,"[""SwiftTag/Shared/QuickLook/SwiftTagDocumentQuickLookSnapshot.swift""]",M,app_code,10,5,False
fa39eb8476a30b608351962f31e7e6868495c9eb,fa39eb8,SwiftTag/Shared/QuickLook/SwiftTagDocumentQuickLookView.swift,"[""SwiftTag/Shared/QuickLook/SwiftTagDocumentQuickLookView.swift""]",M,app_code,5,0,False
36c5b18642e6568ca15e897dcae9132a6907e9db,36c5b18,Docs/Plans/25-AddPictureDescriptionEdit.md,"[""Docs/Plans/25-AddPictureDescriptionEdit.md""]",A,plans,223,0,False
36c5b18642e6568ca15e897dcae9132a6907e9db,36c5b18,SwiftTag/ContentView.swift,"[""SwiftTag/ContentView.swift""]",M,app_code,42,4,False
36c5b18642e6568ca15e897dcae9132a6907e9db,36c5b18,SwiftTag/Features/AlbumArt/AlbumArtSheetView.swift,"[""SwiftTag/Features/AlbumArt/AlbumArtSheetView.swift""]",M,app_code,130,2,False
36c5b18642e6568ca15e897dcae9132a6907e9db,36c5b18,SwiftTag/Features/AlbumArt/AlbumArtTypes.swift,"[""SwiftTag/Features/AlbumArt/AlbumArtTypes.swift""]",M,app_code,49,0,False
36c5b18642e6568ca15e897dcae9132a6907e9db,36c5b18,SwiftTag/Features/AlbumArt/AlbumArtViewModel.swift,"[""SwiftTag/Features/AlbumArt/AlbumArtViewModel.swift""]",M,app_code,93,0,False
36c5b18642e6568ca15e897dcae9132a6907e9db,36c5b18,SwiftTag/Features/TagEditor/TagEditorViewModel.swift,"[""SwiftTag/Features/TagEditor/TagEditorViewModel.swift""]",M,app_code,101,20,False
36c5b18642e6568ca15e897dcae9132a6907e9db,36c5b18,SwiftTag/Shared/Utilities/FlacPictureUtilities.swift,"[""SwiftTag/Shared/Utilities/FlacPictureUtilities.swift""]",M,app_code,32,0,False
36c5b18642e6568ca15e897dcae9132a6907e9db,36c5b18,SwiftTag/Shared/Utilities/SwiftTagDocumentSupport.swift,"[""SwiftTag/Shared/Utilities/SwiftTagDocumentSupport.swift""]",M,app_code,2,2,False
36c5b18642e6568ca15e897dcae9132a6907e9db,36c5b18,SwiftTagTests/SwiftTagQuickLookTests.swift,"[""SwiftTagTests/SwiftTagQuickLookTests.swift""]",M,tests,5,5,False
36c5b18642e6568ca15e897dcae9132a6907e9db,36c5b18,SwiftTagTests/SwiftTagTests.swift,"[""SwiftTagTests/SwiftTagTests.swift""]",M,tests,288,1,False
36c5b18642e6568ca15e897dcae9132a6907e9db,36c5b18,SwiftTagTests/TrackDurationTests.swift,"[""SwiftTagTests/TrackDurationTests.swift""]",M,tests,1,1,False
36c5b18642e6568ca15e897dcae9132a6907e9db,36c5b18,SwiftTagTests/TrackStatusViewInspectorTests.swift,"[""SwiftTagTests/TrackStatusViewInspectorTests.swift""]",M,tests,46,5,False
36c5b18642e6568ca15e897dcae9132a6907e9db,36c5b18,SwiftTagUITests/SwiftTagUITests.swift,"[""SwiftTagUITests/SwiftTagUITests.swift""]",M,tests,302,0,False
4a07659704ab091a117b882a027635c12af8294c,4a07659,Docs/Plans/Transcripts/transcript-2026-04-14-1-25-AddPictureDescriptionEdit.md,"[""Docs/Plans/Transcripts/transcript-2026-04-14-1-25-AddPictureDescriptionEdit.md""]",A,transcripts,467,0,False
4a07659704ab091a117b882a027635c12af8294c,4a07659,SwiftTag/ContentView.swift,"[""SwiftTag/ContentView.swift""]",M,app_code,13,1,False
4a07659704ab091a117b882a027635c12af8294c,4a07659,SwiftTag/Features/AlbumArt/AlbumArtSheetView.swift,"[""SwiftTag/Features/AlbumArt/AlbumArtSheetView.swift""]",M,app_code,21,12,False
4a07659704ab091a117b882a027635c12af8294c,4a07659,SwiftTag/Features/TagEditor/TagEditorViewModel.swift,"[""SwiftTag/Features/TagEditor/TagEditorViewModel.swift""]",M,app_code,99,5,False
4a07659704ab091a117b882a027635c12af8294c,4a07659,SwiftTag/Shared/Models/TrackStatus.swift,"[""SwiftTag/Shared/Models/TrackStatus.swift""]",M,app_code,9,0,False
4a07659704ab091a117b882a027635c12af8294c,4a07659,SwiftTagTests/SwiftTagTests.swift,"[""SwiftTagTests/SwiftTagTests.swift""]",M,tests,200,0,False
4a07659704ab091a117b882a027635c12af8294c,4a07659,SwiftTagTests/TrackStatusViewInspectorTests.swift,"[""SwiftTagTests/TrackStatusViewInspectorTests.swift""]",M,tests,28,2,False
4a07659704ab091a117b882a027635c12af8294c,4a07659,SwiftTagUITests/SwiftTagUITests.swift,"[""SwiftTagUITests/SwiftTagUITests.swift""]",M,tests,43,0,False
0539816b5ba23a6e25ff44d6be08444b0f8dd6c7,0539816,AGENTS.md,"[""AGENTS.md""]",M,docs,7,0,False
0539816b5ba23a6e25ff44d6be08444b0f8dd6c7,0539816,SwiftTag/ContentView.swift,"[""SwiftTag/ContentView.swift""]",M,app_code,9,3,False
0539816b5ba23a6e25ff44d6be08444b0f8dd6c7,0539816,SwiftTag/Features/AlbumArt/AlbumArtSheetView.swift,"[""SwiftTag/Features/AlbumArt/AlbumArtSheetView.swift""]",M,app_code,33,15,False
0539816b5ba23a6e25ff44d6be08444b0f8dd6c7,0539816,SwiftTag/Features/AlbumArt/AlbumArtViewModel.swift,"[""SwiftTag/Features/AlbumArt/AlbumArtViewModel.swift""]",M,app_code,116,28,False
0539816b5ba23a6e25ff44d6be08444b0f8dd6c7,0539816,SwiftTag/Shared/Utilities/FlacPictureUtilities.swift,"[""SwiftTag/Shared/Utilities/FlacPictureUtilities.swift""]",M,app_code,33,1,False
0539816b5ba23a6e25ff44d6be08444b0f8dd6c7,0539816,SwiftTagTests/SwiftTagTests.swift,"[""SwiftTagTests/SwiftTagTests.swift""]",M,tests,73,2,False
0539816b5ba23a6e25ff44d6be08444b0f8dd6c7,0539816,SwiftTagTests/TrackStatusViewInspectorTests.swift,"[""SwiftTagTests/TrackStatusViewInspectorTests.swift""]",M,tests,8,2,False
352ff8c562657dc7ed4c0171d4448bdda0bec559,352ff8c,Docs/Plans/Transcripts/transcript-2026-04-16-1-Internal-ExternalDiffUpdateFix.md,"[""Docs/Plans/Transcripts/transcript-2026-04-16-1-Internal-ExternalDiffUpdateFix.md""]",A,transcripts,229,0,False
352ff8c562657dc7ed4c0171d4448bdda0bec559,352ff8c,SwiftTag/Features/AlbumArt/AlbumArtSheetView.swift,"[""SwiftTag/Features/AlbumArt/AlbumArtSheetView.swift""]",M,app_code,1,1,False
352ff8c562657dc7ed4c0171d4448bdda0bec559,352ff8c,SwiftTag/Features/TagEditor/TagEditorViewModel.swift,"[""SwiftTag/Features/TagEditor/TagEditorViewModel.swift""]",M,app_code,24,1,False
352ff8c562657dc7ed4c0171d4448bdda0bec559,352ff8c,SwiftTag/Shared/Models/Track.swift,"[""SwiftTag/Shared/Models/Track.swift""]",M,app_code,18,16,False
352ff8c562657dc7ed4c0171d4448bdda0bec559,352ff8c,SwiftTagTests/SwiftTagDocumentTests.swift,"[""SwiftTagTests/SwiftTagDocumentTests.swift""]",M,tests,136,0,False
352ff8c562657dc7ed4c0171d4448bdda0bec559,352ff8c,SwiftTagTests/SwiftTagTests.swift,"[""SwiftTagTests/SwiftTagTests.swift""]",M,tests,24,4,False
352ff8c562657dc7ed4c0171d4448bdda0bec559,352ff8c,SwiftTagTests/TrackStatusViewInspectorTests.swift,"[""SwiftTagTests/TrackStatusViewInspectorTests.swift""]",M,tests,2,2,False
352ff8c562657dc7ed4c0171d4448bdda0bec559,352ff8c,SwiftTagUITests/SwiftTagUITests.swift,"[""SwiftTagUITests/SwiftTagUITests.swift""]",M,tests,7,20,False
f23c8a089f6d5549a597e0635ff808b203a25766,f23c8a0,Docs/Plans/Transcripts/{transcript-2026-04-16-1-Internal-ExternalDiffUpdateFix.md => transcript-2026-04-16-1-InternalExternalDiffUpdateFix.md},"[""Docs/Plans/Transcripts/transcript-2026-04-16-1-Internal-ExternalDiffUpdateFix.md"", ""Docs/Plans/Transcripts/transcript-2026-04-16-1-InternalExternalDiffUpdateFix.md""]",R100,transcripts,0,0,False
f23c8a089f6d5549a597e0635ff808b203a25766,f23c8a0,Docs/Plans/Transcripts/transcript-2026-04-17-1-InternalExternalDiffDocUpdateFix.md,"[""Docs/Plans/Transcripts/transcript-2026-04-17-1-InternalExternalDiffDocUpdateFix.md""]",A,transcripts,200,0,False
f23c8a089f6d5549a597e0635ff808b203a25766,f23c8a0,SwiftTag/Features/AlbumArt/AlbumArtSheetView.swift,"[""SwiftTag/Features/AlbumArt/AlbumArtSheetView.swift""]",M,app_code,23,0,False
f23c8a089f6d5549a597e0635ff808b203a25766,f23c8a0,SwiftTag/Features/TagEditor/TagEditorViewModel.swift,"[""SwiftTag/Features/TagEditor/TagEditorViewModel.swift""]",M,app_code,3,14,False
f23c8a089f6d5549a597e0635ff808b203a25766,f23c8a0,SwiftTagTests/SwiftTagDocumentTests.swift,"[""SwiftTagTests/SwiftTagDocumentTests.swift""]",M,tests,45,0,False
f23c8a089f6d5549a597e0635ff808b203a25766,f23c8a0,SwiftTagUITests/SwiftTagUITests.swift,"[""SwiftTagUITests/SwiftTagUITests.swift""]",M,tests,277,20,False
759876b5751c03c882cad89d885311f3073fe8cc,759876b,SwiftTag.xcodeproj/project.pbxproj,"[""SwiftTag.xcodeproj/project.pbxproj""]",M,app_code,8,16,False
759876b5751c03c882cad89d885311f3073fe8cc,759876b,SwiftTag.xcodeproj/xcshareddata/xcschemes/SwiftTag.xcscheme,"[""SwiftTag.xcodeproj/xcshareddata/xcschemes/SwiftTag.xcscheme""]",M,other,8,3,False
759876b5751c03c882cad89d885311f3073fe8cc,759876b,SwiftTag.xcodeproj/xcshareddata/xcschemes/SwiftTagApp.xcscheme,"[""SwiftTag.xcodeproj/xcshareddata/xcschemes/SwiftTagApp.xcscheme""]",M,other,8,3,False
759876b5751c03c882cad89d885311f3073fe8cc,759876b,SwiftTag.xctestplan,"[""SwiftTag.xctestplan""]",A,other,38,0,False
759876b5751c03c882cad89d885311f3073fe8cc,759876b,SwiftTag/Shared/Models/FlacPictureModels.swift,"[""SwiftTag/Shared/Models/FlacPictureModels.swift""]",M,app_code,2,2,False
759876b5751c03c882cad89d885311f3073fe8cc,759876b,SwiftTag/Shared/Models/Track.swift,"[""SwiftTag/Shared/Models/Track.swift""]",M,app_code,1,1,False
759876b5751c03c882cad89d885311f3073fe8cc,759876b,SwiftTag/Shared/QuickLook/SwiftTagDocumentQuickLookSnapshot.swift,"[""SwiftTag/Shared/QuickLook/SwiftTagDocumentQuickLookSnapshot.swift""]",M,app_code,17,1,False
759876b5751c03c882cad89d885311f3073fe8cc,759876b,SwiftTag/Shared/Utilities/PictureDataUtilities.swift,"[""SwiftTag/Shared/Utilities/PictureDataUtilities.swift""]",M,app_code,17,17,False
192eaacabaecbe09ee3ee59d935f0d3ab2d86a02,192eaac,Docs/Plans/26-AddAppleScriptSupport.md,"[""Docs/Plans/26-AddAppleScriptSupport.md""]",A,plans,265,0,False
192eaacabaecbe09ee3ee59d935f0d3ab2d86a02,192eaac,SwiftTag/Info.plist,"[""SwiftTag/Info.plist""]",M,app_code,4,0,False
192eaacabaecbe09ee3ee59d935f0d3ab2d86a02,192eaac,SwiftTag/Shared/Utilities/SwiftTagAppleScriptSupport.swift,"[""SwiftTag/Shared/Utilities/SwiftTagAppleScriptSupport.swift""]",A,app_code,236,0,False
192eaacabaecbe09ee3ee59d935f0d3ab2d86a02,192eaac,SwiftTag/SwiftTag.sdef,"[""SwiftTag/SwiftTag.sdef""]",A,app_code,73,0,False
192eaacabaecbe09ee3ee59d935f0d3ab2d86a02,192eaac,SwiftTagTests/SwiftTagAppleScriptTests.swift,"[""SwiftTagTests/SwiftTagAppleScriptTests.swift""]",A,tests,37,0,False
777706cf1432bcd9bbd0ff1d145469d038b76fd3,777706c,Docs/Plans/Transcripts/transcript-2026-04-18-1-26-AddAppleScriptSupport.md,"[""Docs/Plans/Transcripts/transcript-2026-04-18-1-26-AddAppleScriptSupport.md""]",A,transcripts,381,0,False
777706cf1432bcd9bbd0ff1d145469d038b76fd3,777706c,SwiftTag/ContentView.swift,"[""SwiftTag/ContentView.swift""]",M,app_code,86,4,False
777706cf1432bcd9bbd0ff1d145469d038b76fd3,777706c,SwiftTag/Shared/Utilities/EditorWindowCoordinator.swift,"[""SwiftTag/Shared/Utilities/EditorWindowCoordinator.swift""]",M,app_code,10,3,False
777706cf1432bcd9bbd0ff1d145469d038b76fd3,777706c,SwiftTag/Shared/Utilities/SwiftTagAppleScriptSupport.swift,"[""SwiftTag/Shared/Utilities/SwiftTagAppleScriptSupport.swift""]",M,app_code,452,10,False
777706cf1432bcd9bbd0ff1d145469d038b76fd3,777706c,SwiftTag/SwiftTag.sdef,"[""SwiftTag/SwiftTag.sdef""]",M,app_code,47,0,False
777706cf1432bcd9bbd0ff1d145469d038b76fd3,777706c,SwiftTagTests/SwiftTagAppleScriptTests.swift,"[""SwiftTagTests/SwiftTagAppleScriptTests.swift""]",M,tests,99,0,False
bee209c217c6b5fa2c4eaddbddcab99101ee589a,bee209c,Docs/Plans/Transcripts/transcript-2026-04-20-1-26-AddAppleScriptSupport.md,"[""Docs/Plans/Transcripts/transcript-2026-04-20-1-26-AddAppleScriptSupport.md""]",A,transcripts,226,0,False
bee209c217c6b5fa2c4eaddbddcab99101ee589a,bee209c,SwiftTag/ContentView.swift,"[""SwiftTag/ContentView.swift""]",M,app_code,76,2,False
bee209c217c6b5fa2c4eaddbddcab99101ee589a,bee209c,SwiftTag/Features/TagEditor/TagEditorViewModel.swift,"[""SwiftTag/Features/TagEditor/TagEditorViewModel.swift""]",M,app_code,8,0,False
bee209c217c6b5fa2c4eaddbddcab99101ee589a,bee209c,SwiftTag/Shared/Utilities/SwiftTagAppleScriptSupport.swift,"[""SwiftTag/Shared/Utilities/SwiftTagAppleScriptSupport.swift""]",M,app_code,597,5,False
bee209c217c6b5fa2c4eaddbddcab99101ee589a,bee209c,SwiftTag/SwiftTag.sdef,"[""SwiftTag/SwiftTag.sdef""]",M,app_code,164,7,False
bee209c217c6b5fa2c4eaddbddcab99101ee589a,bee209c,SwiftTagTests/SwiftTagAppleScriptTests.swift,"[""SwiftTagTests/SwiftTagAppleScriptTests.swift""]",M,tests,162,0,False
5866685bcbe463804d3efa4fb258029bf961207a,5866685,SwiftTag/FLACBridge/include/FlacMetadataBridge.h,"[""SwiftTag/FLACBridge/include/FlacMetadataBridge.h""]",M,app_code,2,0,False
5866685bcbe463804d3efa4fb258029bf961207a,5866685,SwiftTag/FLACBridge/src/FlacMetadataBridge.c,"[""SwiftTag/FLACBridge/src/FlacMetadataBridge.c""]",M,app_code,6,0,False
5866685bcbe463804d3efa4fb258029bf961207a,5866685,SwiftTag/Features/TagEditor/TagEditorViewModel.swift,"[""SwiftTag/Features/TagEditor/TagEditorViewModel.swift""]",M,app_code,24,0,False
5866685bcbe463804d3efa4fb258029bf961207a,5866685,SwiftTag/FlacMetadataService.swift,"[""SwiftTag/FlacMetadataService.swift""]",M,app_code,33,2,False
5866685bcbe463804d3efa4fb258029bf961207a,5866685,SwiftTag/Shared/Models/Track.swift,"[""SwiftTag/Shared/Models/Track.swift""]",M,app_code,32,0,False
5866685bcbe463804d3efa4fb258029bf961207a,5866685,SwiftTag/Shared/Utilities/SwiftTagDocumentPackageManifest.swift,"[""SwiftTag/Shared/Utilities/SwiftTagDocumentPackageManifest.swift""]",M,app_code,8,0,False
5866685bcbe463804d3efa4fb258029bf961207a,5866685,SwiftTag/Shared/Utilities/SwiftTagDocumentPackageReader.swift,"[""SwiftTag/Shared/Utilities/SwiftTagDocumentPackageReader.swift""]",M,app_code,4,0,False
5866685bcbe463804d3efa4fb258029bf961207a,5866685,SwiftTag/Shared/Utilities/SwiftTagDocumentPackageWriter.swift,"[""SwiftTag/Shared/Utilities/SwiftTagDocumentPackageWriter.swift""]",M,app_code,4,0,False
5866685bcbe463804d3efa4fb258029bf961207a,5866685,SwiftTag/Shared/Utilities/SwiftTagDocumentSupport.swift,"[""SwiftTag/Shared/Utilities/SwiftTagDocumentSupport.swift""]",M,app_code,98,0,False
5866685bcbe463804d3efa4fb258029bf961207a,5866685,SwiftTagTests/SwiftTagDocumentTests.swift,"[""SwiftTagTests/SwiftTagDocumentTests.swift""]",M,tests,112,1,False
5866685bcbe463804d3efa4fb258029bf961207a,5866685,SwiftTagTests/SwiftTagTests.swift,"[""SwiftTagTests/SwiftTagTests.swift""]",M,tests,8,0,False
5866685bcbe463804d3efa4fb258029bf961207a,5866685,SwiftTagTests/TrackDurationTests.swift,"[""SwiftTagTests/TrackDurationTests.swift""]",M,tests,50,2,False
859a8f570b718d332f3f3814fc621280ae0f077e,859a8f5,SwiftTag/Shared/Utilities/SwiftTagAppleScriptSupport.swift,"[""SwiftTag/Shared/Utilities/SwiftTagAppleScriptSupport.swift""]",M,app_code,58,0,False
859a8f570b718d332f3f3814fc621280ae0f077e,859a8f5,SwiftTag/Shared/Utilities/SwiftTagDocumentPackageWriter.swift,"[""SwiftTag/Shared/Utilities/SwiftTagDocumentPackageWriter.swift""]",M,app_code,57,18,False
859a8f570b718d332f3f3814fc621280ae0f077e,859a8f5,SwiftTag/SwiftTag.sdef,"[""SwiftTag/SwiftTag.sdef""]",M,app_code,18,0,False
859a8f570b718d332f3f3814fc621280ae0f077e,859a8f5,SwiftTagTests/SwiftTagAppleScriptTests.swift,"[""SwiftTagTests/SwiftTagAppleScriptTests.swift""]",M,tests,32,1,False
0c2d38575541a8dada750da08698d78e75a4d3f0,0c2d385,Docs/Plans/26-AddAppleScriptSupport.md,"[""Docs/Plans/26-AddAppleScriptSupport.md""]",M,plans,12,9,False
0c2d38575541a8dada750da08698d78e75a4d3f0,0c2d385,Docs/Plans/Transcripts/transcript-2026-04-21-1-26-AddAppleScriptSupport.md,"[""Docs/Plans/Transcripts/transcript-2026-04-21-1-26-AddAppleScriptSupport.md""]",A,transcripts,117,0,False
0c2d38575541a8dada750da08698d78e75a4d3f0,0c2d385,Docs/Plans/Transcripts/transcript-2026-04-22-1-26-AddAppleScriptSupport.md,"[""Docs/Plans/Transcripts/transcript-2026-04-22-1-26-AddAppleScriptSupport.md""]",A,transcripts,125,0,False
0c2d38575541a8dada750da08698d78e75a4d3f0,0c2d385,SwiftTag/ContentView.swift,"[""SwiftTag/ContentView.swift""]",M,app_code,14,0,False
0c2d38575541a8dada750da08698d78e75a4d3f0,0c2d385,SwiftTag/Features/TagEditor/TagEditorViewModel.swift,"[""SwiftTag/Features/TagEditor/TagEditorViewModel.swift""]",M,app_code,101,0,False
0c2d38575541a8dada750da08698d78e75a4d3f0,0c2d385,SwiftTag/Shared/Utilities/SwiftTagAppleScriptSupport.swift,"[""SwiftTag/Shared/Utilities/SwiftTagAppleScriptSupport.swift""]",M,app_code,550,2,False
0c2d38575541a8dada750da08698d78e75a4d3f0,0c2d385,SwiftTag/SwiftTag.sdef,"[""SwiftTag/SwiftTag.sdef""]",M,app_code,28,0,False
0c2d38575541a8dada750da08698d78e75a4d3f0,0c2d385,SwiftTagTests/SwiftTagAppleScriptTests.swift,"[""SwiftTagTests/SwiftTagAppleScriptTests.swift""]",M,tests,120,0,False
2298c43c00492de67ad920a395d3ec7a8c8fb722,2298c43,Docs/Plans/Transcripts/transcript-2026-04-22-2-26-AddAppleScriptSupport.md,"[""Docs/Plans/Transcripts/transcript-2026-04-22-2-26-AddAppleScriptSupport.md""]",A,transcripts,133,0,False
2298c43c00492de67ad920a395d3ec7a8c8fb722,2298c43,SwiftTag/Features/FlacImport/FlacImportMapper.swift,"[""SwiftTag/Features/FlacImport/FlacImportMapper.swift""]",M,app_code,1,1,False
2298c43c00492de67ad920a395d3ec7a8c8fb722,2298c43,SwiftTag/Features/TagEditor/TagEditorViewModel.swift,"[""SwiftTag/Features/TagEditor/TagEditorViewModel.swift""]",M,app_code,4,3,False
2298c43c00492de67ad920a395d3ec7a8c8fb722,2298c43,SwiftTag/Shared/Models/Track.swift,"[""SwiftTag/Shared/Models/Track.swift""]",M,app_code,1,1,False
2298c43c00492de67ad920a395d3ec7a8c8fb722,2298c43,SwiftTag/Shared/Utilities/SwiftTagAppleScriptSupport.swift,"[""SwiftTag/Shared/Utilities/SwiftTagAppleScriptSupport.swift""]",M,app_code,2,6,False
2298c43c00492de67ad920a395d3ec7a8c8fb722,2298c43,SwiftTag/Shared/Utilities/TagNormalization.swift,"[""SwiftTag/Shared/Utilities/TagNormalization.swift""]",M,app_code,17,3,False
2298c43c00492de67ad920a395d3ec7a8c8fb722,2298c43,SwiftTagTests/SwiftTagAppleScriptTests.swift,"[""SwiftTagTests/SwiftTagAppleScriptTests.swift""]",M,tests,11,0,False
2298c43c00492de67ad920a395d3ec7a8c8fb722,2298c43,SwiftTagTests/SwiftTagTests.swift,"[""SwiftTagTests/SwiftTagTests.swift""]",M,tests,60,1,False
d65459355d32c58116293e4f6cce8a759b6d67f5,d654593,Docs/Plans/26-AddAppleScriptSupport.md,"[""Docs/Plans/26-AddAppleScriptSupport.md""]",M,plans,7,5,False
d65459355d32c58116293e4f6cce8a759b6d67f5,d654593,Docs/Plans/Transcripts/transcript-2026-04-23-1-26-AddAppleScriptSupport.md,"[""Docs/Plans/Transcripts/transcript-2026-04-23-1-26-AddAppleScriptSupport.md""]",A,transcripts,124,0,False
d65459355d32c58116293e4f6cce8a759b6d67f5,d654593,SwiftTag/ContentView.swift,"[""SwiftTag/ContentView.swift""]",M,app_code,40,6,False
d65459355d32c58116293e4f6cce8a759b6d67f5,d654593,SwiftTag/Features/TagEditor/TagEditorViewModel.swift,"[""SwiftTag/Features/TagEditor/TagEditorViewModel.swift""]",M,app_code,144,52,False
d65459355d32c58116293e4f6cce8a759b6d67f5,d654593,SwiftTag/Shared/Utilities/SwiftTagAppleScriptSupport.swift,"[""SwiftTag/Shared/Utilities/SwiftTagAppleScriptSupport.swift""]",M,app_code,163,8,False
d65459355d32c58116293e4f6cce8a759b6d67f5,d654593,SwiftTag/SwiftTag.sdef,"[""SwiftTag/SwiftTag.sdef""]",M,app_code,12,0,False
d65459355d32c58116293e4f6cce8a759b6d67f5,d654593,SwiftTagTests/SwiftTagAppleScriptTests.swift,"[""SwiftTagTests/SwiftTagAppleScriptTests.swift""]",M,tests,95,0,False
d65459355d32c58116293e4f6cce8a759b6d67f5,d654593,SwiftTagTests/SwiftTagTests.swift,"[""SwiftTagTests/SwiftTagTests.swift""]",M,tests,51,0,False
546e43d639eb9d7eceb46aa966b8a592b187b12c,546e43d,Docs/Guides/testing-guide.md,"[""Docs/Guides/testing-guide.md""]",M,docs,26,0,False
546e43d639eb9d7eceb46aa966b8a592b187b12c,546e43d,Docs/Plans/26-AddAppleScriptSupport.md,"[""Docs/Plans/26-AddAppleScriptSupport.md""]",M,plans,5,0,False
546e43d639eb9d7eceb46aa966b8a592b187b12c,546e43d,Docs/Plans/Transcripts/transcript-2026-04-23-2-26-AddAppleScriptSupport.md,"[""Docs/Plans/Transcripts/transcript-2026-04-23-2-26-AddAppleScriptSupport.md""]",A,transcripts,648,0,False
546e43d639eb9d7eceb46aa966b8a592b187b12c,546e43d,SwiftTag/ContentView.swift,"[""SwiftTag/ContentView.swift""]",M,app_code,7,9,False
546e43d639eb9d7eceb46aa966b8a592b187b12c,546e43d,SwiftTag/Features/TagEditor/TagEditorTrackFileView.swift,"[""SwiftTag/Features/TagEditor/TagEditorTrackFileView.swift""]",M,app_code,1,20,False
546e43d639eb9d7eceb46aa966b8a592b187b12c,546e43d,SwiftTag/Shared/Models/Track.swift,"[""SwiftTag/Shared/Models/Track.swift""]",M,app_code,25,0,False
546e43d639eb9d7eceb46aa966b8a592b187b12c,546e43d,SwiftTag/Shared/Utilities/SwiftTagAppleScriptSupport.swift,"[""SwiftTag/Shared/Utilities/SwiftTagAppleScriptSupport.swift""]",M,app_code,113,18,False
546e43d639eb9d7eceb46aa966b8a592b187b12c,546e43d,SwiftTag/SwiftTag.sdef,"[""SwiftTag/SwiftTag.sdef""]",M,app_code,9,4,False
546e43d639eb9d7eceb46aa966b8a592b187b12c,546e43d,SwiftTagTests/SwiftTagAppleScriptTests.swift,"[""SwiftTagTests/SwiftTagAppleScriptTests.swift""]",M,tests,324,21,False
546e43d639eb9d7eceb46aa966b8a592b187b12c,546e43d,SwiftTagUITests/SwiftTagUITests.swift,"[""SwiftTagUITests/SwiftTagUITests.swift""]",M,tests,147,2,False
c02d65544f4b09ec7b1fa8ca3e5e15204fdd1795,c02d655,SwiftTag/Shared/Utilities/SwiftTagAppleScriptSupport.swift,"[""SwiftTag/Shared/Utilities/SwiftTagAppleScriptSupport.swift""]",M,app_code,272,40,False
c02d65544f4b09ec7b1fa8ca3e5e15204fdd1795,c02d655,SwiftTagTests/SwiftTagAppleScriptTests.swift,"[""SwiftTagTests/SwiftTagAppleScriptTests.swift""]",M,tests,59,0,False
c02d65544f4b09ec7b1fa8ca3e5e15204fdd1795,c02d655,SwiftTagUITests/SwiftTagUITests.swift,"[""SwiftTagUITests/SwiftTagUITests.swift""]",M,tests,29,0,False
95957dd6350042cf04715f42d75a708d22bd4af1,95957dd,Docs/Guides/testing-guide.md,"[""Docs/Guides/testing-guide.md""]",M,docs,55,21,False
95957dd6350042cf04715f42d75a708d22bd4af1,95957dd,Docs/Plans/Transcripts/transcript-2026-04-24-1-26-AddAppleScriptSupport.md,"[""Docs/Plans/Transcripts/transcript-2026-04-24-1-26-AddAppleScriptSupport.md""]",A,transcripts,392,0,False
95957dd6350042cf04715f42d75a708d22bd4af1,95957dd,SwiftTag.xcodeproj/project.pbxproj,"[""SwiftTag.xcodeproj/project.pbxproj""]",M,app_code,2,0,False
95957dd6350042cf04715f42d75a708d22bd4af1,95957dd,SwiftTag/Shared/Utilities/SwiftTagAppleScriptSupport.swift,"[""SwiftTag/Shared/Utilities/SwiftTagAppleScriptSupport.swift""]",M,app_code,281,80,False
95957dd6350042cf04715f42d75a708d22bd4af1,95957dd,SwiftTag/Shared/Utilities/UnsavedChangesCoordinator.swift,"[""SwiftTag/Shared/Utilities/UnsavedChangesCoordinator.swift""]",M,app_code,4,0,False
95957dd6350042cf04715f42d75a708d22bd4af1,95957dd,SwiftTag/SwiftTag.sdef,"[""SwiftTag/SwiftTag.sdef""]",M,app_code,45,10,False
95957dd6350042cf04715f42d75a708d22bd4af1,95957dd,SwiftTagTests/SwiftTagAppleScriptTests.swift,"[""SwiftTagTests/SwiftTagAppleScriptTests.swift""]",M,tests,168,8,False
95957dd6350042cf04715f42d75a708d22bd4af1,95957dd,SwiftTagUITests/SwiftTagUITests.entitlements,"[""SwiftTagUITests/SwiftTagUITests.entitlements""]",A,tests,19,0,False
95957dd6350042cf04715f42d75a708d22bd4af1,95957dd,SwiftTagUITests/SwiftTagUITests.swift,"[""SwiftTagUITests/SwiftTagUITests.swift""]",M,tests,130,40,False
d42524c80ead7c678062531b1a7e72fe58e29d72,d42524c,.gitignore,"["".gitignore""]",M,other,1,0,False
d42524c80ead7c678062531b1a7e72fe58e29d72,d42524c,AGENTS.md,"[""AGENTS.md""]",M,docs,2,1,False
d42524c80ead7c678062531b1a7e72fe58e29d72,d42524c,Docs/AppleDocsIndex/README.md,"[""Docs/AppleDocsIndex/README.md""]",A,docs,37,0,False
d42524c80ead7c678062531b1a7e72fe58e29d72,d42524c,Docs/AppleDocsIndex/apple-docs-scout-agent.md,"[""Docs/AppleDocsIndex/apple-docs-scout-agent.md""]",A,docs,52,0,False
d42524c80ead7c678062531b1a7e72fe58e29d72,d42524c,Docs/AppleDocsIndex/generate_apple_docs_index.py,"[""Docs/AppleDocsIndex/generate_apple_docs_index.py""]",A,docs,284,0,False
d42524c80ead7c678062531b1a7e72fe58e29d72,d42524c,SwiftTag/Features/TagEditor/TagEditorViewModel.swift,"[""SwiftTag/Features/TagEditor/TagEditorViewModel.swift""]",M,app_code,1,1,False
d42524c80ead7c678062531b1a7e72fe58e29d72,d42524c,SwiftTag/Shared/Utilities/SwiftTagAppleScriptSupport.swift,"[""SwiftTag/Shared/Utilities/SwiftTagAppleScriptSupport.swift""]",M,app_code,106,109,False
d433bba53b6179aaaf82904aa26a22b18eba3bf0,d433bba,SwiftTag/Shared/Utilities/EditorWindowCoordinator.swift,"[""SwiftTag/Shared/Utilities/EditorWindowCoordinator.swift""]",M,app_code,14,2,False
d433bba53b6179aaaf82904aa26a22b18eba3bf0,d433bba,SwiftTag/Shared/Utilities/SwiftTagAppleScriptSupport.swift,"[""SwiftTag/Shared/Utilities/SwiftTagAppleScriptSupport.swift""]",M,app_code,2,1,False
d433bba53b6179aaaf82904aa26a22b18eba3bf0,d433bba,SwiftTagTests/SwiftTagAppleScriptTests.swift,"[""SwiftTagTests/SwiftTagAppleScriptTests.swift""]",M,tests,5,0,False
d433bba53b6179aaaf82904aa26a22b18eba3bf0,d433bba,SwiftTagTests/SwiftTagTests.swift,"[""SwiftTagTests/SwiftTagTests.swift""]",M,tests,5,0,False
11ba78598b25840b5e415e7410b8df4b75c964c5,11ba785,Docs/Plans/26-AddAppleScriptSupport.md,"[""Docs/Plans/26-AddAppleScriptSupport.md""]",M,plans,34,6,False
11ba78598b25840b5e415e7410b8df4b75c964c5,11ba785,Docs/Plans/Transcripts/transcript-2026-04-28-1-26-AddAppleScriptSupport.md,"[""Docs/Plans/Transcripts/transcript-2026-04-28-1-26-AddAppleScriptSupport.md""]",A,transcripts,383,0,False
11ba78598b25840b5e415e7410b8df4b75c964c5,11ba785,SwiftTag/ContentView.swift,"[""SwiftTag/ContentView.swift""]",M,app_code,20,0,False
11ba78598b25840b5e415e7410b8df4b75c964c5,11ba785,SwiftTag/Features/AlbumArt/AlbumArtViewModel.swift,"[""SwiftTag/Features/AlbumArt/AlbumArtViewModel.swift""]",M,app_code,66,1,False
11ba78598b25840b5e415e7410b8df4b75c964c5,11ba785,SwiftTag/Features/TagEditor/TagEditorViewModel.swift,"[""SwiftTag/Features/TagEditor/TagEditorViewModel.swift""]",M,app_code,28,0,False
11ba78598b25840b5e415e7410b8df4b75c964c5,11ba785,SwiftTag/Shared/Utilities/SwiftTagAppleScriptSupport.swift,"[""SwiftTag/Shared/Utilities/SwiftTagAppleScriptSupport.swift""]",M,app_code,260,1,False
11ba78598b25840b5e415e7410b8df4b75c964c5,11ba785,SwiftTag/SwiftTag.sdef,"[""SwiftTag/SwiftTag.sdef""]",M,app_code,59,0,False
11ba78598b25840b5e415e7410b8df4b75c964c5,11ba785,SwiftTagTests/SwiftTagAppleScriptTests.swift,"[""SwiftTagTests/SwiftTagAppleScriptTests.swift""]",M,tests,148,0,False
11ba78598b25840b5e415e7410b8df4b75c964c5,11ba785,SwiftTagTests/SwiftTagTests.swift,"[""SwiftTagTests/SwiftTagTests.swift""]",M,tests,86,0,False
11ba78598b25840b5e415e7410b8df4b75c964c5,11ba785,SwiftTagUITests/SwiftTagUITests.swift,"[""SwiftTagUITests/SwiftTagUITests.swift""]",M,tests,49,0,False
6811df91487bd977d74d60b43af798e9970e5d69,6811df9,Docs/Plans/26-AddAppleScriptSupport.md,"[""Docs/Plans/26-AddAppleScriptSupport.md""]",M,plans,39,5,False
6811df91487bd977d74d60b43af798e9970e5d69,6811df9,Docs/Plans/Transcripts/transcript-2026-04-28-2-26-AddAppleScriptSupport.md,"[""Docs/Plans/Transcripts/transcript-2026-04-28-2-26-AddAppleScriptSupport.md""]",A,transcripts,527,0,False
6811df91487bd977d74d60b43af798e9970e5d69,6811df9,SwiftTag/ContentView.swift,"[""SwiftTag/ContentView.swift""]",M,app_code,33,0,False
6811df91487bd977d74d60b43af798e9970e5d69,6811df9,SwiftTag/Features/TagEditor/TagEditorViewModel.swift,"[""SwiftTag/Features/TagEditor/TagEditorViewModel.swift""]",M,app_code,76,0,False
6811df91487bd977d74d60b43af798e9970e5d69,6811df9,SwiftTag/Shared/Utilities/SwiftTagAppleScriptSupport.swift,"[""SwiftTag/Shared/Utilities/SwiftTagAppleScriptSupport.swift""]",M,app_code,1215,55,False
6811df91487bd977d74d60b43af798e9970e5d69,6811df9,SwiftTag/SwiftTag.sdef,"[""SwiftTag/SwiftTag.sdef""]",M,app_code,42,9,False
6811df91487bd977d74d60b43af798e9970e5d69,6811df9,SwiftTag/SwiftTagApp.swift,"[""SwiftTag/SwiftTagApp.swift""]",M,app_code,1,0,False
6811df91487bd977d74d60b43af798e9970e5d69,6811df9,SwiftTagTests/SwiftTagAppleScriptTests.swift,"[""SwiftTagTests/SwiftTagAppleScriptTests.swift""]",M,tests,188,0,False
6811df91487bd977d74d60b43af798e9970e5d69,6811df9,SwiftTagUITests/SwiftTagUITests.swift,"[""SwiftTagUITests/SwiftTagUITests.swift""]",M,tests,54,0,False
9b05c92e3f87af186de2ebdf43ebe8f297b41572,9b05c92,Docs/Plans/Transcripts/transcript-2026-04-29-1-26-AddAppleScriptSupport.md,"[""Docs/Plans/Transcripts/transcript-2026-04-29-1-26-AddAppleScriptSupport.md""]",A,transcripts,127,0,False
9b05c92e3f87af186de2ebdf43ebe8f297b41572,9b05c92,SwiftTag/Shared/Utilities/SwiftTagAppleScriptSupport.swift,"[""SwiftTag/Shared/Utilities/SwiftTagAppleScriptSupport.swift""]",M,app_code,52,5,False
9b05c92e3f87af186de2ebdf43ebe8f297b41572,9b05c92,SwiftTagTests/SwiftTagAppleScriptTests.swift,"[""SwiftTagTests/SwiftTagAppleScriptTests.swift""]",M,tests,15,0,False
9b05c92e3f87af186de2ebdf43ebe8f297b41572,9b05c92,SwiftTagUITests/SwiftTagUITests.swift,"[""SwiftTagUITests/SwiftTagUITests.swift""]",M,tests,71,0,False
46a24e9e98968ea9d3bfa50853be92e35d857f8e,46a24e9,SwiftTag/Shared/Utilities/SwiftTagAppleScriptSupport.swift,"[""SwiftTag/Shared/Utilities/SwiftTagAppleScriptSupport.swift""]",M,app_code,5,0,False
46a24e9e98968ea9d3bfa50853be92e35d857f8e,46a24e9,SwiftTag/SwiftTag.sdef,"[""SwiftTag/SwiftTag.sdef""]",M,app_code,3,0,False
46a24e9e98968ea9d3bfa50853be92e35d857f8e,46a24e9,SwiftTagTests/SwiftTagAppleScriptTests.swift,"[""SwiftTagTests/SwiftTagAppleScriptTests.swift""]",M,tests,69,0,False
46a24e9e98968ea9d3bfa50853be92e35d857f8e,46a24e9,SwiftTagUITests/SwiftTagUITests.swift,"[""SwiftTagUITests/SwiftTagUITests.swift""]",M,tests,37,0,False
bbb83ef00b9fb130f94ada7293ee1f429c6bf755,bbb83ef,SwiftTag/Shared/Utilities/SwiftTagAppleScriptSupport.swift,"[""SwiftTag/Shared/Utilities/SwiftTagAppleScriptSupport.swift""]",M,app_code,282,0,False
bbb83ef00b9fb130f94ada7293ee1f429c6bf755,bbb83ef,SwiftTag/SwiftTag.sdef,"[""SwiftTag/SwiftTag.sdef""]",M,app_code,2,2,False
bbb83ef00b9fb130f94ada7293ee1f429c6bf755,bbb83ef,SwiftTagTests/SwiftTagAppleScriptTests.swift,"[""SwiftTagTests/SwiftTagAppleScriptTests.swift""]",M,tests,16,1,False
bbb83ef00b9fb130f94ada7293ee1f429c6bf755,bbb83ef,SwiftTagUITests/SwiftTagUITests.swift,"[""SwiftTagUITests/SwiftTagUITests.swift""]",M,tests,53,0,False
24428a1548324e06268c9174e358e22e9559801b,24428a1,Docs/Plans/Transcripts/transcript-2026-04-29-2-26-AddAppleScriptSupport.md,"[""Docs/Plans/Transcripts/transcript-2026-04-29-2-26-AddAppleScriptSupport.md""]",A,transcripts,322,0,False
24428a1548324e06268c9174e358e22e9559801b,24428a1,SwiftTag/ContentView.swift,"[""SwiftTag/ContentView.swift""]",M,app_code,2,0,False
24428a1548324e06268c9174e358e22e9559801b,24428a1,SwiftTag/Features/TagEditor/TagEditorMiscTagsView.swift,"[""SwiftTag/Features/TagEditor/TagEditorMiscTagsView.swift""]",M,app_code,1,0,False
24428a1548324e06268c9174e358e22e9559801b,24428a1,SwiftTag/Features/TagEditor/TagEditorViewModel.swift,"[""SwiftTag/Features/TagEditor/TagEditorViewModel.swift""]",M,app_code,2,1,False
24428a1548324e06268c9174e358e22e9559801b,24428a1,SwiftTag/Shared/Utilities/SwiftTagAppleScriptSupport.swift,"[""SwiftTag/Shared/Utilities/SwiftTagAppleScriptSupport.swift""]",M,app_code,138,26,False
24428a1548324e06268c9174e358e22e9559801b,24428a1,SwiftTagTests/SwiftTagTests.swift,"[""SwiftTagTests/SwiftTagTests.swift""]",M,tests,66,0,False
24428a1548324e06268c9174e358e22e9559801b,24428a1,SwiftTagUITests/SwiftTagUITests.swift,"[""SwiftTagUITests/SwiftTagUITests.swift""]",M,tests,229,0,False
ce1865558f2929bb98bcf1450a297244be3fbb06,ce18655,SwiftTag/Features/TagEditor/TagEditorViewModel.swift,"[""SwiftTag/Features/TagEditor/TagEditorViewModel.swift""]",M,app_code,6,23,False
ce1865558f2929bb98bcf1450a297244be3fbb06,ce18655,SwiftTag/Shared/Utilities/SwiftTagAppleScriptSupport.swift,"[""SwiftTag/Shared/Utilities/SwiftTagAppleScriptSupport.swift""]",M,app_code,14,22,False
ce1865558f2929bb98bcf1450a297244be3fbb06,ce18655,SwiftTagTests/SwiftTagAppleScriptTests.swift,"[""SwiftTagTests/SwiftTagAppleScriptTests.swift""]",M,tests,195,2,False
ce1865558f2929bb98bcf1450a297244be3fbb06,ce18655,SwiftTagUITests/SwiftTagUITests.swift,"[""SwiftTagUITests/SwiftTagUITests.swift""]",M,tests,57,0,False
987ade16137d70327f87ab16fcf3fc874681eba4,987ade1,Docs/Plans/27-TrackTagsRefactor.md,"[""Docs/Plans/27-TrackTagsRefactor.md""]",A,plans,280,0,False
987ade16137d70327f87ab16fcf3fc874681eba4,987ade1,Docs/Plans/Transcripts/transcript-2026-04-30-1-26-AddAppleScriptSupport.md,"[""Docs/Plans/Transcripts/transcript-2026-04-30-1-26-AddAppleScriptSupport.md""]",A,transcripts,416,0,False
987ade16137d70327f87ab16fcf3fc874681eba4,987ade1,SwiftTag/Features/TagEditor/TagEditorViewModel.swift,"[""SwiftTag/Features/TagEditor/TagEditorViewModel.swift""]",M,app_code,29,17,False
987ade16137d70327f87ab16fcf3fc874681eba4,987ade1,SwiftTag/Shared/Models/Track.swift,"[""SwiftTag/Shared/Models/Track.swift""]",M,app_code,96,6,False
987ade16137d70327f87ab16fcf3fc874681eba4,987ade1,SwiftTag/Shared/Utilities/SwiftTagAppleScriptSupport.swift,"[""SwiftTag/Shared/Utilities/SwiftTagAppleScriptSupport.swift""]",M,app_code,1,9,False
987ade16137d70327f87ab16fcf3fc874681eba4,987ade1,SwiftTagTests/SwiftTagAppleScriptTests.swift,"[""SwiftTagTests/SwiftTagAppleScriptTests.swift""]",M,tests,37,6,False
987ade16137d70327f87ab16fcf3fc874681eba4,987ade1,SwiftTagTests/SwiftTagTests.swift,"[""SwiftTagTests/SwiftTagTests.swift""]",M,tests,75,0,False
987ade16137d70327f87ab16fcf3fc874681eba4,987ade1,SwiftTagUITests/SwiftTagUITests.swift,"[""SwiftTagUITests/SwiftTagUITests.swift""]",M,tests,3,0,False
c6c7c445aae308a598d41e9f839c9bfd0e495e88,c6c7c44,SwiftTagUITests/SwiftTagUITestSuites.swift,"[""SwiftTagUITests/SwiftTagUITestSuites.swift""]",A,tests,327,0,False
c6c7c445aae308a598d41e9f839c9bfd0e495e88,c6c7c44,SwiftTagUITests/SwiftTagUITests.swift,"[""SwiftTagUITests/SwiftTagUITests.swift""]",M,tests,62,62,False
83b8764ca1faecb6f984a4cf8703eaad75501f8a,83b8764,Docs/Plans/Transcripts/transcript-2026-04-30-2-26-AddAppleScriptSupport.md,"[""Docs/Plans/Transcripts/transcript-2026-04-30-2-26-AddAppleScriptSupport.md""]",A,transcripts,139,0,False
83b8764ca1faecb6f984a4cf8703eaad75501f8a,83b8764,SwiftTag/ContentView.swift,"[""SwiftTag/ContentView.swift""]",M,app_code,23,1,False
83b8764ca1faecb6f984a4cf8703eaad75501f8a,83b8764,SwiftTag/Features/AlbumArt/AlbumArtSheetView.swift,"[""SwiftTag/Features/AlbumArt/AlbumArtSheetView.swift""]",M,app_code,4,0,False
83b8764ca1faecb6f984a4cf8703eaad75501f8a,83b8764,SwiftTag/Features/TagEditor/TagEditorViewModel.swift,"[""SwiftTag/Features/TagEditor/TagEditorViewModel.swift""]",M,app_code,19,0,False
83b8764ca1faecb6f984a4cf8703eaad75501f8a,83b8764,SwiftTag/Shared/Utilities/SwiftTagAppleScriptSupport.swift,"[""SwiftTag/Shared/Utilities/SwiftTagAppleScriptSupport.swift""]",M,app_code,248,1,False
83b8764ca1faecb6f984a4cf8703eaad75501f8a,83b8764,SwiftTagTests/SwiftTagAppleScriptTests.swift,"[""SwiftTagTests/SwiftTagAppleScriptTests.swift""]",M,tests,105,0,False
83b8764ca1faecb6f984a4cf8703eaad75501f8a,83b8764,SwiftTagUITests/SwiftTagUITestSuites.swift,"[""SwiftTagUITests/SwiftTagUITestSuites.swift""]",M,tests,5,0,False
83b8764ca1faecb6f984a4cf8703eaad75501f8a,83b8764,SwiftTagUITests/SwiftTagUITests.swift,"[""SwiftTagUITests/SwiftTagUITests.swift""]",M,tests,71,0,False
17b6c1045af4a5e5e2c465dded80f53ff5695df5,17b6c10,SwiftTag/Shared/Utilities/SwiftTagAppleScriptSupport.swift,"[""SwiftTag/Shared/Utilities/SwiftTagAppleScriptSupport.swift""]",M,app_code,775,5,False
17b6c1045af4a5e5e2c465dded80f53ff5695df5,17b6c10,SwiftTag/SwiftTag.sdef,"[""SwiftTag/SwiftTag.sdef""]",M,app_code,97,0,False
17b6c1045af4a5e5e2c465dded80f53ff5695df5,17b6c10,SwiftTagTests/SwiftTagAppleScriptTests.swift,"[""SwiftTagTests/SwiftTagAppleScriptTests.swift""]",M,tests,102,0,False
17b6c1045af4a5e5e2c465dded80f53ff5695df5,17b6c10,SwiftTagUITests/SwiftTagUITestSuites.swift,"[""SwiftTagUITests/SwiftTagUITestSuites.swift""]",M,tests,5,0,False
17b6c1045af4a5e5e2c465dded80f53ff5695df5,17b6c10,SwiftTagUITests/SwiftTagUITests.swift,"[""SwiftTagUITests/SwiftTagUITests.swift""]",M,tests,77,0,False
1b08404c005806083a5443603d98c10c5510ee70,1b08404,Docs/Plans/Transcripts/transcript-2026-05-01-1-26-AddAppleScriptSupport.md,"[""Docs/Plans/Transcripts/transcript-2026-05-01-1-26-AddAppleScriptSupport.md""]",A,transcripts,292,0,False
1b08404c005806083a5443603d98c10c5510ee70,1b08404,SwiftTag/Shared/Utilities/SwiftTagAppleScriptSupport.swift,"[""SwiftTag/Shared/Utilities/SwiftTagAppleScriptSupport.swift""]",M,app_code,22,45,False
1b08404c005806083a5443603d98c10c5510ee70,1b08404,SwiftTag/SwiftTag.sdef,"[""SwiftTag/SwiftTag.sdef""]",M,app_code,8,9,False
1b08404c005806083a5443603d98c10c5510ee70,1b08404,SwiftTagTests/SwiftTagAppleScriptTests.swift,"[""SwiftTagTests/SwiftTagAppleScriptTests.swift""]",M,tests,38,7,False
063c138d4ad746588a85c0be70cc1c5c75854e87,063c138,Docs/Plans/Transcripts/transcript-2026-05-02-1-26-AddAppleScriptSupport.md,"[""Docs/Plans/Transcripts/transcript-2026-05-02-1-26-AddAppleScriptSupport.md""]",A,transcripts,92,0,False
063c138d4ad746588a85c0be70cc1c5c75854e87,063c138,SwiftTag/Features/Settings/DiffToolsView.swift,"[""SwiftTag/Features/Settings/DiffToolsView.swift""]",M,app_code,1,0,False
063c138d4ad746588a85c0be70cc1c5c75854e87,063c138,SwiftTag/Shared/Utilities/SwiftTagAppleScriptSupport.swift,"[""SwiftTag/Shared/Utilities/SwiftTagAppleScriptSupport.swift""]",M,app_code,78,0,False
063c138d4ad746588a85c0be70cc1c5c75854e87,063c138,SwiftTag/SwiftTag.sdef,"[""SwiftTag/SwiftTag.sdef""]",M,app_code,18,0,False
063c138d4ad746588a85c0be70cc1c5c75854e87,063c138,SwiftTagTests/SwiftTagAppleScriptTests.swift,"[""SwiftTagTests/SwiftTagAppleScriptTests.swift""]",M,tests,14,2,False
063c138d4ad746588a85c0be70cc1c5c75854e87,063c138,SwiftTagUITests/SwiftTagUITests.swift,"[""SwiftTagUITests/SwiftTagUITests.swift""]",M,tests,54,1,False
7c15f6097d77ab2db98c6795b04474308f770536,7c15f60,Docs/Plans/Transcripts/transcript-2026-05-02-2-26-AddAppleScriptSupport.md,"[""Docs/Plans/Transcripts/transcript-2026-05-02-2-26-AddAppleScriptSupport.md""]",A,transcripts,173,0,False
7c15f6097d77ab2db98c6795b04474308f770536,7c15f60,SwiftTag/Shared/Utilities/SwiftTagAppleScriptSupport.swift,"[""SwiftTag/Shared/Utilities/SwiftTagAppleScriptSupport.swift""]",M,app_code,461,4,False
7c15f6097d77ab2db98c6795b04474308f770536,7c15f60,SwiftTag/SwiftTag.sdef,"[""SwiftTag/SwiftTag.sdef""]",M,app_code,68,4,False
7c15f6097d77ab2db98c6795b04474308f770536,7c15f60,SwiftTagTests/SwiftTagAppleScriptTests.swift,"[""SwiftTagTests/SwiftTagAppleScriptTests.swift""]",M,tests,102,0,False
7c15f6097d77ab2db98c6795b04474308f770536,7c15f60,SwiftTagUITests/SwiftTagUITestSuites.swift,"[""SwiftTagUITests/SwiftTagUITestSuites.swift""]",M,tests,5,0,False
7c15f6097d77ab2db98c6795b04474308f770536,7c15f60,SwiftTagUITests/SwiftTagUITests.swift,"[""SwiftTagUITests/SwiftTagUITests.swift""]",M,tests,70,0,False
d928e3bb438c8fa266b8700f3d4b2709c72bd7ee,d928e3b,Docs/Plans/Transcripts/transcript-2026-05-03-1-26-AddAppleScriptSupport.md,"[""Docs/Plans/Transcripts/transcript-2026-05-03-1-26-AddAppleScriptSupport.md""]",A,transcripts,183,0,False
d928e3bb438c8fa266b8700f3d4b2709c72bd7ee,d928e3b,SwiftTag/Features/Settings/SettingsView.swift,"[""SwiftTag/Features/Settings/SettingsView.swift""]",M,app_code,23,0,False
d928e3bb438c8fa266b8700f3d4b2709c72bd7ee,d928e3b,SwiftTag/Shared/Utilities/SwiftTagAppleScriptSupport.swift,"[""SwiftTag/Shared/Utilities/SwiftTagAppleScriptSupport.swift""]",M,app_code,481,0,False
d928e3bb438c8fa266b8700f3d4b2709c72bd7ee,d928e3b,SwiftTag/SwiftTag.sdef,"[""SwiftTag/SwiftTag.sdef""]",M,app_code,18,1,False
d928e3bb438c8fa266b8700f3d4b2709c72bd7ee,d928e3b,SwiftTag/SwiftTagApp.swift,"[""SwiftTag/SwiftTagApp.swift""]",M,app_code,8,0,False
d928e3bb438c8fa266b8700f3d4b2709c72bd7ee,d928e3b,SwiftTagTests/SwiftTagAppleScriptTests.swift,"[""SwiftTagTests/SwiftTagAppleScriptTests.swift""]",M,tests,37,0,False
d928e3bb438c8fa266b8700f3d4b2709c72bd7ee,d928e3b,SwiftTagUITests/SwiftTagUITestSuites.swift,"[""SwiftTagUITests/SwiftTagUITestSuites.swift""]",M,tests,10,0,False
d928e3bb438c8fa266b8700f3d4b2709c72bd7ee,d928e3b,SwiftTagUITests/SwiftTagUITests.swift,"[""SwiftTagUITests/SwiftTagUITests.swift""]",M,tests,116,0,False
3fd6771aa6fbbc5afe81722f5d39ce0c171019cd,3fd6771,Docs/Plans/Transcripts/transcript-2026-05-03-2-26-AddAppleScriptSupport.md,"[""Docs/Plans/Transcripts/transcript-2026-05-03-2-26-AddAppleScriptSupport.md""]",A,transcripts,110,0,False
3fd6771aa6fbbc5afe81722f5d39ce0c171019cd,3fd6771,SwiftTag/ContentView.swift,"[""SwiftTag/ContentView.swift""]",M,app_code,7,4,False
3fd6771aa6fbbc5afe81722f5d39ce0c171019cd,3fd6771,SwiftTag/Features/TagEditor/TagEditorViewModel.swift,"[""SwiftTag/Features/TagEditor/TagEditorViewModel.swift""]",M,app_code,8,0,False
3fd6771aa6fbbc5afe81722f5d39ce0c171019cd,3fd6771,SwiftTag/Shared/Utilities/SwiftTagAppleScriptSupport.swift,"[""SwiftTag/Shared/Utilities/SwiftTagAppleScriptSupport.swift""]",M,app_code,176,8,False
3fd6771aa6fbbc5afe81722f5d39ce0c171019cd,3fd6771,SwiftTag/SwiftTag.sdef,"[""SwiftTag/SwiftTag.sdef""]",M,app_code,7,0,False
3fd6771aa6fbbc5afe81722f5d39ce0c171019cd,3fd6771,SwiftTagTests/SwiftTagAppleScriptTests.swift,"[""SwiftTagTests/SwiftTagAppleScriptTests.swift""]",M,tests,173,0,False
3fd6771aa6fbbc5afe81722f5d39ce0c171019cd,3fd6771,SwiftTagUITests/SwiftTagUITestSuites.swift,"[""SwiftTagUITests/SwiftTagUITestSuites.swift""]",M,tests,10,0,False
3fd6771aa6fbbc5afe81722f5d39ce0c171019cd,3fd6771,SwiftTagUITests/SwiftTagUITests.swift,"[""SwiftTagUITests/SwiftTagUITests.swift""]",M,tests,105,0,False
2e24923ec49954fa4d4b17f56f3d26c10265a51b,2e24923,SwiftTag/Shared/Utilities/SwiftTagAppleScriptSupport.swift,"[""SwiftTag/Shared/Utilities/SwiftTagAppleScriptSupport.swift""]",M,app_code,104,1,False
2e24923ec49954fa4d4b17f56f3d26c10265a51b,2e24923,SwiftTagTests/SwiftTagAppleScriptTests.swift,"[""SwiftTagTests/SwiftTagAppleScriptTests.swift""]",M,tests,72,0,False
2e24923ec49954fa4d4b17f56f3d26c10265a51b,2e24923,SwiftTagUITests/SwiftTagUITestSuites.swift,"[""SwiftTagUITests/SwiftTagUITestSuites.swift""]",M,tests,5,0,False
2e24923ec49954fa4d4b17f56f3d26c10265a51b,2e24923,SwiftTagUITests/SwiftTagUITests.swift,"[""SwiftTagUITests/SwiftTagUITests.swift""]",M,tests,42,0,False
43b64835145b64f3346d6298de67754019b36df8,43b6483,Docs/Plans/Transcripts/transcript-2026-05-04-1-26-AddAppleScriptSupport.md,"[""Docs/Plans/Transcripts/transcript-2026-05-04-1-26-AddAppleScriptSupport.md""]",A,transcripts,194,0,False
43b64835145b64f3346d6298de67754019b36df8,43b6483,SwiftTag/ContentView.swift,"[""SwiftTag/ContentView.swift""]",M,app_code,9,0,False
43b64835145b64f3346d6298de67754019b36df8,43b6483,SwiftTag/Features/TagEditor/TagEditorCoreTagsView.swift,"[""SwiftTag/Features/TagEditor/TagEditorCoreTagsView.swift""]",M,app_code,3,1,False
43b64835145b64f3346d6298de67754019b36df8,43b6483,SwiftTag/Features/TagEditor/TagEditorMiscTagsView.swift,"[""SwiftTag/Features/TagEditor/TagEditorMiscTagsView.swift""]",M,app_code,1,1,False
43b64835145b64f3346d6298de67754019b36df8,43b6483,SwiftTag/Features/TagEditor/TagEditorViewModel.swift,"[""SwiftTag/Features/TagEditor/TagEditorViewModel.swift""]",M,app_code,13,0,False
43b64835145b64f3346d6298de67754019b36df8,43b6483,SwiftTag/Shared/Utilities/SwiftTagAppleScriptSupport.swift,"[""SwiftTag/Shared/Utilities/SwiftTagAppleScriptSupport.swift""]",M,app_code,228,11,False
43b64835145b64f3346d6298de67754019b36df8,43b6483,SwiftTag/SwiftTag.sdef,"[""SwiftTag/SwiftTag.sdef""]",M,app_code,5,2,False
43b64835145b64f3346d6298de67754019b36df8,43b6483,SwiftTagTests/SwiftTagAppleScriptTests.swift,"[""SwiftTagTests/SwiftTagAppleScriptTests.swift""]",M,tests,87,0,False
43b64835145b64f3346d6298de67754019b36df8,43b6483,SwiftTagUITests/SwiftTagUITestSuites.swift,"[""SwiftTagUITests/SwiftTagUITestSuites.swift""]",M,tests,5,0,False
43b64835145b64f3346d6298de67754019b36df8,43b6483,SwiftTagUITests/SwiftTagUITests.swift,"[""SwiftTagUITests/SwiftTagUITests.swift""]",M,tests,62,0,False
380be212ade022a481997efbb4051584360a9b92,380be21,SwiftTag/Features/TagEditor/TagEditorMiscTagsView.swift,"[""SwiftTag/Features/TagEditor/TagEditorMiscTagsView.swift""]",M,app_code,1,1,False
380be212ade022a481997efbb4051584360a9b92,380be21,SwiftTag/Shared/Utilities/SwiftTagAppleScriptSupport.swift,"[""SwiftTag/Shared/Utilities/SwiftTagAppleScriptSupport.swift""]",M,app_code,62,6,False
380be212ade022a481997efbb4051584360a9b92,380be21,SwiftTag/SwiftTag.sdef,"[""SwiftTag/SwiftTag.sdef""]",M,app_code,137,44,False
380be212ade022a481997efbb4051584360a9b92,380be21,SwiftTagTests/SwiftTagAppleScriptTests.swift,"[""SwiftTagTests/SwiftTagAppleScriptTests.swift""]",M,tests,89,0,False
380be212ade022a481997efbb4051584360a9b92,380be21,SwiftTagUITests/SwiftTagUITests.swift,"[""SwiftTagUITests/SwiftTagUITests.swift""]",M,tests,11,2,False
fc120558109cc0d36c1bee5ae25bce69d4702311,fc12055,SwiftTag/ContentView.swift,"[""SwiftTag/ContentView.swift""]",M,app_code,7,0,False
fc120558109cc0d36c1bee5ae25bce69d4702311,fc12055,SwiftTag/Features/AlbumArt/AlbumArtViewModel.swift,"[""SwiftTag/Features/AlbumArt/AlbumArtViewModel.swift""]",M,app_code,34,0,False
fc120558109cc0d36c1bee5ae25bce69d4702311,fc12055,SwiftTag/Shared/Utilities/SwiftTagAppleScriptSupport.swift,"[""SwiftTag/Shared/Utilities/SwiftTagAppleScriptSupport.swift""]",M,app_code,93,3,False
fc120558109cc0d36c1bee5ae25bce69d4702311,fc12055,SwiftTag/SwiftTag.sdef,"[""SwiftTag/SwiftTag.sdef""]",M,app_code,6,0,False
fc120558109cc0d36c1bee5ae25bce69d4702311,fc12055,SwiftTagTests/SwiftTagAppleScriptTests.swift,"[""SwiftTagTests/SwiftTagAppleScriptTests.swift""]",M,tests,128,0,False
fc120558109cc0d36c1bee5ae25bce69d4702311,fc12055,SwiftTagUITests/SwiftTagUITestSuites.swift,"[""SwiftTagUITests/SwiftTagUITestSuites.swift""]",M,tests,5,0,False
fc120558109cc0d36c1bee5ae25bce69d4702311,fc12055,SwiftTagUITests/SwiftTagUITests.swift,"[""SwiftTagUITests/SwiftTagUITests.swift""]",M,tests,51,0,False
25fde2c3d0c01acd97eb967b5903f6336c57b6ae,25fde2c,SwiftTag/ContentView.swift,"[""SwiftTag/ContentView.swift""]",M,app_code,14,1,False
25fde2c3d0c01acd97eb967b5903f6336c57b6ae,25fde2c,SwiftTag/Features/AlbumArt/AlbumArtViewModel.swift,"[""SwiftTag/Features/AlbumArt/AlbumArtViewModel.swift""]",M,app_code,23,0,False
25fde2c3d0c01acd97eb967b5903f6336c57b6ae,25fde2c,SwiftTag/Shared/Utilities/SwiftTagAppleScriptSupport.swift,"[""SwiftTag/Shared/Utilities/SwiftTagAppleScriptSupport.swift""]",M,app_code,75,18,False
25fde2c3d0c01acd97eb967b5903f6336c57b6ae,25fde2c,SwiftTagTests/SwiftTagAppleScriptTests.swift,"[""SwiftTagTests/SwiftTagAppleScriptTests.swift""]",M,tests,94,0,False
25fde2c3d0c01acd97eb967b5903f6336c57b6ae,25fde2c,SwiftTagTests/SwiftTagTests.swift,"[""SwiftTagTests/SwiftTagTests.swift""]",M,tests,77,0,False
25fde2c3d0c01acd97eb967b5903f6336c57b6ae,25fde2c,SwiftTagUITests/SwiftTagUITestSuites.swift,"[""SwiftTagUITests/SwiftTagUITestSuites.swift""]",M,tests,5,0,False
25fde2c3d0c01acd97eb967b5903f6336c57b6ae,25fde2c,SwiftTagUITests/SwiftTagUITests.swift,"[""SwiftTagUITests/SwiftTagUITests.swift""]",M,tests,74,0,False
94c83a7fe23cb17431994dd0f02d5f38c321630b,94c83a7,SwiftTag/Shared/Utilities/SwiftTagAppleScriptSupport.swift,"[""SwiftTag/Shared/Utilities/SwiftTagAppleScriptSupport.swift""]",M,app_code,20,0,False
94c83a7fe23cb17431994dd0f02d5f38c321630b,94c83a7,SwiftTag/SwiftTag.sdef,"[""SwiftTag/SwiftTag.sdef""]",M,app_code,4,1,False
94c83a7fe23cb17431994dd0f02d5f38c321630b,94c83a7,SwiftTagTests/SwiftTagAppleScriptTests.swift,"[""SwiftTagTests/SwiftTagAppleScriptTests.swift""]",M,tests,67,0,False
94c83a7fe23cb17431994dd0f02d5f38c321630b,94c83a7,SwiftTagUITests/SwiftTagUITestSuites.swift,"[""SwiftTagUITests/SwiftTagUITestSuites.swift""]",M,tests,5,0,False
94c83a7fe23cb17431994dd0f02d5f38c321630b,94c83a7,SwiftTagUITests/SwiftTagUITests.swift,"[""SwiftTagUITests/SwiftTagUITests.swift""]",M,tests,44,0,False
77e0dc1182db2bdd7d3a4d09b5c1a7b3b912191b,77e0dc1,Docs/Plans/Transcripts/transcript-2026-05-07-1-26-AddAppleScriptSupport.md,"[""Docs/Plans/Transcripts/transcript-2026-05-07-1-26-AddAppleScriptSupport.md""]",A,transcripts,265,0,False
77e0dc1182db2bdd7d3a4d09b5c1a7b3b912191b,77e0dc1,SwiftTag/Shared/Utilities/SwiftTagAppleScriptSupport.swift,"[""SwiftTag/Shared/Utilities/SwiftTagAppleScriptSupport.swift""]",M,app_code,12,12,False
77e0dc1182db2bdd7d3a4d09b5c1a7b3b912191b,77e0dc1,SwiftTagTests/SwiftTagAppleScriptTests.swift,"[""SwiftTagTests/SwiftTagAppleScriptTests.swift""]",M,tests,6,6,False
77e0dc1182db2bdd7d3a4d09b5c1a7b3b912191b,77e0dc1,SwiftTagUITests/SwiftTagUITestSuites.swift,"[""SwiftTagUITests/SwiftTagUITestSuites.swift""]",M,tests,5,0,False
77e0dc1182db2bdd7d3a4d09b5c1a7b3b912191b,77e0dc1,SwiftTagUITests/SwiftTagUITests.swift,"[""SwiftTagUITests/SwiftTagUITests.swift""]",M,tests,42,0,False
f19906905ecd5db8ea9d65fc0a6d80dbd0f798cb,f199069,SwiftTag/ContentView.swift,"[""SwiftTag/ContentView.swift""]",M,app_code,8,0,False
f19906905ecd5db8ea9d65fc0a6d80dbd0f798cb,f199069,SwiftTag/Shared/Utilities/SwiftTagAppleScriptSupport.swift,"[""SwiftTag/Shared/Utilities/SwiftTagAppleScriptSupport.swift""]",M,app_code,17,1,False
f19906905ecd5db8ea9d65fc0a6d80dbd0f798cb,f199069,SwiftTag/SwiftTag.sdef,"[""SwiftTag/SwiftTag.sdef""]",M,app_code,3,0,False
f19906905ecd5db8ea9d65fc0a6d80dbd0f798cb,f199069,SwiftTagTests/SwiftTagAppleScriptTests.swift,"[""SwiftTagTests/SwiftTagAppleScriptTests.swift""]",M,tests,114,0,False
f19906905ecd5db8ea9d65fc0a6d80dbd0f798cb,f199069,SwiftTagUITests/SwiftTagUITestSuites.swift,"[""SwiftTagUITests/SwiftTagUITestSuites.swift""]",M,tests,5,0,False
f19906905ecd5db8ea9d65fc0a6d80dbd0f798cb,f199069,SwiftTagUITests/SwiftTagUITests.swift,"[""SwiftTagUITests/SwiftTagUITests.swift""]",M,tests,51,0,False
82db5cd7599e76c1f0c6e8dda5f420865e32f4e7,82db5cd,SwiftTag/ContentView.swift,"[""SwiftTag/ContentView.swift""]",M,app_code,12,0,False
82db5cd7599e76c1f0c6e8dda5f420865e32f4e7,82db5cd,SwiftTag/Shared/Utilities/SwiftTagAppleScriptSupport.swift,"[""SwiftTag/Shared/Utilities/SwiftTagAppleScriptSupport.swift""]",M,app_code,21,0,False
82db5cd7599e76c1f0c6e8dda5f420865e32f4e7,82db5cd,SwiftTag/SwiftTag.sdef,"[""SwiftTag/SwiftTag.sdef""]",M,app_code,3,0,False
82db5cd7599e76c1f0c6e8dda5f420865e32f4e7,82db5cd,SwiftTagTests/SwiftTagAppleScriptTests.swift,"[""SwiftTagTests/SwiftTagAppleScriptTests.swift""]",M,tests,65,0,False
82db5cd7599e76c1f0c6e8dda5f420865e32f4e7,82db5cd,SwiftTagUITests/SwiftTagUITestSuites.swift,"[""SwiftTagUITests/SwiftTagUITestSuites.swift""]",M,tests,5,0,False
82db5cd7599e76c1f0c6e8dda5f420865e32f4e7,82db5cd,SwiftTagUITests/SwiftTagUITests.swift,"[""SwiftTagUITests/SwiftTagUITests.swift""]",M,tests,53,0,False
2976159836a41160b0a462b26c952968c19a7923,2976159,Docs/Plans/Transcripts/transcript-2026-05-10-1-26-AddAppleScriptSupport.md,"[""Docs/Plans/Transcripts/transcript-2026-05-10-1-26-AddAppleScriptSupport.md""]",A,transcripts,268,0,False
2976159836a41160b0a462b26c952968c19a7923,2976159,SwiftTag/ContentView.swift,"[""SwiftTag/ContentView.swift""]",M,app_code,36,13,False
2976159836a41160b0a462b26c952968c19a7923,2976159,SwiftTag/Features/AlbumArt/AlbumArtViewModel.swift,"[""SwiftTag/Features/AlbumArt/AlbumArtViewModel.swift""]",M,app_code,30,0,False
2976159836a41160b0a462b26c952968c19a7923,2976159,SwiftTagTests/SwiftTagTests.swift,"[""SwiftTagTests/SwiftTagTests.swift""]",M,tests,49,0,False
2976159836a41160b0a462b26c952968c19a7923,2976159,SwiftTagUITests/SwiftTagUITestSuites.swift,"[""SwiftTagUITests/SwiftTagUITestSuites.swift""]",M,tests,5,0,False
2976159836a41160b0a462b26c952968c19a7923,2976159,SwiftTagUITests/SwiftTagUITests.swift,"[""SwiftTagUITests/SwiftTagUITests.swift""]",M,tests,105,0,False
452263137775f01b3d4877c28d37aad4dce7884d,4522631,Docs/Plans/28-AddSwiftTagUseDocumentation.md,"[""Docs/Plans/28-AddSwiftTagUseDocumentation.md""]",A,plans,685,0,False
452263137775f01b3d4877c28d37aad4dce7884d,4522631,Docs/Plans/Transcripts/transcript-2026-05-12-1-28-AddSwiftTagUseDocumentation.md,"[""Docs/Plans/Transcripts/transcript-2026-05-12-1-28-AddSwiftTagUseDocumentation.md""]",A,transcripts,109,0,False
452263137775f01b3d4877c28d37aad4dce7884d,4522631,Docs/UserDocumentation/assets/swifttag-docs.css,"[""Docs/UserDocumentation/assets/swifttag-docs.css""]",A,docs,275,0,False
452263137775f01b3d4877c28d37aad4dce7884d,4522631,Docs/UserDocumentation/automation/applescript-examples.html,"[""Docs/UserDocumentation/automation/applescript-examples.html""]",A,docs,58,0,False
452263137775f01b3d4877c28d37aad4dce7884d,4522631,Docs/UserDocumentation/automation/applescript.html,"[""Docs/UserDocumentation/automation/applescript.html""]",A,docs,70,0,False
452263137775f01b3d4877c28d37aad4dce7884d,4522631,Docs/UserDocumentation/examples/batch-edit-tags.html,"[""Docs/UserDocumentation/examples/batch-edit-tags.html""]",A,docs,40,0,False
452263137775f01b3d4877c28d37aad4dce7884d,4522631,Docs/UserDocumentation/examples/clean-up-album.html,"[""Docs/UserDocumentation/examples/clean-up-album.html""]",A,docs,54,0,False
452263137775f01b3d4877c28d37aad4dce7884d,4522631,Docs/UserDocumentation/examples/create-session-document.html,"[""Docs/UserDocumentation/examples/create-session-document.html""]",A,docs,40,0,False
452263137775f01b3d4877c28d37aad4dce7884d,4522631,Docs/UserDocumentation/examples/manage-cover-art.html,"[""Docs/UserDocumentation/examples/manage-cover-art.html""]",A,docs,40,0,False
452263137775f01b3d4877c28d37aad4dce7884d,4522631,Docs/UserDocumentation/examples/save-tags-only.html,"[""Docs/UserDocumentation/examples/save-tags-only.html""]",A,docs,40,0,False
452263137775f01b3d4877c28d37aad4dce7884d,4522631,Docs/UserDocumentation/index.html,"[""Docs/UserDocumentation/index.html""]",A,docs,80,0,False
452263137775f01b3d4877c28d37aad4dce7884d,4522631,Docs/UserDocumentation/quick-start.html,"[""Docs/UserDocumentation/quick-start.html""]",A,docs,118,0,False
452263137775f01b3d4877c28d37aad4dce7884d,4522631,Docs/UserDocumentation/troubleshooting.html,"[""Docs/UserDocumentation/troubleshooting.html""]",A,docs,51,0,False
452263137775f01b3d4877c28d37aad4dce7884d,4522631,Docs/UserDocumentation/workflows/adding-flac-files.html,"[""Docs/UserDocumentation/workflows/adding-flac-files.html""]",A,docs,109,0,False
452263137775f01b3d4877c28d37aad4dce7884d,4522631,Docs/UserDocumentation/workflows/album-art.html,"[""Docs/UserDocumentation/workflows/album-art.html""]",A,docs,102,0,False
452263137775f01b3d4877c28d37aad4dce7884d,4522631,Docs/UserDocumentation/workflows/editing-tags.html,"[""Docs/UserDocumentation/workflows/editing-tags.html""]",A,docs,109,0,False
452263137775f01b3d4877c28d37aad4dce7884d,4522631,Docs/UserDocumentation/workflows/saving.html,"[""Docs/UserDocumentation/workflows/saving.html""]",A,docs,118,0,False
452263137775f01b3d4877c28d37aad4dce7884d,4522631,Docs/UserDocumentation/workflows/settings.html,"[""Docs/UserDocumentation/workflows/settings.html""]",A,docs,60,0,False
452263137775f01b3d4877c28d37aad4dce7884d,4522631,Docs/UserDocumentation/workflows/status-and-diffs.html,"[""Docs/UserDocumentation/workflows/status-and-diffs.html""]",A,docs,75,0,False
452263137775f01b3d4877c28d37aad4dce7884d,4522631,Docs/UserDocumentation/workflows/swifttag-documents.html,"[""Docs/UserDocumentation/workflows/swifttag-documents.html""]",A,docs,57,0,False
7334db00fd1f68b65e90267ef0cde394804255cb,7334db0,Docs/UserDocumentation/assets/exclamationmark.triangle.png,"[""Docs/UserDocumentation/assets/exclamationmark.triangle.png""]",A,docs,0,0,True
7334db00fd1f68b65e90267ef0cde394804255cb,7334db0,Docs/UserDocumentation/assets/fish.fill.png,"[""Docs/UserDocumentation/assets/fish.fill.png""]",A,docs,0,0,True
7334db00fd1f68b65e90267ef0cde394804255cb,7334db0,Docs/UserDocumentation/assets/fish.png,"[""Docs/UserDocumentation/assets/fish.png""]",A,docs,0,0,True
7334db00fd1f68b65e90267ef0cde394804255cb,7334db0,Docs/UserDocumentation/assets/lock.fill.png,"[""Docs/UserDocumentation/assets/lock.fill.png""]",A,docs,0,0,True
7334db00fd1f68b65e90267ef0cde394804255cb,7334db0,Docs/UserDocumentation/quick-start.html,"[""Docs/UserDocumentation/quick-start.html""]",M,docs,13,15,False
7334db00fd1f68b65e90267ef0cde394804255cb,7334db0,Docs/UserDocumentation/workflows/adding-flac-files.html,"[""Docs/UserDocumentation/workflows/adding-flac-files.html""]",M,docs,10,3,False
7334db00fd1f68b65e90267ef0cde394804255cb,7334db0,Docs/UserDocumentation/workflows/status-and-diffs.html,"[""Docs/UserDocumentation/workflows/status-and-diffs.html""]",M,docs,5,5,False
f156647a0d461ef4ed0ad7411cf1f1a4da51b3d4,f156647,Docs/UserDocumentation/workflows/adding-flac-files.html,"[""Docs/UserDocumentation/workflows/adding-flac-files.html""]",M,docs,1,1,False
f156647a0d461ef4ed0ad7411cf1f1a4da51b3d4,f156647,Docs/UserDocumentation/workflows/album-art.html,"[""Docs/UserDocumentation/workflows/album-art.html""]",M,docs,31,11,False
f156647a0d461ef4ed0ad7411cf1f1a4da51b3d4,f156647,Docs/UserDocumentation/workflows/editing-tags.html,"[""Docs/UserDocumentation/workflows/editing-tags.html""]",M,docs,6,5,False
f156647a0d461ef4ed0ad7411cf1f1a4da51b3d4,f156647,Docs/UserDocumentation/workflows/settings.html,"[""Docs/UserDocumentation/workflows/settings.html""]",M,docs,21,3,False
f156647a0d461ef4ed0ad7411cf1f1a4da51b3d4,f156647,Docs/UserDocumentation/workflows/status-and-diffs.html,"[""Docs/UserDocumentation/workflows/status-and-diffs.html""]",M,docs,82,0,False
9273900261be4959eb466c7c8dd5bce9283d6da8,9273900,Docs/UserDocumentation/workflows/settings.html,"[""Docs/UserDocumentation/workflows/settings.html""]",M,docs,81,1,False
fdfa298ddbbdc77c6301d6f700b3f922d82f9d27,fdfa298,Docs/UserDocumentation/examples/manage-cover-art.html,"[""Docs/UserDocumentation/examples/manage-cover-art.html""]",M,docs,136,2,False
fdfa298ddbbdc77c6301d6f700b3f922d82f9d27,fdfa298,Docs/UserDocumentation/workflows/album-art.html,"[""Docs/UserDocumentation/workflows/album-art.html""]",M,docs,18,1,False
fdfa298ddbbdc77c6301d6f700b3f922d82f9d27,fdfa298,Docs/UserDocumentation/workflows/settings.html,"[""Docs/UserDocumentation/workflows/settings.html""]",M,docs,1,1,False
32babc084a6572ee51a860f636b385d6870c2b90,32babc0,Docs/UserDocumentation/workflows/swifttag-documents.html,"[""Docs/UserDocumentation/workflows/swifttag-documents.html""]",M,docs,46,6,False
11e4877420c3dc760f9be803b2734ea34a2031e0,11e4877,Docs/Plans/Transcripts/transcript-2026-05-13-1-28-AddSwiftTagUseDocumentation.md,"[""Docs/Plans/Transcripts/transcript-2026-05-13-1-28-AddSwiftTagUseDocumentation.md""]",A,transcripts,173,0,False
11e4877420c3dc760f9be803b2734ea34a2031e0,11e4877,Docs/UserDocumentation/examples/create-session-document.html,"[""Docs/UserDocumentation/examples/create-session-document.html""]",M,docs,21,2,False
11e4877420c3dc760f9be803b2734ea34a2031e0,11e4877,Docs/UserDocumentation/workflows/swifttag-documents.html,"[""Docs/UserDocumentation/workflows/swifttag-documents.html""]",M,docs,36,17,False
82c43c94fe7392a5e5551ef1a311c150006ab0f3,82c43c9,Docs/Plans/29-AddSandboxSettings.md,"[""Docs/Plans/29-AddSandboxSettings.md""]",A,plans,610,0,False
82c43c94fe7392a5e5551ef1a311c150006ab0f3,82c43c9,Docs/Plans/Transcripts/transcript-2026-05-15-1-29-AddSandboxSettings.md,"[""Docs/Plans/Transcripts/transcript-2026-05-15-1-29-AddSandboxSettings.md""]",A,transcripts,238,0,False
82c43c94fe7392a5e5551ef1a311c150006ab0f3,82c43c9,SwiftTag.xcodeproj/project.pbxproj,"[""SwiftTag.xcodeproj/project.pbxproj""]",M,app_code,2,0,False
82c43c94fe7392a5e5551ef1a311c150006ab0f3,82c43c9,SwiftTag/ContentView.swift,"[""SwiftTag/ContentView.swift""]",M,app_code,9,0,False
82c43c94fe7392a5e5551ef1a311c150006ab0f3,82c43c9,SwiftTag/Features/Settings/GeneralSettingsView.swift,"[""SwiftTag/Features/Settings/GeneralSettingsView.swift""]",M,app_code,255,0,False
82c43c94fe7392a5e5551ef1a311c150006ab0f3,82c43c9,SwiftTag/Features/TagEditor/TagEditorViewModel.swift,"[""SwiftTag/Features/TagEditor/TagEditorViewModel.swift""]",M,app_code,108,42,False
82c43c94fe7392a5e5551ef1a311c150006ab0f3,82c43c9,SwiftTag/Shared/Models/SandboxPathSettings.swift,"[""SwiftTag/Shared/Models/SandboxPathSettings.swift""]",A,app_code,190,0,False
82c43c94fe7392a5e5551ef1a311c150006ab0f3,82c43c9,SwiftTag/Shared/Models/SaveSettings.swift,"[""SwiftTag/Shared/Models/SaveSettings.swift""]",M,app_code,4,0,False
82c43c94fe7392a5e5551ef1a311c150006ab0f3,82c43c9,SwiftTag/Shared/Utilities/SandboxPathBookmarkAccess.swift,"[""SwiftTag/Shared/Utilities/SandboxPathBookmarkAccess.swift""]",A,app_code,111,0,False
82c43c94fe7392a5e5551ef1a311c150006ab0f3,82c43c9,SwiftTag/SwiftTag.entitlements,"[""SwiftTag/SwiftTag.entitlements""]",A,app_code,12,0,False
82c43c94fe7392a5e5551ef1a311c150006ab0f3,82c43c9,SwiftTagTests/SandboxPathSettingsTests.swift,"[""SwiftTagTests/SandboxPathSettingsTests.swift""]",A,tests,302,0,False
c2b2356f0f3b1143f444b6e8120567b343d729cc,c2b2356,SwiftTag/FLACBridge/src/FlacMetadataBridge.c,"[""SwiftTag/FLACBridge/src/FlacMetadataBridge.c""]",M,app_code,1,1,False
c2b2356f0f3b1143f444b6e8120567b343d729cc,c2b2356,SwiftTag/SwiftTagApp.swift,"[""SwiftTag/SwiftTagApp.swift""]",M,app_code,61,0,False
c2b2356f0f3b1143f444b6e8120567b343d729cc,c2b2356,SwiftTagUITests/SwiftTagUITests.swift,"[""SwiftTagUITests/SwiftTagUITests.swift""]",M,tests,29,3,False
2d385f97d2b5097ff8ecaaefb442f64c3739da39,2d385f9,Docs/UserDocumentation/examples/clean-up-album.html,"[""Docs/UserDocumentation/examples/clean-up-album.html""]",M,docs,5,3,False
969d6592c5cd201b256d15e2453193b8064126f1,969d659,Docs/UserDocumentation/automation/applescript-close.html,"[""Docs/UserDocumentation/automation/applescript-close.html""]",A,docs,205,0,False
969d6592c5cd201b256d15e2453193b8064126f1,969d659,Docs/UserDocumentation/automation/applescript-document.html,"[""Docs/UserDocumentation/automation/applescript-document.html""]",A,docs,170,0,False
969d6592c5cd201b256d15e2453193b8064126f1,969d659,Docs/UserDocumentation/automation/applescript-save.html,"[""Docs/UserDocumentation/automation/applescript-save.html""]",A,docs,185,0,False
969d6592c5cd201b256d15e2453193b8064126f1,969d659,Docs/UserDocumentation/automation/applescript.html,"[""Docs/UserDocumentation/automation/applescript.html""]",M,docs,6,2,False
969d6592c5cd201b256d15e2453193b8064126f1,969d659,Docs/UserDocumentation/examples/create-session-document.html,"[""Docs/UserDocumentation/examples/create-session-document.html""]",M,docs,2,1,False
5cf9b48f0411fadf42905537294e7db841c6a628,5cf9b48,Docs/UserDocumentation/automation/applescript-add.html,"[""Docs/UserDocumentation/automation/applescript-add.html""]",A,docs,149,0,False
5cf9b48f0411fadf42905537294e7db841c6a628,5cf9b48,Docs/UserDocumentation/automation/applescript-application.html,"[""Docs/UserDocumentation/automation/applescript-application.html""]",A,docs,386,0,False
5cf9b48f0411fadf42905537294e7db841c6a628,5cf9b48,Docs/UserDocumentation/automation/applescript-close.html,"[""Docs/UserDocumentation/automation/applescript-close.html""]",M,docs,1,0,False
5cf9b48f0411fadf42905537294e7db841c6a628,5cf9b48,Docs/UserDocumentation/automation/applescript-document.html,"[""Docs/UserDocumentation/automation/applescript-document.html""]",M,docs,1,0,False
5cf9b48f0411fadf42905537294e7db841c6a628,5cf9b48,Docs/UserDocumentation/automation/applescript-import-picture.html,"[""Docs/UserDocumentation/automation/applescript-import-picture.html""]",A,docs,165,0,False
5cf9b48f0411fadf42905537294e7db841c6a628,5cf9b48,Docs/UserDocumentation/automation/applescript-make.html,"[""Docs/UserDocumentation/automation/applescript-make.html""]",A,docs,164,0,False
5cf9b48f0411fadf42905537294e7db841c6a628,5cf9b48,Docs/UserDocumentation/automation/applescript-open-settings-window.html,"[""Docs/UserDocumentation/automation/applescript-open-settings-window.html""]",A,docs,91,0,False
5cf9b48f0411fadf42905537294e7db841c6a628,5cf9b48,Docs/UserDocumentation/automation/applescript-open.html,"[""Docs/UserDocumentation/automation/applescript-open.html""]",A,docs,116,0,False
5cf9b48f0411fadf42905537294e7db841c6a628,5cf9b48,Docs/UserDocumentation/automation/applescript-quit.html,"[""Docs/UserDocumentation/automation/applescript-quit.html""]",A,docs,91,0,False
5cf9b48f0411fadf42905537294e7db841c6a628,5cf9b48,Docs/UserDocumentation/automation/applescript-save.html,"[""Docs/UserDocumentation/automation/applescript-save.html""]",M,docs,1,0,False
5cf9b48f0411fadf42905537294e7db841c6a628,5cf9b48,Docs/UserDocumentation/automation/applescript.html,"[""Docs/UserDocumentation/automation/applescript.html""]",M,docs,10,6,False
5cf9b48f0411fadf42905537294e7db841c6a628,5cf9b48,Docs/UserDocumentation/workflows/settings.html,"[""Docs/UserDocumentation/workflows/settings.html""]",M,docs,38,17,False
50b8fd902d32fca1ed43570b89b6e097dd4e9fae,50b8fd9,Docs/UserDocumentation/workflows/settings.html,"[""Docs/UserDocumentation/workflows/settings.html""]",M,docs,212,77,False
50b8fd902d32fca1ed43570b89b6e097dd4e9fae,50b8fd9,Docs/UserDocumentation/workflows/status-and-diffs.html,"[""Docs/UserDocumentation/workflows/status-and-diffs.html""]",M,docs,7,0,False
44df34502dee4a2af0a264dfe0047ff8e82be4ab,44df345,Docs/UserDocumentation/automation/applescript-application.html,"[""Docs/UserDocumentation/automation/applescript-application.html""]",M,docs,6,6,False
44df34502dee4a2af0a264dfe0047ff8e82be4ab,44df345,Docs/UserDocumentation/automation/applescript-enumerations.html,"[""Docs/UserDocumentation/automation/applescript-enumerations.html""]",A,docs,492,0,False
14a623cc7cae72b22210b2f44a8b8a9d3f09e85f,14a623c,Docs/UserDocumentation/automation/applescript-application.html,"[""Docs/UserDocumentation/automation/applescript-application.html""]",M,docs,6,6,False
14a623cc7cae72b22210b2f44a8b8a9d3f09e85f,14a623c,Docs/UserDocumentation/automation/applescript-record-types.html,"[""Docs/UserDocumentation/automation/applescript-record-types.html""]",A,docs,213,0,False
5944288d9bd94e8186dd374b0aec6090ad90fc96,5944288,Docs/UserDocumentation/automation/applescript-import-picture.html,"[""Docs/UserDocumentation/automation/applescript-import-picture.html""]",M,docs,30,2,False
5944288d9bd94e8186dd374b0aec6090ad90fc96,5944288,Docs/UserDocumentation/automation/applescript-make.html,"[""Docs/UserDocumentation/automation/applescript-make.html""]",M,docs,16,3,False
893289b52cf06c6f3c02548f549ebc68e4281380,893289b,Docs/Plans/Transcripts/transcript-2026-05-18-1-28-AddSwiftTagUseDocumentation.md,"[""Docs/Plans/Transcripts/transcript-2026-05-18-1-28-AddSwiftTagUseDocumentation.md""]",A,transcripts,336,0,False
893289b52cf06c6f3c02548f549ebc68e4281380,893289b,Docs/UserDocumentation/automation/applescript-add.html,"[""Docs/UserDocumentation/automation/applescript-add.html""]",M,docs,2,2,False
893289b52cf06c6f3c02548f549ebc68e4281380,893289b,Docs/UserDocumentation/automation/applescript-application.html,"[""Docs/UserDocumentation/automation/applescript-application.html""]",M,docs,4,3,False
893289b52cf06c6f3c02548f549ebc68e4281380,893289b,Docs/UserDocumentation/automation/applescript-close.html,"[""Docs/UserDocumentation/automation/applescript-close.html""]",M,docs,2,2,False
893289b52cf06c6f3c02548f549ebc68e4281380,893289b,Docs/UserDocumentation/automation/applescript-document.html,"[""Docs/UserDocumentation/automation/applescript-document.html""]",M,docs,2,1,False
893289b52cf06c6f3c02548f549ebc68e4281380,893289b,Docs/UserDocumentation/automation/applescript-open-settings-window.html,"[""Docs/UserDocumentation/automation/applescript-open-settings-window.html""]",M,docs,2,1,False
893289b52cf06c6f3c02548f549ebc68e4281380,893289b,Docs/UserDocumentation/automation/applescript-record-types.html,"[""Docs/UserDocumentation/automation/applescript-record-types.html""]",M,docs,6,0,False
893289b52cf06c6f3c02548f549ebc68e4281380,893289b,Docs/UserDocumentation/automation/applescript-save.html,"[""Docs/UserDocumentation/automation/applescript-save.html""]",M,docs,1,1,False
893289b52cf06c6f3c02548f549ebc68e4281380,893289b,Docs/UserDocumentation/automation/applescript-windows.html,"[""Docs/UserDocumentation/automation/applescript-windows.html""]",A,docs,411,0,False
893289b52cf06c6f3c02548f549ebc68e4281380,893289b,Docs/UserDocumentation/automation/applescript.html,"[""Docs/UserDocumentation/automation/applescript.html""]",M,docs,2,1,False
604d139ad72b08a404092b8812a0130678f53984,604d139,Docs/UserDocumentation/automation/applescript-add.html,"[""Docs/UserDocumentation/automation/applescript-add.html""]",M,docs,2,1,False
604d139ad72b08a404092b8812a0130678f53984,604d139,Docs/UserDocumentation/automation/applescript-application.html,"[""Docs/UserDocumentation/automation/applescript-application.html""]",M,docs,2,1,False
604d139ad72b08a404092b8812a0130678f53984,604d139,Docs/UserDocumentation/automation/applescript-import-picture.html,"[""Docs/UserDocumentation/automation/applescript-import-picture.html""]",M,docs,2,1,False
604d139ad72b08a404092b8812a0130678f53984,604d139,Docs/UserDocumentation/automation/applescript-make.html,"[""Docs/UserDocumentation/automation/applescript-make.html""]",M,docs,2,1,False
604d139ad72b08a404092b8812a0130678f53984,604d139,Docs/UserDocumentation/automation/applescript-track.html,"[""Docs/UserDocumentation/automation/applescript-track.html""]",A,docs,605,0,False
604d139ad72b08a404092b8812a0130678f53984,604d139,Docs/UserDocumentation/automation/applescript-windows.html,"[""Docs/UserDocumentation/automation/applescript-windows.html""]",M,docs,3,2,False
604d139ad72b08a404092b8812a0130678f53984,604d139,Docs/UserDocumentation/automation/applescript.html,"[""Docs/UserDocumentation/automation/applescript.html""]",M,docs,2,1,False
7602f5d2dbef63b01a09845e5f322ad810ce7431,7602f5d,SwiftTag/Shared/Utilities/SwiftTagAppleScriptSupport.swift,"[""SwiftTag/Shared/Utilities/SwiftTagAppleScriptSupport.swift""]",M,app_code,105,36,False
7602f5d2dbef63b01a09845e5f322ad810ce7431,7602f5d,SwiftTag/SwiftTag.sdef,"[""SwiftTag/SwiftTag.sdef""]",M,app_code,2,2,False
7602f5d2dbef63b01a09845e5f322ad810ce7431,7602f5d,SwiftTagTests/SwiftTagAppleScriptTests.swift,"[""SwiftTagTests/SwiftTagAppleScriptTests.swift""]",M,tests,81,0,False
7602f5d2dbef63b01a09845e5f322ad810ce7431,7602f5d,SwiftTagUITests/SwiftTagUITestSuites.swift,"[""SwiftTagUITests/SwiftTagUITestSuites.swift""]",M,tests,5,0,False
7602f5d2dbef63b01a09845e5f322ad810ce7431,7602f5d,SwiftTagUITests/SwiftTagUITests.swift,"[""SwiftTagUITests/SwiftTagUITests.swift""]",M,tests,46,0,False
8053109fcb999ee4c2f8a060048b83dbfe4eed81,8053109,Docs/Plans/26-AddAppleScriptSupport.md,"[""Docs/Plans/26-AddAppleScriptSupport.md""]",M,plans,15,22,False
8053109fcb999ee4c2f8a060048b83dbfe4eed81,8053109,Docs/Plans/28-AddSwiftTagUseDocumentation.md,"[""Docs/Plans/28-AddSwiftTagUseDocumentation.md""]",M,plans,7,9,False
8053109fcb999ee4c2f8a060048b83dbfe4eed81,8053109,Docs/Plans/Transcripts/transcript-2026-05-20-1-MakePictureFix.md,"[""Docs/Plans/Transcripts/transcript-2026-05-20-1-MakePictureFix.md""]",A,transcripts,135,0,False
8053109fcb999ee4c2f8a060048b83dbfe4eed81,8053109,Docs/UserDocumentation/automation/applescript-application.html,"[""Docs/UserDocumentation/automation/applescript-application.html""]",M,docs,0,5,False
8053109fcb999ee4c2f8a060048b83dbfe4eed81,8053109,Docs/UserDocumentation/automation/applescript-import-picture.html,"[""Docs/UserDocumentation/automation/applescript-import-picture.html""]",D,docs,0,194,False
8053109fcb999ee4c2f8a060048b83dbfe4eed81,8053109,Docs/UserDocumentation/automation/applescript-make.html,"[""Docs/UserDocumentation/automation/applescript-make.html""]",M,docs,20,6,False
8053109fcb999ee4c2f8a060048b83dbfe4eed81,8053109,Docs/UserDocumentation/automation/applescript-track.html,"[""Docs/UserDocumentation/automation/applescript-track.html""]",M,docs,1,7,False
8053109fcb999ee4c2f8a060048b83dbfe4eed81,8053109,Docs/UserDocumentation/automation/applescript.html,"[""Docs/UserDocumentation/automation/applescript.html""]",M,docs,1,2,False
8053109fcb999ee4c2f8a060048b83dbfe4eed81,8053109,SwiftTag/Shared/Utilities/SwiftTagAppleScriptSupport.swift,"[""SwiftTag/Shared/Utilities/SwiftTagAppleScriptSupport.swift""]",M,app_code,0,187,False
8053109fcb999ee4c2f8a060048b83dbfe4eed81,8053109,SwiftTag/SwiftTag.sdef,"[""SwiftTag/SwiftTag.sdef""]",M,app_code,0,24,False
8053109fcb999ee4c2f8a060048b83dbfe4eed81,8053109,SwiftTagTests/SwiftTagAppleScriptTests.swift,"[""SwiftTagTests/SwiftTagAppleScriptTests.swift""]",M,tests,29,19,False
8053109fcb999ee4c2f8a060048b83dbfe4eed81,8053109,SwiftTagUITests/SwiftTagUITestSuites.swift,"[""SwiftTagUITests/SwiftTagUITestSuites.swift""]",M,tests,6,6,False
8053109fcb999ee4c2f8a060048b83dbfe4eed81,8053109,SwiftTagUITests/SwiftTagUITests.swift,"[""SwiftTagUITests/SwiftTagUITests.swift""]",M,tests,14,14,False
e096ded126a62938d4627bd1205b32a0e30c77b0,e096ded,Docs/UserDocumentation/automation/applescript-delete.html,"[""Docs/UserDocumentation/automation/applescript-delete.html""]",A,docs,161,0,False
e096ded126a62938d4627bd1205b32a0e30c77b0,e096ded,Docs/UserDocumentation/automation/applescript-make.html,"[""Docs/UserDocumentation/automation/applescript-make.html""]",M,docs,1,0,False
e096ded126a62938d4627bd1205b32a0e30c77b0,e096ded,Docs/UserDocumentation/automation/applescript-track.html,"[""Docs/UserDocumentation/automation/applescript-track.html""]",M,docs,5,4,False
e096ded126a62938d4627bd1205b32a0e30c77b0,e096ded,Docs/UserDocumentation/automation/applescript.html,"[""Docs/UserDocumentation/automation/applescript.html""]",M,docs,2,1,False
c1df562489d39bf6608f3053706fc038844b482c,c1df562,Docs/UserDocumentation/automation/applescript-delete.html,"[""Docs/UserDocumentation/automation/applescript-delete.html""]",M,docs,3,2,False
c1df562489d39bf6608f3053706fc038844b482c,c1df562,Docs/UserDocumentation/automation/applescript-make.html,"[""Docs/UserDocumentation/automation/applescript-make.html""]",M,docs,4,3,False
c1df562489d39bf6608f3053706fc038844b482c,c1df562,Docs/UserDocumentation/automation/applescript-tag.html,"[""Docs/UserDocumentation/automation/applescript-tag.html""]",A,docs,165,0,False
c1df562489d39bf6608f3053706fc038844b482c,c1df562,Docs/UserDocumentation/automation/applescript-track.html,"[""Docs/UserDocumentation/automation/applescript-track.html""]",M,docs,5,3,False
c1df562489d39bf6608f3053706fc038844b482c,c1df562,Docs/UserDocumentation/automation/applescript.html,"[""Docs/UserDocumentation/automation/applescript.html""]",M,docs,2,1,False
5c2ab0a3ba722d5fdc139615b6eb55902237162d,5c2ab0a,Docs/UserDocumentation/automation/applescript-delete.html,"[""Docs/UserDocumentation/automation/applescript-delete.html""]",M,docs,4,2,False
5c2ab0a3ba722d5fdc139615b6eb55902237162d,5c2ab0a,Docs/UserDocumentation/automation/applescript-enumerations.html,"[""Docs/UserDocumentation/automation/applescript-enumerations.html""]",M,docs,4,0,False
5c2ab0a3ba722d5fdc139615b6eb55902237162d,5c2ab0a,Docs/UserDocumentation/automation/applescript-make.html,"[""Docs/UserDocumentation/automation/applescript-make.html""]",M,docs,12,26,False
5c2ab0a3ba722d5fdc139615b6eb55902237162d,5c2ab0a,Docs/UserDocumentation/automation/applescript-picture.html,"[""Docs/UserDocumentation/automation/applescript-picture.html""]",A,docs,269,0,False
5c2ab0a3ba722d5fdc139615b6eb55902237162d,5c2ab0a,Docs/UserDocumentation/automation/applescript-track.html,"[""Docs/UserDocumentation/automation/applescript-track.html""]",M,docs,5,3,False
5c2ab0a3ba722d5fdc139615b6eb55902237162d,5c2ab0a,Docs/UserDocumentation/automation/applescript.html,"[""Docs/UserDocumentation/automation/applescript.html""]",M,docs,2,1,False
e534c8366925af29f7c8f9ab67a908c5d6941650,e534c83,Docs/Plans/Transcripts/transcript-2026-05-20-2-28-AddSwiftTagUseDocumentation.md,"[""Docs/Plans/Transcripts/transcript-2026-05-20-2-28-AddSwiftTagUseDocumentation.md""]",A,transcripts,96,0,False
e534c8366925af29f7c8f9ab67a908c5d6941650,e534c83,Docs/UserDocumentation/automation/applescript-picture.html,"[""Docs/UserDocumentation/automation/applescript-picture.html""]",M,docs,2,1,False
e534c8366925af29f7c8f9ab67a908c5d6941650,e534c83,Docs/UserDocumentation/examples/batch-edit-tags.html,"[""Docs/UserDocumentation/examples/batch-edit-tags.html""]",M,docs,48,2,False
e534c8366925af29f7c8f9ab67a908c5d6941650,e534c83,Docs/UserDocumentation/examples/clean-up-album.html,"[""Docs/UserDocumentation/examples/clean-up-album.html""]",M,docs,1,1,False
e534c8366925af29f7c8f9ab67a908c5d6941650,e534c83,Docs/UserDocumentation/examples/manage-cover-art.html,"[""Docs/UserDocumentation/examples/manage-cover-art.html""]",M,docs,11,3,False
e534c8366925af29f7c8f9ab67a908c5d6941650,e534c83,Docs/UserDocumentation/quick-start.html,"[""Docs/UserDocumentation/quick-start.html""]",M,docs,13,14,False
e534c8366925af29f7c8f9ab67a908c5d6941650,e534c83,Docs/UserDocumentation/troubleshooting.html,"[""Docs/UserDocumentation/troubleshooting.html""]",M,docs,11,3,False
e534c8366925af29f7c8f9ab67a908c5d6941650,e534c83,Docs/UserDocumentation/workflows/album-art.html,"[""Docs/UserDocumentation/workflows/album-art.html""]",M,docs,11,10,False
e534c8366925af29f7c8f9ab67a908c5d6941650,e534c83,Docs/UserDocumentation/workflows/editing-tags.html,"[""Docs/UserDocumentation/workflows/editing-tags.html""]",M,docs,35,13,False
e534c8366925af29f7c8f9ab67a908c5d6941650,e534c83,Docs/UserDocumentation/workflows/saving.html,"[""Docs/UserDocumentation/workflows/saving.html""]",M,docs,7,5,False
e534c8366925af29f7c8f9ab67a908c5d6941650,e534c83,Docs/UserDocumentation/workflows/settings.html,"[""Docs/UserDocumentation/workflows/settings.html""]",M,docs,1,1,False
e534c8366925af29f7c8f9ab67a908c5d6941650,e534c83,Docs/UserDocumentation/workflows/status-and-diffs.html,"[""Docs/UserDocumentation/workflows/status-and-diffs.html""]",M,docs,1,1,False
1df3dd0c798507ee9db2c2005d577ac499b3e933,1df3dd0,Docs/UserDocumentation/automation/applescript-document.html,"[""Docs/UserDocumentation/automation/applescript-document.html""]",M,docs,13,0,False
1df3dd0c798507ee9db2c2005d577ac499b3e933,1df3dd0,Docs/UserDocumentation/automation/applescript-save.html,"[""Docs/UserDocumentation/automation/applescript-save.html""]",M,docs,10,0,False
1df3dd0c798507ee9db2c2005d577ac499b3e933,1df3dd0,Docs/UserDocumentation/automation/applescript-tag.html,"[""Docs/UserDocumentation/automation/applescript-tag.html""]",M,docs,1,1,False
1df3dd0c798507ee9db2c2005d577ac499b3e933,1df3dd0,Docs/UserDocumentation/automation/applescript-track.html,"[""Docs/UserDocumentation/automation/applescript-track.html""]",M,docs,9,0,False
1df3dd0c798507ee9db2c2005d577ac499b3e933,1df3dd0,Docs/UserDocumentation/examples/create-session-document.html,"[""Docs/UserDocumentation/examples/create-session-document.html""]",M,docs,1,1,False
1df3dd0c798507ee9db2c2005d577ac499b3e933,1df3dd0,Docs/UserDocumentation/examples/save-tags-only.html,"[""Docs/UserDocumentation/examples/save-tags-only.html""]",M,docs,115,1,False
1df3dd0c798507ee9db2c2005d577ac499b3e933,1df3dd0,Docs/UserDocumentation/workflows/adding-flac-files.html,"[""Docs/UserDocumentation/workflows/adding-flac-files.html""]",M,docs,2,1,False
1df3dd0c798507ee9db2c2005d577ac499b3e933,1df3dd0,Docs/UserDocumentation/workflows/album-art.html,"[""Docs/UserDocumentation/workflows/album-art.html""]",M,docs,2,1,False
1df3dd0c798507ee9db2c2005d577ac499b3e933,1df3dd0,Docs/UserDocumentation/workflows/editing-tags.html,"[""Docs/UserDocumentation/workflows/editing-tags.html""]",M,docs,1,1,False
1df3dd0c798507ee9db2c2005d577ac499b3e933,1df3dd0,Docs/UserDocumentation/workflows/saving.html,"[""Docs/UserDocumentation/workflows/saving.html""]",M,docs,9,5,False
1df3dd0c798507ee9db2c2005d577ac499b3e933,1df3dd0,Docs/UserDocumentation/workflows/settings.html,"[""Docs/UserDocumentation/workflows/settings.html""]",M,docs,4,1,False
1df3dd0c798507ee9db2c2005d577ac499b3e933,1df3dd0,Docs/UserDocumentation/workflows/swifttag-documents.html,"[""Docs/UserDocumentation/workflows/swifttag-documents.html""]",M,docs,3,2,False
1df3dd0c798507ee9db2c2005d577ac499b3e933,1df3dd0,SwiftTagTests/SwiftTagAppleScriptTests.swift,"[""SwiftTagTests/SwiftTagAppleScriptTests.swift""]",M,tests,2,2,False
1df3dd0c798507ee9db2c2005d577ac499b3e933,1df3dd0,SwiftTagUITests/SwiftTagUITestSuites.swift,"[""SwiftTagUITests/SwiftTagUITestSuites.swift""]",M,tests,5,0,False
1df3dd0c798507ee9db2c2005d577ac499b3e933,1df3dd0,SwiftTagUITests/SwiftTagUITests.swift,"[""SwiftTagUITests/SwiftTagUITests.swift""]",M,tests,58,0,False
62b9a68e15a34d8c2919c736be910ce3a9eec8e4,62b9a68,SwiftTag/Shared/Utilities/SwiftTagAppleScriptSupport.swift,"[""SwiftTag/Shared/Utilities/SwiftTagAppleScriptSupport.swift""]",M,app_code,16,4,False
62b9a68e15a34d8c2919c736be910ce3a9eec8e4,62b9a68,SwiftTagTests/SwiftTagAppleScriptTests.swift,"[""SwiftTagTests/SwiftTagAppleScriptTests.swift""]",M,tests,70,0,False
62b9a68e15a34d8c2919c736be910ce3a9eec8e4,62b9a68,SwiftTagUITests/SwiftTagUITestSuites.swift,"[""SwiftTagUITests/SwiftTagUITestSuites.swift""]",M,tests,5,0,False
62b9a68e15a34d8c2919c736be910ce3a9eec8e4,62b9a68,SwiftTagUITests/SwiftTagUITests.swift,"[""SwiftTagUITests/SwiftTagUITests.swift""]",M,tests,82,0,False
21aacef712ef78c44bd11f0a848276d3125a82a4,21aacef,Docs/UserDocumentation/automation/applescript-picture.html,"[""Docs/UserDocumentation/automation/applescript-picture.html""]",M,docs,34,2,False
21aacef712ef78c44bd11f0a848276d3125a82a4,21aacef,Docs/UserDocumentation/examples/clean-up-album.html,"[""Docs/UserDocumentation/examples/clean-up-album.html""]",M,docs,2,2,False
21aacef712ef78c44bd11f0a848276d3125a82a4,21aacef,Docs/UserDocumentation/examples/create-session-document.html,"[""Docs/UserDocumentation/examples/create-session-document.html""]",M,docs,3,2,False
21aacef712ef78c44bd11f0a848276d3125a82a4,21aacef,Docs/UserDocumentation/examples/save-tags-only.html,"[""Docs/UserDocumentation/examples/save-tags-only.html""]",M,docs,13,10,False
a3d4895796afa545efc1d3c39379220da2c616f3,a3d4895,Docs/Plans/28-AddSwiftTagUseDocumentation.md,"[""Docs/Plans/28-AddSwiftTagUseDocumentation.md""]",M,plans,1,1,False
a3d4895796afa545efc1d3c39379220da2c616f3,a3d4895,Docs/UserDocumentation/examples/clean-up-album.html,"[""Docs/UserDocumentation/examples/clean-up-album.html""]",M,docs,3,3,False
a3d4895796afa545efc1d3c39379220da2c616f3,a3d4895,Docs/UserDocumentation/examples/create-session-document.html,"[""Docs/UserDocumentation/examples/create-session-document.html""]",M,docs,1,1,False
a3d4895796afa545efc1d3c39379220da2c616f3,a3d4895,Docs/UserDocumentation/examples/{save-tags-only.html => re-tag-with-applescript.html},"[""Docs/UserDocumentation/examples/save-tags-only.html"", ""Docs/UserDocumentation/examples/re-tag-with-applescript.html""]",R100,docs,0,0,False
a3d4895796afa545efc1d3c39379220da2c616f3,a3d4895,Docs/UserDocumentation/workflows/saving.html,"[""Docs/UserDocumentation/workflows/saving.html""]",M,docs,1,1,False
a3d4895796afa545efc1d3c39379220da2c616f3,a3d4895,Docs/UserDocumentation/workflows/settings.html,"[""Docs/UserDocumentation/workflows/settings.html""]",M,docs,1,1,False
8ab71c90c52e8a8740d754719c48c53f0ca66065,8ab71c9,Docs/UserDocumentation/index.html,"[""Docs/UserDocumentation/index.html""]",M,docs,5,6,False
8ab71c90c52e8a8740d754719c48c53f0ca66065,8ab71c9,Docs/UserDocumentation/troubleshooting.html,"[""Docs/UserDocumentation/troubleshooting.html""]",M,docs,1,1,False
7a19911399e2e3a8b7ff2d239319a658e793346c,7a19911,Docs/Plans/28-AddSwiftTagUseDocumentation.md,"[""Docs/Plans/28-AddSwiftTagUseDocumentation.md""]",M,plans,1,1,False
7a19911399e2e3a8b7ff2d239319a658e793346c,7a19911,Docs/UserDocumentation/automation/applescript-delete.html,"[""Docs/UserDocumentation/automation/applescript-delete.html""]",M,docs,1,1,False
7a19911399e2e3a8b7ff2d239319a658e793346c,7a19911,Docs/UserDocumentation/automation/applescript-make.html,"[""Docs/UserDocumentation/automation/applescript-make.html""]",M,docs,1,1,False
7a19911399e2e3a8b7ff2d239319a658e793346c,7a19911,Docs/UserDocumentation/automation/applescript-tag.html,"[""Docs/UserDocumentation/automation/applescript-tag.html""]",M,docs,1,1,False
7a19911399e2e3a8b7ff2d239319a658e793346c,7a19911,Docs/UserDocumentation/examples/batch-edit-tags.html,"[""Docs/UserDocumentation/examples/batch-edit-tags.html""]",M,docs,2,2,False
7a19911399e2e3a8b7ff2d239319a658e793346c,7a19911,Docs/UserDocumentation/examples/clean-up-album.html,"[""Docs/UserDocumentation/examples/clean-up-album.html""]",M,docs,1,1,False
7a19911399e2e3a8b7ff2d239319a658e793346c,7a19911,Docs/UserDocumentation/index.html,"[""Docs/UserDocumentation/index.html""]",M,docs,1,1,False
7a19911399e2e3a8b7ff2d239319a658e793346c,7a19911,Docs/UserDocumentation/quick-start.html,"[""Docs/UserDocumentation/quick-start.html""]",M,docs,2,2,False
7a19911399e2e3a8b7ff2d239319a658e793346c,7a19911,Docs/UserDocumentation/workflows/adding-flac-files.html,"[""Docs/UserDocumentation/workflows/adding-flac-files.html""]",M,docs,1,1,False
7a19911399e2e3a8b7ff2d239319a658e793346c,7a19911,Docs/UserDocumentation/workflows/saving.html,"[""Docs/UserDocumentation/workflows/saving.html""]",M,docs,1,1,False
7a19911399e2e3a8b7ff2d239319a658e793346c,7a19911,Docs/UserDocumentation/workflows/swifttag-documents.html,"[""Docs/UserDocumentation/workflows/swifttag-documents.html""]",M,docs,1,1,False
7a19911399e2e3a8b7ff2d239319a658e793346c,7a19911,Docs/UserDocumentation/workflows/{editing-tags.html => tags.html},"[""Docs/UserDocumentation/workflows/editing-tags.html"", ""Docs/UserDocumentation/workflows/tags.html""]",R100,docs,0,0,False
477665910577c41766377204a1abfc8cc7f0dd6d,4776659,Docs/Plans/28-AddSwiftTagUseDocumentation.md,"[""Docs/Plans/28-AddSwiftTagUseDocumentation.md""]",M,plans,1,1,False
477665910577c41766377204a1abfc8cc7f0dd6d,4776659,Docs/UserDocumentation/automation/applescript-delete.html,"[""Docs/UserDocumentation/automation/applescript-delete.html""]",M,docs,2,2,False
477665910577c41766377204a1abfc8cc7f0dd6d,4776659,Docs/UserDocumentation/automation/applescript-make.html,"[""Docs/UserDocumentation/automation/applescript-make.html""]",M,docs,2,2,False
477665910577c41766377204a1abfc8cc7f0dd6d,4776659,Docs/UserDocumentation/automation/applescript-picture.html,"[""Docs/UserDocumentation/automation/applescript-picture.html""]",M,docs,1,1,False
477665910577c41766377204a1abfc8cc7f0dd6d,4776659,Docs/UserDocumentation/examples/batch-edit-tags.html,"[""Docs/UserDocumentation/examples/batch-edit-tags.html""]",M,docs,3,3,False
477665910577c41766377204a1abfc8cc7f0dd6d,4776659,Docs/UserDocumentation/examples/clean-up-album.html,"[""Docs/UserDocumentation/examples/clean-up-album.html""]",M,docs,1,1,False
477665910577c41766377204a1abfc8cc7f0dd6d,4776659,Docs/UserDocumentation/examples/manage-cover-art.html,"[""Docs/UserDocumentation/examples/manage-cover-art.html""]",M,docs,4,4,False
477665910577c41766377204a1abfc8cc7f0dd6d,4776659,Docs/UserDocumentation/index.html,"[""Docs/UserDocumentation/index.html""]",M,docs,1,1,False
477665910577c41766377204a1abfc8cc7f0dd6d,4776659,Docs/UserDocumentation/quick-start.html,"[""Docs/UserDocumentation/quick-start.html""]",M,docs,2,2,False
477665910577c41766377204a1abfc8cc7f0dd6d,4776659,Docs/UserDocumentation/workflows/{album-art.html => pictures.html},"[""Docs/UserDocumentation/workflows/album-art.html"", ""Docs/UserDocumentation/workflows/pictures.html""]",R100,docs,0,0,False
477665910577c41766377204a1abfc8cc7f0dd6d,4776659,Docs/UserDocumentation/workflows/saving.html,"[""Docs/UserDocumentation/workflows/saving.html""]",M,docs,1,1,False
477665910577c41766377204a1abfc8cc7f0dd6d,4776659,Docs/UserDocumentation/workflows/swifttag-documents.html,"[""Docs/UserDocumentation/workflows/swifttag-documents.html""]",M,docs,2,2,False
477665910577c41766377204a1abfc8cc7f0dd6d,4776659,Docs/UserDocumentation/workflows/tags.html,"[""Docs/UserDocumentation/workflows/tags.html""]",M,docs,1,1,False
0015089006f52550ef2f4ed4fdd0057bb9e521b9,0015089,SwiftTag.xcodeproj/project.pbxproj,"[""SwiftTag.xcodeproj/project.pbxproj""]",M,app_code,4,0,False
0015089006f52550ef2f4ed4fdd0057bb9e521b9,0015089,SwiftTag/Shared/Utilities/SwiftTagHelpDocumentation.swift,"[""SwiftTag/Shared/Utilities/SwiftTagHelpDocumentation.swift""]",A,app_code,29,0,False
0015089006f52550ef2f4ed4fdd0057bb9e521b9,0015089,SwiftTag/SwiftTagApp.swift,"[""SwiftTag/SwiftTagApp.swift""]",M,app_code,7,0,False
0015089006f52550ef2f4ed4fdd0057bb9e521b9,0015089,SwiftTagTests/SwiftTagHelpDocumentationTests.swift,"[""SwiftTagTests/SwiftTagHelpDocumentationTests.swift""]",A,tests,14,0,False
4eca36ce52399ef139926f5430d3cd08ac3c993a,4eca36c,.gitignore,"["".gitignore""]",M,other,2,0,False
4eca36ce52399ef139926f5430d3cd08ac3c993a,4eca36c,SwiftTagAppleScriptTests/_test_.applescript,"[""SwiftTagAppleScriptTests/_test_.applescript""]",A,other,73,0,False
4eca36ce52399ef139926f5430d3cd08ac3c993a,4eca36c,SwiftTagAppleScriptTests/test-pictures.applescript,"[""SwiftTagAppleScriptTests/test-pictures.applescript""]",A,other,353,0,False
4eca36ce52399ef139926f5430d3cd08ac3c993a,4eca36c,SwiftTagAppleScriptTests/test-settings.applescript,"[""SwiftTagAppleScriptTests/test-settings.applescript""]",A,other,325,0,False
4eca36ce52399ef139926f5430d3cd08ac3c993a,4eca36c,SwiftTagAppleScriptTests/test-tags.applescript,"[""SwiftTagAppleScriptTests/test-tags.applescript""]",A,other,659,0,False
4eca36ce52399ef139926f5430d3cd08ac3c993a,4eca36c,SwiftTagAppleScriptTests/test-tracks.applescript,"[""SwiftTagAppleScriptTests/test-tracks.applescript""]",A,other,180,0,False
4eca36ce52399ef139926f5430d3cd08ac3c993a,4eca36c,SwiftTagAppleScriptTests/test-utils.applescript,"[""SwiftTagAppleScriptTests/test-utils.applescript""]",A,other,203,0,False
4eca36ce52399ef139926f5430d3cd08ac3c993a,4eca36c,SwiftTagAppleScriptTests/test-windows.applescript,"[""SwiftTagAppleScriptTests/test-windows.applescript""]",A,other,322,0,False
486b13c723b2fac0220854d9ea7269a09442e7ce,486b13c,SwiftTag/Shared/QuickLook/SwiftTagDocumentQuickLookSnapshot.swift,"[""SwiftTag/Shared/QuickLook/SwiftTagDocumentQuickLookSnapshot.swift""]",M,app_code,78,1,False
486b13c723b2fac0220854d9ea7269a09442e7ce,486b13c,SwiftTag/Shared/QuickLook/SwiftTagDocumentQuickLookView.swift,"[""SwiftTag/Shared/QuickLook/SwiftTagDocumentQuickLookView.swift""]",M,app_code,17,0,False
486b13c723b2fac0220854d9ea7269a09442e7ce,486b13c,SwiftTagTests/SwiftTagQuickLookTests.swift,"[""SwiftTagTests/SwiftTagQuickLookTests.swift""]",M,tests,76,1,False
e8c7dcb8fa1bcfe202e061807bb6873d2e1e0473,e8c7dcb,Docs/README.md,"[""Docs/README.md""]",M,docs,0,3,False
e8c7dcb8fa1bcfe202e061807bb6873d2e1e0473,e8c7dcb,SwiftTag/ContentView.swift,"[""SwiftTag/ContentView.swift""]",M,app_code,0,13,False
e8c7dcb8fa1bcfe202e061807bb6873d2e1e0473,e8c7dcb,SwiftTag/Features/TagEditor/TOMLUtilityView.swift,"[""SwiftTag/Features/TagEditor/TOMLUtilityView.swift""]",D,app_code,0,22,False
e8c7dcb8fa1bcfe202e061807bb6873d2e1e0473,e8c7dcb,SwiftTag/Features/TagEditor/TagEditorViewModel.swift,"[""SwiftTag/Features/TagEditor/TagEditorViewModel.swift""]",M,app_code,0,40,False
e8c7dcb8fa1bcfe202e061807bb6873d2e1e0473,e8c7dcb,SwiftTag/SwiftTagApp.swift,"[""SwiftTag/SwiftTagApp.swift""]",M,app_code,0,7,False
65538b7f93d2246cfc37625f018af76640c6aa40,65538b7,Docs/README.md,"[""Docs/README.md""]",M,docs,222,55,False
716c54c01f81ac69fb1c6e5252727cbd5dd10310,716c54c,Docs/Plans/Transcripts/transcript-2026-05-26-1-MiscCleanupAndDocs.md,"[""Docs/Plans/Transcripts/transcript-2026-05-26-1-MiscCleanupAndDocs.md""]",A,transcripts,126,0,False
716c54c01f81ac69fb1c6e5252727cbd5dd10310,716c54c,Docs/README.md,"[""Docs/README.md""]",M,docs,45,6,False
1df3bec4c822e6fcc30d809dab5277868a8e3290,1df3bec,LICENSE,"[""LICENSE""]",A,other,21,0,False
d07df1fefbd553b00635ee882631ee74d12f0530,d07df1f,BuildScripts/build-libflac.sh,"[""BuildScripts/build-libflac.sh""]",M,other,18,5,False
d07df1fefbd553b00635ee882631ee74d12f0530,d07df1f,SwiftTag.xcodeproj/project.pbxproj,"[""SwiftTag.xcodeproj/project.pbxproj""]",M,app_code,58,8,False
d07df1fefbd553b00635ee882631ee74d12f0530,d07df1f,SwiftTag/SwiftTag.entitlements,"[""SwiftTag/SwiftTag.entitlements""]",M,app_code,3,3,False
149bf183fe3edf4d14481d354a078cb50f628aee,149bf18,Docs/README.md,"[""Docs/README.md""]",M,docs,87,112,False
149bf183fe3edf4d14481d354a078cb50f628aee,149bf18,Docs/Screenshots/SwiftTag-quicklook-test.jpg,"[""Docs/Screenshots/SwiftTag-quicklook-test.jpg""]",A,docs,0,0,True
149bf183fe3edf4d14481d354a078cb50f628aee,149bf18,Docs/Screenshots/SwiftTag-settings-window-feedback.jpg,"[""Docs/Screenshots/SwiftTag-settings-window-feedback.jpg""]",A,docs,0,0,True
149bf183fe3edf4d14481d354a078cb50f628aee,149bf18,Docs/Screenshots/SwiftTag-settings-window-general.jpg,"[""Docs/Screenshots/SwiftTag-settings-window-general.jpg""]",A,docs,0,0,True
149bf183fe3edf4d14481d354a078cb50f628aee,149bf18,Docs/Screenshots/SwiftTag-settings-window-tags.jpg,"[""Docs/Screenshots/SwiftTag-settings-window-tags.jpg""]",A,docs,0,0,True
149bf183fe3edf4d14481d354a078cb50f628aee,149bf18,Docs/Screenshots/SwiftTag-window-unlock.jpg,"[""Docs/Screenshots/SwiftTag-window-unlock.jpg""]",A,docs,0,0,True
149bf183fe3edf4d14481d354a078cb50f628aee,149bf18,Docs/Screenshots/SwiftTag-window-with-changes-diff.jpg,"[""Docs/Screenshots/SwiftTag-window-with-changes-diff.jpg""]",A,docs,0,0,True
149bf183fe3edf4d14481d354a078cb50f628aee,149bf18,Docs/Screenshots/SwiftTag-window-with-changes-picture-browser-list.jpg,"[""Docs/Screenshots/SwiftTag-window-with-changes-picture-browser-list.jpg""]",A,docs,0,0,True
149bf183fe3edf4d14481d354a078cb50f628aee,149bf18,Docs/Screenshots/SwiftTag-window-with-changes-picture-browser.jpg,"[""Docs/Screenshots/SwiftTag-window-with-changes-picture-browser.jpg""]",A,docs,0,0,True
149bf183fe3edf4d14481d354a078cb50f628aee,149bf18,Docs/Screenshots/SwiftTag-window-with-changes.jpg,"[""Docs/Screenshots/SwiftTag-window-with-changes.jpg""]",A,docs,0,0,True
fcee05c29e0d15314bee932ee8b1e48cc7ca7276,fcee05c,SwiftTag/ContentView.swift,"[""SwiftTag/ContentView.swift""]",M,app_code,13,0,False
fcee05c29e0d15314bee932ee8b1e48cc7ca7276,fcee05c,SwiftTag/Features/TagEditor/TagEditorViewModel.swift,"[""SwiftTag/Features/TagEditor/TagEditorViewModel.swift""]",M,app_code,48,1,False
fcee05c29e0d15314bee932ee8b1e48cc7ca7276,fcee05c,SwiftTagTests/SwiftTagTests.swift,"[""SwiftTagTests/SwiftTagTests.swift""]",M,tests,42,0,False
fcee05c29e0d15314bee932ee8b1e48cc7ca7276,fcee05c,SwiftTagUITests/SwiftTagUITestSuites.swift,"[""SwiftTagUITests/SwiftTagUITestSuites.swift""]",M,tests,5,0,False
fcee05c29e0d15314bee932ee8b1e48cc7ca7276,fcee05c,SwiftTagUITests/SwiftTagUITests.swift,"[""SwiftTagUITests/SwiftTagUITests.swift""]",M,tests,182,0,False
03227c22ec04d4a16f48e8159bca42426af9eac7,03227c2,SwiftTag/Features/FlacImport/FlacImportMapper.swift,"[""SwiftTag/Features/FlacImport/FlacImportMapper.swift""]",M,app_code,1,1,False
03227c22ec04d4a16f48e8159bca42426af9eac7,03227c2,SwiftTag/Features/TagEditor/TagEditorViewModel.swift,"[""SwiftTag/Features/TagEditor/TagEditorViewModel.swift""]",M,app_code,99,6,False
03227c22ec04d4a16f48e8159bca42426af9eac7,03227c2,SwiftTag/Shared/Utilities/TagNormalization.swift,"[""SwiftTag/Shared/Utilities/TagNormalization.swift""]",M,app_code,6,1,False
03227c22ec04d4a16f48e8159bca42426af9eac7,03227c2,SwiftTagTests/SwiftTagTests.swift,"[""SwiftTagTests/SwiftTagTests.swift""]",M,tests,158,2,False
b0eb1bc5f0a1a447bed6c6c903afad44009c9cd6,b0eb1bc,SwiftTag/Shared/Models/SaveSettings.swift,"[""SwiftTag/Shared/Models/SaveSettings.swift""]",M,app_code,3,3,False
48fd612594d6a6ae7f88cfe82807c8c31823b63d,48fd612,SwiftTag/Features/FlacImport/FlacImportMapper.swift,"[""SwiftTag/Features/FlacImport/FlacImportMapper.swift""]",M,app_code,1,1,False
48fd612594d6a6ae7f88cfe82807c8c31823b63d,48fd612,SwiftTag/Features/TagEditor/TagEditorViewModel.swift,"[""SwiftTag/Features/TagEditor/TagEditorViewModel.swift""]",M,app_code,14,6,False
48fd612594d6a6ae7f88cfe82807c8c31823b63d,48fd612,SwiftTag/Shared/Utilities/DateTagFormatter.swift,"[""SwiftTag/Shared/Utilities/DateTagFormatter.swift""]",M,app_code,52,0,False
48fd612594d6a6ae7f88cfe82807c8c31823b63d,48fd612,SwiftTagTests/SwiftTagTests.swift,"[""SwiftTagTests/SwiftTagTests.swift""]",M,tests,80,3,False
36789f5d0b7a89231ac47b62ca91d92c8b537df8,36789f5,SwiftTag/Features/AlbumArt/AlbumArtSheetView.swift,"[""SwiftTag/Features/AlbumArt/AlbumArtSheetView.swift""]",M,app_code,1,7,False
36789f5d0b7a89231ac47b62ca91d92c8b537df8,36789f5,SwiftTagTests/TrackStatusViewInspectorTests.swift,"[""SwiftTagTests/TrackStatusViewInspectorTests.swift""]",M,tests,36,3,False
b5795c22e58a84982d07d6846e1929f9eba2166f,b5795c2,SwiftTag.xcodeproj/project.pbxproj,"[""SwiftTag.xcodeproj/project.pbxproj""]",M,app_code,4,0,False
b5795c22e58a84982d07d6846e1929f9eba2166f,b5795c2,SwiftTagTests/SwiftTagTests.swift,"[""SwiftTagTests/SwiftTagTests.swift""]",M,tests,13,7,False
b5795c22e58a84982d07d6846e1929f9eba2166f,b5795c2,SwiftTagTests/TrackStatusViewInspectorTests.swift,"[""SwiftTagTests/TrackStatusViewInspectorTests.swift""]",M,tests,1,1,False
5c58b2c352709f9b9c609c1e60a15c4ebf49062c,5c58b2c,SwiftTagTests/TrackStatusViewInspectorTests.swift,"[""SwiftTagTests/TrackStatusViewInspectorTests.swift""]",M,tests,3,5,False
5b2392f98b7d9b0680edf4fdfb6966ed9a44d9bc,5b2392f,Docs/Plans/Transcripts/transcript-2026-05-30-1-DiffFormatAndTestFix.md,"[""Docs/Plans/Transcripts/transcript-2026-05-30-1-DiffFormatAndTestFix.md""]",A,transcripts,322,0,False
5b2392f98b7d9b0680edf4fdfb6966ed9a44d9bc,5b2392f,SwiftTagTests/SandboxPathSettingsTests.swift,"[""SwiftTagTests/SandboxPathSettingsTests.swift""]",M,tests,3,3,False
5b2392f98b7d9b0680edf4fdfb6966ed9a44d9bc,5b2392f,SwiftTagUITests/SwiftTagUITests.swift,"[""SwiftTagUITests/SwiftTagUITests.swift""]",M,tests,26,1,False
05c75465e894b197009e4fa12fcee8a2f232be65,05c7546,SwiftTag.xcodeproj/project.pbxproj,"[""SwiftTag.xcodeproj/project.pbxproj""]",M,app_code,2,2,False
5f406d41dab292e9d24be77a40a86053fba4e075,5f406d4,SwiftTag.xcodeproj/project.pbxproj,"[""SwiftTag.xcodeproj/project.pbxproj""]",M,app_code,9,11,False
5f406d41dab292e9d24be77a40a86053fba4e075,5f406d4,SwiftTag.xcodeproj/xcshareddata/xcschemes/SwiftTag.xcscheme,"[""SwiftTag.xcodeproj/xcshareddata/xcschemes/SwiftTag.xcscheme""]",M,other,1,1,False
5f406d41dab292e9d24be77a40a86053fba4e075,5f406d4,SwiftTag.xcodeproj/xcshareddata/xcschemes/SwiftTagApp.xcscheme,"[""SwiftTag.xcodeproj/xcshareddata/xcschemes/SwiftTagApp.xcscheme""]",M,other,1,1,False
5f406d41dab292e9d24be77a40a86053fba4e075,5f406d4,SwiftTag/Features/TagEditor/TagEditorViewModel.swift,"[""SwiftTag/Features/TagEditor/TagEditorViewModel.swift""]",M,app_code,80,6,False
5f406d41dab292e9d24be77a40a86053fba4e075,5f406d4,SwiftTagTests/SwiftTagTests.swift,"[""SwiftTagTests/SwiftTagTests.swift""]",M,tests,112,1,False
58c447d0c8f8d603db83117199143fea38de98fb,58c447d,Docs/UserDocumentation/workflows/swifttag-documents.html,"[""Docs/UserDocumentation/workflows/swifttag-documents.html""]",M,docs,6,3,False
58c447d0c8f8d603db83117199143fea38de98fb,58c447d,SwiftTag/ContentView.swift,"[""SwiftTag/ContentView.swift""]",M,app_code,30,0,False
58c447d0c8f8d603db83117199143fea38de98fb,58c447d,SwiftTag/Shared/Utilities/SwiftTagDocumentPackageWriter.swift,"[""SwiftTag/Shared/Utilities/SwiftTagDocumentPackageWriter.swift""]",M,app_code,1,1,False
58c447d0c8f8d603db83117199143fea38de98fb,58c447d,SwiftTag/SwiftTagApp.swift,"[""SwiftTag/SwiftTagApp.swift""]",M,app_code,8,0,False
58c447d0c8f8d603db83117199143fea38de98fb,58c447d,SwiftTagTests/SwiftTagDocumentTests.swift,"[""SwiftTagTests/SwiftTagDocumentTests.swift""]",M,tests,32,0,False
58c447d0c8f8d603db83117199143fea38de98fb,58c447d,SwiftTagUITests/SwiftTagUITestSuites.swift,"[""SwiftTagUITests/SwiftTagUITestSuites.swift""]",M,tests,10,0,False
58c447d0c8f8d603db83117199143fea38de98fb,58c447d,SwiftTagUITests/SwiftTagUITests.swift,"[""SwiftTagUITests/SwiftTagUITests.swift""]",M,tests,100,0,False
a19bccf7a97c76901ba27f942e9cae26a5642edc,a19bccf,SwiftTag/Features/Settings/FeedbackSettingsView.swift,"[""SwiftTag/Features/Settings/FeedbackSettingsView.swift""]",M,app_code,16,0,False
a19bccf7a97c76901ba27f942e9cae26a5642edc,a19bccf,SwiftTag/Shared/Models/FeedbackSettings.swift,"[""SwiftTag/Shared/Models/FeedbackSettings.swift""]",M,app_code,12,0,False
a19bccf7a97c76901ba27f942e9cae26a5642edc,a19bccf,SwiftTag/SwiftTagApp.swift,"[""SwiftTag/SwiftTagApp.swift""]",M,app_code,5,1,False
a19bccf7a97c76901ba27f942e9cae26a5642edc,a19bccf,SwiftTagTests/SwiftTagTests.swift,"[""SwiftTagTests/SwiftTagTests.swift""]",M,tests,36,0,False
a19bccf7a97c76901ba27f942e9cae26a5642edc,a19bccf,SwiftTagTests/TrackStatusViewInspectorTests.swift,"[""SwiftTagTests/TrackStatusViewInspectorTests.swift""]",M,tests,3,0,False
d4616ef79d1f5f6f9afe47e139aa7a092e4b3085,d4616ef,Docs/UserDocumentation/automation/applescript-application.html,"[""Docs/UserDocumentation/automation/applescript-application.html""]",M,docs,8,0,False
d4616ef79d1f5f6f9afe47e139aa7a092e4b3085,d4616ef,Docs/UserDocumentation/workflows/settings.html,"[""Docs/UserDocumentation/workflows/settings.html""]",M,docs,19,0,False
d4616ef79d1f5f6f9afe47e139aa7a092e4b3085,d4616ef,SwiftTag/Features/Settings/FeedbackSettingsView.swift,"[""SwiftTag/Features/Settings/FeedbackSettingsView.swift""]",M,app_code,13,13,False
d4616ef79d1f5f6f9afe47e139aa7a092e4b3085,d4616ef,SwiftTag/Shared/Utilities/SwiftTagAppleScriptSupport.swift,"[""SwiftTag/Shared/Utilities/SwiftTagAppleScriptSupport.swift""]",M,app_code,13,0,False
d4616ef79d1f5f6f9afe47e139aa7a092e4b3085,d4616ef,SwiftTag/SwiftTag.sdef,"[""SwiftTag/SwiftTag.sdef""]",M,app_code,3,0,False
d4616ef79d1f5f6f9afe47e139aa7a092e4b3085,d4616ef,SwiftTagAppleScriptTests/test-settings.applescript,"[""SwiftTagAppleScriptTests/test-settings.applescript""]",M,other,10,0,False
d4616ef79d1f5f6f9afe47e139aa7a092e4b3085,d4616ef,SwiftTagTests/SwiftTagAppleScriptTests.swift,"[""SwiftTagTests/SwiftTagAppleScriptTests.swift""]",M,tests,8,0,False
798de55dcbb0a4e26d499cec324224070b108b19,798de55,SwiftTag/ContentView.swift,"[""SwiftTag/ContentView.swift""]",M,app_code,20,0,False
798de55dcbb0a4e26d499cec324224070b108b19,798de55,SwiftTag/Features/FlacImport/FlacImportMapper.swift,"[""SwiftTag/Features/FlacImport/FlacImportMapper.swift""]",M,app_code,2,1,False
798de55dcbb0a4e26d499cec324224070b108b19,798de55,SwiftTag/Features/TagEditor/TagEditorCoreTagsView.swift,"[""SwiftTag/Features/TagEditor/TagEditorCoreTagsView.swift""]",M,app_code,57,21,False
798de55dcbb0a4e26d499cec324224070b108b19,798de55,SwiftTag/Features/TagEditor/TagEditorMiscTagsView.swift,"[""SwiftTag/Features/TagEditor/TagEditorMiscTagsView.swift""]",M,app_code,1,1,False
798de55dcbb0a4e26d499cec324224070b108b19,798de55,SwiftTag/Features/TagEditor/TagEditorView.swift,"[""SwiftTag/Features/TagEditor/TagEditorView.swift""]",M,app_code,8,0,False
798de55dcbb0a4e26d499cec324224070b108b19,798de55,SwiftTag/Shared/Models/FeedbackSettings.swift,"[""SwiftTag/Shared/Models/FeedbackSettings.swift""]",M,app_code,3,0,False
798de55dcbb0a4e26d499cec324224070b108b19,798de55,SwiftTag/Shared/Models/TagKey.swift,"[""SwiftTag/Shared/Models/TagKey.swift""]",M,app_code,1,0,False
798de55dcbb0a4e26d499cec324224070b108b19,798de55,SwiftTag/Shared/Utilities/SwiftTagAppleScriptSupport.swift,"[""SwiftTag/Shared/Utilities/SwiftTagAppleScriptSupport.swift""]",M,app_code,3,3,False
798de55dcbb0a4e26d499cec324224070b108b19,798de55,SwiftTag/Shared/Utilities/TagNormalization.swift,"[""SwiftTag/Shared/Utilities/TagNormalization.swift""]",M,app_code,1,0,False
798de55dcbb0a4e26d499cec324224070b108b19,798de55,SwiftTagTests/SwiftTagAppleScriptTests.swift,"[""SwiftTagTests/SwiftTagAppleScriptTests.swift""]",M,tests,2,0,False
798de55dcbb0a4e26d499cec324224070b108b19,798de55,SwiftTagTests/SwiftTagTests.swift,"[""SwiftTagTests/SwiftTagTests.swift""]",M,tests,43,0,False
798de55dcbb0a4e26d499cec324224070b108b19,798de55,SwiftTagTests/TrackStatusViewInspectorTests.swift,"[""SwiftTagTests/TrackStatusViewInspectorTests.swift""]",M,tests,21,0,False
a0be45da0d49c7dfb87bef36da1afed83c46ba4d,a0be45d,SwiftTag/Features/TagEditor/TagEditorMiscTagsView.swift,"[""SwiftTag/Features/TagEditor/TagEditorMiscTagsView.swift""]",M,app_code,42,29,False
a0be45da0d49c7dfb87bef36da1afed83c46ba4d,a0be45d,SwiftTagUITests/SwiftTagUITestSuites.swift,"[""SwiftTagUITests/SwiftTagUITestSuites.swift""]",M,tests,5,0,False
a0be45da0d49c7dfb87bef36da1afed83c46ba4d,a0be45d,SwiftTagUITests/SwiftTagUITests.swift,"[""SwiftTagUITests/SwiftTagUITests.swift""]",M,tests,86,0,False
31627a922620a24d64ae4f88232256f56993e172,31627a9,SwiftTag/Shared/QuickLook/SwiftTagDocumentQuickLookView.swift,"[""SwiftTag/Shared/QuickLook/SwiftTagDocumentQuickLookView.swift""]",M,app_code,4,2,False
abe9194d5f3d791d34010e12ea51acb0054ae4ce,abe9194,Docs/Plans/Transcripts/transcript-2026-06-03-1-UpdatesForRelease-1-0-2.md,"[""Docs/Plans/Transcripts/transcript-2026-06-03-1-UpdatesForRelease-1-0-2.md""]",A,transcripts,459,0,False
abe9194d5f3d791d34010e12ea51acb0054ae4ce,abe9194,Docs/UserDocumentation/assets/swiftTag-bitcoin-qrc.png,"[""Docs/UserDocumentation/assets/swiftTag-bitcoin-qrc.png""]",A,docs,0,0,True
abe9194d5f3d791d34010e12ea51acb0054ae4ce,abe9194,Docs/UserDocumentation/assets/swifttag-cardano-qrc.png,"[""Docs/UserDocumentation/assets/swifttag-cardano-qrc.png""]",A,docs,0,0,True
abe9194d5f3d791d34010e12ea51acb0054ae4ce,abe9194,Docs/UserDocumentation/assets/swifttag-docs.css,"[""Docs/UserDocumentation/assets/swifttag-docs.css""]",M,docs,17,0,False
abe9194d5f3d791d34010e12ea51acb0054ae4ce,abe9194,Docs/UserDocumentation/automation/applescript.html,"[""Docs/UserDocumentation/automation/applescript.html""]",M,docs,2,0,False
abe9194d5f3d791d34010e12ea51acb0054ae4ce,abe9194,Docs/UserDocumentation/examples/clean-up-album.html,"[""Docs/UserDocumentation/examples/clean-up-album.html""]",M,docs,2,0,False
abe9194d5f3d791d34010e12ea51acb0054ae4ce,abe9194,Docs/UserDocumentation/index.html,"[""Docs/UserDocumentation/index.html""]",M,docs,2,0,False
abe9194d5f3d791d34010e12ea51acb0054ae4ce,abe9194,Docs/UserDocumentation/quick-start.html,"[""Docs/UserDocumentation/quick-start.html""]",M,docs,2,0,False
abe9194d5f3d791d34010e12ea51acb0054ae4ce,abe9194,Docs/UserDocumentation/release-information.html,"[""Docs/UserDocumentation/release-information.html""]",A,docs,140,0,False
abe9194d5f3d791d34010e12ea51acb0054ae4ce,abe9194,Docs/UserDocumentation/troubleshooting.html,"[""Docs/UserDocumentation/troubleshooting.html""]",M,docs,2,0,False
abe9194d5f3d791d34010e12ea51acb0054ae4ce,abe9194,SwiftTag.xcodeproj/project.pbxproj,"[""SwiftTag.xcodeproj/project.pbxproj""]",M,app_code,6,6,False
9654a156c85a094a0fe4d86cb59ab87de34bf6f3,9654a15,SwiftTag/FlacMetadataService.swift,"[""SwiftTag/FlacMetadataService.swift""]",M,app_code,38,35,False
9654a156c85a094a0fe4d86cb59ab87de34bf6f3,9654a15,SwiftTag/Shared/Utilities/SwiftTagDocumentPackageWriter.swift,"[""SwiftTag/Shared/Utilities/SwiftTagDocumentPackageWriter.swift""]",M,app_code,24,16,False
fdd51810b0f51c7b8ee798ecfa0eb42453627946,fdd5181,SwiftTag/Features/TagEditor/TagEditorViewModel.swift,"[""SwiftTag/Features/TagEditor/TagEditorViewModel.swift""]",M,app_code,25,0,False
fdd51810b0f51c7b8ee798ecfa0eb42453627946,fdd5181,SwiftTag/Shared/Utilities/TrackFileMonitor.swift,"[""SwiftTag/Shared/Utilities/TrackFileMonitor.swift""]",M,app_code,5,0,False
fdd51810b0f51c7b8ee798ecfa0eb42453627946,fdd5181,SwiftTagTests/SwiftTagTests.swift,"[""SwiftTagTests/SwiftTagTests.swift""]",M,tests,22,1,False
fdd51810b0f51c7b8ee798ecfa0eb42453627946,fdd5181,SwiftTagUITests/SwiftTagUITestSuites.swift,"[""SwiftTagUITests/SwiftTagUITestSuites.swift""]",M,tests,5,0,False
fdd51810b0f51c7b8ee798ecfa0eb42453627946,fdd5181,SwiftTagUITests/SwiftTagUITests.swift,"[""SwiftTagUITests/SwiftTagUITests.swift""]",M,tests,247,0,False
d2843d58d7c77e0470d1b467eacf8a956665e2c9,d2843d5,Docs/Plans/30-AutoUpdateTrackTotalByDisc.md,"[""Docs/Plans/30-AutoUpdateTrackTotalByDisc.md""]",A,plans,502,0,False
d2843d58d7c77e0470d1b467eacf8a956665e2c9,d2843d5,Docs/Plans/Transcripts/transcript-2026-06-15-1-30-AutoUpdateTrackTotalByDisc.md,"[""Docs/Plans/Transcripts/transcript-2026-06-15-1-30-AutoUpdateTrackTotalByDisc.md""]",A,transcripts,284,0,False
d2843d58d7c77e0470d1b467eacf8a956665e2c9,d2843d5,Docs/UserDocumentation/automation/applescript-application.html,"[""Docs/UserDocumentation/automation/applescript-application.html""]",M,docs,7,0,False
d2843d58d7c77e0470d1b467eacf8a956665e2c9,d2843d5,Docs/UserDocumentation/workflows/settings.html,"[""Docs/UserDocumentation/workflows/settings.html""]",M,docs,6,0,False
d2843d58d7c77e0470d1b467eacf8a956665e2c9,d2843d5,Docs/UserDocumentation/workflows/tags.html,"[""Docs/UserDocumentation/workflows/tags.html""]",M,docs,6,4,False
d2843d58d7c77e0470d1b467eacf8a956665e2c9,d2843d5,SwiftTag/ContentView.swift,"[""SwiftTag/ContentView.swift""]",M,app_code,39,4,False
d2843d58d7c77e0470d1b467eacf8a956665e2c9,d2843d5,SwiftTag/Features/Settings/SettingsView.swift,"[""SwiftTag/Features/Settings/SettingsView.swift""]",M,app_code,1,1,False
d2843d58d7c77e0470d1b467eacf8a956665e2c9,d2843d5,SwiftTag/Features/Settings/TagWriteSettingsView.swift,"[""SwiftTag/Features/Settings/TagWriteSettingsView.swift""]",M,app_code,7,0,False
d2843d58d7c77e0470d1b467eacf8a956665e2c9,d2843d5,SwiftTag/Features/TagEditor/TagEditorCoreTagsView.swift,"[""SwiftTag/Features/TagEditor/TagEditorCoreTagsView.swift""]",M,app_code,13,0,False
d2843d58d7c77e0470d1b467eacf8a956665e2c9,d2843d5,SwiftTag/Features/TagEditor/TagEditorTrackFileView.swift,"[""SwiftTag/Features/TagEditor/TagEditorTrackFileView.swift""]",M,app_code,8,0,False
d2843d58d7c77e0470d1b467eacf8a956665e2c9,d2843d5,SwiftTag/Features/TagEditor/TagEditorView.swift,"[""SwiftTag/Features/TagEditor/TagEditorView.swift""]",M,app_code,9,0,False
d2843d58d7c77e0470d1b467eacf8a956665e2c9,d2843d5,SwiftTag/Features/TagEditor/TagEditorViewModel.swift,"[""SwiftTag/Features/TagEditor/TagEditorViewModel.swift""]",M,app_code,163,19,False
d2843d58d7c77e0470d1b467eacf8a956665e2c9,d2843d5,SwiftTag/Shared/Models/SaveSettings.swift,"[""SwiftTag/Shared/Models/SaveSettings.swift""]",M,app_code,2,0,False
d2843d58d7c77e0470d1b467eacf8a956665e2c9,d2843d5,SwiftTag/Shared/Utilities/SwiftTagAppleScriptSupport.swift,"[""SwiftTag/Shared/Utilities/SwiftTagAppleScriptSupport.swift""]",M,app_code,13,0,False
d2843d58d7c77e0470d1b467eacf8a956665e2c9,d2843d5,SwiftTag/SwiftTag.sdef,"[""SwiftTag/SwiftTag.sdef""]",M,app_code,3,0,False
d2843d58d7c77e0470d1b467eacf8a956665e2c9,d2843d5,SwiftTag/SwiftTagApp.swift,"[""SwiftTag/SwiftTagApp.swift""]",M,app_code,8,0,False
d2843d58d7c77e0470d1b467eacf8a956665e2c9,d2843d5,SwiftTagAppleScriptTests/test-settings.applescript,"[""SwiftTagAppleScriptTests/test-settings.applescript""]",M,other,8,0,False
d2843d58d7c77e0470d1b467eacf8a956665e2c9,d2843d5,SwiftTagTests/SwiftTagAppleScriptTests.swift,"[""SwiftTagTests/SwiftTagAppleScriptTests.swift""]",M,tests,9,0,False
d2843d58d7c77e0470d1b467eacf8a956665e2c9,d2843d5,SwiftTagTests/SwiftTagTests.swift,"[""SwiftTagTests/SwiftTagTests.swift""]",M,tests,145,0,False
d2843d58d7c77e0470d1b467eacf8a956665e2c9,d2843d5,SwiftTagTests/TrackStatusViewInspectorTests.swift,"[""SwiftTagTests/TrackStatusViewInspectorTests.swift""]",M,tests,70,0,False
7228297fdfbf05a87af30e5330fdcdd1e908dd84,7228297,Docs/Plans/31-SetTrackNumbersAndSortTracks.md,"[""Docs/Plans/31-SetTrackNumbersAndSortTracks.md""]",A,plans,446,0,False
7228297fdfbf05a87af30e5330fdcdd1e908dd84,7228297,Docs/Plans/Transcripts/transcript-2026-06-16-1-31-AddTrackSortAndNumbering.md,"[""Docs/Plans/Transcripts/transcript-2026-06-16-1-31-AddTrackSortAndNumbering.md""]",A,transcripts,237,0,False
7228297fdfbf05a87af30e5330fdcdd1e908dd84,7228297,Docs/UserDocumentation/automation/applescript-enumerations.html,"[""Docs/UserDocumentation/automation/applescript-enumerations.html""]",M,docs,43,0,False
7228297fdfbf05a87af30e5330fdcdd1e908dd84,7228297,Docs/UserDocumentation/automation/applescript-examples.html,"[""Docs/UserDocumentation/automation/applescript-examples.html""]",M,docs,9,5,False
7228297fdfbf05a87af30e5330fdcdd1e908dd84,7228297,Docs/UserDocumentation/automation/applescript-windows.html,"[""Docs/UserDocumentation/automation/applescript-windows.html""]",M,docs,7,0,False
7228297fdfbf05a87af30e5330fdcdd1e908dd84,7228297,Docs/UserDocumentation/workflows/tags.html,"[""Docs/UserDocumentation/workflows/tags.html""]",M,docs,17,2,False
7228297fdfbf05a87af30e5330fdcdd1e908dd84,7228297,SwiftTag/ContentView.swift,"[""SwiftTag/ContentView.swift""]",M,app_code,84,1,False
7228297fdfbf05a87af30e5330fdcdd1e908dd84,7228297,SwiftTag/Features/TagEditor/TagEditorTrackFileView.swift,"[""SwiftTag/Features/TagEditor/TagEditorTrackFileView.swift""]",M,app_code,30,1,False
7228297fdfbf05a87af30e5330fdcdd1e908dd84,7228297,SwiftTag/Features/TagEditor/TagEditorView.swift,"[""SwiftTag/Features/TagEditor/TagEditorView.swift""]",M,app_code,20,0,False
7228297fdfbf05a87af30e5330fdcdd1e908dd84,7228297,SwiftTag/Features/TagEditor/TagEditorViewModel.swift,"[""SwiftTag/Features/TagEditor/TagEditorViewModel.swift""]",M,app_code,68,0,False
7228297fdfbf05a87af30e5330fdcdd1e908dd84,7228297,SwiftTag/Shared/Models/Track.swift,"[""SwiftTag/Shared/Models/Track.swift""]",M,app_code,74,17,False
7228297fdfbf05a87af30e5330fdcdd1e908dd84,7228297,SwiftTag/Shared/Utilities/SwiftTagAppleScriptSupport.swift,"[""SwiftTag/Shared/Utilities/SwiftTagAppleScriptSupport.swift""]",M,app_code,112,5,False
7228297fdfbf05a87af30e5330fdcdd1e908dd84,7228297,SwiftTag/SwiftTag.sdef,"[""SwiftTag/SwiftTag.sdef""]",M,app_code,8,0,False
7228297fdfbf05a87af30e5330fdcdd1e908dd84,7228297,SwiftTag/SwiftTagApp.swift,"[""SwiftTag/SwiftTagApp.swift""]",M,app_code,33,0,False
7228297fdfbf05a87af30e5330fdcdd1e908dd84,7228297,SwiftTagTests/SwiftTagAppleScriptTests.swift,"[""SwiftTagTests/SwiftTagAppleScriptTests.swift""]",M,tests,184,0,False
7228297fdfbf05a87af30e5330fdcdd1e908dd84,7228297,SwiftTagTests/SwiftTagTests.swift,"[""SwiftTagTests/SwiftTagTests.swift""]",M,tests,174,0,False
7228297fdfbf05a87af30e5330fdcdd1e908dd84,7228297,SwiftTagTests/TrackStatusViewInspectorTests.swift,"[""SwiftTagTests/TrackStatusViewInspectorTests.swift""]",M,tests,87,2,False
88d09498e62eed6f088450eb0cf1ec3129a7ad34,88d0949,Docs/Plans/32-AutoUpdateDiscTotal.md,"[""Docs/Plans/32-AutoUpdateDiscTotal.md""]",A,plans,487,0,False
88d09498e62eed6f088450eb0cf1ec3129a7ad34,88d0949,Docs/Plans/Transcripts/transcript-2026-06-17-1-32-AutoUpdateDiscTotal.md,"[""Docs/Plans/Transcripts/transcript-2026-06-17-1-32-AutoUpdateDiscTotal.md""]",A,transcripts,265,0,False
88d09498e62eed6f088450eb0cf1ec3129a7ad34,88d0949,Docs/UserDocumentation/automation/applescript-application.html,"[""Docs/UserDocumentation/automation/applescript-application.html""]",M,docs,7,0,False
88d09498e62eed6f088450eb0cf1ec3129a7ad34,88d0949,Docs/UserDocumentation/workflows/settings.html,"[""Docs/UserDocumentation/workflows/settings.html""]",M,docs,6,0,False
88d09498e62eed6f088450eb0cf1ec3129a7ad34,88d0949,Docs/UserDocumentation/workflows/tags.html,"[""Docs/UserDocumentation/workflows/tags.html""]",M,docs,9,4,False
88d09498e62eed6f088450eb0cf1ec3129a7ad34,88d0949,SwiftTag/ContentView.swift,"[""SwiftTag/ContentView.swift""]",M,app_code,47,0,False
88d09498e62eed6f088450eb0cf1ec3129a7ad34,88d0949,SwiftTag/Features/Settings/SettingsView.swift,"[""SwiftTag/Features/Settings/SettingsView.swift""]",M,app_code,1,1,False
88d09498e62eed6f088450eb0cf1ec3129a7ad34,88d0949,SwiftTag/Features/Settings/TagWriteSettingsView.swift,"[""SwiftTag/Features/Settings/TagWriteSettingsView.swift""]",M,app_code,6,0,False
88d09498e62eed6f088450eb0cf1ec3129a7ad34,88d0949,SwiftTag/Features/TagEditor/TagEditorCoreTagsView.swift,"[""SwiftTag/Features/TagEditor/TagEditorCoreTagsView.swift""]",M,app_code,2,1,False
88d09498e62eed6f088450eb0cf1ec3129a7ad34,88d0949,SwiftTag/Features/TagEditor/TagEditorTrackFileView.swift,"[""SwiftTag/Features/TagEditor/TagEditorTrackFileView.swift""]",M,app_code,8,0,False
88d09498e62eed6f088450eb0cf1ec3129a7ad34,88d0949,SwiftTag/Features/TagEditor/TagEditorView.swift,"[""SwiftTag/Features/TagEditor/TagEditorView.swift""]",M,app_code,8,0,False
88d09498e62eed6f088450eb0cf1ec3129a7ad34,88d0949,SwiftTag/Features/TagEditor/TagEditorViewModel.swift,"[""SwiftTag/Features/TagEditor/TagEditorViewModel.swift""]",M,app_code,85,3,False
88d09498e62eed6f088450eb0cf1ec3129a7ad34,88d0949,SwiftTag/Shared/Models/SaveSettings.swift,"[""SwiftTag/Shared/Models/SaveSettings.swift""]",M,app_code,2,0,False
88d09498e62eed6f088450eb0cf1ec3129a7ad34,88d0949,SwiftTag/Shared/Utilities/SwiftTagAppleScriptSupport.swift,"[""SwiftTag/Shared/Utilities/SwiftTagAppleScriptSupport.swift""]",M,app_code,13,0,False
88d09498e62eed6f088450eb0cf1ec3129a7ad34,88d0949,SwiftTag/SwiftTag.sdef,"[""SwiftTag/SwiftTag.sdef""]",M,app_code,3,0,False
88d09498e62eed6f088450eb0cf1ec3129a7ad34,88d0949,SwiftTag/SwiftTagApp.swift,"[""SwiftTag/SwiftTagApp.swift""]",M,app_code,9,0,False
88d09498e62eed6f088450eb0cf1ec3129a7ad34,88d0949,SwiftTagAppleScriptTests/test-settings.applescript,"[""SwiftTagAppleScriptTests/test-settings.applescript""]",M,other,8,0,False
88d09498e62eed6f088450eb0cf1ec3129a7ad34,88d0949,SwiftTagTests/SwiftTagAppleScriptTests.swift,"[""SwiftTagTests/SwiftTagAppleScriptTests.swift""]",M,tests,9,0,False
88d09498e62eed6f088450eb0cf1ec3129a7ad34,88d0949,SwiftTagTests/SwiftTagTests.swift,"[""SwiftTagTests/SwiftTagTests.swift""]",M,tests,214,0,False
88d09498e62eed6f088450eb0cf1ec3129a7ad34,88d0949,SwiftTagTests/TrackStatusViewInspectorTests.swift,"[""SwiftTagTests/TrackStatusViewInspectorTests.swift""]",M,tests,38,1,False
29444d740b06ee147a5690f1070d56abfa8be162,29444d7,Docs/Plans/33-AddTrackFileRename.md,"[""Docs/Plans/33-AddTrackFileRename.md""]",A,plans,982,0,False
29444d740b06ee147a5690f1070d56abfa8be162,29444d7,Docs/Plans/Transcripts/transcript-2026-06-18-1-33-AddTrackFileRename.md,"[""Docs/Plans/Transcripts/transcript-2026-06-18-1-33-AddTrackFileRename.md""]",A,transcripts,721,0,False
29444d740b06ee147a5690f1070d56abfa8be162,29444d7,Docs/UserDocumentation/workflows/tags.html,"[""Docs/UserDocumentation/workflows/tags.html""]",M,docs,36,3,False
29444d740b06ee147a5690f1070d56abfa8be162,29444d7,SwiftTag/ContentView.swift,"[""SwiftTag/ContentView.swift""]",M,app_code,227,1,False
29444d740b06ee147a5690f1070d56abfa8be162,29444d7,SwiftTag/Features/TagEditor/TagEditorTrackFileView.swift,"[""SwiftTag/Features/TagEditor/TagEditorTrackFileView.swift""]",M,app_code,23,0,False
29444d740b06ee147a5690f1070d56abfa8be162,29444d7,SwiftTag/Features/TagEditor/TagEditorView.swift,"[""SwiftTag/Features/TagEditor/TagEditorView.swift""]",M,app_code,12,0,False
29444d740b06ee147a5690f1070d56abfa8be162,29444d7,SwiftTag/Features/TagEditor/TagEditorViewModel.swift,"[""SwiftTag/Features/TagEditor/TagEditorViewModel.swift""]",M,app_code,292,0,False
29444d740b06ee147a5690f1070d56abfa8be162,29444d7,SwiftTag/Features/TagEditor/TrackFileRenameSheetView.swift,"[""SwiftTag/Features/TagEditor/TrackFileRenameSheetView.swift""]",A,app_code,96,0,False
29444d740b06ee147a5690f1070d56abfa8be162,29444d7,SwiftTag/Shared/Models/TrackFileRenameSettings.swift,"[""SwiftTag/Shared/Models/TrackFileRenameSettings.swift""]",A,app_code,104,0,False
29444d740b06ee147a5690f1070d56abfa8be162,29444d7,SwiftTag/Shared/Utilities/TrackFileRenameFormatter.swift,"[""SwiftTag/Shared/Utilities/TrackFileRenameFormatter.swift""]",A,app_code,569,0,False
29444d740b06ee147a5690f1070d56abfa8be162,29444d7,SwiftTag/SwiftTagApp.swift,"[""SwiftTag/SwiftTagApp.swift""]",M,app_code,26,0,False
29444d740b06ee147a5690f1070d56abfa8be162,29444d7,SwiftTagTests/SwiftTagTests.swift,"[""SwiftTagTests/SwiftTagTests.swift""]",M,tests,285,0,False
29444d740b06ee147a5690f1070d56abfa8be162,29444d7,SwiftTagTests/TrackStatusViewInspectorTests.swift,"[""SwiftTagTests/TrackStatusViewInspectorTests.swift""]",M,tests,133,0,False
d6d76b5913d9f81cd56e52292e703ab25e1d9e9d,d6d76b5,Docs/UserDocumentation/release-information.html,"[""Docs/UserDocumentation/release-information.html""]",M,docs,3,3,False
d6d76b5913d9f81cd56e52292e703ab25e1d9e9d,d6d76b5,SwiftTag.xcodeproj/project.pbxproj,"[""SwiftTag.xcodeproj/project.pbxproj""]",M,app_code,14,10,False
d6d76b5913d9f81cd56e52292e703ab25e1d9e9d,d6d76b5,SwiftTag/Info.plist,"[""SwiftTag/Info.plist""]",M,app_code,4,4,False
d6d76b5913d9f81cd56e52292e703ab25e1d9e9d,d6d76b5,SwiftTag/Shared/Utilities/SwiftTagHelpDocumentation.swift,"[""SwiftTag/Shared/Utilities/SwiftTagHelpDocumentation.swift""]",M,app_code,12,0,False
d6d76b5913d9f81cd56e52292e703ab25e1d9e9d,d6d76b5,SwiftTag/SwiftTagApp.swift,"[""SwiftTag/SwiftTagApp.swift""]",M,app_code,10,0,False
d6d76b5913d9f81cd56e52292e703ab25e1d9e9d,d6d76b5,SwiftTagTests/SwiftTagHelpDocumentationTests.swift,"[""SwiftTagTests/SwiftTagHelpDocumentationTests.swift""]",M,tests,28,0,False
9ff3081da95b34bbdf6d8d736fbee5eaf6301b84,9ff3081,SwiftTag/Features/TagEditor/TagEditorViewModel.swift,"[""SwiftTag/Features/TagEditor/TagEditorViewModel.swift""]",M,app_code,0,7,False
9ff3081da95b34bbdf6d8d736fbee5eaf6301b84,9ff3081,SwiftTag/Shared/Utilities/SaveStatusView.swift,"[""SwiftTag/Shared/Utilities/SaveStatusView.swift""]",M,app_code,7,5,False
9ff3081da95b34bbdf6d8d736fbee5eaf6301b84,9ff3081,SwiftTagTests/SwiftTagTests.swift,"[""SwiftTagTests/SwiftTagTests.swift""]",M,tests,36,0,False
be8b3e170bc3c338a1fbbb22d814e73b77d7c994,be8b3e1,SwiftTag/ContentView.swift,"[""SwiftTag/ContentView.swift""]",M,app_code,1,4,False
be8b3e170bc3c338a1fbbb22d814e73b77d7c994,be8b3e1,SwiftTag/Features/AlbumArt/AlbumArtSheetView.swift,"[""SwiftTag/Features/AlbumArt/AlbumArtSheetView.swift""]",M,app_code,1,0,False
be8b3e170bc3c338a1fbbb22d814e73b77d7c994,be8b3e1,SwiftTag/Features/AlbumArt/AlbumArtTypes.swift,"[""SwiftTag/Features/AlbumArt/AlbumArtTypes.swift""]",M,app_code,10,0,False
be8b3e170bc3c338a1fbbb22d814e73b77d7c994,be8b3e1,SwiftTag/Features/AlbumArt/AlbumArtViewModel.swift,"[""SwiftTag/Features/AlbumArt/AlbumArtViewModel.swift""]",M,app_code,122,29,False
be8b3e170bc3c338a1fbbb22d814e73b77d7c994,be8b3e1,SwiftTag/Features/AlbumArt/AlbumArtWellView.swift,"[""SwiftTag/Features/AlbumArt/AlbumArtWellView.swift""]",M,app_code,2,0,False
be8b3e170bc3c338a1fbbb22d814e73b77d7c994,be8b3e1,SwiftTag/Features/TagEditor/TagEditorCoreTagsView.swift,"[""SwiftTag/Features/TagEditor/TagEditorCoreTagsView.swift""]",M,app_code,1,0,False
be8b3e170bc3c338a1fbbb22d814e73b77d7c994,be8b3e1,SwiftTag/Features/TagEditor/TagEditorViewModel.swift,"[""SwiftTag/Features/TagEditor/TagEditorViewModel.swift""]",M,app_code,9,2,False
be8b3e170bc3c338a1fbbb22d814e73b77d7c994,be8b3e1,SwiftTag/Shared/Utilities/PictureDataUtilities.swift,"[""SwiftTag/Shared/Utilities/PictureDataUtilities.swift""]",M,app_code,21,28,False
be8b3e170bc3c338a1fbbb22d814e73b77d7c994,be8b3e1,SwiftTagTests/SwiftTagTests.swift,"[""SwiftTagTests/SwiftTagTests.swift""]",M,tests,70,0,False
53c04fbdd27f87fda0f693f5de6166e607975ee0,53c04fb,SwiftTag/ContentView.swift,"[""SwiftTag/ContentView.swift""]",M,app_code,16,3,False
53c04fbdd27f87fda0f693f5de6166e607975ee0,53c04fb,SwiftTag/Features/AlbumArt/AlbumArtSheetView.swift,"[""SwiftTag/Features/AlbumArt/AlbumArtSheetView.swift""]",M,app_code,2,2,False
53c04fbdd27f87fda0f693f5de6166e607975ee0,53c04fb,SwiftTag/Features/AlbumArt/AlbumArtTypes.swift,"[""SwiftTag/Features/AlbumArt/AlbumArtTypes.swift""]",M,app_code,35,0,False
53c04fbdd27f87fda0f693f5de6166e607975ee0,53c04fb,SwiftTag/Features/AlbumArt/AlbumArtViewModel.swift,"[""SwiftTag/Features/AlbumArt/AlbumArtViewModel.swift""]",M,app_code,36,6,False
53c04fbdd27f87fda0f693f5de6166e607975ee0,53c04fb,SwiftTag/Features/AlbumArt/AlbumArtWellView.swift,"[""SwiftTag/Features/AlbumArt/AlbumArtWellView.swift""]",M,app_code,24,6,False
53c04fbdd27f87fda0f693f5de6166e607975ee0,53c04fb,SwiftTag/Features/TagEditor/TagEditorAlbumView.swift,"[""SwiftTag/Features/TagEditor/TagEditorAlbumView.swift""]",M,app_code,2,2,False
53c04fbdd27f87fda0f693f5de6166e607975ee0,53c04fb,SwiftTag/Features/TagEditor/TagEditorView.swift,"[""SwiftTag/Features/TagEditor/TagEditorView.swift""]",M,app_code,2,2,False
53c04fbdd27f87fda0f693f5de6166e607975ee0,53c04fb,SwiftTagTests/SwiftTagTests.swift,"[""SwiftTagTests/SwiftTagTests.swift""]",M,tests,45,1,False
53c04fbdd27f87fda0f693f5de6166e607975ee0,53c04fb,SwiftTagTests/TrackStatusViewInspectorTests.swift,"[""SwiftTagTests/TrackStatusViewInspectorTests.swift""]",M,tests,4,4,False
e38ebba60c6454fd14c208d37ffb036038f231da,e38ebba,SwiftTag/Features/AlbumArt/AlbumArtWellView.swift,"[""SwiftTag/Features/AlbumArt/AlbumArtWellView.swift""]",M,app_code,2,0,False
e38ebba60c6454fd14c208d37ffb036038f231da,e38ebba,SwiftTag/SwiftTagApp.swift,"[""SwiftTag/SwiftTagApp.swift""]",M,app_code,5,5,False
e38ebba60c6454fd14c208d37ffb036038f231da,e38ebba,SwiftTagTests/SwiftTagAppleScriptTests.swift,"[""SwiftTagTests/SwiftTagAppleScriptTests.swift""]",M,tests,2,0,False
e38ebba60c6454fd14c208d37ffb036038f231da,e38ebba,SwiftTagTests/SwiftTagTests.swift,"[""SwiftTagTests/SwiftTagTests.swift""]",M,tests,2,1,False
1071c2e0ffd3bbc279f2cca6e15509e725518e25,1071c2e,SwiftTag/FLACBridge/src/FlacMetadataBridge.c,"[""SwiftTag/FLACBridge/src/FlacMetadataBridge.c""]",M,app_code,69,38,False
1071c2e0ffd3bbc279f2cca6e15509e725518e25,1071c2e,SwiftTagTestFiles/test-no_tags.flac,"[""SwiftTagTestFiles/test-no_tags.flac""]",A,fixtures,0,0,True
1071c2e0ffd3bbc279f2cca6e15509e725518e25,1071c2e,SwiftTagTests/SwiftTagTests.swift,"[""SwiftTagTests/SwiftTagTests.swift""]",M,tests,53,0,False
