left_entity_type,left_entity_id,right_entity_type,right_entity_id,role,evidence_type,evidence_source,source_line,confidence,allocation_weight,included_in_direct_totals,included_in_rollup_totals,manual_override_state,reviewed_by,reviewed_at,review_method,evidence_note,source_digest,warning_state
commit,2c8445cbde7892ceff58fb58780a79278bcf7d6e,commit,2c8445cbde7892ceff58fb58780a79278bcf7d6e,identity,canonical-git-identity,2c8445cbde7892ceff58fb58780a79278bcf7d6e,,1.0,1.0,False,True,automatic,,,,,,
commit,639e6a21c2fa231ef59f0c8aab3d67494a0bce8a,commit,639e6a21c2fa231ef59f0c8aab3d67494a0bce8a,identity,canonical-git-identity,639e6a21c2fa231ef59f0c8aab3d67494a0bce8a,,1.0,1.0,False,True,automatic,,,,,,
commit,43285ad34d978291d76ea1cfbeac822c7e09b4d2,commit,43285ad34d978291d76ea1cfbeac822c7e09b4d2,identity,canonical-git-identity,43285ad34d978291d76ea1cfbeac822c7e09b4d2,,1.0,1.0,False,True,automatic,,,,,,
commit,8f7481796eca68b823fc7aec209bbb51293c7feb,commit,8f7481796eca68b823fc7aec209bbb51293c7feb,identity,canonical-git-identity,8f7481796eca68b823fc7aec209bbb51293c7feb,,1.0,1.0,False,True,automatic,,,,,,
commit,2781d736d1d22465c49e505f1fdfa9810b4f5107,commit,2781d736d1d22465c49e505f1fdfa9810b4f5107,identity,canonical-git-identity,2781d736d1d22465c49e505f1fdfa9810b4f5107,,1.0,1.0,False,True,automatic,,,,,,
commit,dad9d6e302f63b22f383f5f07d99ec48bade1acc,commit,dad9d6e302f63b22f383f5f07d99ec48bade1acc,identity,canonical-git-identity,dad9d6e302f63b22f383f5f07d99ec48bade1acc,,1.0,1.0,False,True,automatic,,,,,,
commit,4fd2b5edcbc462961a46e931d880917e5f3470ba,commit,4fd2b5edcbc462961a46e931d880917e5f3470ba,identity,canonical-git-identity,4fd2b5edcbc462961a46e931d880917e5f3470ba,,1.0,1.0,False,True,automatic,,,,,,
commit,0c4e80ab485f4ddfd5292c23962ece5bce8ebb9d,commit,0c4e80ab485f4ddfd5292c23962ece5bce8ebb9d,identity,canonical-git-identity,0c4e80ab485f4ddfd5292c23962ece5bce8ebb9d,,1.0,1.0,False,True,automatic,,,,,,
commit,6f2967d87599d562749e274f56e19ecd000bc610,commit,6f2967d87599d562749e274f56e19ecd000bc610,identity,canonical-git-identity,6f2967d87599d562749e274f56e19ecd000bc610,,1.0,1.0,False,True,automatic,,,,,,
commit,ee7e8faab965a7c2c39bc3ec3f698594d9ce8101,commit,ee7e8faab965a7c2c39bc3ec3f698594d9ce8101,identity,canonical-git-identity,ee7e8faab965a7c2c39bc3ec3f698594d9ce8101,,1.0,1.0,False,True,automatic,,,,,,
commit,6cf4772cd3482a0a7ca38f2f613ca64a86da22a1,commit,6cf4772cd3482a0a7ca38f2f613ca64a86da22a1,identity,canonical-git-identity,6cf4772cd3482a0a7ca38f2f613ca64a86da22a1,,1.0,1.0,False,True,automatic,,,,,,
commit,1fcd08274065e59e148cb05d16e592e98f02bced,commit,1fcd08274065e59e148cb05d16e592e98f02bced,identity,canonical-git-identity,1fcd08274065e59e148cb05d16e592e98f02bced,,1.0,1.0,False,True,automatic,,,,,,
commit,4f1e2732dc317203bf9fd6f998fe4946be3a760c,commit,4f1e2732dc317203bf9fd6f998fe4946be3a760c,identity,canonical-git-identity,4f1e2732dc317203bf9fd6f998fe4946be3a760c,,1.0,1.0,False,True,automatic,,,,,,
commit,e382ae31861176bf220f87c7e380b5162331e490,commit,e382ae31861176bf220f87c7e380b5162331e490,identity,canonical-git-identity,e382ae31861176bf220f87c7e380b5162331e490,,1.0,1.0,False,True,automatic,,,,,,
commit,c965c3feb354452704670af683ab541da3c43f71,commit,c965c3feb354452704670af683ab541da3c43f71,identity,canonical-git-identity,c965c3feb354452704670af683ab541da3c43f71,,1.0,1.0,False,True,automatic,,,,,,
commit,2302109d0c43a41cb71c36e47cf2b4b8973a63d6,commit,2302109d0c43a41cb71c36e47cf2b4b8973a63d6,identity,canonical-git-identity,2302109d0c43a41cb71c36e47cf2b4b8973a63d6,,1.0,1.0,False,True,automatic,,,,,,
commit,b5b4f12719bcc1df96078cbbc79157c47985e637,commit,b5b4f12719bcc1df96078cbbc79157c47985e637,identity,canonical-git-identity,b5b4f12719bcc1df96078cbbc79157c47985e637,,1.0,1.0,False,True,automatic,,,,,,
commit,f80a21a0f9e9c0b21edf1637deb0e07fb89efc1e,commit,f80a21a0f9e9c0b21edf1637deb0e07fb89efc1e,identity,canonical-git-identity,f80a21a0f9e9c0b21edf1637deb0e07fb89efc1e,,1.0,1.0,False,True,automatic,,,,,,
commit,9fea9987c80b7709896d6a46e750b0a0c7925c30,commit,9fea9987c80b7709896d6a46e750b0a0c7925c30,identity,canonical-git-identity,9fea9987c80b7709896d6a46e750b0a0c7925c30,,1.0,1.0,False,True,automatic,,,,,,
commit,a28886ff5fcb92bf016b563a5df7785225f80a77,commit,a28886ff5fcb92bf016b563a5df7785225f80a77,identity,canonical-git-identity,a28886ff5fcb92bf016b563a5df7785225f80a77,,1.0,1.0,False,True,automatic,,,,,,
commit,f400158d420b3d62590a7863231b3f4fe603006b,commit,f400158d420b3d62590a7863231b3f4fe603006b,identity,canonical-git-identity,f400158d420b3d62590a7863231b3f4fe603006b,,1.0,1.0,False,True,automatic,,,,,,
commit,a76f2110c364943a6a2b000cd575807b8f75a6e6,commit,a76f2110c364943a6a2b000cd575807b8f75a6e6,identity,canonical-git-identity,a76f2110c364943a6a2b000cd575807b8f75a6e6,,1.0,1.0,False,True,automatic,,,,,,
commit,6c669809df69c8e7566517df27f84cd4ac85cb37,commit,6c669809df69c8e7566517df27f84cd4ac85cb37,identity,canonical-git-identity,6c669809df69c8e7566517df27f84cd4ac85cb37,,1.0,1.0,False,True,automatic,,,,,,
commit,94e847e6468708e93ad725939b662235d58aaa17,commit,94e847e6468708e93ad725939b662235d58aaa17,identity,canonical-git-identity,94e847e6468708e93ad725939b662235d58aaa17,,1.0,1.0,False,True,automatic,,,,,,
commit,bae266f0f97e4d7e264cc54628bfaf3cc70a78f7,commit,bae266f0f97e4d7e264cc54628bfaf3cc70a78f7,identity,canonical-git-identity,bae266f0f97e4d7e264cc54628bfaf3cc70a78f7,,1.0,1.0,False,True,automatic,,,,,,
commit,27b32d888ac16fcaa31f6735b29d960131a8315c,commit,27b32d888ac16fcaa31f6735b29d960131a8315c,identity,canonical-git-identity,27b32d888ac16fcaa31f6735b29d960131a8315c,,1.0,1.0,False,True,automatic,,,,,,
commit,f7f7e4be43044e840ea69ce6c03d1217b38913ad,commit,f7f7e4be43044e840ea69ce6c03d1217b38913ad,identity,canonical-git-identity,f7f7e4be43044e840ea69ce6c03d1217b38913ad,,1.0,1.0,False,True,automatic,,,,,,
commit,5b61279eb659afad29d7c0e59eac297dc9b0505b,commit,5b61279eb659afad29d7c0e59eac297dc9b0505b,identity,canonical-git-identity,5b61279eb659afad29d7c0e59eac297dc9b0505b,,1.0,1.0,False,True,automatic,,,,,,
commit,004751dd893b3e1b96ba2e42f9a63fc000d75663,commit,004751dd893b3e1b96ba2e42f9a63fc000d75663,identity,canonical-git-identity,004751dd893b3e1b96ba2e42f9a63fc000d75663,,1.0,1.0,False,True,automatic,,,,,,
commit,645232c9f5fdbcd436cd208763553a0f163d3f77,commit,645232c9f5fdbcd436cd208763553a0f163d3f77,identity,canonical-git-identity,645232c9f5fdbcd436cd208763553a0f163d3f77,,1.0,1.0,False,True,automatic,,,,,,
commit,315dd772a284932ebaf5b599e41c6f6dd911a4e4,commit,315dd772a284932ebaf5b599e41c6f6dd911a4e4,identity,canonical-git-identity,315dd772a284932ebaf5b599e41c6f6dd911a4e4,,1.0,1.0,False,True,automatic,,,,,,
commit,e031a26f031d038fcc430fb7057600f67102ccbe,commit,e031a26f031d038fcc430fb7057600f67102ccbe,identity,canonical-git-identity,e031a26f031d038fcc430fb7057600f67102ccbe,,1.0,1.0,False,True,automatic,,,,,,
commit,80b722ee0e77887149ebfd307538cac12a5907c3,commit,80b722ee0e77887149ebfd307538cac12a5907c3,identity,canonical-git-identity,80b722ee0e77887149ebfd307538cac12a5907c3,,1.0,1.0,False,True,automatic,,,,,,
commit,fa93fee5de699542d9c5b51f16ffc9acac505d9c,commit,fa93fee5de699542d9c5b51f16ffc9acac505d9c,identity,canonical-git-identity,fa93fee5de699542d9c5b51f16ffc9acac505d9c,,1.0,1.0,False,True,automatic,,,,,,
commit,c499b7aead381ce46c275a2b7e1571e2a49a4cc8,commit,c499b7aead381ce46c275a2b7e1571e2a49a4cc8,identity,canonical-git-identity,c499b7aead381ce46c275a2b7e1571e2a49a4cc8,,1.0,1.0,False,True,automatic,,,,,,
commit,e0cd7da70c303f9524054cf6e150d7fbfca3d9d1,commit,e0cd7da70c303f9524054cf6e150d7fbfca3d9d1,identity,canonical-git-identity,e0cd7da70c303f9524054cf6e150d7fbfca3d9d1,,1.0,1.0,False,True,automatic,,,,,,
commit,c56695645a5579bac37f1f716650754ccc5750a1,commit,c56695645a5579bac37f1f716650754ccc5750a1,identity,canonical-git-identity,c56695645a5579bac37f1f716650754ccc5750a1,,1.0,1.0,False,True,automatic,,,,,,
commit,2d3e003b9689d477939ba8543f037de2cf8068c5,commit,2d3e003b9689d477939ba8543f037de2cf8068c5,identity,canonical-git-identity,2d3e003b9689d477939ba8543f037de2cf8068c5,,1.0,1.0,False,True,automatic,,,,,,
commit,ae13badc1a2a880e7b374fa67010992d398fa737,commit,ae13badc1a2a880e7b374fa67010992d398fa737,identity,canonical-git-identity,ae13badc1a2a880e7b374fa67010992d398fa737,,1.0,1.0,False,True,automatic,,,,,,
commit,d4f65729d1e61f20ac1eaf10d9e5b13db612d6b9,commit,d4f65729d1e61f20ac1eaf10d9e5b13db612d6b9,identity,canonical-git-identity,d4f65729d1e61f20ac1eaf10d9e5b13db612d6b9,,1.0,1.0,False,True,automatic,,,,,,
commit,94246bbd4bebc8a284577f2d68b82ff5db235599,commit,94246bbd4bebc8a284577f2d68b82ff5db235599,identity,canonical-git-identity,94246bbd4bebc8a284577f2d68b82ff5db235599,,1.0,1.0,False,True,automatic,,,,,,
commit,ac28a73112d2a5170ee56f4f05fe6081f4376eb6,commit,ac28a73112d2a5170ee56f4f05fe6081f4376eb6,identity,canonical-git-identity,ac28a73112d2a5170ee56f4f05fe6081f4376eb6,,1.0,1.0,False,True,automatic,,,,,,
commit,32d8411d0d981716488a64b235fa1c25240b90ba,commit,32d8411d0d981716488a64b235fa1c25240b90ba,identity,canonical-git-identity,32d8411d0d981716488a64b235fa1c25240b90ba,,1.0,1.0,False,True,automatic,,,,,,
commit,83083cbcdf9667c18e3a5c3c11c66d2cfa24f4a6,commit,83083cbcdf9667c18e3a5c3c11c66d2cfa24f4a6,identity,canonical-git-identity,83083cbcdf9667c18e3a5c3c11c66d2cfa24f4a6,,1.0,1.0,False,True,automatic,,,,,,
commit,0d268f9dbda719319837ad31711eb87f9f166499,commit,0d268f9dbda719319837ad31711eb87f9f166499,identity,canonical-git-identity,0d268f9dbda719319837ad31711eb87f9f166499,,1.0,1.0,False,True,automatic,,,,,,
commit,4f2a9e8f1b624f200c4d62747f38f83200dbaf88,commit,4f2a9e8f1b624f200c4d62747f38f83200dbaf88,identity,canonical-git-identity,4f2a9e8f1b624f200c4d62747f38f83200dbaf88,,1.0,1.0,False,True,automatic,,,,,,
commit,472c0f02b8c8e431c30a0e342fa8aee4bd3f6b63,commit,472c0f02b8c8e431c30a0e342fa8aee4bd3f6b63,identity,canonical-git-identity,472c0f02b8c8e431c30a0e342fa8aee4bd3f6b63,,1.0,1.0,False,True,automatic,,,,,,
commit,68f7c7b1c66c1a7acd0564610efe03ceff89180b,commit,68f7c7b1c66c1a7acd0564610efe03ceff89180b,identity,canonical-git-identity,68f7c7b1c66c1a7acd0564610efe03ceff89180b,,1.0,1.0,False,True,automatic,,,,,,
commit,b1c99ff0e11dc7d38d78a51a328115010a433f80,commit,b1c99ff0e11dc7d38d78a51a328115010a433f80,identity,canonical-git-identity,b1c99ff0e11dc7d38d78a51a328115010a433f80,,1.0,1.0,False,True,automatic,,,,,,
commit,07da732fae63f277c83cb54cf56698ac80e2c851,commit,07da732fae63f277c83cb54cf56698ac80e2c851,identity,canonical-git-identity,07da732fae63f277c83cb54cf56698ac80e2c851,,1.0,1.0,False,True,automatic,,,,,,
commit,9e1ce62bf296678be8aa16075285d1f9e0cb453c,commit,9e1ce62bf296678be8aa16075285d1f9e0cb453c,identity,canonical-git-identity,9e1ce62bf296678be8aa16075285d1f9e0cb453c,,1.0,1.0,False,True,automatic,,,,,,
commit,1e4ea8e60ed212c41a1f3f43a972ccad5855a07a,commit,1e4ea8e60ed212c41a1f3f43a972ccad5855a07a,identity,canonical-git-identity,1e4ea8e60ed212c41a1f3f43a972ccad5855a07a,,1.0,1.0,False,True,automatic,,,,,,
commit,68e340f508e0f0f5b0ac2fbbcae259abf6155b6e,commit,68e340f508e0f0f5b0ac2fbbcae259abf6155b6e,identity,canonical-git-identity,68e340f508e0f0f5b0ac2fbbcae259abf6155b6e,,1.0,1.0,False,True,automatic,,,,,,
commit,b4593bad7a73d4737a89fa81f52b0a0c853f2bce,commit,b4593bad7a73d4737a89fa81f52b0a0c853f2bce,identity,canonical-git-identity,b4593bad7a73d4737a89fa81f52b0a0c853f2bce,,1.0,1.0,False,True,automatic,,,,,,
commit,f36a117c021f535e956e2d1722625465cd66b2f3,commit,f36a117c021f535e956e2d1722625465cd66b2f3,identity,canonical-git-identity,f36a117c021f535e956e2d1722625465cd66b2f3,,1.0,1.0,False,True,automatic,,,,,,
commit,2c3898c5b9fee3c3eefa3367c3219b2f4dbd2974,commit,2c3898c5b9fee3c3eefa3367c3219b2f4dbd2974,identity,canonical-git-identity,2c3898c5b9fee3c3eefa3367c3219b2f4dbd2974,,1.0,1.0,False,True,automatic,,,,,,
commit,ce82bfb0ed6ae71f4fa52b159af692e3b74fe2c7,commit,ce82bfb0ed6ae71f4fa52b159af692e3b74fe2c7,identity,canonical-git-identity,ce82bfb0ed6ae71f4fa52b159af692e3b74fe2c7,,1.0,1.0,False,True,automatic,,,,,,
commit,2aee7213d2467ac765cf2f834b3e8b0a5409064e,commit,2aee7213d2467ac765cf2f834b3e8b0a5409064e,identity,canonical-git-identity,2aee7213d2467ac765cf2f834b3e8b0a5409064e,,1.0,1.0,False,True,automatic,,,,,,
commit,a0438824397c29c96ca6c63b48ef501b5d63dffe,commit,a0438824397c29c96ca6c63b48ef501b5d63dffe,identity,canonical-git-identity,a0438824397c29c96ca6c63b48ef501b5d63dffe,,1.0,1.0,False,True,automatic,,,,,,
commit,bba775b507acd848d8bea0c67609752e0d812194,commit,bba775b507acd848d8bea0c67609752e0d812194,identity,canonical-git-identity,bba775b507acd848d8bea0c67609752e0d812194,,1.0,1.0,False,True,automatic,,,,,,
commit,da7b04f7563351b6c4c0883dbcbc16a5e081336a,commit,da7b04f7563351b6c4c0883dbcbc16a5e081336a,identity,canonical-git-identity,da7b04f7563351b6c4c0883dbcbc16a5e081336a,,1.0,1.0,False,True,automatic,,,,,,
commit,90ef077070ed157959eed236c4a5edfc023423b8,commit,90ef077070ed157959eed236c4a5edfc023423b8,identity,canonical-git-identity,90ef077070ed157959eed236c4a5edfc023423b8,,1.0,1.0,False,True,automatic,,,,,,
commit,866d179e6bed7ea2133bcda6ef1ea9f2f91c5a15,commit,866d179e6bed7ea2133bcda6ef1ea9f2f91c5a15,identity,canonical-git-identity,866d179e6bed7ea2133bcda6ef1ea9f2f91c5a15,,1.0,1.0,False,True,automatic,,,,,,
commit,1276536d7ce542d757187ed8e2a7a229c6741847,commit,1276536d7ce542d757187ed8e2a7a229c6741847,identity,canonical-git-identity,1276536d7ce542d757187ed8e2a7a229c6741847,,1.0,1.0,False,True,automatic,,,,,,
commit,bf6d257c8a9a96ec6846d3cac38bd49afd54f83a,commit,bf6d257c8a9a96ec6846d3cac38bd49afd54f83a,identity,canonical-git-identity,bf6d257c8a9a96ec6846d3cac38bd49afd54f83a,,1.0,1.0,False,True,automatic,,,,,,
commit,c0f71285faefcb501480a4ad69f63e5e7dc0df1e,commit,c0f71285faefcb501480a4ad69f63e5e7dc0df1e,identity,canonical-git-identity,c0f71285faefcb501480a4ad69f63e5e7dc0df1e,,1.0,1.0,False,True,automatic,,,,,,
commit,1c2bb82cfcda4a8e4043b7e883e42928b18064cf,commit,1c2bb82cfcda4a8e4043b7e883e42928b18064cf,identity,canonical-git-identity,1c2bb82cfcda4a8e4043b7e883e42928b18064cf,,1.0,1.0,False,True,automatic,,,,,,
commit,633671ae999d222fba32fde71594440b8b367350,commit,633671ae999d222fba32fde71594440b8b367350,identity,canonical-git-identity,633671ae999d222fba32fde71594440b8b367350,,1.0,1.0,False,True,automatic,,,,,,
commit,d0fca7dec639c9bd9845c8efb59147ccd1016e26,commit,d0fca7dec639c9bd9845c8efb59147ccd1016e26,identity,canonical-git-identity,d0fca7dec639c9bd9845c8efb59147ccd1016e26,,1.0,1.0,False,True,automatic,,,,,,
commit,bc1eaf01993b5f6ef2cc64eef0f6dd4fe66824de,commit,bc1eaf01993b5f6ef2cc64eef0f6dd4fe66824de,identity,canonical-git-identity,bc1eaf01993b5f6ef2cc64eef0f6dd4fe66824de,,1.0,1.0,False,True,automatic,,,,,,
commit,575c54bdaeb6d9eda3326eedccc6e2395422094e,commit,575c54bdaeb6d9eda3326eedccc6e2395422094e,identity,canonical-git-identity,575c54bdaeb6d9eda3326eedccc6e2395422094e,,1.0,1.0,False,True,automatic,,,,,,
commit,41e60a87d8b66f2a9ba012f5c5d11b525ab7c759,commit,41e60a87d8b66f2a9ba012f5c5d11b525ab7c759,identity,canonical-git-identity,41e60a87d8b66f2a9ba012f5c5d11b525ab7c759,,1.0,1.0,False,True,automatic,,,,,,
commit,a41be8a2ef85b234f33f4003a47fd3d0117b6e83,commit,a41be8a2ef85b234f33f4003a47fd3d0117b6e83,identity,canonical-git-identity,a41be8a2ef85b234f33f4003a47fd3d0117b6e83,,1.0,1.0,False,True,automatic,,,,,,
commit,19369540b1a2f92b3ab4fd1cedb4db7cefe41498,commit,19369540b1a2f92b3ab4fd1cedb4db7cefe41498,identity,canonical-git-identity,19369540b1a2f92b3ab4fd1cedb4db7cefe41498,,1.0,1.0,False,True,automatic,,,,,,
commit,ac6148bb93aa6651ba5884d968f1821e107eef34,commit,ac6148bb93aa6651ba5884d968f1821e107eef34,identity,canonical-git-identity,ac6148bb93aa6651ba5884d968f1821e107eef34,,1.0,1.0,False,True,automatic,,,,,,
commit,ec63010015b0d8b4b08f578fb82c8526ce872cc6,commit,ec63010015b0d8b4b08f578fb82c8526ce872cc6,identity,canonical-git-identity,ec63010015b0d8b4b08f578fb82c8526ce872cc6,,1.0,1.0,False,True,automatic,,,,,,
commit,126cc0a4b597443b882c65566c53e996d2cc62d2,commit,126cc0a4b597443b882c65566c53e996d2cc62d2,identity,canonical-git-identity,126cc0a4b597443b882c65566c53e996d2cc62d2,,1.0,1.0,False,True,automatic,,,,,,
commit,27b4d85ec22c4165acb415ef3929bd10d4c35202,commit,27b4d85ec22c4165acb415ef3929bd10d4c35202,identity,canonical-git-identity,27b4d85ec22c4165acb415ef3929bd10d4c35202,,1.0,1.0,False,True,automatic,,,,,,
commit,e34aa24684bc1f8934df624b380e976c55c09dc0,commit,e34aa24684bc1f8934df624b380e976c55c09dc0,identity,canonical-git-identity,e34aa24684bc1f8934df624b380e976c55c09dc0,,1.0,1.0,False,True,automatic,,,,,,
commit,603c07621916ecd47e1a9faee08d8c32cd6eebdf,commit,603c07621916ecd47e1a9faee08d8c32cd6eebdf,identity,canonical-git-identity,603c07621916ecd47e1a9faee08d8c32cd6eebdf,,1.0,1.0,False,True,automatic,,,,,,
commit,92460554b47e6062390266578964fe59fd5af784,commit,92460554b47e6062390266578964fe59fd5af784,identity,canonical-git-identity,92460554b47e6062390266578964fe59fd5af784,,1.0,1.0,False,True,automatic,,,,,,
commit,096d27739611fe6d978a8e683283c1ec3de7c030,commit,096d27739611fe6d978a8e683283c1ec3de7c030,identity,canonical-git-identity,096d27739611fe6d978a8e683283c1ec3de7c030,,1.0,1.0,False,True,automatic,,,,,,
commit,ea17789b68f2441b900707719032349f6b2aad75,commit,ea17789b68f2441b900707719032349f6b2aad75,identity,canonical-git-identity,ea17789b68f2441b900707719032349f6b2aad75,,1.0,1.0,False,True,automatic,,,,,,
commit,561817a4bca220d705273d6744f1e5756cec418f,commit,561817a4bca220d705273d6744f1e5756cec418f,identity,canonical-git-identity,561817a4bca220d705273d6744f1e5756cec418f,,1.0,1.0,False,True,automatic,,,,,,
commit,3c4cfff64ee127631152a551713977c1ad5a40dd,commit,3c4cfff64ee127631152a551713977c1ad5a40dd,identity,canonical-git-identity,3c4cfff64ee127631152a551713977c1ad5a40dd,,1.0,1.0,False,True,automatic,,,,,,
commit,4e470f0885282d2dfa9bcfc38252ea229589132c,commit,4e470f0885282d2dfa9bcfc38252ea229589132c,identity,canonical-git-identity,4e470f0885282d2dfa9bcfc38252ea229589132c,,1.0,1.0,False,True,automatic,,,,,,
commit,454258cb9db98ff57199e91810c74d771038a613,commit,454258cb9db98ff57199e91810c74d771038a613,identity,canonical-git-identity,454258cb9db98ff57199e91810c74d771038a613,,1.0,1.0,False,True,automatic,,,,,,
commit,cfba5a1a7b93b8e01d1e1b806a8db413e207ae55,commit,cfba5a1a7b93b8e01d1e1b806a8db413e207ae55,identity,canonical-git-identity,cfba5a1a7b93b8e01d1e1b806a8db413e207ae55,,1.0,1.0,False,True,automatic,,,,,,
commit,29c8eed7decacebe51ab53c9150e9b5b86cd9f3b,commit,29c8eed7decacebe51ab53c9150e9b5b86cd9f3b,identity,canonical-git-identity,29c8eed7decacebe51ab53c9150e9b5b86cd9f3b,,1.0,1.0,False,True,automatic,,,,,,
commit,78b870c79708a25f71251242e16deec289711c28,commit,78b870c79708a25f71251242e16deec289711c28,identity,canonical-git-identity,78b870c79708a25f71251242e16deec289711c28,,1.0,1.0,False,True,automatic,,,,,,
commit,75f43d8c150b372bc6602d8a7a6e7e013429e880,commit,75f43d8c150b372bc6602d8a7a6e7e013429e880,identity,canonical-git-identity,75f43d8c150b372bc6602d8a7a6e7e013429e880,,1.0,1.0,False,True,automatic,,,,,,
commit,f195e03db1cd290792f99f8b880bb69995e28921,commit,f195e03db1cd290792f99f8b880bb69995e28921,identity,canonical-git-identity,f195e03db1cd290792f99f8b880bb69995e28921,,1.0,1.0,False,True,automatic,,,,,,
commit,b70f6625e06280784004190bcabafe04c96086d3,commit,b70f6625e06280784004190bcabafe04c96086d3,identity,canonical-git-identity,b70f6625e06280784004190bcabafe04c96086d3,,1.0,1.0,False,True,automatic,,,,,,
commit,fa39eb8476a30b608351962f31e7e6868495c9eb,commit,fa39eb8476a30b608351962f31e7e6868495c9eb,identity,canonical-git-identity,fa39eb8476a30b608351962f31e7e6868495c9eb,,1.0,1.0,False,True,automatic,,,,,,
commit,36c5b18642e6568ca15e897dcae9132a6907e9db,commit,36c5b18642e6568ca15e897dcae9132a6907e9db,identity,canonical-git-identity,36c5b18642e6568ca15e897dcae9132a6907e9db,,1.0,1.0,False,True,automatic,,,,,,
commit,4a07659704ab091a117b882a027635c12af8294c,commit,4a07659704ab091a117b882a027635c12af8294c,identity,canonical-git-identity,4a07659704ab091a117b882a027635c12af8294c,,1.0,1.0,False,True,automatic,,,,,,
commit,0539816b5ba23a6e25ff44d6be08444b0f8dd6c7,commit,0539816b5ba23a6e25ff44d6be08444b0f8dd6c7,identity,canonical-git-identity,0539816b5ba23a6e25ff44d6be08444b0f8dd6c7,,1.0,1.0,False,True,automatic,,,,,,
commit,352ff8c562657dc7ed4c0171d4448bdda0bec559,commit,352ff8c562657dc7ed4c0171d4448bdda0bec559,identity,canonical-git-identity,352ff8c562657dc7ed4c0171d4448bdda0bec559,,1.0,1.0,False,True,automatic,,,,,,
commit,f23c8a089f6d5549a597e0635ff808b203a25766,commit,f23c8a089f6d5549a597e0635ff808b203a25766,identity,canonical-git-identity,f23c8a089f6d5549a597e0635ff808b203a25766,,1.0,1.0,False,True,automatic,,,,,,
commit,759876b5751c03c882cad89d885311f3073fe8cc,commit,759876b5751c03c882cad89d885311f3073fe8cc,identity,canonical-git-identity,759876b5751c03c882cad89d885311f3073fe8cc,,1.0,1.0,False,True,automatic,,,,,,
commit,192eaacabaecbe09ee3ee59d935f0d3ab2d86a02,commit,192eaacabaecbe09ee3ee59d935f0d3ab2d86a02,identity,canonical-git-identity,192eaacabaecbe09ee3ee59d935f0d3ab2d86a02,,1.0,1.0,False,True,automatic,,,,,,
commit,777706cf1432bcd9bbd0ff1d145469d038b76fd3,commit,777706cf1432bcd9bbd0ff1d145469d038b76fd3,identity,canonical-git-identity,777706cf1432bcd9bbd0ff1d145469d038b76fd3,,1.0,1.0,False,True,automatic,,,,,,
commit,bee209c217c6b5fa2c4eaddbddcab99101ee589a,commit,bee209c217c6b5fa2c4eaddbddcab99101ee589a,identity,canonical-git-identity,bee209c217c6b5fa2c4eaddbddcab99101ee589a,,1.0,1.0,False,True,automatic,,,,,,
commit,5866685bcbe463804d3efa4fb258029bf961207a,commit,5866685bcbe463804d3efa4fb258029bf961207a,identity,canonical-git-identity,5866685bcbe463804d3efa4fb258029bf961207a,,1.0,1.0,False,True,automatic,,,,,,
commit,859a8f570b718d332f3f3814fc621280ae0f077e,commit,859a8f570b718d332f3f3814fc621280ae0f077e,identity,canonical-git-identity,859a8f570b718d332f3f3814fc621280ae0f077e,,1.0,1.0,False,True,automatic,,,,,,
commit,0c2d38575541a8dada750da08698d78e75a4d3f0,commit,0c2d38575541a8dada750da08698d78e75a4d3f0,identity,canonical-git-identity,0c2d38575541a8dada750da08698d78e75a4d3f0,,1.0,1.0,False,True,automatic,,,,,,
commit,2298c43c00492de67ad920a395d3ec7a8c8fb722,commit,2298c43c00492de67ad920a395d3ec7a8c8fb722,identity,canonical-git-identity,2298c43c00492de67ad920a395d3ec7a8c8fb722,,1.0,1.0,False,True,automatic,,,,,,
commit,d65459355d32c58116293e4f6cce8a759b6d67f5,commit,d65459355d32c58116293e4f6cce8a759b6d67f5,identity,canonical-git-identity,d65459355d32c58116293e4f6cce8a759b6d67f5,,1.0,1.0,False,True,automatic,,,,,,
commit,546e43d639eb9d7eceb46aa966b8a592b187b12c,commit,546e43d639eb9d7eceb46aa966b8a592b187b12c,identity,canonical-git-identity,546e43d639eb9d7eceb46aa966b8a592b187b12c,,1.0,1.0,False,True,automatic,,,,,,
commit,c02d65544f4b09ec7b1fa8ca3e5e15204fdd1795,commit,c02d65544f4b09ec7b1fa8ca3e5e15204fdd1795,identity,canonical-git-identity,c02d65544f4b09ec7b1fa8ca3e5e15204fdd1795,,1.0,1.0,False,True,automatic,,,,,,
commit,95957dd6350042cf04715f42d75a708d22bd4af1,commit,95957dd6350042cf04715f42d75a708d22bd4af1,identity,canonical-git-identity,95957dd6350042cf04715f42d75a708d22bd4af1,,1.0,1.0,False,True,automatic,,,,,,
commit,d42524c80ead7c678062531b1a7e72fe58e29d72,commit,d42524c80ead7c678062531b1a7e72fe58e29d72,identity,canonical-git-identity,d42524c80ead7c678062531b1a7e72fe58e29d72,,1.0,1.0,False,True,automatic,,,,,,
commit,d433bba53b6179aaaf82904aa26a22b18eba3bf0,commit,d433bba53b6179aaaf82904aa26a22b18eba3bf0,identity,canonical-git-identity,d433bba53b6179aaaf82904aa26a22b18eba3bf0,,1.0,1.0,False,True,automatic,,,,,,
commit,11ba78598b25840b5e415e7410b8df4b75c964c5,commit,11ba78598b25840b5e415e7410b8df4b75c964c5,identity,canonical-git-identity,11ba78598b25840b5e415e7410b8df4b75c964c5,,1.0,1.0,False,True,automatic,,,,,,
commit,6811df91487bd977d74d60b43af798e9970e5d69,commit,6811df91487bd977d74d60b43af798e9970e5d69,identity,canonical-git-identity,6811df91487bd977d74d60b43af798e9970e5d69,,1.0,1.0,False,True,automatic,,,,,,
commit,9b05c92e3f87af186de2ebdf43ebe8f297b41572,commit,9b05c92e3f87af186de2ebdf43ebe8f297b41572,identity,canonical-git-identity,9b05c92e3f87af186de2ebdf43ebe8f297b41572,,1.0,1.0,False,True,automatic,,,,,,
commit,46a24e9e98968ea9d3bfa50853be92e35d857f8e,commit,46a24e9e98968ea9d3bfa50853be92e35d857f8e,identity,canonical-git-identity,46a24e9e98968ea9d3bfa50853be92e35d857f8e,,1.0,1.0,False,True,automatic,,,,,,
commit,bbb83ef00b9fb130f94ada7293ee1f429c6bf755,commit,bbb83ef00b9fb130f94ada7293ee1f429c6bf755,identity,canonical-git-identity,bbb83ef00b9fb130f94ada7293ee1f429c6bf755,,1.0,1.0,False,True,automatic,,,,,,
commit,24428a1548324e06268c9174e358e22e9559801b,commit,24428a1548324e06268c9174e358e22e9559801b,identity,canonical-git-identity,24428a1548324e06268c9174e358e22e9559801b,,1.0,1.0,False,True,automatic,,,,,,
commit,ce1865558f2929bb98bcf1450a297244be3fbb06,commit,ce1865558f2929bb98bcf1450a297244be3fbb06,identity,canonical-git-identity,ce1865558f2929bb98bcf1450a297244be3fbb06,,1.0,1.0,False,True,automatic,,,,,,
commit,987ade16137d70327f87ab16fcf3fc874681eba4,commit,987ade16137d70327f87ab16fcf3fc874681eba4,identity,canonical-git-identity,987ade16137d70327f87ab16fcf3fc874681eba4,,1.0,1.0,False,True,automatic,,,,,,
commit,c6c7c445aae308a598d41e9f839c9bfd0e495e88,commit,c6c7c445aae308a598d41e9f839c9bfd0e495e88,identity,canonical-git-identity,c6c7c445aae308a598d41e9f839c9bfd0e495e88,,1.0,1.0,False,True,automatic,,,,,,
commit,83b8764ca1faecb6f984a4cf8703eaad75501f8a,commit,83b8764ca1faecb6f984a4cf8703eaad75501f8a,identity,canonical-git-identity,83b8764ca1faecb6f984a4cf8703eaad75501f8a,,1.0,1.0,False,True,automatic,,,,,,
commit,17b6c1045af4a5e5e2c465dded80f53ff5695df5,commit,17b6c1045af4a5e5e2c465dded80f53ff5695df5,identity,canonical-git-identity,17b6c1045af4a5e5e2c465dded80f53ff5695df5,,1.0,1.0,False,True,automatic,,,,,,
commit,1b08404c005806083a5443603d98c10c5510ee70,commit,1b08404c005806083a5443603d98c10c5510ee70,identity,canonical-git-identity,1b08404c005806083a5443603d98c10c5510ee70,,1.0,1.0,False,True,automatic,,,,,,
commit,063c138d4ad746588a85c0be70cc1c5c75854e87,commit,063c138d4ad746588a85c0be70cc1c5c75854e87,identity,canonical-git-identity,063c138d4ad746588a85c0be70cc1c5c75854e87,,1.0,1.0,False,True,automatic,,,,,,
commit,7c15f6097d77ab2db98c6795b04474308f770536,commit,7c15f6097d77ab2db98c6795b04474308f770536,identity,canonical-git-identity,7c15f6097d77ab2db98c6795b04474308f770536,,1.0,1.0,False,True,automatic,,,,,,
commit,d928e3bb438c8fa266b8700f3d4b2709c72bd7ee,commit,d928e3bb438c8fa266b8700f3d4b2709c72bd7ee,identity,canonical-git-identity,d928e3bb438c8fa266b8700f3d4b2709c72bd7ee,,1.0,1.0,False,True,automatic,,,,,,
commit,3fd6771aa6fbbc5afe81722f5d39ce0c171019cd,commit,3fd6771aa6fbbc5afe81722f5d39ce0c171019cd,identity,canonical-git-identity,3fd6771aa6fbbc5afe81722f5d39ce0c171019cd,,1.0,1.0,False,True,automatic,,,,,,
commit,2e24923ec49954fa4d4b17f56f3d26c10265a51b,commit,2e24923ec49954fa4d4b17f56f3d26c10265a51b,identity,canonical-git-identity,2e24923ec49954fa4d4b17f56f3d26c10265a51b,,1.0,1.0,False,True,automatic,,,,,,
commit,43b64835145b64f3346d6298de67754019b36df8,commit,43b64835145b64f3346d6298de67754019b36df8,identity,canonical-git-identity,43b64835145b64f3346d6298de67754019b36df8,,1.0,1.0,False,True,automatic,,,,,,
commit,380be212ade022a481997efbb4051584360a9b92,commit,380be212ade022a481997efbb4051584360a9b92,identity,canonical-git-identity,380be212ade022a481997efbb4051584360a9b92,,1.0,1.0,False,True,automatic,,,,,,
commit,fc120558109cc0d36c1bee5ae25bce69d4702311,commit,fc120558109cc0d36c1bee5ae25bce69d4702311,identity,canonical-git-identity,fc120558109cc0d36c1bee5ae25bce69d4702311,,1.0,1.0,False,True,automatic,,,,,,
commit,25fde2c3d0c01acd97eb967b5903f6336c57b6ae,commit,25fde2c3d0c01acd97eb967b5903f6336c57b6ae,identity,canonical-git-identity,25fde2c3d0c01acd97eb967b5903f6336c57b6ae,,1.0,1.0,False,True,automatic,,,,,,
commit,94c83a7fe23cb17431994dd0f02d5f38c321630b,commit,94c83a7fe23cb17431994dd0f02d5f38c321630b,identity,canonical-git-identity,94c83a7fe23cb17431994dd0f02d5f38c321630b,,1.0,1.0,False,True,automatic,,,,,,
commit,77e0dc1182db2bdd7d3a4d09b5c1a7b3b912191b,commit,77e0dc1182db2bdd7d3a4d09b5c1a7b3b912191b,identity,canonical-git-identity,77e0dc1182db2bdd7d3a4d09b5c1a7b3b912191b,,1.0,1.0,False,True,automatic,,,,,,
commit,f19906905ecd5db8ea9d65fc0a6d80dbd0f798cb,commit,f19906905ecd5db8ea9d65fc0a6d80dbd0f798cb,identity,canonical-git-identity,f19906905ecd5db8ea9d65fc0a6d80dbd0f798cb,,1.0,1.0,False,True,automatic,,,,,,
commit,82db5cd7599e76c1f0c6e8dda5f420865e32f4e7,commit,82db5cd7599e76c1f0c6e8dda5f420865e32f4e7,identity,canonical-git-identity,82db5cd7599e76c1f0c6e8dda5f420865e32f4e7,,1.0,1.0,False,True,automatic,,,,,,
commit,2976159836a41160b0a462b26c952968c19a7923,commit,2976159836a41160b0a462b26c952968c19a7923,identity,canonical-git-identity,2976159836a41160b0a462b26c952968c19a7923,,1.0,1.0,False,True,automatic,,,,,,
commit,452263137775f01b3d4877c28d37aad4dce7884d,commit,452263137775f01b3d4877c28d37aad4dce7884d,identity,canonical-git-identity,452263137775f01b3d4877c28d37aad4dce7884d,,1.0,1.0,False,True,automatic,,,,,,
commit,7334db00fd1f68b65e90267ef0cde394804255cb,commit,7334db00fd1f68b65e90267ef0cde394804255cb,identity,canonical-git-identity,7334db00fd1f68b65e90267ef0cde394804255cb,,1.0,1.0,False,True,automatic,,,,,,
commit,f156647a0d461ef4ed0ad7411cf1f1a4da51b3d4,commit,f156647a0d461ef4ed0ad7411cf1f1a4da51b3d4,identity,canonical-git-identity,f156647a0d461ef4ed0ad7411cf1f1a4da51b3d4,,1.0,1.0,False,True,automatic,,,,,,
commit,9273900261be4959eb466c7c8dd5bce9283d6da8,commit,9273900261be4959eb466c7c8dd5bce9283d6da8,identity,canonical-git-identity,9273900261be4959eb466c7c8dd5bce9283d6da8,,1.0,1.0,False,True,automatic,,,,,,
commit,fdfa298ddbbdc77c6301d6f700b3f922d82f9d27,commit,fdfa298ddbbdc77c6301d6f700b3f922d82f9d27,identity,canonical-git-identity,fdfa298ddbbdc77c6301d6f700b3f922d82f9d27,,1.0,1.0,False,True,automatic,,,,,,
commit,32babc084a6572ee51a860f636b385d6870c2b90,commit,32babc084a6572ee51a860f636b385d6870c2b90,identity,canonical-git-identity,32babc084a6572ee51a860f636b385d6870c2b90,,1.0,1.0,False,True,automatic,,,,,,
commit,11e4877420c3dc760f9be803b2734ea34a2031e0,commit,11e4877420c3dc760f9be803b2734ea34a2031e0,identity,canonical-git-identity,11e4877420c3dc760f9be803b2734ea34a2031e0,,1.0,1.0,False,True,automatic,,,,,,
commit,82c43c94fe7392a5e5551ef1a311c150006ab0f3,commit,82c43c94fe7392a5e5551ef1a311c150006ab0f3,identity,canonical-git-identity,82c43c94fe7392a5e5551ef1a311c150006ab0f3,,1.0,1.0,False,True,automatic,,,,,,
commit,c2b2356f0f3b1143f444b6e8120567b343d729cc,commit,c2b2356f0f3b1143f444b6e8120567b343d729cc,identity,canonical-git-identity,c2b2356f0f3b1143f444b6e8120567b343d729cc,,1.0,1.0,False,True,automatic,,,,,,
commit,2d385f97d2b5097ff8ecaaefb442f64c3739da39,commit,2d385f97d2b5097ff8ecaaefb442f64c3739da39,identity,canonical-git-identity,2d385f97d2b5097ff8ecaaefb442f64c3739da39,,1.0,1.0,False,True,automatic,,,,,,
commit,969d6592c5cd201b256d15e2453193b8064126f1,commit,969d6592c5cd201b256d15e2453193b8064126f1,identity,canonical-git-identity,969d6592c5cd201b256d15e2453193b8064126f1,,1.0,1.0,False,True,automatic,,,,,,
commit,5cf9b48f0411fadf42905537294e7db841c6a628,commit,5cf9b48f0411fadf42905537294e7db841c6a628,identity,canonical-git-identity,5cf9b48f0411fadf42905537294e7db841c6a628,,1.0,1.0,False,True,automatic,,,,,,
commit,50b8fd902d32fca1ed43570b89b6e097dd4e9fae,commit,50b8fd902d32fca1ed43570b89b6e097dd4e9fae,identity,canonical-git-identity,50b8fd902d32fca1ed43570b89b6e097dd4e9fae,,1.0,1.0,False,True,automatic,,,,,,
commit,44df34502dee4a2af0a264dfe0047ff8e82be4ab,commit,44df34502dee4a2af0a264dfe0047ff8e82be4ab,identity,canonical-git-identity,44df34502dee4a2af0a264dfe0047ff8e82be4ab,,1.0,1.0,False,True,automatic,,,,,,
commit,14a623cc7cae72b22210b2f44a8b8a9d3f09e85f,commit,14a623cc7cae72b22210b2f44a8b8a9d3f09e85f,identity,canonical-git-identity,14a623cc7cae72b22210b2f44a8b8a9d3f09e85f,,1.0,1.0,False,True,automatic,,,,,,
commit,5944288d9bd94e8186dd374b0aec6090ad90fc96,commit,5944288d9bd94e8186dd374b0aec6090ad90fc96,identity,canonical-git-identity,5944288d9bd94e8186dd374b0aec6090ad90fc96,,1.0,1.0,False,True,automatic,,,,,,
commit,893289b52cf06c6f3c02548f549ebc68e4281380,commit,893289b52cf06c6f3c02548f549ebc68e4281380,identity,canonical-git-identity,893289b52cf06c6f3c02548f549ebc68e4281380,,1.0,1.0,False,True,automatic,,,,,,
commit,604d139ad72b08a404092b8812a0130678f53984,commit,604d139ad72b08a404092b8812a0130678f53984,identity,canonical-git-identity,604d139ad72b08a404092b8812a0130678f53984,,1.0,1.0,False,True,automatic,,,,,,
commit,7602f5d2dbef63b01a09845e5f322ad810ce7431,commit,7602f5d2dbef63b01a09845e5f322ad810ce7431,identity,canonical-git-identity,7602f5d2dbef63b01a09845e5f322ad810ce7431,,1.0,1.0,False,True,automatic,,,,,,
commit,8053109fcb999ee4c2f8a060048b83dbfe4eed81,commit,8053109fcb999ee4c2f8a060048b83dbfe4eed81,identity,canonical-git-identity,8053109fcb999ee4c2f8a060048b83dbfe4eed81,,1.0,1.0,False,True,automatic,,,,,,
commit,e096ded126a62938d4627bd1205b32a0e30c77b0,commit,e096ded126a62938d4627bd1205b32a0e30c77b0,identity,canonical-git-identity,e096ded126a62938d4627bd1205b32a0e30c77b0,,1.0,1.0,False,True,automatic,,,,,,
commit,c1df562489d39bf6608f3053706fc038844b482c,commit,c1df562489d39bf6608f3053706fc038844b482c,identity,canonical-git-identity,c1df562489d39bf6608f3053706fc038844b482c,,1.0,1.0,False,True,automatic,,,,,,
commit,5c2ab0a3ba722d5fdc139615b6eb55902237162d,commit,5c2ab0a3ba722d5fdc139615b6eb55902237162d,identity,canonical-git-identity,5c2ab0a3ba722d5fdc139615b6eb55902237162d,,1.0,1.0,False,True,automatic,,,,,,
commit,e534c8366925af29f7c8f9ab67a908c5d6941650,commit,e534c8366925af29f7c8f9ab67a908c5d6941650,identity,canonical-git-identity,e534c8366925af29f7c8f9ab67a908c5d6941650,,1.0,1.0,False,True,automatic,,,,,,
commit,1df3dd0c798507ee9db2c2005d577ac499b3e933,commit,1df3dd0c798507ee9db2c2005d577ac499b3e933,identity,canonical-git-identity,1df3dd0c798507ee9db2c2005d577ac499b3e933,,1.0,1.0,False,True,automatic,,,,,,
commit,62b9a68e15a34d8c2919c736be910ce3a9eec8e4,commit,62b9a68e15a34d8c2919c736be910ce3a9eec8e4,identity,canonical-git-identity,62b9a68e15a34d8c2919c736be910ce3a9eec8e4,,1.0,1.0,False,True,automatic,,,,,,
commit,21aacef712ef78c44bd11f0a848276d3125a82a4,commit,21aacef712ef78c44bd11f0a848276d3125a82a4,identity,canonical-git-identity,21aacef712ef78c44bd11f0a848276d3125a82a4,,1.0,1.0,False,True,automatic,,,,,,
commit,a3d4895796afa545efc1d3c39379220da2c616f3,commit,a3d4895796afa545efc1d3c39379220da2c616f3,identity,canonical-git-identity,a3d4895796afa545efc1d3c39379220da2c616f3,,1.0,1.0,False,True,automatic,,,,,,
commit,8ab71c90c52e8a8740d754719c48c53f0ca66065,commit,8ab71c90c52e8a8740d754719c48c53f0ca66065,identity,canonical-git-identity,8ab71c90c52e8a8740d754719c48c53f0ca66065,,1.0,1.0,False,True,automatic,,,,,,
commit,7a19911399e2e3a8b7ff2d239319a658e793346c,commit,7a19911399e2e3a8b7ff2d239319a658e793346c,identity,canonical-git-identity,7a19911399e2e3a8b7ff2d239319a658e793346c,,1.0,1.0,False,True,automatic,,,,,,
commit,477665910577c41766377204a1abfc8cc7f0dd6d,commit,477665910577c41766377204a1abfc8cc7f0dd6d,identity,canonical-git-identity,477665910577c41766377204a1abfc8cc7f0dd6d,,1.0,1.0,False,True,automatic,,,,,,
commit,0015089006f52550ef2f4ed4fdd0057bb9e521b9,commit,0015089006f52550ef2f4ed4fdd0057bb9e521b9,identity,canonical-git-identity,0015089006f52550ef2f4ed4fdd0057bb9e521b9,,1.0,1.0,False,True,automatic,,,,,,
commit,4eca36ce52399ef139926f5430d3cd08ac3c993a,commit,4eca36ce52399ef139926f5430d3cd08ac3c993a,identity,canonical-git-identity,4eca36ce52399ef139926f5430d3cd08ac3c993a,,1.0,1.0,False,True,automatic,,,,,,
commit,486b13c723b2fac0220854d9ea7269a09442e7ce,commit,486b13c723b2fac0220854d9ea7269a09442e7ce,identity,canonical-git-identity,486b13c723b2fac0220854d9ea7269a09442e7ce,,1.0,1.0,False,True,automatic,,,,,,
commit,e8c7dcb8fa1bcfe202e061807bb6873d2e1e0473,commit,e8c7dcb8fa1bcfe202e061807bb6873d2e1e0473,identity,canonical-git-identity,e8c7dcb8fa1bcfe202e061807bb6873d2e1e0473,,1.0,1.0,False,True,automatic,,,,,,
commit,65538b7f93d2246cfc37625f018af76640c6aa40,commit,65538b7f93d2246cfc37625f018af76640c6aa40,identity,canonical-git-identity,65538b7f93d2246cfc37625f018af76640c6aa40,,1.0,1.0,False,True,automatic,,,,,,
commit,716c54c01f81ac69fb1c6e5252727cbd5dd10310,commit,716c54c01f81ac69fb1c6e5252727cbd5dd10310,identity,canonical-git-identity,716c54c01f81ac69fb1c6e5252727cbd5dd10310,,1.0,1.0,False,True,automatic,,,,,,
commit,1df3bec4c822e6fcc30d809dab5277868a8e3290,commit,1df3bec4c822e6fcc30d809dab5277868a8e3290,identity,canonical-git-identity,1df3bec4c822e6fcc30d809dab5277868a8e3290,,1.0,1.0,False,True,automatic,,,,,,
commit,d07df1fefbd553b00635ee882631ee74d12f0530,commit,d07df1fefbd553b00635ee882631ee74d12f0530,identity,canonical-git-identity,d07df1fefbd553b00635ee882631ee74d12f0530,,1.0,1.0,False,True,automatic,,,,,,
commit,149bf183fe3edf4d14481d354a078cb50f628aee,commit,149bf183fe3edf4d14481d354a078cb50f628aee,identity,canonical-git-identity,149bf183fe3edf4d14481d354a078cb50f628aee,,1.0,1.0,False,True,automatic,,,,,,
commit,fcee05c29e0d15314bee932ee8b1e48cc7ca7276,commit,fcee05c29e0d15314bee932ee8b1e48cc7ca7276,identity,canonical-git-identity,fcee05c29e0d15314bee932ee8b1e48cc7ca7276,,1.0,1.0,False,True,automatic,,,,,,
commit,03227c22ec04d4a16f48e8159bca42426af9eac7,commit,03227c22ec04d4a16f48e8159bca42426af9eac7,identity,canonical-git-identity,03227c22ec04d4a16f48e8159bca42426af9eac7,,1.0,1.0,False,True,automatic,,,,,,
commit,b0eb1bc5f0a1a447bed6c6c903afad44009c9cd6,commit,b0eb1bc5f0a1a447bed6c6c903afad44009c9cd6,identity,canonical-git-identity,b0eb1bc5f0a1a447bed6c6c903afad44009c9cd6,,1.0,1.0,False,True,automatic,,,,,,
commit,48fd612594d6a6ae7f88cfe82807c8c31823b63d,commit,48fd612594d6a6ae7f88cfe82807c8c31823b63d,identity,canonical-git-identity,48fd612594d6a6ae7f88cfe82807c8c31823b63d,,1.0,1.0,False,True,automatic,,,,,,
commit,36789f5d0b7a89231ac47b62ca91d92c8b537df8,commit,36789f5d0b7a89231ac47b62ca91d92c8b537df8,identity,canonical-git-identity,36789f5d0b7a89231ac47b62ca91d92c8b537df8,,1.0,1.0,False,True,automatic,,,,,,
commit,b5795c22e58a84982d07d6846e1929f9eba2166f,commit,b5795c22e58a84982d07d6846e1929f9eba2166f,identity,canonical-git-identity,b5795c22e58a84982d07d6846e1929f9eba2166f,,1.0,1.0,False,True,automatic,,,,,,
commit,5c58b2c352709f9b9c609c1e60a15c4ebf49062c,commit,5c58b2c352709f9b9c609c1e60a15c4ebf49062c,identity,canonical-git-identity,5c58b2c352709f9b9c609c1e60a15c4ebf49062c,,1.0,1.0,False,True,automatic,,,,,,
commit,5b2392f98b7d9b0680edf4fdfb6966ed9a44d9bc,commit,5b2392f98b7d9b0680edf4fdfb6966ed9a44d9bc,identity,canonical-git-identity,5b2392f98b7d9b0680edf4fdfb6966ed9a44d9bc,,1.0,1.0,False,True,automatic,,,,,,
commit,05c75465e894b197009e4fa12fcee8a2f232be65,commit,05c75465e894b197009e4fa12fcee8a2f232be65,identity,canonical-git-identity,05c75465e894b197009e4fa12fcee8a2f232be65,,1.0,1.0,False,True,automatic,,,,,,
commit,5f406d41dab292e9d24be77a40a86053fba4e075,commit,5f406d41dab292e9d24be77a40a86053fba4e075,identity,canonical-git-identity,5f406d41dab292e9d24be77a40a86053fba4e075,,1.0,1.0,False,True,automatic,,,,,,
commit,58c447d0c8f8d603db83117199143fea38de98fb,commit,58c447d0c8f8d603db83117199143fea38de98fb,identity,canonical-git-identity,58c447d0c8f8d603db83117199143fea38de98fb,,1.0,1.0,False,True,automatic,,,,,,
commit,a19bccf7a97c76901ba27f942e9cae26a5642edc,commit,a19bccf7a97c76901ba27f942e9cae26a5642edc,identity,canonical-git-identity,a19bccf7a97c76901ba27f942e9cae26a5642edc,,1.0,1.0,False,True,automatic,,,,,,
commit,d4616ef79d1f5f6f9afe47e139aa7a092e4b3085,commit,d4616ef79d1f5f6f9afe47e139aa7a092e4b3085,identity,canonical-git-identity,d4616ef79d1f5f6f9afe47e139aa7a092e4b3085,,1.0,1.0,False,True,automatic,,,,,,
commit,798de55dcbb0a4e26d499cec324224070b108b19,commit,798de55dcbb0a4e26d499cec324224070b108b19,identity,canonical-git-identity,798de55dcbb0a4e26d499cec324224070b108b19,,1.0,1.0,False,True,automatic,,,,,,
commit,a0be45da0d49c7dfb87bef36da1afed83c46ba4d,commit,a0be45da0d49c7dfb87bef36da1afed83c46ba4d,identity,canonical-git-identity,a0be45da0d49c7dfb87bef36da1afed83c46ba4d,,1.0,1.0,False,True,automatic,,,,,,
commit,31627a922620a24d64ae4f88232256f56993e172,commit,31627a922620a24d64ae4f88232256f56993e172,identity,canonical-git-identity,31627a922620a24d64ae4f88232256f56993e172,,1.0,1.0,False,True,automatic,,,,,,
commit,abe9194d5f3d791d34010e12ea51acb0054ae4ce,commit,abe9194d5f3d791d34010e12ea51acb0054ae4ce,identity,canonical-git-identity,abe9194d5f3d791d34010e12ea51acb0054ae4ce,,1.0,1.0,False,True,automatic,,,,,,
commit,9654a156c85a094a0fe4d86cb59ab87de34bf6f3,commit,9654a156c85a094a0fe4d86cb59ab87de34bf6f3,identity,canonical-git-identity,9654a156c85a094a0fe4d86cb59ab87de34bf6f3,,1.0,1.0,False,True,automatic,,,,,,
commit,fdd51810b0f51c7b8ee798ecfa0eb42453627946,commit,fdd51810b0f51c7b8ee798ecfa0eb42453627946,identity,canonical-git-identity,fdd51810b0f51c7b8ee798ecfa0eb42453627946,,1.0,1.0,False,True,automatic,,,,,,
commit,d2843d58d7c77e0470d1b467eacf8a956665e2c9,commit,d2843d58d7c77e0470d1b467eacf8a956665e2c9,identity,canonical-git-identity,d2843d58d7c77e0470d1b467eacf8a956665e2c9,,1.0,1.0,False,True,automatic,,,,,,
commit,7228297fdfbf05a87af30e5330fdcdd1e908dd84,commit,7228297fdfbf05a87af30e5330fdcdd1e908dd84,identity,canonical-git-identity,7228297fdfbf05a87af30e5330fdcdd1e908dd84,,1.0,1.0,False,True,automatic,,,,,,
commit,88d09498e62eed6f088450eb0cf1ec3129a7ad34,commit,88d09498e62eed6f088450eb0cf1ec3129a7ad34,identity,canonical-git-identity,88d09498e62eed6f088450eb0cf1ec3129a7ad34,,1.0,1.0,False,True,automatic,,,,,,
commit,29444d740b06ee147a5690f1070d56abfa8be162,commit,29444d740b06ee147a5690f1070d56abfa8be162,identity,canonical-git-identity,29444d740b06ee147a5690f1070d56abfa8be162,,1.0,1.0,False,True,automatic,,,,,,
commit,d6d76b5913d9f81cd56e52292e703ab25e1d9e9d,commit,d6d76b5913d9f81cd56e52292e703ab25e1d9e9d,identity,canonical-git-identity,d6d76b5913d9f81cd56e52292e703ab25e1d9e9d,,1.0,1.0,False,True,automatic,,,,,,
commit,9ff3081da95b34bbdf6d8d736fbee5eaf6301b84,commit,9ff3081da95b34bbdf6d8d736fbee5eaf6301b84,identity,canonical-git-identity,9ff3081da95b34bbdf6d8d736fbee5eaf6301b84,,1.0,1.0,False,True,automatic,,,,,,
commit,be8b3e170bc3c338a1fbbb22d814e73b77d7c994,commit,be8b3e170bc3c338a1fbbb22d814e73b77d7c994,identity,canonical-git-identity,be8b3e170bc3c338a1fbbb22d814e73b77d7c994,,1.0,1.0,False,True,automatic,,,,,,
commit,53c04fbdd27f87fda0f693f5de6166e607975ee0,commit,53c04fbdd27f87fda0f693f5de6166e607975ee0,identity,canonical-git-identity,53c04fbdd27f87fda0f693f5de6166e607975ee0,,1.0,1.0,False,True,automatic,,,,,,
commit,e38ebba60c6454fd14c208d37ffb036038f231da,commit,e38ebba60c6454fd14c208d37ffb036038f231da,identity,canonical-git-identity,e38ebba60c6454fd14c208d37ffb036038f231da,,1.0,1.0,False,True,automatic,,,,,,
commit,1071c2e0ffd3bbc279f2cca6e15509e725518e25,commit,1071c2e0ffd3bbc279f2cca6e15509e725518e25,identity,canonical-git-identity,1071c2e0ffd3bbc279f2cca6e15509e725518e25,,1.0,1.0,False,True,automatic,,,,,,
commit,6cf4772cd3482a0a7ca38f2f613ca64a86da22a1,plan,1,creation,plan-file-history,Docs/FLACBridgeExecution.md,,1.0,0.0,True,False,automatic,,,,,,
commit,1fcd08274065e59e148cb05d16e592e98f02bced,plan,1,plan-revision,plan-file-history,Docs/FLACBridgeExecution.md,,1.0,0.0,True,False,automatic,,,,,,
commit,4f1e2732dc317203bf9fd6f998fe4946be3a760c,plan,1,plan-revision,plan-file-history,Docs/FLACBridgeExecution.md,,1.0,0.0,True,False,automatic,,,,,,
commit,a76f2110c364943a6a2b000cd575807b8f75a6e6,plan,2,creation,plan-file-history,Docs/ContentViewReorganizationPlan.md,,1.0,0.0,True,False,automatic,,,,,,
commit,6c669809df69c8e7566517df27f84cd4ac85cb37,plan,2,plan-revision,plan-file-history,Docs/ContentViewReorganizationPlan.md,,1.0,0.0,True,False,automatic,,,,,,
commit,bae266f0f97e4d7e264cc54628bfaf3cc70a78f7,plan,3,creation,plan-file-history,Docs/Plans/FlacPictureImportAlbumArtPlan.md,,1.0,0.0,True,False,automatic,,,,,,
commit,27b32d888ac16fcaa31f6735b29d960131a8315c,plan,4,creation,plan-file-history,Docs/Plans/4-FlacWriteTagsAndPicturesPlan.md,,1.0,0.0,True,False,automatic,,,,,,
commit,004751dd893b3e1b96ba2e42f9a63fc000d75663,plan,5,creation,plan-file-history,Docs/Plans/5-GitCommitGuidePromptPlan.md,,1.0,0.0,True,False,automatic,,,,,,
commit,645232c9f5fdbcd436cd208763553a0f163d3f77,plan,5,version-addition;plan-revision,plan-file-history,Docs/Plans/5-AddSaveNotificationsPlan.md,,1.0,0.0,True,False,automatic,,,,,,
commit,645232c9f5fdbcd436cd208763553a0f163d3f77,plan,5,plan-revision,plan-file-history,Docs/Plans/5-GitCommitGuidePromptPlan.md,,1.0,0.0,True,False,automatic,,,,,,
commit,80b722ee0e77887149ebfd307538cac12a5907c3,plan,5,plan-revision,plan-file-history,Docs/Plans/5-AddSaveNotificationsPlan.md,,1.0,0.0,True,False,automatic,,,,,,
commit,80b722ee0e77887149ebfd307538cac12a5907c3,plan,6,creation,plan-file-history,Docs/Plans/6-AgentsTranscriptSkillPlan.md,,1.0,0.0,True,False,automatic,,,,,,
commit,e0cd7da70c303f9524054cf6e150d7fbfca3d9d1,plan,7,creation,plan-file-history,Docs/Plans/7-AddSaveStatusViewPlan.md,,1.0,0.0,True,False,automatic,,,,,,
commit,c56695645a5579bac37f1f716650754ccc5750a1,plan,8,creation,plan-file-history,Docs/Plans/8-AddTrackStatusPlan.md,,1.0,0.0,True,False,automatic,,,,,,
commit,2d3e003b9689d477939ba8543f037de2cf8068c5,plan,8,plan-revision,plan-file-history,Docs/Plans/8-AddTrackStatusPlan.md,,1.0,0.0,True,False,automatic,,,,,,
commit,ac28a73112d2a5170ee56f4f05fe6081f4376eb6,plan,9,creation,plan-file-history,Docs/Plans/9-AddUIFeedbackSettings.md,,1.0,0.0,True,False,automatic,,,,,,
commit,83083cbcdf9667c18e3a5c3c11c66d2cfa24f4a6,plan,9,plan-revision,plan-file-history,Docs/Plans/9-AddUIFeedbackSettings.md,,1.0,0.0,True,False,automatic,,,,,,
commit,68f7c7b1c66c1a7acd0564610efe03ceff89180b,plan,10,creation,plan-file-history,Docs/Plans/10-AddTrackManagement.md,,1.0,0.0,True,False,automatic,,,,,,
commit,9e1ce62bf296678be8aa16075285d1f9e0cb453c,plan,11,creation,plan-file-history,Docs/Plans/11-v1-AddMultiPicturePerTrackSupport.md,,1.0,0.0,True,False,automatic,,,,,,
commit,9e1ce62bf296678be8aa16075285d1f9e0cb453c,plan,11,version-addition;plan-revision,plan-file-history,Docs/Plans/11-v2-AddMultiPicturePerTrackSupport.md,,1.0,0.0,True,False,automatic,,,,,,
commit,68e340f508e0f0f5b0ac2fbbcae259abf6155b6e,plan,11,version-addition;plan-revision,plan-file-history,Docs/Plans/11-v3-AddMultiPicturePerTrackSupport.md,,1.0,0.0,True,False,automatic,,,,,,
commit,b4593bad7a73d4737a89fa81f52b0a0c853f2bce,plan,11,version-addition;plan-revision,plan-file-history,Docs/Plans/11-v4-AddMultiPicturePerTrackSupport.md,,1.0,0.0,True,False,automatic,,,,,,
commit,bba775b507acd848d8bea0c67609752e0d812194,plan,12,creation,plan-file-history,Docs/Plans/12-AddFLACDocumentOpenSupport.md,,1.0,0.0,True,False,automatic,,,,,,
commit,da7b04f7563351b6c4c0883dbcbc16a5e081336a,plan,13,creation,plan-file-history,Docs/Plans/13-AddFLACFingerprintSupport.md,,1.0,0.0,True,False,automatic,,,,,,
commit,90ef077070ed157959eed236c4a5edfc023423b8,plan,14,creation,plan-file-history,Docs/Plans/14-AddCompilationTag.md,,1.0,0.0,True,False,automatic,,,,,,
commit,1276536d7ce542d757187ed8e2a7a229c6741847,plan,15,creation,plan-file-history,Docs/Plans/15-AddSwiftTagDocumentCreation.md,,1.0,0.0,True,False,automatic,,,,,,
commit,1c2bb82cfcda4a8e4043b7e883e42928b18064cf,plan,16,creation,plan-file-history,Docs/Plans/16-AddSwiftTagDocumentRead.md,,1.0,0.0,True,False,automatic,,,,,,
commit,d0fca7dec639c9bd9845c8efb59147ccd1016e26,plan,17,creation,plan-file-history,Docs/Plans/17-SwiftTagDocumentReadLiveFileResolution.md,,1.0,0.0,True,False,automatic,,,,,,
commit,41e60a87d8b66f2a9ba012f5c5d11b525ab7c759,plan,18,creation,plan-file-history,Docs/Plans/18-UpdateWindowTitleText.md,,1.0,0.0,True,False,automatic,,,,,,
commit,27b4d85ec22c4165acb415ef3929bd10d4c35202,plan,19,creation,plan-file-history,Docs/Plans/19-AddSwiftTagDocumentSaveOptions.md,,1.0,0.0,True,False,automatic,,,,,,
commit,603c07621916ecd47e1a9faee08d8c32cd6eebdf,plan,19,version-addition;plan-revision,plan-file-history,Docs/Plans/20-AddSwiftTagDocumentSaveOptions.md,,1.0,0.0,True,False,automatic,,,,,,
commit,4e470f0885282d2dfa9bcfc38252ea229589132c,plan,19,version-addition;plan-revision,plan-file-history,Docs/Plans/22-AddSwiftTagDocumentSaveOptions.md,,1.0,0.0,True,False,automatic,,,,,,
commit,27b4d85ec22c4165acb415ef3929bd10d4c35202,plan,20,creation,plan-file-history,Docs/Plans/19-AddSwiftTagDocumentSaveOptions.md,,1.0,0.0,True,False,automatic,,,,,,
commit,603c07621916ecd47e1a9faee08d8c32cd6eebdf,plan,20,version-addition;plan-revision,plan-file-history,Docs/Plans/20-AddSwiftTagDocumentSaveOptions.md,,1.0,0.0,True,False,automatic,,,,,,
commit,4e470f0885282d2dfa9bcfc38252ea229589132c,plan,20,version-addition;plan-revision,plan-file-history,Docs/Plans/22-AddSwiftTagDocumentSaveOptions.md,,1.0,0.0,True,False,automatic,,,,,,
commit,27b4d85ec22c4165acb415ef3929bd10d4c35202,plan,22,creation,plan-file-history,Docs/Plans/19-AddSwiftTagDocumentSaveOptions.md,,1.0,0.0,True,False,automatic,,,,,,
commit,603c07621916ecd47e1a9faee08d8c32cd6eebdf,plan,22,version-addition;plan-revision,plan-file-history,Docs/Plans/20-AddSwiftTagDocumentSaveOptions.md,,1.0,0.0,True,False,automatic,,,,,,
commit,4e470f0885282d2dfa9bcfc38252ea229589132c,plan,22,version-addition;plan-revision,plan-file-history,Docs/Plans/22-AddSwiftTagDocumentSaveOptions.md,,1.0,0.0,True,False,automatic,,,,,,
commit,561817a4bca220d705273d6744f1e5756cec418f,plan,21,creation,plan-file-history,Docs/Plans/21-AddSwiftTagDocumentBookmark.md,,1.0,0.0,True,False,automatic,,,,,,
commit,f195e03db1cd290792f99f8b880bb69995e28921,plan,23,creation,plan-file-history,Docs/Plans/23-AddSwiftTagDocumentQuickLook.md,,1.0,0.0,True,False,automatic,,,,,,
commit,b70f6625e06280784004190bcabafe04c96086d3,plan,24,creation,plan-file-history,Docs/Plans/24-AddTrackDurationInfo.md,,1.0,0.0,True,False,automatic,,,,,,
commit,36c5b18642e6568ca15e897dcae9132a6907e9db,plan,25,creation,plan-file-history,Docs/Plans/25-AddPictureDescriptionEdit.md,,1.0,0.0,True,False,automatic,,,,,,
commit,192eaacabaecbe09ee3ee59d935f0d3ab2d86a02,plan,26,creation,plan-file-history,Docs/Plans/26-AddAppleScriptSupport.md,,1.0,0.0,True,False,automatic,,,,,,
commit,0c2d38575541a8dada750da08698d78e75a4d3f0,plan,26,plan-revision,plan-file-history,Docs/Plans/26-AddAppleScriptSupport.md,,1.0,0.0,True,False,automatic,,,,,,
commit,d65459355d32c58116293e4f6cce8a759b6d67f5,plan,26,plan-revision,plan-file-history,Docs/Plans/26-AddAppleScriptSupport.md,,1.0,0.0,True,False,automatic,,,,,,
commit,546e43d639eb9d7eceb46aa966b8a592b187b12c,plan,26,plan-revision,plan-file-history,Docs/Plans/26-AddAppleScriptSupport.md,,1.0,0.0,True,False,automatic,,,,,,
commit,11ba78598b25840b5e415e7410b8df4b75c964c5,plan,26,plan-revision,plan-file-history,Docs/Plans/26-AddAppleScriptSupport.md,,1.0,0.0,True,False,automatic,,,,,,
commit,6811df91487bd977d74d60b43af798e9970e5d69,plan,26,plan-revision,plan-file-history,Docs/Plans/26-AddAppleScriptSupport.md,,1.0,0.0,True,False,automatic,,,,,,
commit,8053109fcb999ee4c2f8a060048b83dbfe4eed81,plan,26,plan-revision,plan-file-history,Docs/Plans/26-AddAppleScriptSupport.md,,1.0,0.0,True,False,automatic,,,,,,
commit,987ade16137d70327f87ab16fcf3fc874681eba4,plan,27,creation,plan-file-history,Docs/Plans/27-TrackTagsRefactor.md,,1.0,0.0,True,False,automatic,,,,,,
commit,452263137775f01b3d4877c28d37aad4dce7884d,plan,28,creation,plan-file-history,Docs/Plans/28-AddSwiftTagUseDocumentation.md,,1.0,0.0,True,False,automatic,,,,,,
commit,8053109fcb999ee4c2f8a060048b83dbfe4eed81,plan,28,plan-revision,plan-file-history,Docs/Plans/28-AddSwiftTagUseDocumentation.md,,1.0,0.0,True,False,automatic,,,,,,
commit,a3d4895796afa545efc1d3c39379220da2c616f3,plan,28,plan-revision,plan-file-history,Docs/Plans/28-AddSwiftTagUseDocumentation.md,,1.0,0.0,True,False,automatic,,,,,,
commit,7a19911399e2e3a8b7ff2d239319a658e793346c,plan,28,plan-revision,plan-file-history,Docs/Plans/28-AddSwiftTagUseDocumentation.md,,1.0,0.0,True,False,automatic,,,,,,
commit,477665910577c41766377204a1abfc8cc7f0dd6d,plan,28,plan-revision,plan-file-history,Docs/Plans/28-AddSwiftTagUseDocumentation.md,,1.0,0.0,True,False,automatic,,,,,,
commit,82c43c94fe7392a5e5551ef1a311c150006ab0f3,plan,29,creation,plan-file-history,Docs/Plans/29-AddSandboxSettings.md,,1.0,0.0,True,False,automatic,,,,,,
commit,d2843d58d7c77e0470d1b467eacf8a956665e2c9,plan,30,creation,plan-file-history,Docs/Plans/30-AutoUpdateTrackTotalByDisc.md,,1.0,0.0,True,False,automatic,,,,,,
commit,7228297fdfbf05a87af30e5330fdcdd1e908dd84,plan,31,creation,plan-file-history,Docs/Plans/31-SetTrackNumbersAndSortTracks.md,,1.0,0.0,True,False,automatic,,,,,,
commit,88d09498e62eed6f088450eb0cf1ec3129a7ad34,plan,32,creation,plan-file-history,Docs/Plans/32-AutoUpdateDiscTotal.md,,1.0,0.0,True,False,automatic,,,,,,
commit,29444d740b06ee147a5690f1070d56abfa8be162,plan,33,creation,plan-file-history,Docs/Plans/33-AddTrackFileRename.md,,1.0,0.0,True,False,automatic,,,,,,
transcript,transcript-2026-02-27-1-1-FLACBridgeExecution,plan,1,structural-reference,transcript-reference,Docs/Plans/Transcripts/transcript-2026-02-27-1-1-FLACBridgeExecution.md,4,1.0,0.0,False,False,automatic,,,,,,
transcript,transcript-2026-03-04-1-2-ContentViewReorganizationPlan.md,plan,2,structural-reference,transcript-reference,Docs/Plans/Transcripts/transcript-2026-03-04-1-2-ContentViewReorganizationPlan.md.md,4,1.0,0.0,False,False,automatic,,,,,,
transcript,transcript-2026-03-06-1-4-FlacWriteTagsAndPicturesPlan,plan,4,structural-reference,transcript-reference,Docs/Plans/Transcripts/transcript-2026-03-06-1-4-FlacWriteTagsAndPicturesPlan.md,4,1.0,0.0,False,False,automatic,,,,,,
transcript,transcript-2026-03-07-1-5-AddSaveNotificationsPlan,plan,5,structural-reference,transcript-reference,Docs/Plans/Transcripts/transcript-2026-03-07-1-5-AddSaveNotificationsPlan.md,4,1.0,0.0,False,False,automatic,,,,,,
transcript,transcript-2026-03-07-2-6-AgentsTranscriptSkillPlan,plan,6,structural-reference,transcript-reference,Docs/Plans/Transcripts/transcript-2026-03-07-2-6-AgentsTranscriptSkillPlan.md,4,1.0,0.0,False,False,automatic,,,,,,
transcript,transcript-2026-03-12-1-7-AddSaveStatusViewPlan,plan,7,structural-reference,transcript-reference,Docs/Plans/Transcripts/transcript-2026-03-12-1-7-AddSaveStatusViewPlan.md,4,1.0,0.0,False,False,automatic,,,,,,
transcript,transcript-2026-03-13-1-8-AddTrackStatusPlan,plan,8,structural-reference,transcript-reference,Docs/Plans/Transcripts/transcript-2026-03-13-1-8-AddTrackStatusPlan.md,4,1.0,0.0,False,False,automatic,,,,,,
transcript,transcript-2026-03-14-1-8-AddTrackStatusPlan,plan,8,structural-reference,transcript-reference,Docs/Plans/Transcripts/transcript-2026-03-14-1-8-AddTrackStatusPlan.md,4,1.0,0.0,False,False,automatic,,,,,,
transcript,transcript-2026-03-17-1-9-AddUIFeedbackSettings,plan,9,structural-reference,transcript-reference,Docs/Plans/Transcripts/transcript-2026-03-17-1-9-AddUIFeedbackSettings.md,4,1.0,0.0,False,False,automatic,,,,,,
transcript,transcript-2026-03-17-2-9-AddUIFeedbackSettings,plan,9,structural-reference,transcript-reference,Docs/Plans/Transcripts/transcript-2026-03-17-2-9-AddUIFeedbackSettings.md,4,1.0,0.0,False,False,automatic,,,,,,
transcript,transcript-2026-03-18-1-9-AddUIFeedbackSettings,plan,9,structural-reference,transcript-reference,Docs/Plans/Transcripts/transcript-2026-03-18-1-9-AddUIFeedbackSettings.md,4,1.0,0.0,False,False,automatic,,,,,,
transcript,transcript-2026-03-19-1-10-AddTrackManagement,plan,10,structural-reference,transcript-reference,Docs/Plans/Transcripts/transcript-2026-03-19-1-10-AddTrackManagement.md,4,1.0,0.0,False,False,automatic,,,,,,
transcript,transcript-2026-03-21-1-11-AddMultiPicturePerTrackSupport,plan,11,structural-reference,transcript-reference,Docs/Plans/Transcripts/transcript-2026-03-21-1-11-AddMultiPicturePerTrackSupport.md,4,1.0,0.0,False,False,automatic,,,,,,
transcript,transcript-2026-03-22-1-11-AddMultiPicturePerTrackSupport,plan,11,structural-reference,transcript-reference,Docs/Plans/Transcripts/transcript-2026-03-22-1-11-AddMultiPicturePerTrackSupport.md,4,1.0,0.0,False,False,automatic,,,,,,
transcript,transcript-2026-03-23-1-11-AddMultiPicturePerTrackSupport,plan,11,structural-reference,transcript-reference,Docs/Plans/Transcripts/transcript-2026-03-23-1-11-AddMultiPicturePerTrackSupport.md,4,1.0,0.0,False,False,automatic,,,,,,
transcript,transcript-2026-03-24-1-11-AddMultiPicturePerTrackSupport,plan,11,structural-reference,transcript-reference,Docs/Plans/Transcripts/transcript-2026-03-24-1-11-AddMultiPicturePerTrackSupport.md,4,1.0,0.0,False,False,automatic,,,,,,
transcript,transcript-2026-03-26-1-11-AddMultiPicturePerTrackSupport,plan,11,structural-reference,transcript-reference,Docs/Plans/Transcripts/transcript-2026-03-26-1-11-AddMultiPicturePerTrackSupport.md,4,1.0,0.0,False,False,automatic,,,,,,
transcript,transcript-2026-03-31-1-12-AddFLACDocumentOpenSupport,plan,12,structural-reference,transcript-reference,Docs/Plans/Transcripts/transcript-2026-03-31-1-12-AddFLACDocumentOpenSupport.md,4,1.0,0.0,False,False,automatic,,,,,,
transcript,transcript-2026-04-01-1-13-AddFLACFingerprintSupport,plan,13,structural-reference,transcript-reference,Docs/Plans/Transcripts/transcript-2026-04-01-1-13-AddFLACFingerprintSupport.md,4,1.0,0.0,False,False,automatic,,,,,,
transcript,transcript-2026-04-02-1-14-AddCompilationTag,plan,14,structural-reference,transcript-reference,Docs/Plans/Transcripts/transcript-2026-04-02-1-14-AddCompilationTag.md,4,1.0,0.0,False,False,automatic,,,,,,
transcript,transcript-2026-04-02-1-15-AddSwiftTagDocumentCreation,plan,15,structural-reference,transcript-reference,Docs/Plans/Transcripts/transcript-2026-04-02-1-15-AddSwiftTagDocumentCreation.md,4,1.0,0.0,False,False,automatic,,,,,,
transcript,transcript-2026-04-04-1-16-AddSwiftTagDocumentRead,plan,16,structural-reference,transcript-reference,Docs/Plans/Transcripts/transcript-2026-04-04-1-16-AddSwiftTagDocumentRead.md,4,1.0,0.0,False,False,automatic,,,,,,
transcript,transcript-2026-04-04-1-17-SwiftTagDocumentReadLiveFileResolution,plan,16,structural-reference,transcript-reference,Docs/Plans/Transcripts/transcript-2026-04-04-1-17-SwiftTagDocumentReadLiveFileResolution.md,4,1.0,0.0,False,False,automatic,,,,,,
transcript,transcript-2026-04-04-1-17-SwiftTagDocumentReadLiveFileResolution,plan,17,structural-reference,transcript-reference,Docs/Plans/Transcripts/transcript-2026-04-04-1-17-SwiftTagDocumentReadLiveFileResolution.md,4,1.0,0.0,False,False,automatic,,,,,,
transcript,transcript-2026-04-05-1-SwiftTagDocumentReopenFix,plan,16,structural-reference,transcript-reference,Docs/Plans/Transcripts/transcript-2026-04-05-1-SwiftTagDocumentReopenFix.md,4,1.0,0.0,False,False,automatic,,,,,,
transcript,transcript-2026-04-06-1-18-UpdateWindowTitleText,plan,18,structural-reference,transcript-reference,Docs/Plans/Transcripts/transcript-2026-04-06-1-18-UpdateWindowTitleText.md,4,1.0,0.0,False,False,automatic,,,,,,
transcript,transcript-2026-04-07-3-19-AddSwiftTagDocumentSaveOptions,plan,19,structural-reference,transcript-reference,Docs/Plans/Transcripts/transcript-2026-04-07-3-19-AddSwiftTagDocumentSaveOptions.md,4,1.0,0.0,False,False,automatic,,,,,,
transcript,transcript-2026-04-07-3-19-AddSwiftTagDocumentSaveOptions,plan,20,structural-reference,transcript-reference,Docs/Plans/Transcripts/transcript-2026-04-07-3-19-AddSwiftTagDocumentSaveOptions.md,4,1.0,0.0,False,False,automatic,,,,,,
transcript,transcript-2026-04-07-3-19-AddSwiftTagDocumentSaveOptions,plan,22,structural-reference,transcript-reference,Docs/Plans/Transcripts/transcript-2026-04-07-3-19-AddSwiftTagDocumentSaveOptions.md,4,1.0,0.0,False,False,automatic,,,,,,
transcript,transcript-2026-04-08-1-20-AddSwiftTagDocumentSaveOptions,plan,19,structural-reference,transcript-reference,Docs/Plans/Transcripts/transcript-2026-04-08-1-20-AddSwiftTagDocumentSaveOptions.md,4,1.0,0.0,False,False,automatic,,,,,,
transcript,transcript-2026-04-08-1-20-AddSwiftTagDocumentSaveOptions,plan,20,structural-reference,transcript-reference,Docs/Plans/Transcripts/transcript-2026-04-08-1-20-AddSwiftTagDocumentSaveOptions.md,4,1.0,0.0,False,False,automatic,,,,,,
transcript,transcript-2026-04-08-1-20-AddSwiftTagDocumentSaveOptions,plan,22,structural-reference,transcript-reference,Docs/Plans/Transcripts/transcript-2026-04-08-1-20-AddSwiftTagDocumentSaveOptions.md,4,1.0,0.0,False,False,automatic,,,,,,
transcript,transcript-2026-04-09-2-21-AddSwiftTagDocumentBookmark,plan,21,structural-reference,transcript-reference,Docs/Plans/Transcripts/transcript-2026-04-09-2-21-AddSwiftTagDocumentBookmark.md,4,1.0,0.0,False,False,automatic,,,,,,
transcript,transcript-2026-04-10-2-22-AddSwiftTagDocumentSaveOptions,plan,19,structural-reference,transcript-reference,Docs/Plans/Transcripts/transcript-2026-04-10-2-22-AddSwiftTagDocumentSaveOptions.md,4,1.0,0.0,False,False,automatic,,,,,,
transcript,transcript-2026-04-10-2-22-AddSwiftTagDocumentSaveOptions,plan,20,structural-reference,transcript-reference,Docs/Plans/Transcripts/transcript-2026-04-10-2-22-AddSwiftTagDocumentSaveOptions.md,4,1.0,0.0,False,False,automatic,,,,,,
transcript,transcript-2026-04-10-2-22-AddSwiftTagDocumentSaveOptions,plan,22,structural-reference,transcript-reference,Docs/Plans/Transcripts/transcript-2026-04-10-2-22-AddSwiftTagDocumentSaveOptions.md,4,1.0,0.0,False,False,automatic,,,,,,
transcript,transcript-2026-04-11-1-23-AddSwiftTagDocumentQuickLook,plan,23,structural-reference,transcript-reference,Docs/Plans/Transcripts/transcript-2026-04-11-1-23-AddSwiftTagDocumentQuickLook.md,4,1.0,0.0,False,False,automatic,,,,,,
transcript,transcript-2026-04-12-1-24-AddTrackDurationInfo,plan,24,structural-reference,transcript-reference,Docs/Plans/Transcripts/transcript-2026-04-12-1-24-AddTrackDurationInfo.md,4,1.0,0.0,False,False,automatic,,,,,,
transcript,transcript-2026-04-14-1-25-AddPictureDescriptionEdit,plan,25,structural-reference,transcript-reference,Docs/Plans/Transcripts/transcript-2026-04-14-1-25-AddPictureDescriptionEdit.md,4,1.0,0.0,False,False,automatic,,,,,,
transcript,transcript-2026-04-18-1-26-AddAppleScriptSupport,plan,26,structural-reference,transcript-reference,Docs/Plans/Transcripts/transcript-2026-04-18-1-26-AddAppleScriptSupport.md,4,1.0,0.0,False,False,automatic,,,,,,
transcript,transcript-2026-04-20-1-26-AddAppleScriptSupport,plan,26,structural-reference,transcript-reference,Docs/Plans/Transcripts/transcript-2026-04-20-1-26-AddAppleScriptSupport.md,4,1.0,0.0,False,False,automatic,,,,,,
transcript,transcript-2026-04-21-1-26-AddAppleScriptSupport,plan,26,structural-reference,transcript-reference,Docs/Plans/Transcripts/transcript-2026-04-21-1-26-AddAppleScriptSupport.md,4,1.0,0.0,False,False,automatic,,,,,,
transcript,transcript-2026-04-22-1-26-AddAppleScriptSupport,plan,26,structural-reference,transcript-reference,Docs/Plans/Transcripts/transcript-2026-04-22-1-26-AddAppleScriptSupport.md,4,1.0,0.0,False,False,automatic,,,,,,
transcript,transcript-2026-04-22-2-26-AddAppleScriptSupport,plan,26,structural-reference,transcript-reference,Docs/Plans/Transcripts/transcript-2026-04-22-2-26-AddAppleScriptSupport.md,4,1.0,0.0,False,False,automatic,,,,,,
transcript,transcript-2026-04-23-1-26-AddAppleScriptSupport,plan,26,structural-reference,transcript-reference,Docs/Plans/Transcripts/transcript-2026-04-23-1-26-AddAppleScriptSupport.md,4,1.0,0.0,False,False,automatic,,,,,,
transcript,transcript-2026-04-23-2-26-AddAppleScriptSupport,plan,26,structural-reference,transcript-reference,Docs/Plans/Transcripts/transcript-2026-04-23-2-26-AddAppleScriptSupport.md,4,1.0,0.0,False,False,automatic,,,,,,
transcript,transcript-2026-04-24-1-26-AddAppleScriptSupport,plan,26,structural-reference,transcript-reference,Docs/Plans/Transcripts/transcript-2026-04-24-1-26-AddAppleScriptSupport.md,4,1.0,0.0,False,False,automatic,,,,,,
transcript,transcript-2026-04-28-1-26-AddAppleScriptSupport,plan,26,structural-reference,transcript-reference,Docs/Plans/Transcripts/transcript-2026-04-28-1-26-AddAppleScriptSupport.md,4,1.0,0.0,False,False,automatic,,,,,,
transcript,transcript-2026-04-28-2-26-AddAppleScriptSupport,plan,26,structural-reference,transcript-reference,Docs/Plans/Transcripts/transcript-2026-04-28-2-26-AddAppleScriptSupport.md,4,1.0,0.0,False,False,automatic,,,,,,
transcript,transcript-2026-04-29-1-26-AddAppleScriptSupport,plan,26,structural-reference,transcript-reference,Docs/Plans/Transcripts/transcript-2026-04-29-1-26-AddAppleScriptSupport.md,4,1.0,0.0,False,False,automatic,,,,,,
transcript,transcript-2026-04-29-2-26-AddAppleScriptSupport,plan,26,structural-reference,transcript-reference,Docs/Plans/Transcripts/transcript-2026-04-29-2-26-AddAppleScriptSupport.md,4,1.0,0.0,False,False,automatic,,,,,,
transcript,transcript-2026-04-30-1-26-AddAppleScriptSupport,plan,26,structural-reference,transcript-reference,Docs/Plans/Transcripts/transcript-2026-04-30-1-26-AddAppleScriptSupport.md,4,1.0,0.0,False,False,automatic,,,,,,
transcript,transcript-2026-04-30-1-26-AddAppleScriptSupport,plan,27,structural-reference,transcript-reference,Docs/Plans/Transcripts/transcript-2026-04-30-1-26-AddAppleScriptSupport.md,4,1.0,0.0,False,False,automatic,,,,,,
transcript,transcript-2026-04-30-2-26-AddAppleScriptSupport,plan,26,structural-reference,transcript-reference,Docs/Plans/Transcripts/transcript-2026-04-30-2-26-AddAppleScriptSupport.md,4,1.0,0.0,False,False,automatic,,,,,,
transcript,transcript-2026-05-01-1-26-AddAppleScriptSupport,plan,26,structural-reference,transcript-reference,Docs/Plans/Transcripts/transcript-2026-05-01-1-26-AddAppleScriptSupport.md,4,1.0,0.0,False,False,automatic,,,,,,
transcript,transcript-2026-05-02-1-26-AddAppleScriptSupport,plan,26,structural-reference,transcript-reference,Docs/Plans/Transcripts/transcript-2026-05-02-1-26-AddAppleScriptSupport.md,4,1.0,0.0,False,False,automatic,,,,,,
transcript,transcript-2026-05-02-2-26-AddAppleScriptSupport,plan,26,structural-reference,transcript-reference,Docs/Plans/Transcripts/transcript-2026-05-02-2-26-AddAppleScriptSupport.md,4,1.0,0.0,False,False,automatic,,,,,,
transcript,transcript-2026-05-03-1-26-AddAppleScriptSupport,plan,26,structural-reference,transcript-reference,Docs/Plans/Transcripts/transcript-2026-05-03-1-26-AddAppleScriptSupport.md,4,1.0,0.0,False,False,automatic,,,,,,
transcript,transcript-2026-05-03-2-26-AddAppleScriptSupport,plan,26,structural-reference,transcript-reference,Docs/Plans/Transcripts/transcript-2026-05-03-2-26-AddAppleScriptSupport.md,4,1.0,0.0,False,False,automatic,,,,,,
transcript,transcript-2026-05-04-1-26-AddAppleScriptSupport,plan,26,structural-reference,transcript-reference,Docs/Plans/Transcripts/transcript-2026-05-04-1-26-AddAppleScriptSupport.md,4,1.0,0.0,False,False,automatic,,,,,,
transcript,transcript-2026-05-07-1-26-AddAppleScriptSupport,plan,26,structural-reference,transcript-reference,Docs/Plans/Transcripts/transcript-2026-05-07-1-26-AddAppleScriptSupport.md,4,1.0,0.0,False,False,automatic,,,,,,
transcript,transcript-2026-05-10-1-26-AddAppleScriptSupport,plan,26,structural-reference,transcript-reference,Docs/Plans/Transcripts/transcript-2026-05-10-1-26-AddAppleScriptSupport.md,4,1.0,0.0,False,False,automatic,,,,,,
transcript,transcript-2026-05-12-1-28-AddSwiftTagUseDocumentation,plan,28,structural-reference,transcript-reference,Docs/Plans/Transcripts/transcript-2026-05-12-1-28-AddSwiftTagUseDocumentation.md,4,1.0,0.0,False,False,automatic,,,,,,
transcript,transcript-2026-05-13-1-28-AddSwiftTagUseDocumentation,plan,28,structural-reference,transcript-reference,Docs/Plans/Transcripts/transcript-2026-05-13-1-28-AddSwiftTagUseDocumentation.md,4,1.0,0.0,False,False,automatic,,,,,,
transcript,transcript-2026-05-15-1-29-AddSandboxSettings,plan,29,structural-reference,transcript-reference,Docs/Plans/Transcripts/transcript-2026-05-15-1-29-AddSandboxSettings.md,4,1.0,0.0,False,False,automatic,,,,,,
transcript,transcript-2026-05-18-1-28-AddSwiftTagUseDocumentation,plan,28,structural-reference,transcript-reference,Docs/Plans/Transcripts/transcript-2026-05-18-1-28-AddSwiftTagUseDocumentation.md,4,1.0,0.0,False,False,automatic,,,,,,
transcript,transcript-2026-05-20-1-MakePictureFix,plan,26,structural-reference,transcript-reference,Docs/Plans/Transcripts/transcript-2026-05-20-1-MakePictureFix.md,4,1.0,0.0,False,False,automatic,,,,,,
transcript,transcript-2026-05-20-2-28-AddSwiftTagUseDocumentation,plan,28,structural-reference,transcript-reference,Docs/Plans/Transcripts/transcript-2026-05-20-2-28-AddSwiftTagUseDocumentation.md,4,1.0,0.0,False,False,automatic,,,,,,
transcript,transcript-2026-06-15-1-30-AutoUpdateTrackTotalByDisc,plan,30,structural-reference,transcript-reference,Docs/Plans/Transcripts/transcript-2026-06-15-1-30-AutoUpdateTrackTotalByDisc.md,4,1.0,0.0,False,False,automatic,,,,,,
transcript,transcript-2026-06-16-1-31-AddTrackSortAndNumbering,plan,31,structural-reference,transcript-reference,Docs/Plans/Transcripts/transcript-2026-06-16-1-31-AddTrackSortAndNumbering.md,4,1.0,0.0,False,False,automatic,,,,,,
transcript,transcript-2026-06-17-1-32-AutoUpdateDiscTotal,plan,32,structural-reference,transcript-reference,Docs/Plans/Transcripts/transcript-2026-06-17-1-32-AutoUpdateDiscTotal.md,4,1.0,0.0,False,False,automatic,,,,,,
transcript,transcript-2026-06-18-1-33-AddTrackFileRename,plan,33,structural-reference,transcript-reference,Docs/Plans/Transcripts/transcript-2026-06-18-1-33-AddTrackFileRename.md,4,1.0,0.0,False,False,automatic,,,,,,
commit,80b722ee0e77887149ebfd307538cac12a5907c3,transcript,transcript-2026-02-27-1-1-FLACBridgeExecution,transcript-archive,changed-transcript-path,Docs/Plans/Transcripts/transcript-2026-02-27-1-1-FLACBridgeExecution.md,,1.0,0.0,False,False,automatic,,,,,,
commit,80b722ee0e77887149ebfd307538cac12a5907c3,plan,1,transcript-archive,transcript-archive-provenance,Docs/Plans/Transcripts/transcript-2026-02-27-1-1-FLACBridgeExecution.md,,1.0,0.0,False,False,automatic,,,,,,
commit,80b722ee0e77887149ebfd307538cac12a5907c3,transcript,transcript-2026-03-02-1-MiscTagEditorDev,transcript-archive,changed-transcript-path,Docs/Plans/Transcripts/transcript-2026-03-02-1-MiscTagEditorDev.md,,1.0,0.0,False,False,automatic,,,,,,
commit,80b722ee0e77887149ebfd307538cac12a5907c3,transcript,transcript-2026-03-03-1-MiscTagEditorDev,transcript-archive,changed-transcript-path,Docs/Plans/Transcripts/transcript-2026-03-03-1-MiscTagEditorDev.md,,1.0,0.0,False,False,automatic,,,,,,
commit,80b722ee0e77887149ebfd307538cac12a5907c3,transcript,transcript-2026-03-04-1-2-ContentViewReorganizationPlan.md,transcript-archive,changed-transcript-path,Docs/Plans/Transcripts/transcript-2026-03-04-1-2-ContentViewReorganizationPlan.md.md,,1.0,0.0,False,False,automatic,,,,,,
commit,80b722ee0e77887149ebfd307538cac12a5907c3,plan,2,transcript-archive,transcript-archive-provenance,Docs/Plans/Transcripts/transcript-2026-03-04-1-2-ContentViewReorganizationPlan.md.md,,1.0,0.0,False,False,automatic,,,,,,
commit,80b722ee0e77887149ebfd307538cac12a5907c3,transcript,transcript-2026-03-06-1-4-FlacWriteTagsAndPicturesPlan,transcript-archive,changed-transcript-path,Docs/Plans/Transcripts/transcript-2026-03-06-1-4-FlacWriteTagsAndPicturesPlan.md,,1.0,0.0,False,False,automatic,,,,,,
commit,80b722ee0e77887149ebfd307538cac12a5907c3,plan,4,transcript-archive,transcript-archive-provenance,Docs/Plans/Transcripts/transcript-2026-03-06-1-4-FlacWriteTagsAndPicturesPlan.md,,1.0,0.0,False,False,automatic,,,,,,
commit,80b722ee0e77887149ebfd307538cac12a5907c3,transcript,transcript-2026-03-07-1-5-AddSaveNotificationsPlan,transcript-archive,changed-transcript-path,Docs/Plans/Transcripts/transcript-2026-03-07-1-5-AddSaveNotificationsPlan.md,,1.0,0.0,False,False,automatic,,,,,,
commit,80b722ee0e77887149ebfd307538cac12a5907c3,plan,5,transcript-archive,transcript-archive-provenance,Docs/Plans/Transcripts/transcript-2026-03-07-1-5-AddSaveNotificationsPlan.md,,1.0,0.0,False,False,automatic,,,,,,
commit,80b722ee0e77887149ebfd307538cac12a5907c3,transcript,transcript-2026-03-07-2-6-AgentsTranscriptSkillPlan,transcript-archive,changed-transcript-path,Docs/Plans/Transcripts/transcript-2026-03-07-2-6-AgentsTranscriptSkillPlan.md,,1.0,0.0,False,False,automatic,,,,,,
commit,80b722ee0e77887149ebfd307538cac12a5907c3,plan,6,transcript-archive,transcript-archive-provenance,Docs/Plans/Transcripts/transcript-2026-03-07-2-6-AgentsTranscriptSkillPlan.md,,1.0,0.0,False,False,automatic,,,,,,
commit,e0cd7da70c303f9524054cf6e150d7fbfca3d9d1,transcript,transcript-2026-03-12-1-7-AddSaveStatusViewPlan,transcript-archive,changed-transcript-path,Docs/Plans/Transcripts/transcript-2026-03-12-1-7-AddSaveStatusViewPlan.md,,1.0,0.0,False,False,automatic,,,,,,
commit,e0cd7da70c303f9524054cf6e150d7fbfca3d9d1,plan,7,transcript-archive,transcript-archive-provenance,Docs/Plans/Transcripts/transcript-2026-03-12-1-7-AddSaveStatusViewPlan.md,,1.0,0.0,False,False,automatic,,,,,,
commit,c56695645a5579bac37f1f716650754ccc5750a1,transcript,transcript-2026-03-13-1-8-AddTrackStatusPlan,transcript-archive,changed-transcript-path,Docs/Plans/Transcripts/transcript-2026-03-13-1-8-AddTrackStatusPlan.md,,1.0,0.0,False,False,automatic,,,,,,
commit,c56695645a5579bac37f1f716650754ccc5750a1,plan,8,transcript-archive,transcript-archive-provenance,Docs/Plans/Transcripts/transcript-2026-03-13-1-8-AddTrackStatusPlan.md,,1.0,0.0,False,False,automatic,,,,,,
commit,94246bbd4bebc8a284577f2d68b82ff5db235599,transcript,transcript-2026-03-14-1-8-AddTrackStatusPlan,transcript-archive,changed-transcript-path,Docs/Plans/Transcripts/transcript-2026-03-14-1-8-AddTrackStatusPlan.md,,1.0,0.0,False,False,automatic,,,,,,
commit,94246bbd4bebc8a284577f2d68b82ff5db235599,plan,8,transcript-archive,transcript-archive-provenance,Docs/Plans/Transcripts/transcript-2026-03-14-1-8-AddTrackStatusPlan.md,,1.0,0.0,False,False,automatic,,,,,,
commit,ac28a73112d2a5170ee56f4f05fe6081f4376eb6,transcript,transcript-2026-03-17-1-9-AddUIFeedbackSettings,transcript-archive,changed-transcript-path,Docs/Plans/Transcripts/transcript-2026-03-17-1-9-AddUIFeedbackSettings.md,,1.0,0.0,False,False,automatic,,,,,,
commit,ac28a73112d2a5170ee56f4f05fe6081f4376eb6,plan,9,transcript-archive,transcript-archive-provenance,Docs/Plans/Transcripts/transcript-2026-03-17-1-9-AddUIFeedbackSettings.md,,1.0,0.0,False,False,automatic,,,,,,
commit,ac28a73112d2a5170ee56f4f05fe6081f4376eb6,transcript,transcript-2026-03-17-2-9-AddUIFeedbackSettings,transcript-archive,changed-transcript-path,Docs/Plans/Transcripts/transcript-2026-03-17-2-9-AddUIFeedbackSettings.md,,1.0,0.0,False,False,automatic,,,,,,
commit,ac28a73112d2a5170ee56f4f05fe6081f4376eb6,plan,9,transcript-archive,transcript-archive-provenance,Docs/Plans/Transcripts/transcript-2026-03-17-2-9-AddUIFeedbackSettings.md,,1.0,0.0,False,False,automatic,,,,,,
commit,0d268f9dbda719319837ad31711eb87f9f166499,transcript,transcript-2026-03-18-1-9-AddUIFeedbackSettings,transcript-archive,changed-transcript-path,Docs/Plans/Transcripts/transcript-2026-03-18-1-9-AddUIFeedbackSettings.md,,1.0,0.0,False,False,automatic,,,,,,
commit,0d268f9dbda719319837ad31711eb87f9f166499,plan,9,transcript-archive,transcript-archive-provenance,Docs/Plans/Transcripts/transcript-2026-03-18-1-9-AddUIFeedbackSettings.md,,1.0,0.0,False,False,automatic,,,,,,
commit,b1c99ff0e11dc7d38d78a51a328115010a433f80,transcript,transcript-2026-03-19-1-10-AddTrackManagement,transcript-archive,changed-transcript-path,Docs/Plans/Transcripts/transcript-2026-03-19-1-10-AddTrackManagement.md,,1.0,0.0,False,False,automatic,,,,,,
commit,b1c99ff0e11dc7d38d78a51a328115010a433f80,plan,10,transcript-archive,transcript-archive-provenance,Docs/Plans/Transcripts/transcript-2026-03-19-1-10-AddTrackManagement.md,,1.0,0.0,False,False,automatic,,,,,,
commit,9e1ce62bf296678be8aa16075285d1f9e0cb453c,transcript,transcript-2026-03-21-1-11-AddMultiPicturePerTrackSupport,transcript-archive,changed-transcript-path,Docs/Plans/Transcripts/transcript-2026-03-21-1-11-AddMultiPicturePerTrackSupport.md,,1.0,0.0,False,False,automatic,,,,,,
commit,9e1ce62bf296678be8aa16075285d1f9e0cb453c,plan,11,transcript-archive,transcript-archive-provenance,Docs/Plans/Transcripts/transcript-2026-03-21-1-11-AddMultiPicturePerTrackSupport.md,,1.0,0.0,False,False,automatic,,,,,,
commit,9e1ce62bf296678be8aa16075285d1f9e0cb453c,transcript,transcript-2026-03-22-1-11-AddMultiPicturePerTrackSupport,transcript-archive,changed-transcript-path,Docs/Plans/Transcripts/transcript-2026-03-22-1-11-AddMultiPicturePerTrackSupport.md,,1.0,0.0,False,False,automatic,,,,,,
commit,9e1ce62bf296678be8aa16075285d1f9e0cb453c,plan,11,transcript-archive,transcript-archive-provenance,Docs/Plans/Transcripts/transcript-2026-03-22-1-11-AddMultiPicturePerTrackSupport.md,,1.0,0.0,False,False,automatic,,,,,,
commit,68e340f508e0f0f5b0ac2fbbcae259abf6155b6e,transcript,transcript-2026-03-23-1-11-AddMultiPicturePerTrackSupport,transcript-archive,changed-transcript-path,Docs/Plans/Transcripts/transcript-2026-03-23-1-11-AddMultiPicturePerTrackSupport.md,,1.0,0.0,False,False,automatic,,,,,,
commit,68e340f508e0f0f5b0ac2fbbcae259abf6155b6e,plan,11,transcript-archive,transcript-archive-provenance,Docs/Plans/Transcripts/transcript-2026-03-23-1-11-AddMultiPicturePerTrackSupport.md,,1.0,0.0,False,False,automatic,,,,,,
commit,b4593bad7a73d4737a89fa81f52b0a0c853f2bce,transcript,transcript-2026-03-24-1-11-AddMultiPicturePerTrackSupport,transcript-archive,changed-transcript-path,Docs/Plans/Transcripts/transcript-2026-03-24-1-11-AddMultiPicturePerTrackSupport.md,,1.0,0.0,False,False,automatic,,,,,,
commit,b4593bad7a73d4737a89fa81f52b0a0c853f2bce,plan,11,transcript-archive,transcript-archive-provenance,Docs/Plans/Transcripts/transcript-2026-03-24-1-11-AddMultiPicturePerTrackSupport.md,,1.0,0.0,False,False,automatic,,,,,,
commit,f36a117c021f535e956e2d1722625465cd66b2f3,transcript,transcript-2026-03-26-1-11-AddMultiPicturePerTrackSupport,transcript-archive,changed-transcript-path,Docs/Plans/Transcripts/transcript-2026-03-26-1-11-AddMultiPicturePerTrackSupport.md,,1.0,0.0,False,False,automatic,,,,,,
commit,f36a117c021f535e956e2d1722625465cd66b2f3,plan,11,transcript-archive,transcript-archive-provenance,Docs/Plans/Transcripts/transcript-2026-03-26-1-11-AddMultiPicturePerTrackSupport.md,,1.0,0.0,False,False,automatic,,,,,,
commit,2c3898c5b9fee3c3eefa3367c3219b2f4dbd2974,transcript,transcript-2026-03-26-1-11-AddMultiPicturePerTrackSupport,transcript-archive,changed-transcript-path,Docs/Plans/Transcripts/transcript-2026-03-26-1-11-AddMultiPicturePerTrackSupport.md,,1.0,0.0,False,False,automatic,,,,,,
commit,2c3898c5b9fee3c3eefa3367c3219b2f4dbd2974,plan,11,transcript-archive,transcript-archive-provenance,Docs/Plans/Transcripts/transcript-2026-03-26-1-11-AddMultiPicturePerTrackSupport.md,,1.0,0.0,False,False,automatic,,,,,,
commit,ce82bfb0ed6ae71f4fa52b159af692e3b74fe2c7,transcript,transcript-2026-03-26-1-11-AddMultiPicturePerTrackSupport,transcript-archive,changed-transcript-path,Docs/Plans/Transcripts/transcript-2026-03-26-1-11-AddMultiPicturePerTrackSupport.md,,1.0,0.0,False,False,automatic,,,,,,
commit,ce82bfb0ed6ae71f4fa52b159af692e3b74fe2c7,plan,11,transcript-archive,transcript-archive-provenance,Docs/Plans/Transcripts/transcript-2026-03-26-1-11-AddMultiPicturePerTrackSupport.md,,1.0,0.0,False,False,automatic,,,,,,
commit,2aee7213d2467ac765cf2f834b3e8b0a5409064e,transcript,transcript-2026-03-26-1-11-AddMultiPicturePerTrackSupport,transcript-archive,changed-transcript-path,Docs/Plans/Transcripts/transcript-2026-03-26-1-11-AddMultiPicturePerTrackSupport.md,,1.0,0.0,False,False,automatic,,,,,,
commit,2aee7213d2467ac765cf2f834b3e8b0a5409064e,plan,11,transcript-archive,transcript-archive-provenance,Docs/Plans/Transcripts/transcript-2026-03-26-1-11-AddMultiPicturePerTrackSupport.md,,1.0,0.0,False,False,automatic,,,,,,
commit,a0438824397c29c96ca6c63b48ef501b5d63dffe,transcript,transcript-2026-03-26-1-11-AddMultiPicturePerTrackSupport,transcript-archive,changed-transcript-path,Docs/Plans/Transcripts/transcript-2026-03-26-1-11-AddMultiPicturePerTrackSupport.md,,1.0,0.0,False,False,automatic,,,,,,
commit,a0438824397c29c96ca6c63b48ef501b5d63dffe,plan,11,transcript-archive,transcript-archive-provenance,Docs/Plans/Transcripts/transcript-2026-03-26-1-11-AddMultiPicturePerTrackSupport.md,,1.0,0.0,False,False,automatic,,,,,,
commit,bba775b507acd848d8bea0c67609752e0d812194,transcript,transcript-2026-03-31-1-12-AddFLACDocumentOpenSupport,transcript-archive,changed-transcript-path,Docs/Plans/Transcripts/transcript-2026-03-31-1-12-AddFLACDocumentOpenSupport.md,,1.0,0.0,False,False,automatic,,,,,,
commit,bba775b507acd848d8bea0c67609752e0d812194,plan,12,transcript-archive,transcript-archive-provenance,Docs/Plans/Transcripts/transcript-2026-03-31-1-12-AddFLACDocumentOpenSupport.md,,1.0,0.0,False,False,automatic,,,,,,
commit,da7b04f7563351b6c4c0883dbcbc16a5e081336a,transcript,transcript-2026-04-01-1-13-AddFLACFingerprintSupport,transcript-archive,changed-transcript-path,Docs/Plans/Transcripts/transcript-2026-04-01-1-13-AddFLACFingerprintSupport.md,,1.0,0.0,False,False,automatic,,,,,,
commit,da7b04f7563351b6c4c0883dbcbc16a5e081336a,plan,13,transcript-archive,transcript-archive-provenance,Docs/Plans/Transcripts/transcript-2026-04-01-1-13-AddFLACFingerprintSupport.md,,1.0,0.0,False,False,automatic,,,,,,
commit,90ef077070ed157959eed236c4a5edfc023423b8,transcript,transcript-2026-04-02-1-14-AddCompilationTag,transcript-archive,changed-transcript-path,Docs/Plans/Transcripts/transcript-2026-04-02-1-14-AddCompilationTag.md,,1.0,0.0,False,False,automatic,,,,,,
commit,90ef077070ed157959eed236c4a5edfc023423b8,plan,14,transcript-archive,transcript-archive-provenance,Docs/Plans/Transcripts/transcript-2026-04-02-1-14-AddCompilationTag.md,,1.0,0.0,False,False,automatic,,,,,,
commit,bf6d257c8a9a96ec6846d3cac38bd49afd54f83a,transcript,transcript-2026-04-02-1-15-AddSwiftTagDocumentCreation,transcript-archive,changed-transcript-path,Docs/Plans/Transcripts/transcript-2026-04-02-1-15-AddSwiftTagDocumentCreation.md,,1.0,0.0,False,False,automatic,,,,,,
commit,bf6d257c8a9a96ec6846d3cac38bd49afd54f83a,plan,15,transcript-archive,transcript-archive-provenance,Docs/Plans/Transcripts/transcript-2026-04-02-1-15-AddSwiftTagDocumentCreation.md,,1.0,0.0,False,False,automatic,,,,,,
commit,1c2bb82cfcda4a8e4043b7e883e42928b18064cf,transcript,transcript-2026-04-04-1-16-AddSwiftTagDocumentRead,transcript-archive,changed-transcript-path,Docs/Plans/Transcripts/transcript-2026-04-04-1-16-AddSwiftTagDocumentRead.md,,1.0,0.0,False,False,automatic,,,,,,
commit,1c2bb82cfcda4a8e4043b7e883e42928b18064cf,plan,16,transcript-archive,transcript-archive-provenance,Docs/Plans/Transcripts/transcript-2026-04-04-1-16-AddSwiftTagDocumentRead.md,,1.0,0.0,False,False,automatic,,,,,,
commit,633671ae999d222fba32fde71594440b8b367350,transcript,transcript-2026-04-04-1-16-AddSwiftTagDocumentRead,transcript-archive,changed-transcript-path,Docs/Plans/Transcripts/transcript-2026-04-04-1-16-AddSwiftTagDocumentRead.md,,1.0,0.0,False,False,automatic,,,,,,
commit,633671ae999d222fba32fde71594440b8b367350,plan,16,transcript-archive,transcript-archive-provenance,Docs/Plans/Transcripts/transcript-2026-04-04-1-16-AddSwiftTagDocumentRead.md,,1.0,0.0,False,False,automatic,,,,,,
commit,d0fca7dec639c9bd9845c8efb59147ccd1016e26,transcript,transcript-2026-04-04-1-17-SwiftTagDocumentReadLiveFileResolution,transcript-archive,changed-transcript-path,Docs/Plans/Transcripts/transcript-2026-04-04-1-17-SwiftTagDocumentReadLiveFileResolution.md,,1.0,0.0,False,False,automatic,,,,,,
commit,d0fca7dec639c9bd9845c8efb59147ccd1016e26,plan,16,transcript-archive,transcript-archive-provenance,Docs/Plans/Transcripts/transcript-2026-04-04-1-17-SwiftTagDocumentReadLiveFileResolution.md,,1.0,0.0,False,False,automatic,,,,,,
commit,d0fca7dec639c9bd9845c8efb59147ccd1016e26,plan,17,transcript-archive,transcript-archive-provenance,Docs/Plans/Transcripts/transcript-2026-04-04-1-17-SwiftTagDocumentReadLiveFileResolution.md,,1.0,0.0,False,False,automatic,,,,,,
commit,bc1eaf01993b5f6ef2cc64eef0f6dd4fe66824de,transcript,transcript-2026-04-05-1-SwiftTagDocumentReopenFix,transcript-archive,changed-transcript-path,Docs/Plans/Transcripts/transcript-2026-04-05-1-SwiftTagDocumentReopenFix.md,,1.0,0.0,False,False,automatic,,,,,,
commit,bc1eaf01993b5f6ef2cc64eef0f6dd4fe66824de,plan,16,transcript-archive,transcript-archive-provenance,Docs/Plans/Transcripts/transcript-2026-04-05-1-SwiftTagDocumentReopenFix.md,,1.0,0.0,False,False,automatic,,,,,,
commit,575c54bdaeb6d9eda3326eedccc6e2395422094e,transcript,transcript-2026-04-05-1-SwiftTagDocumentReopenFix,transcript-archive,changed-transcript-path,Docs/Plans/Transcripts/transcript-2026-04-05-1-SwiftTagDocumentReopenFix.md,,1.0,0.0,False,False,automatic,,,,,,
commit,575c54bdaeb6d9eda3326eedccc6e2395422094e,plan,16,transcript-archive,transcript-archive-provenance,Docs/Plans/Transcripts/transcript-2026-04-05-1-SwiftTagDocumentReopenFix.md,,1.0,0.0,False,False,automatic,,,,,,
commit,575c54bdaeb6d9eda3326eedccc6e2395422094e,transcript,transcript-2026-04-05-2-AddFlacStatusUpdateFix,transcript-archive,changed-transcript-path,Docs/Plans/Transcripts/transcript-2026-04-05-2-AddFlacStatusUpdateFix.md,,1.0,0.0,False,False,automatic,,,,,,
commit,41e60a87d8b66f2a9ba012f5c5d11b525ab7c759,transcript,transcript-2026-04-06-1-18-UpdateWindowTitleText,transcript-archive,changed-transcript-path,Docs/Plans/Transcripts/transcript-2026-04-06-1-18-UpdateWindowTitleText.md,,1.0,0.0,False,False,automatic,,,,,,
commit,41e60a87d8b66f2a9ba012f5c5d11b525ab7c759,plan,18,transcript-archive,transcript-archive-provenance,Docs/Plans/Transcripts/transcript-2026-04-06-1-18-UpdateWindowTitleText.md,,1.0,0.0,False,False,automatic,,,,,,
commit,a41be8a2ef85b234f33f4003a47fd3d0117b6e83,transcript,transcript-2026-04-06-2-ReuseEmptyEditorIssue,transcript-archive,changed-transcript-path,Docs/Plans/Transcripts/transcript-2026-04-06-2-ReuseEmptyEditorIssue.md,,1.0,0.0,False,False,automatic,,,,,,
commit,a41be8a2ef85b234f33f4003a47fd3d0117b6e83,transcript,transcript-2026-04-06-3-ReuseEmptyEditorIssue,transcript-archive,changed-transcript-path,Docs/Plans/Transcripts/transcript-2026-04-06-3-ReuseEmptyEditorIssue.md,,1.0,0.0,False,False,automatic,,,,,,
commit,19369540b1a2f92b3ab4fd1cedb4db7cefe41498,transcript,transcript-2026-04-06-4-TestBugFixes,transcript-archive,changed-transcript-path,Docs/Plans/Transcripts/transcript-2026-04-06-4-TestBugFixes.md,,1.0,0.0,False,False,automatic,,,,,,
commit,ac6148bb93aa6651ba5884d968f1821e107eef34,transcript,transcript-2026-04-07-1-TrackFileMonitoringFix,transcript-archive,changed-transcript-path,Docs/Plans/Transcripts/transcript-2026-04-07-1-TrackFileMonitoringFix.md,,1.0,0.0,False,False,automatic,,,,,,
commit,ec63010015b0d8b4b08f578fb82c8526ce872cc6,transcript,transcript-2026-04-07-2-DocumentPictureDiffFix,transcript-archive,changed-transcript-path,Docs/Plans/Transcripts/transcript-2026-04-07-2-DocumentPictureDiffFix.md,,1.0,0.0,False,False,automatic,,,,,,
commit,27b4d85ec22c4165acb415ef3929bd10d4c35202,transcript,transcript-2026-04-07-3-19-AddSwiftTagDocumentSaveOptions,transcript-archive,changed-transcript-path,Docs/Plans/Transcripts/transcript-2026-04-07-3-19-AddSwiftTagDocumentSaveOptions.md,,1.0,0.0,False,False,automatic,,,,,,
commit,27b4d85ec22c4165acb415ef3929bd10d4c35202,plan,19,transcript-archive,transcript-archive-provenance,Docs/Plans/Transcripts/transcript-2026-04-07-3-19-AddSwiftTagDocumentSaveOptions.md,,1.0,0.0,False,False,automatic,,,,,,
commit,27b4d85ec22c4165acb415ef3929bd10d4c35202,plan,20,transcript-archive,transcript-archive-provenance,Docs/Plans/Transcripts/transcript-2026-04-07-3-19-AddSwiftTagDocumentSaveOptions.md,,1.0,0.0,False,False,automatic,,,,,,
commit,27b4d85ec22c4165acb415ef3929bd10d4c35202,plan,22,transcript-archive,transcript-archive-provenance,Docs/Plans/Transcripts/transcript-2026-04-07-3-19-AddSwiftTagDocumentSaveOptions.md,,1.0,0.0,False,False,automatic,,,,,,
commit,603c07621916ecd47e1a9faee08d8c32cd6eebdf,transcript,transcript-2026-04-08-1-20-AddSwiftTagDocumentSaveOptions,transcript-archive,changed-transcript-path,Docs/Plans/Transcripts/transcript-2026-04-08-1-20-AddSwiftTagDocumentSaveOptions.md,,1.0,0.0,False,False,automatic,,,,,,
commit,603c07621916ecd47e1a9faee08d8c32cd6eebdf,plan,19,transcript-archive,transcript-archive-provenance,Docs/Plans/Transcripts/transcript-2026-04-08-1-20-AddSwiftTagDocumentSaveOptions.md,,1.0,0.0,False,False,automatic,,,,,,
commit,603c07621916ecd47e1a9faee08d8c32cd6eebdf,plan,20,transcript-archive,transcript-archive-provenance,Docs/Plans/Transcripts/transcript-2026-04-08-1-20-AddSwiftTagDocumentSaveOptions.md,,1.0,0.0,False,False,automatic,,,,,,
commit,603c07621916ecd47e1a9faee08d8c32cd6eebdf,plan,22,transcript-archive,transcript-archive-provenance,Docs/Plans/Transcripts/transcript-2026-04-08-1-20-AddSwiftTagDocumentSaveOptions.md,,1.0,0.0,False,False,automatic,,,,,,
commit,92460554b47e6062390266578964fe59fd5af784,transcript,transcript-2026-04-09-1-ExternalDifferenceDetectionFix,transcript-archive,changed-transcript-path,Docs/Plans/Transcripts/transcript-2026-04-09-1-ExternalDifferenceDetectionFix.md,,1.0,0.0,False,False,automatic,,,,,,
commit,561817a4bca220d705273d6744f1e5756cec418f,transcript,transcript-2026-04-09-2-21-AddSwiftTagDocumentBookmark,transcript-archive,changed-transcript-path,Docs/Plans/Transcripts/transcript-2026-04-09-2-21-AddSwiftTagDocumentBookmark.md,,1.0,0.0,False,False,automatic,,,,,,
commit,561817a4bca220d705273d6744f1e5756cec418f,plan,21,transcript-archive,transcript-archive-provenance,Docs/Plans/Transcripts/transcript-2026-04-09-2-21-AddSwiftTagDocumentBookmark.md,,1.0,0.0,False,False,automatic,,,,,,
commit,3c4cfff64ee127631152a551713977c1ad5a40dd,transcript,transcript-2026-04-10-1-LaunchOpenFlacOrDocFix,transcript-archive,changed-transcript-path,Docs/Plans/Transcripts/transcript-2026-04-10-1-LaunchOpenFlacOrDocFix.md,,1.0,0.0,False,False,automatic,,,,,,
commit,4e470f0885282d2dfa9bcfc38252ea229589132c,transcript,transcript-2026-04-10-2-22-AddSwiftTagDocumentSaveOptions,transcript-archive,changed-transcript-path,Docs/Plans/Transcripts/transcript-2026-04-10-2-22-AddSwiftTagDocumentSaveOptions.md,,1.0,0.0,False,False,automatic,,,,,,
commit,4e470f0885282d2dfa9bcfc38252ea229589132c,plan,19,transcript-archive,transcript-archive-provenance,Docs/Plans/Transcripts/transcript-2026-04-10-2-22-AddSwiftTagDocumentSaveOptions.md,,1.0,0.0,False,False,automatic,,,,,,
commit,4e470f0885282d2dfa9bcfc38252ea229589132c,plan,20,transcript-archive,transcript-archive-provenance,Docs/Plans/Transcripts/transcript-2026-04-10-2-22-AddSwiftTagDocumentSaveOptions.md,,1.0,0.0,False,False,automatic,,,,,,
commit,4e470f0885282d2dfa9bcfc38252ea229589132c,plan,22,transcript-archive,transcript-archive-provenance,Docs/Plans/Transcripts/transcript-2026-04-10-2-22-AddSwiftTagDocumentSaveOptions.md,,1.0,0.0,False,False,automatic,,,,,,
commit,cfba5a1a7b93b8e01d1e1b806a8db413e207ae55,transcript,transcript-2026-04-10-3-AddSwiftTagDocumentSwiftTags,transcript-archive,changed-transcript-path,Docs/Plans/Transcripts/transcript-2026-04-10-3-AddSwiftTagDocumentSwiftTags.md,,1.0,0.0,False,False,automatic,,,,,,
commit,29c8eed7decacebe51ab53c9150e9b5b86cd9f3b,transcript,transcript-2026-04-10-4-CompilationDisabledAndDiffFix,transcript-archive,changed-transcript-path,Docs/Plans/Transcripts/transcript-2026-04-10-4-CompilationDisabledAndDiffFix.md,,1.0,0.0,False,False,automatic,,,,,,
commit,f195e03db1cd290792f99f8b880bb69995e28921,transcript,transcript-2026-04-11-1-23-AddSwiftTagDocumentQuickLook,transcript-archive,changed-transcript-path,Docs/Plans/Transcripts/transcript-2026-04-11-1-23-AddSwiftTagDocumentQuickLook.md,,1.0,0.0,False,False,automatic,,,,,,
commit,f195e03db1cd290792f99f8b880bb69995e28921,plan,23,transcript-archive,transcript-archive-provenance,Docs/Plans/Transcripts/transcript-2026-04-11-1-23-AddSwiftTagDocumentQuickLook.md,,1.0,0.0,False,False,automatic,,,,,,
commit,b70f6625e06280784004190bcabafe04c96086d3,transcript,transcript-2026-04-12-1-24-AddTrackDurationInfo,transcript-archive,changed-transcript-path,Docs/Plans/Transcripts/transcript-2026-04-12-1-24-AddTrackDurationInfo.md,,1.0,0.0,False,False,automatic,,,,,,
commit,b70f6625e06280784004190bcabafe04c96086d3,plan,24,transcript-archive,transcript-archive-provenance,Docs/Plans/Transcripts/transcript-2026-04-12-1-24-AddTrackDurationInfo.md,,1.0,0.0,False,False,automatic,,,,,,
commit,4a07659704ab091a117b882a027635c12af8294c,transcript,transcript-2026-04-14-1-25-AddPictureDescriptionEdit,transcript-archive,changed-transcript-path,Docs/Plans/Transcripts/transcript-2026-04-14-1-25-AddPictureDescriptionEdit.md,,1.0,0.0,False,False,automatic,,,,,,
commit,4a07659704ab091a117b882a027635c12af8294c,plan,25,transcript-archive,transcript-archive-provenance,Docs/Plans/Transcripts/transcript-2026-04-14-1-25-AddPictureDescriptionEdit.md,,1.0,0.0,False,False,automatic,,,,,,
commit,f23c8a089f6d5549a597e0635ff808b203a25766,transcript,transcript-2026-04-16-1-InternalExternalDiffUpdateFix,transcript-archive,changed-transcript-path,Docs/Plans/Transcripts/{transcript-2026-04-16-1-Internal-ExternalDiffUpdateFix.md => transcript-2026-04-16-1-InternalExternalDiffUpdateFix.md},,1.0,0.0,False,False,automatic,,,,,,
commit,f23c8a089f6d5549a597e0635ff808b203a25766,transcript,transcript-2026-04-17-1-InternalExternalDiffDocUpdateFix,transcript-archive,changed-transcript-path,Docs/Plans/Transcripts/transcript-2026-04-17-1-InternalExternalDiffDocUpdateFix.md,,1.0,0.0,False,False,automatic,,,,,,
commit,777706cf1432bcd9bbd0ff1d145469d038b76fd3,transcript,transcript-2026-04-18-1-26-AddAppleScriptSupport,transcript-archive,changed-transcript-path,Docs/Plans/Transcripts/transcript-2026-04-18-1-26-AddAppleScriptSupport.md,,1.0,0.0,False,False,automatic,,,,,,
commit,777706cf1432bcd9bbd0ff1d145469d038b76fd3,plan,26,transcript-archive,transcript-archive-provenance,Docs/Plans/Transcripts/transcript-2026-04-18-1-26-AddAppleScriptSupport.md,,1.0,0.0,False,False,automatic,,,,,,
commit,bee209c217c6b5fa2c4eaddbddcab99101ee589a,transcript,transcript-2026-04-20-1-26-AddAppleScriptSupport,transcript-archive,changed-transcript-path,Docs/Plans/Transcripts/transcript-2026-04-20-1-26-AddAppleScriptSupport.md,,1.0,0.0,False,False,automatic,,,,,,
commit,bee209c217c6b5fa2c4eaddbddcab99101ee589a,plan,26,transcript-archive,transcript-archive-provenance,Docs/Plans/Transcripts/transcript-2026-04-20-1-26-AddAppleScriptSupport.md,,1.0,0.0,False,False,automatic,,,,,,
commit,0c2d38575541a8dada750da08698d78e75a4d3f0,transcript,transcript-2026-04-21-1-26-AddAppleScriptSupport,transcript-archive,changed-transcript-path,Docs/Plans/Transcripts/transcript-2026-04-21-1-26-AddAppleScriptSupport.md,,1.0,0.0,False,False,automatic,,,,,,
commit,0c2d38575541a8dada750da08698d78e75a4d3f0,plan,26,transcript-archive,transcript-archive-provenance,Docs/Plans/Transcripts/transcript-2026-04-21-1-26-AddAppleScriptSupport.md,,1.0,0.0,False,False,automatic,,,,,,
commit,0c2d38575541a8dada750da08698d78e75a4d3f0,transcript,transcript-2026-04-22-1-26-AddAppleScriptSupport,transcript-archive,changed-transcript-path,Docs/Plans/Transcripts/transcript-2026-04-22-1-26-AddAppleScriptSupport.md,,1.0,0.0,False,False,automatic,,,,,,
commit,0c2d38575541a8dada750da08698d78e75a4d3f0,plan,26,transcript-archive,transcript-archive-provenance,Docs/Plans/Transcripts/transcript-2026-04-22-1-26-AddAppleScriptSupport.md,,1.0,0.0,False,False,automatic,,,,,,
commit,2298c43c00492de67ad920a395d3ec7a8c8fb722,transcript,transcript-2026-04-22-2-26-AddAppleScriptSupport,transcript-archive,changed-transcript-path,Docs/Plans/Transcripts/transcript-2026-04-22-2-26-AddAppleScriptSupport.md,,1.0,0.0,False,False,automatic,,,,,,
commit,2298c43c00492de67ad920a395d3ec7a8c8fb722,plan,26,transcript-archive,transcript-archive-provenance,Docs/Plans/Transcripts/transcript-2026-04-22-2-26-AddAppleScriptSupport.md,,1.0,0.0,False,False,automatic,,,,,,
commit,d65459355d32c58116293e4f6cce8a759b6d67f5,transcript,transcript-2026-04-23-1-26-AddAppleScriptSupport,transcript-archive,changed-transcript-path,Docs/Plans/Transcripts/transcript-2026-04-23-1-26-AddAppleScriptSupport.md,,1.0,0.0,False,False,automatic,,,,,,
commit,d65459355d32c58116293e4f6cce8a759b6d67f5,plan,26,transcript-archive,transcript-archive-provenance,Docs/Plans/Transcripts/transcript-2026-04-23-1-26-AddAppleScriptSupport.md,,1.0,0.0,False,False,automatic,,,,,,
commit,546e43d639eb9d7eceb46aa966b8a592b187b12c,transcript,transcript-2026-04-23-2-26-AddAppleScriptSupport,transcript-archive,changed-transcript-path,Docs/Plans/Transcripts/transcript-2026-04-23-2-26-AddAppleScriptSupport.md,,1.0,0.0,False,False,automatic,,,,,,
commit,546e43d639eb9d7eceb46aa966b8a592b187b12c,plan,26,transcript-archive,transcript-archive-provenance,Docs/Plans/Transcripts/transcript-2026-04-23-2-26-AddAppleScriptSupport.md,,1.0,0.0,False,False,automatic,,,,,,
commit,95957dd6350042cf04715f42d75a708d22bd4af1,transcript,transcript-2026-04-24-1-26-AddAppleScriptSupport,transcript-archive,changed-transcript-path,Docs/Plans/Transcripts/transcript-2026-04-24-1-26-AddAppleScriptSupport.md,,1.0,0.0,False,False,automatic,,,,,,
commit,95957dd6350042cf04715f42d75a708d22bd4af1,plan,26,transcript-archive,transcript-archive-provenance,Docs/Plans/Transcripts/transcript-2026-04-24-1-26-AddAppleScriptSupport.md,,1.0,0.0,False,False,automatic,,,,,,
commit,11ba78598b25840b5e415e7410b8df4b75c964c5,transcript,transcript-2026-04-28-1-26-AddAppleScriptSupport,transcript-archive,changed-transcript-path,Docs/Plans/Transcripts/transcript-2026-04-28-1-26-AddAppleScriptSupport.md,,1.0,0.0,False,False,automatic,,,,,,
commit,11ba78598b25840b5e415e7410b8df4b75c964c5,plan,26,transcript-archive,transcript-archive-provenance,Docs/Plans/Transcripts/transcript-2026-04-28-1-26-AddAppleScriptSupport.md,,1.0,0.0,False,False,automatic,,,,,,
commit,6811df91487bd977d74d60b43af798e9970e5d69,transcript,transcript-2026-04-28-2-26-AddAppleScriptSupport,transcript-archive,changed-transcript-path,Docs/Plans/Transcripts/transcript-2026-04-28-2-26-AddAppleScriptSupport.md,,1.0,0.0,False,False,automatic,,,,,,
commit,6811df91487bd977d74d60b43af798e9970e5d69,plan,26,transcript-archive,transcript-archive-provenance,Docs/Plans/Transcripts/transcript-2026-04-28-2-26-AddAppleScriptSupport.md,,1.0,0.0,False,False,automatic,,,,,,
commit,9b05c92e3f87af186de2ebdf43ebe8f297b41572,transcript,transcript-2026-04-29-1-26-AddAppleScriptSupport,transcript-archive,changed-transcript-path,Docs/Plans/Transcripts/transcript-2026-04-29-1-26-AddAppleScriptSupport.md,,1.0,0.0,False,False,automatic,,,,,,
commit,9b05c92e3f87af186de2ebdf43ebe8f297b41572,plan,26,transcript-archive,transcript-archive-provenance,Docs/Plans/Transcripts/transcript-2026-04-29-1-26-AddAppleScriptSupport.md,,1.0,0.0,False,False,automatic,,,,,,
commit,24428a1548324e06268c9174e358e22e9559801b,transcript,transcript-2026-04-29-2-26-AddAppleScriptSupport,transcript-archive,changed-transcript-path,Docs/Plans/Transcripts/transcript-2026-04-29-2-26-AddAppleScriptSupport.md,,1.0,0.0,False,False,automatic,,,,,,
commit,24428a1548324e06268c9174e358e22e9559801b,plan,26,transcript-archive,transcript-archive-provenance,Docs/Plans/Transcripts/transcript-2026-04-29-2-26-AddAppleScriptSupport.md,,1.0,0.0,False,False,automatic,,,,,,
commit,987ade16137d70327f87ab16fcf3fc874681eba4,transcript,transcript-2026-04-30-1-26-AddAppleScriptSupport,transcript-archive,changed-transcript-path,Docs/Plans/Transcripts/transcript-2026-04-30-1-26-AddAppleScriptSupport.md,,1.0,0.0,False,False,automatic,,,,,,
commit,987ade16137d70327f87ab16fcf3fc874681eba4,plan,26,transcript-archive,transcript-archive-provenance,Docs/Plans/Transcripts/transcript-2026-04-30-1-26-AddAppleScriptSupport.md,,1.0,0.0,False,False,automatic,,,,,,
commit,987ade16137d70327f87ab16fcf3fc874681eba4,plan,27,transcript-archive,transcript-archive-provenance,Docs/Plans/Transcripts/transcript-2026-04-30-1-26-AddAppleScriptSupport.md,,1.0,0.0,False,False,automatic,,,,,,
commit,83b8764ca1faecb6f984a4cf8703eaad75501f8a,transcript,transcript-2026-04-30-2-26-AddAppleScriptSupport,transcript-archive,changed-transcript-path,Docs/Plans/Transcripts/transcript-2026-04-30-2-26-AddAppleScriptSupport.md,,1.0,0.0,False,False,automatic,,,,,,
commit,83b8764ca1faecb6f984a4cf8703eaad75501f8a,plan,26,transcript-archive,transcript-archive-provenance,Docs/Plans/Transcripts/transcript-2026-04-30-2-26-AddAppleScriptSupport.md,,1.0,0.0,False,False,automatic,,,,,,
commit,1b08404c005806083a5443603d98c10c5510ee70,transcript,transcript-2026-05-01-1-26-AddAppleScriptSupport,transcript-archive,changed-transcript-path,Docs/Plans/Transcripts/transcript-2026-05-01-1-26-AddAppleScriptSupport.md,,1.0,0.0,False,False,automatic,,,,,,
commit,1b08404c005806083a5443603d98c10c5510ee70,plan,26,transcript-archive,transcript-archive-provenance,Docs/Plans/Transcripts/transcript-2026-05-01-1-26-AddAppleScriptSupport.md,,1.0,0.0,False,False,automatic,,,,,,
commit,063c138d4ad746588a85c0be70cc1c5c75854e87,transcript,transcript-2026-05-02-1-26-AddAppleScriptSupport,transcript-archive,changed-transcript-path,Docs/Plans/Transcripts/transcript-2026-05-02-1-26-AddAppleScriptSupport.md,,1.0,0.0,False,False,automatic,,,,,,
commit,063c138d4ad746588a85c0be70cc1c5c75854e87,plan,26,transcript-archive,transcript-archive-provenance,Docs/Plans/Transcripts/transcript-2026-05-02-1-26-AddAppleScriptSupport.md,,1.0,0.0,False,False,automatic,,,,,,
commit,7c15f6097d77ab2db98c6795b04474308f770536,transcript,transcript-2026-05-02-2-26-AddAppleScriptSupport,transcript-archive,changed-transcript-path,Docs/Plans/Transcripts/transcript-2026-05-02-2-26-AddAppleScriptSupport.md,,1.0,0.0,False,False,automatic,,,,,,
commit,7c15f6097d77ab2db98c6795b04474308f770536,plan,26,transcript-archive,transcript-archive-provenance,Docs/Plans/Transcripts/transcript-2026-05-02-2-26-AddAppleScriptSupport.md,,1.0,0.0,False,False,automatic,,,,,,
commit,d928e3bb438c8fa266b8700f3d4b2709c72bd7ee,transcript,transcript-2026-05-03-1-26-AddAppleScriptSupport,transcript-archive,changed-transcript-path,Docs/Plans/Transcripts/transcript-2026-05-03-1-26-AddAppleScriptSupport.md,,1.0,0.0,False,False,automatic,,,,,,
commit,d928e3bb438c8fa266b8700f3d4b2709c72bd7ee,plan,26,transcript-archive,transcript-archive-provenance,Docs/Plans/Transcripts/transcript-2026-05-03-1-26-AddAppleScriptSupport.md,,1.0,0.0,False,False,automatic,,,,,,
commit,3fd6771aa6fbbc5afe81722f5d39ce0c171019cd,transcript,transcript-2026-05-03-2-26-AddAppleScriptSupport,transcript-archive,changed-transcript-path,Docs/Plans/Transcripts/transcript-2026-05-03-2-26-AddAppleScriptSupport.md,,1.0,0.0,False,False,automatic,,,,,,
commit,3fd6771aa6fbbc5afe81722f5d39ce0c171019cd,plan,26,transcript-archive,transcript-archive-provenance,Docs/Plans/Transcripts/transcript-2026-05-03-2-26-AddAppleScriptSupport.md,,1.0,0.0,False,False,automatic,,,,,,
commit,43b64835145b64f3346d6298de67754019b36df8,transcript,transcript-2026-05-04-1-26-AddAppleScriptSupport,transcript-archive,changed-transcript-path,Docs/Plans/Transcripts/transcript-2026-05-04-1-26-AddAppleScriptSupport.md,,1.0,0.0,False,False,automatic,,,,,,
commit,43b64835145b64f3346d6298de67754019b36df8,plan,26,transcript-archive,transcript-archive-provenance,Docs/Plans/Transcripts/transcript-2026-05-04-1-26-AddAppleScriptSupport.md,,1.0,0.0,False,False,automatic,,,,,,
commit,77e0dc1182db2bdd7d3a4d09b5c1a7b3b912191b,transcript,transcript-2026-05-07-1-26-AddAppleScriptSupport,transcript-archive,changed-transcript-path,Docs/Plans/Transcripts/transcript-2026-05-07-1-26-AddAppleScriptSupport.md,,1.0,0.0,False,False,automatic,,,,,,
commit,77e0dc1182db2bdd7d3a4d09b5c1a7b3b912191b,plan,26,transcript-archive,transcript-archive-provenance,Docs/Plans/Transcripts/transcript-2026-05-07-1-26-AddAppleScriptSupport.md,,1.0,0.0,False,False,automatic,,,,,,
commit,2976159836a41160b0a462b26c952968c19a7923,transcript,transcript-2026-05-10-1-26-AddAppleScriptSupport,transcript-archive,changed-transcript-path,Docs/Plans/Transcripts/transcript-2026-05-10-1-26-AddAppleScriptSupport.md,,1.0,0.0,False,False,automatic,,,,,,
commit,2976159836a41160b0a462b26c952968c19a7923,plan,26,transcript-archive,transcript-archive-provenance,Docs/Plans/Transcripts/transcript-2026-05-10-1-26-AddAppleScriptSupport.md,,1.0,0.0,False,False,automatic,,,,,,
commit,452263137775f01b3d4877c28d37aad4dce7884d,transcript,transcript-2026-05-12-1-28-AddSwiftTagUseDocumentation,transcript-archive,changed-transcript-path,Docs/Plans/Transcripts/transcript-2026-05-12-1-28-AddSwiftTagUseDocumentation.md,,1.0,0.0,False,False,automatic,,,,,,
commit,452263137775f01b3d4877c28d37aad4dce7884d,plan,28,transcript-archive,transcript-archive-provenance,Docs/Plans/Transcripts/transcript-2026-05-12-1-28-AddSwiftTagUseDocumentation.md,,1.0,0.0,False,False,automatic,,,,,,
commit,11e4877420c3dc760f9be803b2734ea34a2031e0,transcript,transcript-2026-05-13-1-28-AddSwiftTagUseDocumentation,transcript-archive,changed-transcript-path,Docs/Plans/Transcripts/transcript-2026-05-13-1-28-AddSwiftTagUseDocumentation.md,,1.0,0.0,False,False,automatic,,,,,,
commit,11e4877420c3dc760f9be803b2734ea34a2031e0,plan,28,transcript-archive,transcript-archive-provenance,Docs/Plans/Transcripts/transcript-2026-05-13-1-28-AddSwiftTagUseDocumentation.md,,1.0,0.0,False,False,automatic,,,,,,
commit,82c43c94fe7392a5e5551ef1a311c150006ab0f3,transcript,transcript-2026-05-15-1-29-AddSandboxSettings,transcript-archive,changed-transcript-path,Docs/Plans/Transcripts/transcript-2026-05-15-1-29-AddSandboxSettings.md,,1.0,0.0,False,False,automatic,,,,,,
commit,82c43c94fe7392a5e5551ef1a311c150006ab0f3,plan,29,transcript-archive,transcript-archive-provenance,Docs/Plans/Transcripts/transcript-2026-05-15-1-29-AddSandboxSettings.md,,1.0,0.0,False,False,automatic,,,,,,
commit,893289b52cf06c6f3c02548f549ebc68e4281380,transcript,transcript-2026-05-18-1-28-AddSwiftTagUseDocumentation,transcript-archive,changed-transcript-path,Docs/Plans/Transcripts/transcript-2026-05-18-1-28-AddSwiftTagUseDocumentation.md,,1.0,0.0,False,False,automatic,,,,,,
commit,893289b52cf06c6f3c02548f549ebc68e4281380,plan,28,transcript-archive,transcript-archive-provenance,Docs/Plans/Transcripts/transcript-2026-05-18-1-28-AddSwiftTagUseDocumentation.md,,1.0,0.0,False,False,automatic,,,,,,
commit,8053109fcb999ee4c2f8a060048b83dbfe4eed81,transcript,transcript-2026-05-20-1-MakePictureFix,transcript-archive,changed-transcript-path,Docs/Plans/Transcripts/transcript-2026-05-20-1-MakePictureFix.md,,1.0,0.0,False,False,automatic,,,,,,
commit,8053109fcb999ee4c2f8a060048b83dbfe4eed81,plan,26,transcript-archive,transcript-archive-provenance,Docs/Plans/Transcripts/transcript-2026-05-20-1-MakePictureFix.md,,1.0,0.0,False,False,automatic,,,,,,
commit,e534c8366925af29f7c8f9ab67a908c5d6941650,transcript,transcript-2026-05-20-2-28-AddSwiftTagUseDocumentation,transcript-archive,changed-transcript-path,Docs/Plans/Transcripts/transcript-2026-05-20-2-28-AddSwiftTagUseDocumentation.md,,1.0,0.0,False,False,automatic,,,,,,
commit,e534c8366925af29f7c8f9ab67a908c5d6941650,plan,28,transcript-archive,transcript-archive-provenance,Docs/Plans/Transcripts/transcript-2026-05-20-2-28-AddSwiftTagUseDocumentation.md,,1.0,0.0,False,False,automatic,,,,,,
commit,716c54c01f81ac69fb1c6e5252727cbd5dd10310,transcript,transcript-2026-05-26-1-MiscCleanupAndDocs,transcript-archive,changed-transcript-path,Docs/Plans/Transcripts/transcript-2026-05-26-1-MiscCleanupAndDocs.md,,1.0,0.0,False,False,automatic,,,,,,
commit,5b2392f98b7d9b0680edf4fdfb6966ed9a44d9bc,transcript,transcript-2026-05-30-1-DiffFormatAndTestFix,transcript-archive,changed-transcript-path,Docs/Plans/Transcripts/transcript-2026-05-30-1-DiffFormatAndTestFix.md,,1.0,0.0,False,False,automatic,,,,,,
commit,abe9194d5f3d791d34010e12ea51acb0054ae4ce,transcript,transcript-2026-06-03-1-UpdatesForRelease-1-0-2,transcript-archive,changed-transcript-path,Docs/Plans/Transcripts/transcript-2026-06-03-1-UpdatesForRelease-1-0-2.md,,1.0,0.0,False,False,automatic,,,,,,
commit,d2843d58d7c77e0470d1b467eacf8a956665e2c9,transcript,transcript-2026-06-15-1-30-AutoUpdateTrackTotalByDisc,transcript-archive,changed-transcript-path,Docs/Plans/Transcripts/transcript-2026-06-15-1-30-AutoUpdateTrackTotalByDisc.md,,1.0,0.0,False,False,automatic,,,,,,
commit,d2843d58d7c77e0470d1b467eacf8a956665e2c9,plan,30,transcript-archive,transcript-archive-provenance,Docs/Plans/Transcripts/transcript-2026-06-15-1-30-AutoUpdateTrackTotalByDisc.md,,1.0,0.0,False,False,automatic,,,,,,
commit,7228297fdfbf05a87af30e5330fdcdd1e908dd84,transcript,transcript-2026-06-16-1-31-AddTrackSortAndNumbering,transcript-archive,changed-transcript-path,Docs/Plans/Transcripts/transcript-2026-06-16-1-31-AddTrackSortAndNumbering.md,,1.0,0.0,False,False,automatic,,,,,,
commit,7228297fdfbf05a87af30e5330fdcdd1e908dd84,plan,31,transcript-archive,transcript-archive-provenance,Docs/Plans/Transcripts/transcript-2026-06-16-1-31-AddTrackSortAndNumbering.md,,1.0,0.0,False,False,automatic,,,,,,
commit,88d09498e62eed6f088450eb0cf1ec3129a7ad34,transcript,transcript-2026-06-17-1-32-AutoUpdateDiscTotal,transcript-archive,changed-transcript-path,Docs/Plans/Transcripts/transcript-2026-06-17-1-32-AutoUpdateDiscTotal.md,,1.0,0.0,False,False,automatic,,,,,,
commit,88d09498e62eed6f088450eb0cf1ec3129a7ad34,plan,32,transcript-archive,transcript-archive-provenance,Docs/Plans/Transcripts/transcript-2026-06-17-1-32-AutoUpdateDiscTotal.md,,1.0,0.0,False,False,automatic,,,,,,
commit,29444d740b06ee147a5690f1070d56abfa8be162,transcript,transcript-2026-06-18-1-33-AddTrackFileRename,transcript-archive,changed-transcript-path,Docs/Plans/Transcripts/transcript-2026-06-18-1-33-AddTrackFileRename.md,,1.0,0.0,False,False,automatic,,,,,,
commit,29444d740b06ee147a5690f1070d56abfa8be162,plan,33,transcript-archive,transcript-archive-provenance,Docs/Plans/Transcripts/transcript-2026-06-18-1-33-AddTrackFileRename.md,,1.0,0.0,False,False,automatic,,,,,,
commit,03227c22ec04d4a16f48e8159bca42426af9eac7,transcript,transcript-2026-05-30-1-DiffFormatAndTestFix,work,reviewed-config,manual_links.json,,1.0,0.0,False,False,include,codex-semantic-review-c,2026-07-10T19:02:59Z,plan-34-v1,Reviewed segment membership.,b381b7ac9aeafde8a03da884594992f93195a1da0374a8d1a3625872d9591d14,
commit,063c138d4ad746588a85c0be70cc1c5c75854e87,transcript,transcript-2026-05-02-1-26-AddAppleScriptSupport,work,reviewed-config,manual_links.json,,1.0,0.0,False,False,include,codex-semantic-review-c,2026-07-10T19:02:59Z,plan-34-v1,Reviewed segment membership.,c021a1364c47ca19050515ea9bbf607e250e6cfc57d41b2098828f030ef67993,
commit,096d27739611fe6d978a8e683283c1ec3de7c030,transcript,transcript-2026-04-09-2-21-AddSwiftTagDocumentBookmark,work,reviewed-config,manual_links.json,,1.0,0.0,False,False,include,Codex GPT-5,2026-07-10T18:59:40Z,plan-34-v1,Reviewed segment membership.,e91a0e93565f1bb094665a220cedfab5ae419a7cac975b835f26625687d6360d,
commit,0c2d38575541a8dada750da08698d78e75a4d3f0,transcript,transcript-2026-04-22-1-26-AddAppleScriptSupport,work,reviewed-config,manual_links.json,,1.0,0.0,False,False,include,Codex GPT-5,2026-07-10T18:59:40Z,plan-34-v1,Reviewed segment membership.,e1a7f465f5031090ee807f1c910cc5932a9fd57fca2394fc94285cc11e77ead4,
commit,0d268f9dbda719319837ad31711eb87f9f166499,transcript,transcript-2026-03-18-1-9-AddUIFeedbackSettings,work,reviewed-config,manual_links.json,,1.0,0.0,False,False,include,Codex semantic review A,2026-07-10,plan-34-v1,Reviewed segment membership.,280965f57554edfcd5ade4d01291294d9a07aff7e522b06c2a1a0dd02927f03d,
commit,11ba78598b25840b5e415e7410b8df4b75c964c5,transcript,transcript-2026-04-28-1-26-AddAppleScriptSupport,work,reviewed-config,manual_links.json,,1.0,0.0,False,False,include,codex-semantic-review-c,2026-07-10T19:02:59Z,plan-34-v1,Reviewed segment membership.,c6b1f5612c63fb69f839a1040a5ac0a11b913e06fd285afaec75bff09eddd6e2,
commit,11e4877420c3dc760f9be803b2734ea34a2031e0,transcript,transcript-2026-05-13-1-28-AddSwiftTagUseDocumentation,work,reviewed-config,manual_links.json,,1.0,0.0,False,False,include,codex-semantic-review-c,2026-07-10T19:02:59Z,plan-34-v1,Reviewed segment membership.,900e75c9241e88264c886808ff022cd70d7e8a47f73d767fba4cd40cf824a7be,
commit,1276536d7ce542d757187ed8e2a7a229c6741847,transcript,transcript-2026-04-02-1-15-AddSwiftTagDocumentCreation,work,reviewed-config,manual_links.json,,1.0,0.0,False,False,include,Codex semantic review A,2026-07-10,plan-34-v1,Reviewed segment membership.,63b44498e01cd5caa4fef9420734c5d368fa0a27f15e603eefb0e0dc4ab8d9ee,
commit,14a623cc7cae72b22210b2f44a8b8a9d3f09e85f,transcript,transcript-2026-05-18-1-28-AddSwiftTagUseDocumentation,work,reviewed-config,manual_links.json,,1.0,0.0,False,False,include,codex-semantic-review-c,2026-07-10T19:02:59Z,plan-34-v1,Reviewed segment membership.,1a772c6f9a16e1403e9e5ba1e61d5a8a1796d3ea0c9f8e6d2f0817b7e35a8172,
commit,17b6c1045af4a5e5e2c465dded80f53ff5695df5,transcript,transcript-2026-05-01-1-26-AddAppleScriptSupport,work,reviewed-config,manual_links.json,,1.0,0.0,False,False,include,codex-semantic-review-c,2026-07-10T19:02:59Z,plan-34-v1,Reviewed segment membership.,bbc56608eef3cdb1d80570a197a1fa77d4209098cc67641f1cc333841901d918,
commit,192eaacabaecbe09ee3ee59d935f0d3ab2d86a02,transcript,transcript-2026-04-18-1-26-AddAppleScriptSupport,work,reviewed-config,manual_links.json,,1.0,0.0,False,False,include,Codex GPT-5,2026-07-10T18:59:40Z,plan-34-v1,Reviewed segment membership.,b64c61fce794aef9c664615c2dbec2e6689909fed1053b36450402e125e66685,
commit,19369540b1a2f92b3ab4fd1cedb4db7cefe41498,transcript,transcript-2026-04-06-4-TestBugFixes,work,reviewed-config,manual_links.json,,1.0,0.0,False,False,include,Codex GPT-5,2026-07-10T18:59:40Z,plan-34-v1,Reviewed segment membership.,c3b951bdbbe608f312389fb1832bf41f2ff6d259860f9163cdf419e38d9dc7b6,
commit,1b08404c005806083a5443603d98c10c5510ee70,transcript,transcript-2026-05-01-1-26-AddAppleScriptSupport,work,reviewed-config,manual_links.json,,1.0,0.0,False,False,include,codex-semantic-review-c,2026-07-10T19:02:59Z,plan-34-v1,Reviewed segment membership.,bbc56608eef3cdb1d80570a197a1fa77d4209098cc67641f1cc333841901d918,
commit,1c2bb82cfcda4a8e4043b7e883e42928b18064cf,transcript,transcript-2026-04-04-1-16-AddSwiftTagDocumentRead,work,reviewed-config,manual_links.json,,1.0,0.0,False,False,include,Codex semantic review A,2026-07-10,plan-34-v1,Reviewed segment membership.,eda43e80221161777459808bfc581fb27701929281883a090efeee6076032d55,
commit,1e4ea8e60ed212c41a1f3f43a972ccad5855a07a,transcript,transcript-2026-03-23-1-11-AddMultiPicturePerTrackSupport,work,reviewed-config,manual_links.json,,1.0,0.0,False,False,include,Codex semantic review A,2026-07-10,plan-34-v1,Reviewed segment membership.,1231b545f6e9d46efd8dfdba0bea89df5c23e0d51aaaf5b2e7ecc04a83850d1c,
commit,1fcd08274065e59e148cb05d16e592e98f02bced,transcript,transcript-2026-02-27-1-1-FLACBridgeExecution,work,reviewed-config,manual_links.json,,1.0,0.0,False,False,include,Codex semantic review A,2026-07-10,plan-34-v1,Reviewed segment membership.,4e20db4d0d0f010915da1272767dbc1564566bdc369ff2227cc970dbdeb27bf6,
commit,2298c43c00492de67ad920a395d3ec7a8c8fb722,transcript,transcript-2026-04-22-2-26-AddAppleScriptSupport,work,reviewed-config,manual_links.json,,1.0,0.0,False,False,include,Codex GPT-5,2026-07-10T18:59:40Z,plan-34-v1,Reviewed segment membership.,9131d8aa4582cb52a3ac22be0343ac22d63800d5c09e9654f0caea89d2804342,
commit,2302109d0c43a41cb71c36e47cf2b4b8973a63d6,transcript,transcript-2026-03-03-1-MiscTagEditorDev,work,reviewed-config,manual_links.json,,1.0,0.0,False,False,include,Codex semantic review A,2026-07-10,plan-34-v1,Reviewed segment membership.,4d40c2f73ea89989849863ae9f166869083ba434f91aff6244b2dc92778baee4,
commit,24428a1548324e06268c9174e358e22e9559801b,transcript,transcript-2026-04-29-2-26-AddAppleScriptSupport,work,reviewed-config,manual_links.json,,1.0,0.0,False,False,include,codex-semantic-review-c,2026-07-10T19:02:59Z,plan-34-v1,Reviewed segment membership.,6cc82c8caa997f38c9a9757e25ae76036c1472e7cfa10cf4e6d8e4ecc2ab14de,
commit,25fde2c3d0c01acd97eb967b5903f6336c57b6ae,transcript,transcript-2026-05-07-1-26-AddAppleScriptSupport,work,reviewed-config,manual_links.json,,1.0,0.0,False,False,include,codex-semantic-review-c,2026-07-10T19:02:59Z,plan-34-v1,Reviewed segment membership.,2a9998047e14e2d57fffd81f00c4c8ec4a47224e600d1c4aa048c33336fc2e6e,
commit,27b32d888ac16fcaa31f6735b29d960131a8315c,transcript,transcript-2026-03-06-1-4-FlacWriteTagsAndPicturesPlan,work,reviewed-config,manual_links.json,,1.0,0.0,False,False,include,Codex semantic review A,2026-07-10,plan-34-v1,Reviewed segment membership.,552af03acbc4cb6016b95939fc43a359b2519ce2bb7a0402261db5f0a9e3a10d,
commit,27b4d85ec22c4165acb415ef3929bd10d4c35202,transcript,transcript-2026-04-07-3-19-AddSwiftTagDocumentSaveOptions,work,reviewed-config,manual_links.json,,1.0,0.0,False,False,include,Codex GPT-5,2026-07-10T18:59:40Z,plan-34-v1,Reviewed segment membership.,7478bd386d1269fdbac61d3f52f4a4a8a23d0ccdb3a0c5aff5f99f7f5053a48f,
commit,29444d740b06ee147a5690f1070d56abfa8be162,transcript,transcript-2026-06-18-1-33-AddTrackFileRename,work,reviewed-config,manual_links.json,,1.0,0.0,False,False,include,codex-semantic-review-c,2026-07-10T19:02:59Z,plan-34-v1,Reviewed segment membership.,85ca175334dbf0b0854e9d46e3f6557fb12785232e608fd748c788e4d6554e95,
commit,2976159836a41160b0a462b26c952968c19a7923,transcript,transcript-2026-05-10-1-26-AddAppleScriptSupport,work,reviewed-config,manual_links.json,,1.0,0.0,False,False,include,codex-semantic-review-c,2026-07-10T19:02:59Z,plan-34-v1,Reviewed segment membership.,af354ce10846b2a2e4f13ca2833235076a141f30a7b565f5919bf59ea75250b5,
commit,29c8eed7decacebe51ab53c9150e9b5b86cd9f3b,transcript,transcript-2026-04-10-4-CompilationDisabledAndDiffFix,work,reviewed-config,manual_links.json,,1.0,0.0,False,False,include,Codex GPT-5,2026-07-10T18:59:40Z,plan-34-v1,Reviewed segment membership.,e4d8a35244bceaa3d375b43892342c0c370576155155bb7b3298c99ac8af5b05,
commit,2aee7213d2467ac765cf2f834b3e8b0a5409064e,transcript,transcript-2026-03-26-1-11-AddMultiPicturePerTrackSupport,work,reviewed-config,manual_links.json,,1.0,0.0,False,False,include,Codex semantic review A,2026-07-10,plan-34-v1,Reviewed segment membership.,079432da1a3e4dcf7e871e76d7a4b2562b53e9245061a84951e8105e60db3396,
commit,2c3898c5b9fee3c3eefa3367c3219b2f4dbd2974,transcript,transcript-2026-03-26-1-11-AddMultiPicturePerTrackSupport,work,reviewed-config,manual_links.json,,1.0,0.0,False,False,include,Codex semantic review A,2026-07-10,plan-34-v1,Reviewed segment membership.,079432da1a3e4dcf7e871e76d7a4b2562b53e9245061a84951e8105e60db3396,
commit,2d3e003b9689d477939ba8543f037de2cf8068c5,transcript,transcript-2026-03-14-1-8-AddTrackStatusPlan,work,reviewed-config,manual_links.json,,1.0,0.0,False,False,include,Codex semantic review A,2026-07-10,plan-34-v1,Reviewed segment membership.,1c8302fdc763563007511f7d3e7147c53c67bd9dba03671c3a2f5e09fffe56d3,
commit,2e24923ec49954fa4d4b17f56f3d26c10265a51b,transcript,transcript-2026-05-04-1-26-AddAppleScriptSupport,work,reviewed-config,manual_links.json,,1.0,0.0,False,False,include,codex-semantic-review-c,2026-07-10T19:02:59Z,plan-34-v1,Reviewed segment membership.,cf95c63b79494e9275c14acc38e44402abea2176c11e7e30fea2e058254072ed,
commit,32babc084a6572ee51a860f636b385d6870c2b90,transcript,transcript-2026-05-13-1-28-AddSwiftTagUseDocumentation,work,reviewed-config,manual_links.json,,1.0,0.0,False,False,include,codex-semantic-review-c,2026-07-10T19:02:59Z,plan-34-v1,Reviewed segment membership.,900e75c9241e88264c886808ff022cd70d7e8a47f73d767fba4cd40cf824a7be,
commit,352ff8c562657dc7ed4c0171d4448bdda0bec559,transcript,transcript-2026-04-16-1-InternalExternalDiffUpdateFix,work,reviewed-config,manual_links.json,,1.0,0.0,False,False,include,Codex GPT-5,2026-07-10T18:59:40Z,plan-34-v1,Reviewed segment membership.,1b5f9c8bde1fbf2122c0ff45de3e8f08e0da0e676a5de90abe636da77423b0e5,
commit,36789f5d0b7a89231ac47b62ca91d92c8b537df8,transcript,transcript-2026-05-30-1-DiffFormatAndTestFix,work,reviewed-config,manual_links.json,,1.0,0.0,False,False,include,codex-semantic-review-c,2026-07-10T19:02:59Z,plan-34-v1,Reviewed segment membership.,b381b7ac9aeafde8a03da884594992f93195a1da0374a8d1a3625872d9591d14,
commit,36c5b18642e6568ca15e897dcae9132a6907e9db,transcript,transcript-2026-04-14-1-25-AddPictureDescriptionEdit,work,reviewed-config,manual_links.json,,1.0,0.0,False,False,include,Codex GPT-5,2026-07-10T18:59:40Z,plan-34-v1,Reviewed segment membership.,2f4918e9f2b60b95ace18c73b04e0c72f8512dc3c8d5fb262ba6767e6330a18d,
commit,3c4cfff64ee127631152a551713977c1ad5a40dd,transcript,transcript-2026-04-10-1-LaunchOpenFlacOrDocFix,work,reviewed-config,manual_links.json,,1.0,0.0,False,False,include,Codex GPT-5,2026-07-10T18:59:40Z,plan-34-v1,Reviewed segment membership.,eb0cd50e7dcaf50b10e1e4d05dd17f6d31ee8c5e9050a43a172b655feaabebf0,
commit,3fd6771aa6fbbc5afe81722f5d39ce0c171019cd,transcript,transcript-2026-05-03-2-26-AddAppleScriptSupport,work,reviewed-config,manual_links.json,,1.0,0.0,False,False,include,codex-semantic-review-c,2026-07-10T19:02:59Z,plan-34-v1,Reviewed segment membership.,224d816f671b63b1246d048d3efe4094ff88709e7e653d5ccb3d70b487463a3a,
commit,41e60a87d8b66f2a9ba012f5c5d11b525ab7c759,transcript,transcript-2026-04-06-1-18-UpdateWindowTitleText,work,reviewed-config,manual_links.json,,1.0,0.0,False,False,include,Codex GPT-5,2026-07-10T18:59:40Z,plan-34-v1,Reviewed segment membership.,9d2bb341806e42b5563f563f3ba9b6c8baf69defeba03c10423b825103ca2772,
commit,43b64835145b64f3346d6298de67754019b36df8,transcript,transcript-2026-05-04-1-26-AddAppleScriptSupport,work,reviewed-config,manual_links.json,,1.0,0.0,False,False,include,codex-semantic-review-c,2026-07-10T19:02:59Z,plan-34-v1,Reviewed segment membership.,cf95c63b79494e9275c14acc38e44402abea2176c11e7e30fea2e058254072ed,
commit,44df34502dee4a2af0a264dfe0047ff8e82be4ab,transcript,transcript-2026-05-18-1-28-AddSwiftTagUseDocumentation,work,reviewed-config,manual_links.json,,1.0,0.0,False,False,include,codex-semantic-review-c,2026-07-10T19:02:59Z,plan-34-v1,Reviewed segment membership.,1a772c6f9a16e1403e9e5ba1e61d5a8a1796d3ea0c9f8e6d2f0817b7e35a8172,
commit,452263137775f01b3d4877c28d37aad4dce7884d,transcript,transcript-2026-05-12-1-28-AddSwiftTagUseDocumentation,work,reviewed-config,manual_links.json,,1.0,0.0,False,False,include,codex-semantic-review-c,2026-07-10T19:02:59Z,plan-34-v1,Reviewed segment membership.,d9ed673c327d4d5852c29935fdc871a9a133d40e0842c3dfa824509a46fa3937,
commit,454258cb9db98ff57199e91810c74d771038a613,transcript,transcript-2026-04-10-3-AddSwiftTagDocumentSwiftTags,work,reviewed-config,manual_links.json,,1.0,0.0,False,False,include,Codex GPT-5,2026-07-10T18:59:40Z,plan-34-v1,Reviewed segment membership.,5e667e2ca50137f737c1f593510ab99c15015d1aba8c6e32ae54d5409cf9a314,
commit,46a24e9e98968ea9d3bfa50853be92e35d857f8e,transcript,transcript-2026-04-29-2-26-AddAppleScriptSupport,work,reviewed-config,manual_links.json,,1.0,0.0,False,False,include,codex-semantic-review-c,2026-07-10T19:02:59Z,plan-34-v1,Reviewed segment membership.,6cc82c8caa997f38c9a9757e25ae76036c1472e7cfa10cf4e6d8e4ecc2ab14de,
commit,486b13c723b2fac0220854d9ea7269a09442e7ce,transcript,transcript-2026-05-26-1-MiscCleanupAndDocs,work,reviewed-config,manual_links.json,,1.0,0.0,False,False,include,codex-semantic-review-c,2026-07-10T19:02:59Z,plan-34-v1,Reviewed segment membership.,185baecbb77c9d1ef352802e8fe4c65f172357dc07ca10a03693e2a9f3af3768,
commit,48fd612594d6a6ae7f88cfe82807c8c31823b63d,transcript,transcript-2026-05-30-1-DiffFormatAndTestFix,work,reviewed-config,manual_links.json,,1.0,0.0,False,False,include,codex-semantic-review-c,2026-07-10T19:02:59Z,plan-34-v1,Reviewed segment membership.,b381b7ac9aeafde8a03da884594992f93195a1da0374a8d1a3625872d9591d14,
commit,4a07659704ab091a117b882a027635c12af8294c,transcript,transcript-2026-04-14-1-25-AddPictureDescriptionEdit,work,reviewed-config,manual_links.json,,1.0,0.0,False,False,include,Codex GPT-5,2026-07-10T18:59:40Z,plan-34-v1,Reviewed segment membership.,2f4918e9f2b60b95ace18c73b04e0c72f8512dc3c8d5fb262ba6767e6330a18d,
commit,4e470f0885282d2dfa9bcfc38252ea229589132c,transcript,transcript-2026-04-10-2-22-AddSwiftTagDocumentSaveOptions,work,reviewed-config,manual_links.json,,1.0,0.0,False,False,include,Codex GPT-5,2026-07-10T18:59:40Z,plan-34-v1,Reviewed segment membership.,aa3eefd2d203c682fd9ea754b3a405319702eba631bf6c34b3c5e6225f35a63c,
commit,50b8fd902d32fca1ed43570b89b6e097dd4e9fae,transcript,transcript-2026-05-18-1-28-AddSwiftTagUseDocumentation,work,reviewed-config,manual_links.json,,1.0,0.0,False,False,include,codex-semantic-review-c,2026-07-10T19:02:59Z,plan-34-v1,Reviewed segment membership.,1a772c6f9a16e1403e9e5ba1e61d5a8a1796d3ea0c9f8e6d2f0817b7e35a8172,
commit,546e43d639eb9d7eceb46aa966b8a592b187b12c,transcript,transcript-2026-04-23-2-26-AddAppleScriptSupport,work,reviewed-config,manual_links.json,,1.0,0.0,False,False,include,Codex GPT-5,2026-07-10T18:59:40Z,plan-34-v1,Reviewed segment membership.,5d9bda6db372fd58312c51747183b3a261cd17614b32ff4d4d0917ea55c8aa55,
commit,561817a4bca220d705273d6744f1e5756cec418f,transcript,transcript-2026-04-09-2-21-AddSwiftTagDocumentBookmark,work,reviewed-config,manual_links.json,,1.0,0.0,False,False,include,Codex GPT-5,2026-07-10T18:59:40Z,plan-34-v1,Reviewed segment membership.,e91a0e93565f1bb094665a220cedfab5ae419a7cac975b835f26625687d6360d,
commit,575c54bdaeb6d9eda3326eedccc6e2395422094e,transcript,transcript-2026-04-05-2-AddFlacStatusUpdateFix,work,reviewed-config,manual_links.json,,1.0,0.0,False,False,include,Codex semantic review A,2026-07-10,plan-34-v1,Reviewed segment membership.,64944f6d5ec51db2dfaf0619fca1222e8ef905d1904d133c7fc6b0d5d564eed4,
commit,5866685bcbe463804d3efa4fb258029bf961207a,transcript,transcript-2026-04-21-1-26-AddAppleScriptSupport,work,reviewed-config,manual_links.json,,1.0,0.0,False,False,include,Codex GPT-5,2026-07-10T18:59:40Z,plan-34-v1,Reviewed segment membership.,18d28e274a7394fdb7d98bc94481b138fc8d6542ccf0b993065262e7c4bfdbc4,
commit,58c447d0c8f8d603db83117199143fea38de98fb,transcript,transcript-2026-06-03-1-UpdatesForRelease-1-0-2,work,reviewed-config,manual_links.json,,1.0,0.0,False,False,include,codex-semantic-review-c,2026-07-10T19:02:59Z,plan-34-v1,Reviewed segment membership.,7eafdb37e42ed8ba6017f99b4dc58862886a5446093b6e7bd6a80f704fc3a1ea,
commit,5b2392f98b7d9b0680edf4fdfb6966ed9a44d9bc,transcript,transcript-2026-05-30-1-DiffFormatAndTestFix,work,reviewed-config,manual_links.json,,1.0,0.0,False,False,include,codex-semantic-review-c,2026-07-10T19:02:59Z,plan-34-v1,Reviewed segment membership.,b381b7ac9aeafde8a03da884594992f93195a1da0374a8d1a3625872d9591d14,
commit,5c2ab0a3ba722d5fdc139615b6eb55902237162d,transcript,transcript-2026-05-20-2-28-AddSwiftTagUseDocumentation,work,reviewed-config,manual_links.json,,1.0,0.0,False,False,include,codex-semantic-review-c,2026-07-10T19:02:59Z,plan-34-v1,Reviewed segment membership.,cab763913bb2197bd4760481a4f745fb4aa020a579ba02d635f221c368b86616,
commit,5c58b2c352709f9b9c609c1e60a15c4ebf49062c,transcript,transcript-2026-05-30-1-DiffFormatAndTestFix,work,reviewed-config,manual_links.json,,1.0,0.0,False,False,include,codex-semantic-review-c,2026-07-10T19:02:59Z,plan-34-v1,Reviewed segment membership.,b381b7ac9aeafde8a03da884594992f93195a1da0374a8d1a3625872d9591d14,
commit,5cf9b48f0411fadf42905537294e7db841c6a628,transcript,transcript-2026-05-18-1-28-AddSwiftTagUseDocumentation,work,reviewed-config,manual_links.json,,1.0,0.0,False,False,include,codex-semantic-review-c,2026-07-10T19:02:59Z,plan-34-v1,Reviewed segment membership.,1a772c6f9a16e1403e9e5ba1e61d5a8a1796d3ea0c9f8e6d2f0817b7e35a8172,
commit,5f406d41dab292e9d24be77a40a86053fba4e075,transcript,transcript-2026-06-03-1-UpdatesForRelease-1-0-2,work,reviewed-config,manual_links.json,,1.0,0.0,False,False,include,codex-semantic-review-c,2026-07-10T19:02:59Z,plan-34-v1,Reviewed segment membership.,7eafdb37e42ed8ba6017f99b4dc58862886a5446093b6e7bd6a80f704fc3a1ea,
commit,603c07621916ecd47e1a9faee08d8c32cd6eebdf,transcript,transcript-2026-04-08-1-20-AddSwiftTagDocumentSaveOptions,work,reviewed-config,manual_links.json,,1.0,0.0,False,False,include,Codex GPT-5,2026-07-10T18:59:40Z,plan-34-v1,Reviewed segment membership.,b654a9e12b309a8d93fc20b505b7397264d1c7e9777d8f98452a89f6524d5112,
commit,604d139ad72b08a404092b8812a0130678f53984,transcript,transcript-2026-05-20-2-28-AddSwiftTagUseDocumentation,work,reviewed-config,manual_links.json,,1.0,0.0,False,False,include,codex-semantic-review-c,2026-07-10T19:02:59Z,plan-34-v1,Reviewed segment membership.,cab763913bb2197bd4760481a4f745fb4aa020a579ba02d635f221c368b86616,
commit,633671ae999d222fba32fde71594440b8b367350,transcript,transcript-2026-04-04-1-17-SwiftTagDocumentReadLiveFileResolution,work,reviewed-config,manual_links.json,,1.0,0.0,False,False,include,Codex semantic review A,2026-07-10,plan-34-v1,Reviewed segment membership.,5384626a68182965de66f049e507130a5e841f851059ba3121547936d5e6fba1,
commit,65538b7f93d2246cfc37625f018af76640c6aa40,transcript,transcript-2026-05-26-1-MiscCleanupAndDocs,work,reviewed-config,manual_links.json,,1.0,0.0,False,False,include,codex-semantic-review-c,2026-07-10T19:02:59Z,plan-34-v1,Reviewed segment membership.,185baecbb77c9d1ef352802e8fe4c65f172357dc07ca10a03693e2a9f3af3768,
commit,6811df91487bd977d74d60b43af798e9970e5d69,transcript,transcript-2026-04-28-2-26-AddAppleScriptSupport,work,reviewed-config,manual_links.json,,1.0,0.0,False,False,include,codex-semantic-review-c,2026-07-10T19:02:59Z,plan-34-v1,Reviewed segment membership.,d669871ede0566183e0d540a2d3df70bf6e48bbb459f77129529c021a67e605d,
commit,68e340f508e0f0f5b0ac2fbbcae259abf6155b6e,transcript,transcript-2026-03-23-1-11-AddMultiPicturePerTrackSupport,work,reviewed-config,manual_links.json,,1.0,0.0,False,False,include,Codex semantic review A,2026-07-10,plan-34-v1,Reviewed segment membership.,1231b545f6e9d46efd8dfdba0bea89df5c23e0d51aaaf5b2e7ecc04a83850d1c,
commit,68f7c7b1c66c1a7acd0564610efe03ceff89180b,transcript,transcript-2026-03-19-1-10-AddTrackManagement,work,reviewed-config,manual_links.json,,1.0,0.0,False,False,include,Codex semantic review A,2026-07-10,plan-34-v1,Reviewed segment membership.,7ecaa63f382b263182b4871500034b241deee2384bee10cc7db70b0bcdc4060b,
commit,6c669809df69c8e7566517df27f84cd4ac85cb37,transcript,transcript-2026-03-04-1-2-ContentViewReorganizationPlan.md,work,reviewed-config,manual_links.json,,1.0,0.0,False,False,include,Codex semantic review A,2026-07-10,plan-34-v1,Reviewed segment membership.,fc2f5046c96b2bac9afc96164eb2dd4669f8199cf0a8229fc89c412b914d85fa,
commit,6cf4772cd3482a0a7ca38f2f613ca64a86da22a1,transcript,transcript-2026-02-27-1-1-FLACBridgeExecution,work,reviewed-config,manual_links.json,,1.0,0.0,False,False,include,Codex semantic review A,2026-07-10,plan-34-v1,Reviewed segment membership.,4e20db4d0d0f010915da1272767dbc1564566bdc369ff2227cc970dbdeb27bf6,
commit,716c54c01f81ac69fb1c6e5252727cbd5dd10310,transcript,transcript-2026-05-26-1-MiscCleanupAndDocs,work,reviewed-config,manual_links.json,,1.0,0.0,False,False,include,codex-semantic-review-c,2026-07-10T19:02:59Z,plan-34-v1,Reviewed segment membership.,185baecbb77c9d1ef352802e8fe4c65f172357dc07ca10a03693e2a9f3af3768,
commit,7228297fdfbf05a87af30e5330fdcdd1e908dd84,transcript,transcript-2026-06-16-1-31-AddTrackSortAndNumbering,work,reviewed-config,manual_links.json,,1.0,0.0,False,False,include,codex-semantic-review-c,2026-07-10T19:02:59Z,plan-34-v1,Reviewed segment membership.,b99d35bfa582211c2019cc43f6c8535a0e6fb29f21b36f82dfa55492b0b7e936,
commit,7602f5d2dbef63b01a09845e5f322ad810ce7431,transcript,transcript-2026-05-20-1-MakePictureFix,work,reviewed-config,manual_links.json,,1.0,0.0,False,False,include,codex-semantic-review-c,2026-07-10T19:02:59Z,plan-34-v1,Reviewed segment membership.,9d4b25ef4a4d3d0b37d883cb7150a53ae8b32cc3547430ba107acda8a61c0e56,
commit,777706cf1432bcd9bbd0ff1d145469d038b76fd3,transcript,transcript-2026-04-18-1-26-AddAppleScriptSupport,work,reviewed-config,manual_links.json,,1.0,0.0,False,False,include,Codex GPT-5,2026-07-10T18:59:40Z,plan-34-v1,Reviewed segment membership.,b64c61fce794aef9c664615c2dbec2e6689909fed1053b36450402e125e66685,
commit,77e0dc1182db2bdd7d3a4d09b5c1a7b3b912191b,transcript,transcript-2026-05-07-1-26-AddAppleScriptSupport,work,reviewed-config,manual_links.json,,1.0,0.0,False,False,include,codex-semantic-review-c,2026-07-10T19:02:59Z,plan-34-v1,Reviewed segment membership.,2a9998047e14e2d57fffd81f00c4c8ec4a47224e600d1c4aa048c33336fc2e6e,
commit,798de55dcbb0a4e26d499cec324224070b108b19,transcript,transcript-2026-06-03-1-UpdatesForRelease-1-0-2,work,reviewed-config,manual_links.json,,1.0,0.0,False,False,include,codex-semantic-review-c,2026-07-10T19:02:59Z,plan-34-v1,Reviewed segment membership.,7eafdb37e42ed8ba6017f99b4dc58862886a5446093b6e7bd6a80f704fc3a1ea,
commit,7c15f6097d77ab2db98c6795b04474308f770536,transcript,transcript-2026-05-02-2-26-AddAppleScriptSupport,work,reviewed-config,manual_links.json,,1.0,0.0,False,False,include,codex-semantic-review-c,2026-07-10T19:02:59Z,plan-34-v1,Reviewed segment membership.,b2d0ceb7c3e68aaeeee795459c69a715f29e9cb3e8b774feb81d513431dee054,
commit,8053109fcb999ee4c2f8a060048b83dbfe4eed81,transcript,transcript-2026-05-20-1-MakePictureFix,work,reviewed-config,manual_links.json,,1.0,0.0,False,False,include,codex-semantic-review-c,2026-07-10T19:02:59Z,plan-34-v1,Reviewed segment membership.,9d4b25ef4a4d3d0b37d883cb7150a53ae8b32cc3547430ba107acda8a61c0e56,
commit,80b722ee0e77887149ebfd307538cac12a5907c3,transcript,transcript-2026-03-07-1-5-AddSaveNotificationsPlan,work,reviewed-config,manual_links.json,,1.0,0.0,False,False,include,Codex semantic review A,2026-07-10,plan-34-v1,Reviewed segment membership.,6cbddd9788ca80bd962a5fca384338cc2db96a15dc0548f8a34c65af3cf39c3b,
commit,80b722ee0e77887149ebfd307538cac12a5907c3,transcript,transcript-2026-03-07-2-6-AgentsTranscriptSkillPlan,work,reviewed-config,manual_links.json,,1.0,0.0,False,False,include,Codex semantic review A,2026-07-10,plan-34-v1,Reviewed segment membership.,dd602832b2a181afbaf41a10bdbe6122a059c60433581a98c7d2b254ef70fae2,
commit,82c43c94fe7392a5e5551ef1a311c150006ab0f3,transcript,transcript-2026-05-15-1-29-AddSandboxSettings,work,reviewed-config,manual_links.json,,1.0,0.0,False,False,include,codex-semantic-review-c,2026-07-10T19:02:59Z,plan-34-v1,Reviewed segment membership.,396af45e512101654207954903284f9c6e521f1ef9d4afed9a3282ecb1215f7a,
commit,82db5cd7599e76c1f0c6e8dda5f420865e32f4e7,transcript,transcript-2026-05-10-1-26-AddAppleScriptSupport,work,reviewed-config,manual_links.json,,1.0,0.0,False,False,include,codex-semantic-review-c,2026-07-10T19:02:59Z,plan-34-v1,Reviewed segment membership.,af354ce10846b2a2e4f13ca2833235076a141f30a7b565f5919bf59ea75250b5,
commit,83083cbcdf9667c18e3a5c3c11c66d2cfa24f4a6,transcript,transcript-2026-03-18-1-9-AddUIFeedbackSettings,work,reviewed-config,manual_links.json,,1.0,0.0,False,False,include,Codex semantic review A,2026-07-10,plan-34-v1,Reviewed segment membership.,280965f57554edfcd5ade4d01291294d9a07aff7e522b06c2a1a0dd02927f03d,
commit,83b8764ca1faecb6f984a4cf8703eaad75501f8a,transcript,transcript-2026-04-30-2-26-AddAppleScriptSupport,work,reviewed-config,manual_links.json,,1.0,0.0,False,False,include,codex-semantic-review-c,2026-07-10T19:02:59Z,plan-34-v1,Reviewed segment membership.,fc6307f9b189a4b2ffca601324a854815c7fb296975b2d260a6b981d597cb898,
commit,859a8f570b718d332f3f3814fc621280ae0f077e,transcript,transcript-2026-04-21-1-26-AddAppleScriptSupport,work,reviewed-config,manual_links.json,,1.0,0.0,False,False,include,Codex GPT-5,2026-07-10T18:59:40Z,plan-34-v1,Reviewed segment membership.,18d28e274a7394fdb7d98bc94481b138fc8d6542ccf0b993065262e7c4bfdbc4,
commit,859a8f570b718d332f3f3814fc621280ae0f077e,transcript,transcript-2026-04-22-1-26-AddAppleScriptSupport,membership,reviewed-config,manual_links.json,,1.0,0.0,False,False,include,Codex GPT-5,2026-07-10T18:59:40Z,plan-34-v1,Confirmed nonexclusive membership; zero work allocation.,e1a7f465f5031090ee807f1c910cc5932a9fd57fca2394fc94285cc11e77ead4,
commit,88d09498e62eed6f088450eb0cf1ec3129a7ad34,transcript,transcript-2026-06-17-1-32-AutoUpdateDiscTotal,work,reviewed-config,manual_links.json,,1.0,0.0,False,False,include,codex-semantic-review-c,2026-07-10T19:02:59Z,plan-34-v1,Reviewed segment membership.,255272cdaf645705fc6eb6225e436f19a62878322e95f0db9136424561616d9e,
commit,893289b52cf06c6f3c02548f549ebc68e4281380,transcript,transcript-2026-05-18-1-28-AddSwiftTagUseDocumentation,work,reviewed-config,manual_links.json,,1.0,0.0,False,False,include,codex-semantic-review-c,2026-07-10T19:02:59Z,plan-34-v1,Reviewed segment membership.,1a772c6f9a16e1403e9e5ba1e61d5a8a1796d3ea0c9f8e6d2f0817b7e35a8172,
commit,90ef077070ed157959eed236c4a5edfc023423b8,transcript,transcript-2026-04-02-1-14-AddCompilationTag,work,reviewed-config,manual_links.json,,1.0,0.0,False,False,include,Codex semantic review A,2026-07-10,plan-34-v1,Reviewed segment membership.,91d0b36dfa73cfb2f3ca561b9c5099b1c963fb094dc8aded6282eacf1533263a,
commit,92460554b47e6062390266578964fe59fd5af784,transcript,transcript-2026-04-09-1-ExternalDifferenceDetectionFix,work,reviewed-config,manual_links.json,,1.0,0.0,False,False,include,Codex GPT-5,2026-07-10T18:59:40Z,plan-34-v1,Reviewed segment membership.,8db4e52f353756d7679d01e4a9725fe704c74296aed4943787ea9a10cbe5f9c2,
commit,9273900261be4959eb466c7c8dd5bce9283d6da8,transcript,transcript-2026-05-13-1-28-AddSwiftTagUseDocumentation,work,reviewed-config,manual_links.json,,1.0,0.0,False,False,include,codex-semantic-review-c,2026-07-10T19:02:59Z,plan-34-v1,Reviewed segment membership.,900e75c9241e88264c886808ff022cd70d7e8a47f73d767fba4cd40cf824a7be,
commit,94c83a7fe23cb17431994dd0f02d5f38c321630b,transcript,transcript-2026-05-07-1-26-AddAppleScriptSupport,work,reviewed-config,manual_links.json,,1.0,0.0,False,False,include,codex-semantic-review-c,2026-07-10T19:02:59Z,plan-34-v1,Reviewed segment membership.,2a9998047e14e2d57fffd81f00c4c8ec4a47224e600d1c4aa048c33336fc2e6e,
commit,95957dd6350042cf04715f42d75a708d22bd4af1,transcript,transcript-2026-04-24-1-26-AddAppleScriptSupport,work,reviewed-config,manual_links.json,,1.0,0.0,False,False,include,Codex GPT-5,2026-07-10T18:59:40Z,plan-34-v1,Reviewed segment membership.,9bf04ff8dbada2ce84d45fc7f9dc9d777df9f38fa13223cd98fe51f399308aa3,
commit,969d6592c5cd201b256d15e2453193b8064126f1,transcript,transcript-2026-05-18-1-28-AddSwiftTagUseDocumentation,work,reviewed-config,manual_links.json,,1.0,0.0,False,False,include,codex-semantic-review-c,2026-07-10T19:02:59Z,plan-34-v1,Reviewed segment membership.,1a772c6f9a16e1403e9e5ba1e61d5a8a1796d3ea0c9f8e6d2f0817b7e35a8172,
commit,987ade16137d70327f87ab16fcf3fc874681eba4,transcript,transcript-2026-04-30-1-26-AddAppleScriptSupport,work,reviewed-config,manual_links.json,,1.0,0.0,False,False,include,codex-semantic-review-c,2026-07-10T19:02:59Z,plan-34-v1,Reviewed segment membership.,5a91db283536a844382d7a7baddd35700b3789926844a39daac930f919098522,
commit,9b05c92e3f87af186de2ebdf43ebe8f297b41572,transcript,transcript-2026-04-29-1-26-AddAppleScriptSupport,work,reviewed-config,manual_links.json,,1.0,0.0,False,False,include,codex-semantic-review-c,2026-07-10T19:02:59Z,plan-34-v1,Reviewed segment membership.,ec28aacb6ee6d814e0ea14c399cc143e7f5636e13d9a3572137c9896058ef4a4,
commit,9e1ce62bf296678be8aa16075285d1f9e0cb453c,transcript,transcript-2026-03-21-1-11-AddMultiPicturePerTrackSupport,work,reviewed-config,manual_links.json,,1.0,0.0,False,False,include,Codex semantic review A,2026-07-10,plan-34-v1,Reviewed segment membership.,dec1bd8c8d77ef0fa3094cfce2a05624880cab94965a5a88c378107e0b3534b7,
commit,9e1ce62bf296678be8aa16075285d1f9e0cb453c,transcript,transcript-2026-03-22-1-11-AddMultiPicturePerTrackSupport,work,reviewed-config,manual_links.json,,1.0,0.0,False,False,include,Codex semantic review A,2026-07-10,plan-34-v1,Reviewed segment membership.,4d684f517e44f626e35ac3d27b0571402d04069e928ef46d27199039f2138a8d,
commit,a0438824397c29c96ca6c63b48ef501b5d63dffe,transcript,transcript-2026-03-26-1-11-AddMultiPicturePerTrackSupport,work,reviewed-config,manual_links.json,,1.0,0.0,False,False,include,Codex semantic review A,2026-07-10,plan-34-v1,Reviewed segment membership.,079432da1a3e4dcf7e871e76d7a4b2562b53e9245061a84951e8105e60db3396,
commit,a0be45da0d49c7dfb87bef36da1afed83c46ba4d,transcript,transcript-2026-06-03-1-UpdatesForRelease-1-0-2,work,reviewed-config,manual_links.json,,1.0,0.0,False,False,include,codex-semantic-review-c,2026-07-10T19:02:59Z,plan-34-v1,Reviewed segment membership.,7eafdb37e42ed8ba6017f99b4dc58862886a5446093b6e7bd6a80f704fc3a1ea,
commit,a19bccf7a97c76901ba27f942e9cae26a5642edc,transcript,transcript-2026-06-03-1-UpdatesForRelease-1-0-2,work,reviewed-config,manual_links.json,,1.0,0.0,False,False,include,codex-semantic-review-c,2026-07-10T19:02:59Z,plan-34-v1,Reviewed segment membership.,7eafdb37e42ed8ba6017f99b4dc58862886a5446093b6e7bd6a80f704fc3a1ea,
commit,a41be8a2ef85b234f33f4003a47fd3d0117b6e83,transcript,transcript-2026-04-06-2-ReuseEmptyEditorIssue,work,reviewed-config,manual_links.json,,1.0,0.0,False,False,include,Codex GPT-5,2026-07-10T18:59:40Z,plan-34-v1,Reviewed segment membership.,cdb4e977e1acfb7f7a495f444bb59dd83c2d17c69145e076a2fda4cee3090f42,
commit,a41be8a2ef85b234f33f4003a47fd3d0117b6e83,transcript,transcript-2026-04-06-3-ReuseEmptyEditorIssue,work,reviewed-config,manual_links.json,,1.0,0.0,False,False,include,Codex GPT-5,2026-07-10T18:59:40Z,plan-34-v1,Reviewed segment membership.,8c683158c0059b4a200ee8db88d6850ae376012d319d8c9e3df2c094209d2466,
commit,a76f2110c364943a6a2b000cd575807b8f75a6e6,transcript,transcript-2026-03-04-1-2-ContentViewReorganizationPlan.md,work,reviewed-config,manual_links.json,,1.0,0.0,False,False,include,Codex semantic review A,2026-07-10,plan-34-v1,Reviewed segment membership.,fc2f5046c96b2bac9afc96164eb2dd4669f8199cf0a8229fc89c412b914d85fa,
commit,ac28a73112d2a5170ee56f4f05fe6081f4376eb6,transcript,transcript-2026-03-17-1-9-AddUIFeedbackSettings,work,reviewed-config,manual_links.json,,1.0,0.0,False,False,include,Codex semantic review A,2026-07-10,plan-34-v1,Reviewed segment membership.,f7b28b2330e960598a64fc7f392d5f79067090afd1cdc6042d08f3963bc47ce1,
commit,ac28a73112d2a5170ee56f4f05fe6081f4376eb6,transcript,transcript-2026-03-17-2-9-AddUIFeedbackSettings,work,reviewed-config,manual_links.json,,1.0,0.0,False,False,include,Codex semantic review A,2026-07-10,plan-34-v1,Reviewed segment membership.,ab1b6612de2535f639bcb46d73988a1e783d7fe8672061f0bb1808d9bb6e3754,
commit,ac6148bb93aa6651ba5884d968f1821e107eef34,transcript,transcript-2026-04-07-1-TrackFileMonitoringFix,work,reviewed-config,manual_links.json,,1.0,0.0,False,False,include,Codex GPT-5,2026-07-10T18:59:40Z,plan-34-v1,Reviewed segment membership.,b38cadbde1c78e7bc43b7138fbfc797af6220662c65bfeb1ebe6c6cfb6e30eed,
commit,ae13badc1a2a880e7b374fa67010992d398fa737,transcript,transcript-2026-03-14-1-8-AddTrackStatusPlan,work,reviewed-config,manual_links.json,,1.0,0.0,False,False,include,Codex semantic review A,2026-07-10,plan-34-v1,Reviewed segment membership.,1c8302fdc763563007511f7d3e7147c53c67bd9dba03671c3a2f5e09fffe56d3,
commit,b4593bad7a73d4737a89fa81f52b0a0c853f2bce,transcript,transcript-2026-03-24-1-11-AddMultiPicturePerTrackSupport,work,reviewed-config,manual_links.json,,1.0,0.0,False,False,include,Codex semantic review A,2026-07-10,plan-34-v1,Reviewed segment membership.,7a79a7ccd4fd109baa2b3a24af1939f5a19e03760aaa7e93cffe10231e9f9b3b,
commit,b5795c22e58a84982d07d6846e1929f9eba2166f,transcript,transcript-2026-05-30-1-DiffFormatAndTestFix,work,reviewed-config,manual_links.json,,1.0,0.0,False,False,include,codex-semantic-review-c,2026-07-10T19:02:59Z,plan-34-v1,Reviewed segment membership.,b381b7ac9aeafde8a03da884594992f93195a1da0374a8d1a3625872d9591d14,
commit,b5b4f12719bcc1df96078cbbc79157c47985e637,transcript,transcript-2026-03-03-1-MiscTagEditorDev,work,reviewed-config,manual_links.json,,1.0,0.0,False,False,include,Codex semantic review A,2026-07-10,plan-34-v1,Reviewed segment membership.,4d40c2f73ea89989849863ae9f166869083ba434f91aff6244b2dc92778baee4,
commit,b70f6625e06280784004190bcabafe04c96086d3,transcript,transcript-2026-04-12-1-24-AddTrackDurationInfo,work,reviewed-config,manual_links.json,,1.0,0.0,False,False,include,Codex GPT-5,2026-07-10T18:59:40Z,plan-34-v1,Reviewed segment membership.,ca38ac98bf552696a766ba1e1c324bc081175683b102e5b2f17e1daa6e3e80f9,
commit,bae266f0f97e4d7e264cc54628bfaf3cc70a78f7,transcript,transcript-2026-03-04-1-2-ContentViewReorganizationPlan.md,work,reviewed-config,manual_links.json,,1.0,0.0,False,False,include,Codex semantic review A,2026-07-10,plan-34-v1,Reviewed segment membership.,fc2f5046c96b2bac9afc96164eb2dd4669f8199cf0a8229fc89c412b914d85fa,
commit,bba775b507acd848d8bea0c67609752e0d812194,transcript,transcript-2026-03-31-1-12-AddFLACDocumentOpenSupport,work,reviewed-config,manual_links.json,,1.0,0.0,False,False,include,Codex semantic review A,2026-07-10,plan-34-v1,Reviewed segment membership.,49042ac0c3c9bd3f26d450882f2fe6f772b6105964c4382b802d6fc1c84ac718,
commit,bbb83ef00b9fb130f94ada7293ee1f429c6bf755,transcript,transcript-2026-04-29-2-26-AddAppleScriptSupport,work,reviewed-config,manual_links.json,,1.0,0.0,False,False,include,codex-semantic-review-c,2026-07-10T19:02:59Z,plan-34-v1,Reviewed segment membership.,6cc82c8caa997f38c9a9757e25ae76036c1472e7cfa10cf4e6d8e4ecc2ab14de,
commit,bc1eaf01993b5f6ef2cc64eef0f6dd4fe66824de,transcript,transcript-2026-04-05-1-SwiftTagDocumentReopenFix,work,reviewed-config,manual_links.json,,1.0,0.0,False,False,include,Codex semantic review A,2026-07-10,plan-34-v1,Reviewed segment membership.,1772059de41659fdedea36ae94a3a0ff25b860800720700244638a402da09682,
commit,bee209c217c6b5fa2c4eaddbddcab99101ee589a,transcript,transcript-2026-04-20-1-26-AddAppleScriptSupport,work,reviewed-config,manual_links.json,,1.0,0.0,False,False,include,Codex GPT-5,2026-07-10T18:59:40Z,plan-34-v1,Reviewed segment membership.,96d773be2a5b15d0f7b775cc45028b680d738f9913b7ca1f0f087274a4fda7ca,
commit,bf6d257c8a9a96ec6846d3cac38bd49afd54f83a,transcript,transcript-2026-04-02-1-15-AddSwiftTagDocumentCreation,work,reviewed-config,manual_links.json,,1.0,0.0,False,False,include,Codex semantic review A,2026-07-10,plan-34-v1,Reviewed segment membership.,63b44498e01cd5caa4fef9420734c5d368fa0a27f15e603eefb0e0dc4ab8d9ee,
commit,c02d65544f4b09ec7b1fa8ca3e5e15204fdd1795,transcript,transcript-2026-04-24-1-26-AddAppleScriptSupport,work,reviewed-config,manual_links.json,,1.0,0.0,False,False,include,Codex GPT-5,2026-07-10T18:59:40Z,plan-34-v1,Reviewed segment membership.,9bf04ff8dbada2ce84d45fc7f9dc9d777df9f38fa13223cd98fe51f399308aa3,
commit,c1df562489d39bf6608f3053706fc038844b482c,transcript,transcript-2026-05-20-2-28-AddSwiftTagUseDocumentation,work,reviewed-config,manual_links.json,,1.0,0.0,False,False,include,codex-semantic-review-c,2026-07-10T19:02:59Z,plan-34-v1,Reviewed segment membership.,cab763913bb2197bd4760481a4f745fb4aa020a579ba02d635f221c368b86616,
commit,c2b2356f0f3b1143f444b6e8120567b343d729cc,transcript,transcript-2026-05-18-1-28-AddSwiftTagUseDocumentation,work,reviewed-config,manual_links.json,,1.0,0.0,False,False,include,codex-semantic-review-c,2026-07-10T19:02:59Z,plan-34-v1,Reviewed segment membership.,1a772c6f9a16e1403e9e5ba1e61d5a8a1796d3ea0c9f8e6d2f0817b7e35a8172,
commit,c56695645a5579bac37f1f716650754ccc5750a1,transcript,transcript-2026-03-13-1-8-AddTrackStatusPlan,work,reviewed-config,manual_links.json,,1.0,0.0,False,False,include,Codex semantic review A,2026-07-10,plan-34-v1,Reviewed segment membership.,40378be26df59bc0955ddcd0f23b2bfce0a2a09fe8a5ee6964d02d28b3120186,
commit,c965c3feb354452704670af683ab541da3c43f71,transcript,transcript-2026-03-02-1-MiscTagEditorDev,work,reviewed-config,manual_links.json,,1.0,0.0,False,False,include,Codex semantic review A,2026-07-10,plan-34-v1,Reviewed segment membership.,09cc7c2c14f451239f07c72f46ec1a060b4f00056785875688f79289a9b26156,
commit,ce1865558f2929bb98bcf1450a297244be3fbb06,transcript,transcript-2026-04-30-1-26-AddAppleScriptSupport,work,reviewed-config,manual_links.json,,1.0,0.0,False,False,include,codex-semantic-review-c,2026-07-10T19:02:59Z,plan-34-v1,Reviewed segment membership.,5a91db283536a844382d7a7baddd35700b3789926844a39daac930f919098522,
commit,ce82bfb0ed6ae71f4fa52b159af692e3b74fe2c7,transcript,transcript-2026-03-26-1-11-AddMultiPicturePerTrackSupport,work,reviewed-config,manual_links.json,,1.0,0.0,False,False,include,Codex semantic review A,2026-07-10,plan-34-v1,Reviewed segment membership.,079432da1a3e4dcf7e871e76d7a4b2562b53e9245061a84951e8105e60db3396,
commit,cfba5a1a7b93b8e01d1e1b806a8db413e207ae55,transcript,transcript-2026-04-10-3-AddSwiftTagDocumentSwiftTags,work,reviewed-config,manual_links.json,,1.0,0.0,False,False,include,Codex GPT-5,2026-07-10T18:59:40Z,plan-34-v1,Reviewed segment membership.,5e667e2ca50137f737c1f593510ab99c15015d1aba8c6e32ae54d5409cf9a314,
commit,d0fca7dec639c9bd9845c8efb59147ccd1016e26,transcript,transcript-2026-04-04-1-17-SwiftTagDocumentReadLiveFileResolution,work,reviewed-config,manual_links.json,,1.0,0.0,False,False,include,Codex semantic review A,2026-07-10,plan-34-v1,Reviewed segment membership.,5384626a68182965de66f049e507130a5e841f851059ba3121547936d5e6fba1,
commit,d2843d58d7c77e0470d1b467eacf8a956665e2c9,transcript,transcript-2026-06-15-1-30-AutoUpdateTrackTotalByDisc,work,reviewed-config,manual_links.json,,1.0,0.0,False,False,include,codex-semantic-review-c,2026-07-10T19:02:59Z,plan-34-v1,Reviewed segment membership.,34a2bde7fdb7125aaf7fd4d94fc40302dcee410bba04f7774b1ec6533d9e676f,
commit,d4616ef79d1f5f6f9afe47e139aa7a092e4b3085,transcript,transcript-2026-06-03-1-UpdatesForRelease-1-0-2,work,reviewed-config,manual_links.json,,1.0,0.0,False,False,include,codex-semantic-review-c,2026-07-10T19:02:59Z,plan-34-v1,Reviewed segment membership.,7eafdb37e42ed8ba6017f99b4dc58862886a5446093b6e7bd6a80f704fc3a1ea,
commit,d65459355d32c58116293e4f6cce8a759b6d67f5,transcript,transcript-2026-04-23-1-26-AddAppleScriptSupport,work,reviewed-config,manual_links.json,,1.0,0.0,False,False,include,Codex GPT-5,2026-07-10T18:59:40Z,plan-34-v1,Reviewed segment membership.,912fd6035b2db889e97efb8213827bb01e7fe71289b94b355137216c6bf48547,
commit,d928e3bb438c8fa266b8700f3d4b2709c72bd7ee,transcript,transcript-2026-05-03-1-26-AddAppleScriptSupport,work,reviewed-config,manual_links.json,,1.0,0.0,False,False,include,codex-semantic-review-c,2026-07-10T19:02:59Z,plan-34-v1,Reviewed segment membership.,ef76c87b03060ba299e64bb9fa06eb6378b31663193a1a526f2bcea41407dff2,
commit,da7b04f7563351b6c4c0883dbcbc16a5e081336a,transcript,transcript-2026-04-01-1-13-AddFLACFingerprintSupport,work,reviewed-config,manual_links.json,,1.0,0.0,False,False,include,Codex semantic review A,2026-07-10,plan-34-v1,Reviewed segment membership.,5557345813b212a027121953c3cb8f96b4bec4a3f1bdb208bf562b02e11c13c9,
commit,e031a26f031d038fcc430fb7057600f67102ccbe,transcript,transcript-2026-03-07-2-6-AgentsTranscriptSkillPlan,work,reviewed-config,manual_links.json,,1.0,0.0,False,False,include,Codex semantic review A,2026-07-10,plan-34-v1,Reviewed segment membership.,dd602832b2a181afbaf41a10bdbe6122a059c60433581a98c7d2b254ef70fae2,
commit,e096ded126a62938d4627bd1205b32a0e30c77b0,transcript,transcript-2026-05-20-2-28-AddSwiftTagUseDocumentation,work,reviewed-config,manual_links.json,,1.0,0.0,False,False,include,codex-semantic-review-c,2026-07-10T19:02:59Z,plan-34-v1,Reviewed segment membership.,cab763913bb2197bd4760481a4f745fb4aa020a579ba02d635f221c368b86616,
commit,e0cd7da70c303f9524054cf6e150d7fbfca3d9d1,transcript,transcript-2026-03-12-1-7-AddSaveStatusViewPlan,work,reviewed-config,manual_links.json,,1.0,0.0,False,False,include,Codex semantic review A,2026-07-10,plan-34-v1,Reviewed segment membership.,c131158116c44c1081064a840c9e5f6bb60c66d09fcd5951f4c980022a516191,
commit,e8c7dcb8fa1bcfe202e061807bb6873d2e1e0473,transcript,transcript-2026-05-26-1-MiscCleanupAndDocs,work,reviewed-config,manual_links.json,,1.0,0.0,False,False,include,codex-semantic-review-c,2026-07-10T19:02:59Z,plan-34-v1,Reviewed segment membership.,185baecbb77c9d1ef352802e8fe4c65f172357dc07ca10a03693e2a9f3af3768,
commit,ec63010015b0d8b4b08f578fb82c8526ce872cc6,transcript,transcript-2026-04-07-2-DocumentPictureDiffFix,work,reviewed-config,manual_links.json,,1.0,0.0,False,False,include,Codex GPT-5,2026-07-10T18:59:40Z,plan-34-v1,Reviewed segment membership.,3e9e9b2c37a9ce3399edfb4f45f3a93e599a0925ba72dbe41a56a5a5b536dd54,
commit,f156647a0d461ef4ed0ad7411cf1f1a4da51b3d4,transcript,transcript-2026-05-13-1-28-AddSwiftTagUseDocumentation,work,reviewed-config,manual_links.json,,1.0,0.0,False,False,include,codex-semantic-review-c,2026-07-10T19:02:59Z,plan-34-v1,Reviewed segment membership.,900e75c9241e88264c886808ff022cd70d7e8a47f73d767fba4cd40cf824a7be,
commit,f195e03db1cd290792f99f8b880bb69995e28921,transcript,transcript-2026-04-11-1-23-AddSwiftTagDocumentQuickLook,work,reviewed-config,manual_links.json,,1.0,0.0,False,False,include,Codex GPT-5,2026-07-10T18:59:40Z,plan-34-v1,Reviewed segment membership.,0ea852ec7d0a50c4c44945dc4ba2d816a3f88ec173276060829955577d111c1c,
commit,f19906905ecd5db8ea9d65fc0a6d80dbd0f798cb,transcript,transcript-2026-05-10-1-26-AddAppleScriptSupport,work,reviewed-config,manual_links.json,,1.0,0.0,False,False,include,codex-semantic-review-c,2026-07-10T19:02:59Z,plan-34-v1,Reviewed segment membership.,af354ce10846b2a2e4f13ca2833235076a141f30a7b565f5919bf59ea75250b5,
commit,f23c8a089f6d5549a597e0635ff808b203a25766,transcript,transcript-2026-04-17-1-InternalExternalDiffDocUpdateFix,work,reviewed-config,manual_links.json,,1.0,0.0,False,False,include,Codex GPT-5,2026-07-10T18:59:40Z,plan-34-v1,Reviewed segment membership.,bb82fd9da06c67912df398baf00dbb6f06dbfb677ce15b96d096cc4a759ec115,
commit,f36a117c021f535e956e2d1722625465cd66b2f3,transcript,transcript-2026-03-26-1-11-AddMultiPicturePerTrackSupport,work,reviewed-config,manual_links.json,,1.0,0.0,False,False,include,Codex semantic review A,2026-07-10,plan-34-v1,Reviewed segment membership.,079432da1a3e4dcf7e871e76d7a4b2562b53e9245061a84951e8105e60db3396,
commit,f400158d420b3d62590a7863231b3f4fe603006b,transcript,transcript-2026-03-03-1-MiscTagEditorDev,work,reviewed-config,manual_links.json,,1.0,0.0,False,False,include,Codex semantic review A,2026-07-10,plan-34-v1,Reviewed segment membership.,4d40c2f73ea89989849863ae9f166869083ba434f91aff6244b2dc92778baee4,
commit,fc120558109cc0d36c1bee5ae25bce69d4702311,transcript,transcript-2026-05-07-1-26-AddAppleScriptSupport,work,reviewed-config,manual_links.json,,1.0,0.0,False,False,include,codex-semantic-review-c,2026-07-10T19:02:59Z,plan-34-v1,Reviewed segment membership.,2a9998047e14e2d57fffd81f00c4c8ec4a47224e600d1c4aa048c33336fc2e6e,
commit,fcee05c29e0d15314bee932ee8b1e48cc7ca7276,transcript,transcript-2026-05-30-1-DiffFormatAndTestFix,work,reviewed-config,manual_links.json,,1.0,0.0,False,False,include,codex-semantic-review-c,2026-07-10T19:02:59Z,plan-34-v1,Reviewed segment membership.,b381b7ac9aeafde8a03da884594992f93195a1da0374a8d1a3625872d9591d14,
commit,fdfa298ddbbdc77c6301d6f700b3f922d82f9d27,transcript,transcript-2026-05-13-1-28-AddSwiftTagUseDocumentation,work,reviewed-config,manual_links.json,,1.0,0.0,False,False,include,codex-semantic-review-c,2026-07-10T19:02:59Z,plan-34-v1,Reviewed segment membership.,900e75c9241e88264c886808ff022cd70d7e8a47f73d767fba4cd40cf824a7be,
commit,063c138d4ad746588a85c0be70cc1c5c75854e87,plan,26,implementation,reviewed-config,manual_links.json,,1.0,1.0,False,True,include,Codex semantic review,2026-07-10,plan-34-v1,"Reviewed transcript segments, Plan history, and git evidence.",,
commit,0c2d38575541a8dada750da08698d78e75a4d3f0,plan,26,implementation;plan-revision;transcript-archive,reviewed-config,manual_links.json,,1.0,1.0,True,True,include,Codex semantic review,2026-07-10,plan-34-v1,"Reviewed transcript segments, Plan history, and git evidence.",,
commit,0d268f9dbda719319837ad31711eb87f9f166499,plan,9,implementation,reviewed-config,manual_links.json,,1.0,1.0,False,True,include,Codex semantic review,2026-07-10,plan-34-v1,"Reviewed transcript segments, Plan history, and git evidence.",,
commit,11ba78598b25840b5e415e7410b8df4b75c964c5,plan,26,implementation;plan-revision,reviewed-config,manual_links.json,,1.0,1.0,True,True,include,Codex semantic review,2026-07-10,plan-34-v1,"Reviewed transcript segments, Plan history, and git evidence.",,
commit,11e4877420c3dc760f9be803b2734ea34a2031e0,plan,28,implementation,reviewed-config,manual_links.json,,1.0,1.0,False,True,include,Codex semantic review,2026-07-10,plan-34-v1,"Reviewed transcript segments, Plan history, and git evidence.",,
commit,1276536d7ce542d757187ed8e2a7a229c6741847,plan,15,direct;implementation,reviewed-config,manual_links.json,,1.0,1.0,False,True,include,Codex semantic review,2026-07-10,plan-34-v1,"Reviewed transcript segments, Plan history, and git evidence.",,
commit,14a623cc7cae72b22210b2f44a8b8a9d3f09e85f,plan,28,implementation,reviewed-config,manual_links.json,,1.0,1.0,False,True,include,Codex semantic review,2026-07-10,plan-34-v1,"Reviewed transcript segments, Plan history, and git evidence.",,
commit,17b6c1045af4a5e5e2c465dded80f53ff5695df5,plan,26,implementation,reviewed-config,manual_links.json,,1.0,1.0,False,True,include,Codex semantic review,2026-07-10,plan-34-v1,"Reviewed transcript segments, Plan history, and git evidence.",,
commit,192eaacabaecbe09ee3ee59d935f0d3ab2d86a02,plan,26,direct,reviewed-config,manual_links.json,,1.0,1.0,False,False,include,Codex semantic review,2026-07-10,plan-34-v1,"Reviewed transcript segments, Plan history, and git evidence.",,
commit,1b08404c005806083a5443603d98c10c5510ee70,plan,26,implementation,reviewed-config,manual_links.json,,1.0,1.0,False,True,include,Codex semantic review,2026-07-10,plan-34-v1,"Reviewed transcript segments, Plan history, and git evidence.",,
commit,1c2bb82cfcda4a8e4043b7e883e42928b18064cf,plan,16,direct;implementation,reviewed-config,manual_links.json,,1.0,1.0,False,True,include,Codex semantic review,2026-07-10,plan-34-v1,"Reviewed transcript segments, Plan history, and git evidence.",,
commit,1e4ea8e60ed212c41a1f3f43a972ccad5855a07a,plan,11,implementation,reviewed-config,manual_links.json,,1.0,1.0,False,True,include,Codex semantic review,2026-07-10,plan-34-v1,"Reviewed transcript segments, Plan history, and git evidence.",,
commit,1fcd08274065e59e148cb05d16e592e98f02bced,plan,1,direct;implementation,reviewed-config,manual_links.json,,1.0,1.0,False,True,include,Codex semantic review,2026-07-10,plan-34-v1,"Reviewed transcript segments, Plan history, and git evidence.",,
commit,2298c43c00492de67ad920a395d3ec7a8c8fb722,plan,26,implementation,reviewed-config,manual_links.json,,1.0,1.0,False,True,include,Codex semantic review,2026-07-10,plan-34-v1,"Reviewed transcript segments, Plan history, and git evidence.",,
commit,24428a1548324e06268c9174e358e22e9559801b,plan,26,implementation,reviewed-config,manual_links.json,,1.0,1.0,False,True,include,Codex semantic review,2026-07-10,plan-34-v1,"Reviewed transcript segments, Plan history, and git evidence.",,
commit,25fde2c3d0c01acd97eb967b5903f6336c57b6ae,plan,26,implementation,reviewed-config,manual_links.json,,1.0,1.0,False,True,include,Codex semantic review,2026-07-10,plan-34-v1,"Reviewed transcript segments, Plan history, and git evidence.",,
commit,27b32d888ac16fcaa31f6735b29d960131a8315c,plan,4,direct;implementation,reviewed-config,manual_links.json,,1.0,1.0,False,True,include,Codex semantic review,2026-07-10,plan-34-v1,"Reviewed transcript segments, Plan history, and git evidence.",,
commit,27b4d85ec22c4165acb415ef3929bd10d4c35202,plan,19,direct;implementation,reviewed-config,manual_links.json,,1.0,1.0,False,True,include,Codex semantic review,2026-07-10,plan-34-v1,"Reviewed transcript segments, Plan history, and git evidence.",,
commit,29444d740b06ee147a5690f1070d56abfa8be162,plan,33,creation;direct;implementation,reviewed-config,manual_links.json,,1.0,1.0,True,True,include,Codex semantic review,2026-07-10,plan-34-v1,"Reviewed transcript segments, Plan history, and git evidence.",,
commit,2976159836a41160b0a462b26c952968c19a7923,plan,26,implementation,reviewed-config,manual_links.json,,1.0,1.0,False,True,include,Codex semantic review,2026-07-10,plan-34-v1,"Reviewed transcript segments, Plan history, and git evidence.",,
commit,2aee7213d2467ac765cf2f834b3e8b0a5409064e,plan,11,implementation,reviewed-config,manual_links.json,,1.0,1.0,False,True,include,Codex semantic review,2026-07-10,plan-34-v1,"Reviewed transcript segments, Plan history, and git evidence.",,
commit,2c3898c5b9fee3c3eefa3367c3219b2f4dbd2974,plan,11,implementation,reviewed-config,manual_links.json,,1.0,1.0,False,True,include,Codex semantic review,2026-07-10,plan-34-v1,"Reviewed transcript segments, Plan history, and git evidence.",,
commit,2d3e003b9689d477939ba8543f037de2cf8068c5,plan,8,direct,reviewed-config,manual_links.json,,1.0,1.0,False,False,include,Codex semantic review,2026-07-10,plan-34-v1,"Reviewed transcript segments, Plan history, and git evidence.",,
commit,2e24923ec49954fa4d4b17f56f3d26c10265a51b,plan,26,implementation,reviewed-config,manual_links.json,,1.0,1.0,False,True,include,Codex semantic review,2026-07-10,plan-34-v1,"Reviewed transcript segments, Plan history, and git evidence.",,
commit,32babc084a6572ee51a860f636b385d6870c2b90,plan,28,implementation,reviewed-config,manual_links.json,,1.0,1.0,False,True,include,Codex semantic review,2026-07-10,plan-34-v1,"Reviewed transcript segments, Plan history, and git evidence.",,
commit,352ff8c562657dc7ed4c0171d4448bdda0bec559,plan,25,implementation,reviewed-config,manual_links.json,,1.0,1.0,False,True,include,Codex semantic review,2026-07-10,plan-34-v1,"Reviewed transcript segments, Plan history, and git evidence.",,
commit,36c5b18642e6568ca15e897dcae9132a6907e9db,plan,25,direct;implementation,reviewed-config,manual_links.json,,1.0,1.0,False,True,include,Codex semantic review,2026-07-10,plan-34-v1,"Reviewed transcript segments, Plan history, and git evidence.",,
commit,3fd6771aa6fbbc5afe81722f5d39ce0c171019cd,plan,26,implementation,reviewed-config,manual_links.json,,1.0,1.0,False,True,include,Codex semantic review,2026-07-10,plan-34-v1,"Reviewed transcript segments, Plan history, and git evidence.",,
commit,41e60a87d8b66f2a9ba012f5c5d11b525ab7c759,plan,18,direct;implementation,reviewed-config,manual_links.json,,1.0,1.0,False,True,include,Codex semantic review,2026-07-10,plan-34-v1,"Reviewed transcript segments, Plan history, and git evidence.",,
commit,43b64835145b64f3346d6298de67754019b36df8,plan,26,implementation,reviewed-config,manual_links.json,,1.0,1.0,False,True,include,Codex semantic review,2026-07-10,plan-34-v1,"Reviewed transcript segments, Plan history, and git evidence.",,
commit,44df34502dee4a2af0a264dfe0047ff8e82be4ab,plan,28,implementation,reviewed-config,manual_links.json,,1.0,1.0,False,True,include,Codex semantic review,2026-07-10,plan-34-v1,"Reviewed transcript segments, Plan history, and git evidence.",,
commit,452263137775f01b3d4877c28d37aad4dce7884d,plan,28,creation;direct;implementation,reviewed-config,manual_links.json,,1.0,1.0,True,True,include,Codex semantic review,2026-07-10,plan-34-v1,"Reviewed transcript segments, Plan history, and git evidence.",,
commit,46a24e9e98968ea9d3bfa50853be92e35d857f8e,plan,26,implementation,reviewed-config,manual_links.json,,1.0,1.0,False,True,include,Codex semantic review,2026-07-10,plan-34-v1,"Reviewed transcript segments, Plan history, and git evidence.",,
commit,4a07659704ab091a117b882a027635c12af8294c,plan,25,implementation,reviewed-config,manual_links.json,,1.0,1.0,False,True,include,Codex semantic review,2026-07-10,plan-34-v1,"Reviewed transcript segments, Plan history, and git evidence.",,
commit,4e470f0885282d2dfa9bcfc38252ea229589132c,plan,22,direct;implementation,reviewed-config,manual_links.json,,1.0,1.0,False,True,include,Codex semantic review,2026-07-10,plan-34-v1,"Reviewed transcript segments, Plan history, and git evidence.",,
commit,50b8fd902d32fca1ed43570b89b6e097dd4e9fae,plan,28,implementation,reviewed-config,manual_links.json,,1.0,1.0,False,True,include,Codex semantic review,2026-07-10,plan-34-v1,"Reviewed transcript segments, Plan history, and git evidence.",,
commit,546e43d639eb9d7eceb46aa966b8a592b187b12c,plan,26,implementation,reviewed-config,manual_links.json,,1.0,1.0,False,True,include,Codex semantic review,2026-07-10,plan-34-v1,"Reviewed transcript segments, Plan history, and git evidence.",,
commit,561817a4bca220d705273d6744f1e5756cec418f,plan,21,direct;implementation,reviewed-config,manual_links.json,,1.0,1.0,False,True,include,Codex semantic review,2026-07-10,plan-34-v1,"Reviewed transcript segments, Plan history, and git evidence.",,
commit,5c2ab0a3ba722d5fdc139615b6eb55902237162d,plan,28,implementation,reviewed-config,manual_links.json,,1.0,1.0,False,True,include,Codex semantic review,2026-07-10,plan-34-v1,"Reviewed transcript segments, Plan history, and git evidence.",,
commit,5cf9b48f0411fadf42905537294e7db841c6a628,plan,28,implementation,reviewed-config,manual_links.json,,1.0,1.0,False,True,include,Codex semantic review,2026-07-10,plan-34-v1,"Reviewed transcript segments, Plan history, and git evidence.",,
commit,603c07621916ecd47e1a9faee08d8c32cd6eebdf,plan,20,direct;implementation,reviewed-config,manual_links.json,,1.0,1.0,False,True,include,Codex semantic review,2026-07-10,plan-34-v1,"Reviewed transcript segments, Plan history, and git evidence.",,
commit,604d139ad72b08a404092b8812a0130678f53984,plan,28,implementation,reviewed-config,manual_links.json,,1.0,1.0,False,True,include,Codex semantic review,2026-07-10,plan-34-v1,"Reviewed transcript segments, Plan history, and git evidence.",,
commit,633671ae999d222fba32fde71594440b8b367350,plan,16,implementation,reviewed-config,manual_links.json,,1.0,1.0,False,True,include,Codex semantic review,2026-07-10,plan-34-v1,"Reviewed transcript segments, Plan history, and git evidence.",,
commit,6811df91487bd977d74d60b43af798e9970e5d69,plan,26,implementation;plan-revision,reviewed-config,manual_links.json,,1.0,1.0,True,True,include,Codex semantic review,2026-07-10,plan-34-v1,"Reviewed transcript segments, Plan history, and git evidence.",,
commit,68e340f508e0f0f5b0ac2fbbcae259abf6155b6e,plan,11,direct;implementation,reviewed-config,manual_links.json,,1.0,1.0,False,True,include,Codex semantic review,2026-07-10,plan-34-v1,"Reviewed transcript segments, Plan history, and git evidence.",,
commit,68f7c7b1c66c1a7acd0564610efe03ceff89180b,plan,10,direct;implementation,reviewed-config,manual_links.json,,1.0,1.0,False,True,include,Codex semantic review,2026-07-10,plan-34-v1,"Reviewed transcript segments, Plan history, and git evidence.",,
commit,6c669809df69c8e7566517df27f84cd4ac85cb37,plan,2,implementation,reviewed-config,manual_links.json,,1.0,1.0,False,True,include,Codex semantic review,2026-07-10,plan-34-v1,"Reviewed transcript segments, Plan history, and git evidence.",,
commit,6cf4772cd3482a0a7ca38f2f613ca64a86da22a1,plan,1,direct;implementation,reviewed-config,manual_links.json,,1.0,1.0,False,True,include,Codex semantic review,2026-07-10,plan-34-v1,"Reviewed transcript segments, Plan history, and git evidence.",,
commit,7228297fdfbf05a87af30e5330fdcdd1e908dd84,plan,31,creation;direct;implementation,reviewed-config,manual_links.json,,1.0,1.0,True,True,include,Codex semantic review,2026-07-10,plan-34-v1,"Reviewed transcript segments, Plan history, and git evidence.",,
commit,7602f5d2dbef63b01a09845e5f322ad810ce7431,plan,26,implementation,reviewed-config,manual_links.json,,1.0,1.0,False,True,include,Codex semantic review,2026-07-10,plan-34-v1,"Reviewed transcript segments, Plan history, and git evidence.",,
commit,777706cf1432bcd9bbd0ff1d145469d038b76fd3,plan,26,implementation,reviewed-config,manual_links.json,,1.0,1.0,False,True,include,Codex semantic review,2026-07-10,plan-34-v1,"Reviewed transcript segments, Plan history, and git evidence.",,
commit,77e0dc1182db2bdd7d3a4d09b5c1a7b3b912191b,plan,26,implementation,reviewed-config,manual_links.json,,1.0,1.0,False,True,include,Codex semantic review,2026-07-10,plan-34-v1,"Reviewed transcript segments, Plan history, and git evidence.",,
commit,7c15f6097d77ab2db98c6795b04474308f770536,plan,26,implementation,reviewed-config,manual_links.json,,1.0,1.0,False,True,include,Codex semantic review,2026-07-10,plan-34-v1,"Reviewed transcript segments, Plan history, and git evidence.",,
commit,8053109fcb999ee4c2f8a060048b83dbfe4eed81,plan,26,implementation;plan-revision,reviewed-config,manual_links.json,,1.0,1.0,True,True,include,Codex semantic review,2026-07-10,plan-34-v1,"Reviewed transcript segments, Plan history, and git evidence.",,
commit,80b722ee0e77887149ebfd307538cac12a5907c3,plan,5,direct;implementation,reviewed-config,manual_links.json,,1.0,1.0,False,True,include,Codex semantic review,2026-07-10,plan-34-v1,"Reviewed transcript segments, Plan history, and git evidence.",,
commit,80b722ee0e77887149ebfd307538cac12a5907c3,plan,6,direct;implementation,reviewed-config,manual_links.json,,1.0,1.0,False,True,include,Codex semantic review,2026-07-10,plan-34-v1,"Reviewed transcript segments, Plan history, and git evidence.",,
commit,82c43c94fe7392a5e5551ef1a311c150006ab0f3,plan,29,creation;direct;implementation,reviewed-config,manual_links.json,,1.0,1.0,True,True,include,Codex semantic review,2026-07-10,plan-34-v1,"Reviewed transcript segments, Plan history, and git evidence.",,
commit,82db5cd7599e76c1f0c6e8dda5f420865e32f4e7,plan,26,implementation,reviewed-config,manual_links.json,,1.0,1.0,False,True,include,Codex semantic review,2026-07-10,plan-34-v1,"Reviewed transcript segments, Plan history, and git evidence.",,
commit,83083cbcdf9667c18e3a5c3c11c66d2cfa24f4a6,plan,9,direct;implementation,reviewed-config,manual_links.json,,1.0,1.0,False,True,include,Codex semantic review,2026-07-10,plan-34-v1,"Reviewed transcript segments, Plan history, and git evidence.",,
commit,83b8764ca1faecb6f984a4cf8703eaad75501f8a,plan,26,implementation,reviewed-config,manual_links.json,,1.0,1.0,False,True,include,Codex semantic review,2026-07-10,plan-34-v1,"Reviewed transcript segments, Plan history, and git evidence.",,
commit,859a8f570b718d332f3f3814fc621280ae0f077e,plan,26,implementation,reviewed-config,manual_links.json,,1.0,1.0,False,True,include,Codex semantic review,2026-07-10,plan-34-v1,"Reviewed transcript segments, Plan history, and git evidence.",,
commit,88d09498e62eed6f088450eb0cf1ec3129a7ad34,plan,32,creation;direct;implementation,reviewed-config,manual_links.json,,1.0,1.0,True,True,include,Codex semantic review,2026-07-10,plan-34-v1,"Reviewed transcript segments, Plan history, and git evidence.",,
commit,893289b52cf06c6f3c02548f549ebc68e4281380,plan,28,implementation,reviewed-config,manual_links.json,,1.0,1.0,False,True,include,Codex semantic review,2026-07-10,plan-34-v1,"Reviewed transcript segments, Plan history, and git evidence.",,
commit,90ef077070ed157959eed236c4a5edfc023423b8,plan,14,direct;implementation,reviewed-config,manual_links.json,,1.0,1.0,False,True,include,Codex semantic review,2026-07-10,plan-34-v1,"Reviewed transcript segments, Plan history, and git evidence.",,
commit,9273900261be4959eb466c7c8dd5bce9283d6da8,plan,28,implementation,reviewed-config,manual_links.json,,1.0,1.0,False,True,include,Codex semantic review,2026-07-10,plan-34-v1,"Reviewed transcript segments, Plan history, and git evidence.",,
commit,94c83a7fe23cb17431994dd0f02d5f38c321630b,plan,26,implementation,reviewed-config,manual_links.json,,1.0,1.0,False,True,include,Codex semantic review,2026-07-10,plan-34-v1,"Reviewed transcript segments, Plan history, and git evidence.",,
commit,95957dd6350042cf04715f42d75a708d22bd4af1,plan,26,implementation,reviewed-config,manual_links.json,,1.0,1.0,False,True,include,Codex semantic review,2026-07-10,plan-34-v1,"Reviewed transcript segments, Plan history, and git evidence.",,
commit,969d6592c5cd201b256d15e2453193b8064126f1,plan,28,implementation,reviewed-config,manual_links.json,,1.0,1.0,False,True,include,Codex semantic review,2026-07-10,plan-34-v1,"Reviewed transcript segments, Plan history, and git evidence.",,
commit,987ade16137d70327f87ab16fcf3fc874681eba4,plan,27,creation;direct;implementation,reviewed-config,manual_links.json,,1.0,1.0,True,True,include,Codex semantic review,2026-07-10,plan-34-v1,"Reviewed transcript segments, Plan history, and git evidence.",,
commit,9b05c92e3f87af186de2ebdf43ebe8f297b41572,plan,26,implementation,reviewed-config,manual_links.json,,1.0,1.0,False,True,include,Codex semantic review,2026-07-10,plan-34-v1,"Reviewed transcript segments, Plan history, and git evidence.",,
commit,9e1ce62bf296678be8aa16075285d1f9e0cb453c,plan,11,direct;implementation,reviewed-config,manual_links.json,,1.0,1.0,False,True,include,Codex semantic review,2026-07-10,plan-34-v1,"Reviewed transcript segments, Plan history, and git evidence.",,
commit,a0438824397c29c96ca6c63b48ef501b5d63dffe,plan,11,implementation,reviewed-config,manual_links.json,,1.0,1.0,False,True,include,Codex semantic review,2026-07-10,plan-34-v1,"Reviewed transcript segments, Plan history, and git evidence.",,
commit,a76f2110c364943a6a2b000cd575807b8f75a6e6,plan,2,direct;implementation,reviewed-config,manual_links.json,,1.0,1.0,False,True,include,Codex semantic review,2026-07-10,plan-34-v1,"Reviewed transcript segments, Plan history, and git evidence.",,
commit,ac28a73112d2a5170ee56f4f05fe6081f4376eb6,plan,9,direct;implementation,reviewed-config,manual_links.json,,1.0,1.0,False,True,include,Codex semantic review,2026-07-10,plan-34-v1,"Reviewed transcript segments, Plan history, and git evidence.",,
commit,ae13badc1a2a880e7b374fa67010992d398fa737,plan,8,implementation,reviewed-config,manual_links.json,,1.0,1.0,False,True,include,Codex semantic review,2026-07-10,plan-34-v1,"Reviewed transcript segments, Plan history, and git evidence.",,
commit,b4593bad7a73d4737a89fa81f52b0a0c853f2bce,plan,11,direct;implementation,reviewed-config,manual_links.json,,1.0,1.0,False,True,include,Codex semantic review,2026-07-10,plan-34-v1,"Reviewed transcript segments, Plan history, and git evidence.",,
commit,b70f6625e06280784004190bcabafe04c96086d3,plan,24,direct;implementation,reviewed-config,manual_links.json,,1.0,1.0,False,True,include,Codex semantic review,2026-07-10,plan-34-v1,"Reviewed transcript segments, Plan history, and git evidence.",,
commit,bae266f0f97e4d7e264cc54628bfaf3cc70a78f7,plan,3,direct;implementation,reviewed-config,manual_links.json,,1.0,1.0,False,True,include,Codex semantic review,2026-07-10,plan-34-v1,"Reviewed transcript segments, Plan history, and git evidence.",,
commit,bba775b507acd848d8bea0c67609752e0d812194,plan,12,direct;implementation,reviewed-config,manual_links.json,,1.0,1.0,False,True,include,Codex semantic review,2026-07-10,plan-34-v1,"Reviewed transcript segments, Plan history, and git evidence.",,
commit,bbb83ef00b9fb130f94ada7293ee1f429c6bf755,plan,26,implementation,reviewed-config,manual_links.json,,1.0,1.0,False,True,include,Codex semantic review,2026-07-10,plan-34-v1,"Reviewed transcript segments, Plan history, and git evidence.",,
commit,bc1eaf01993b5f6ef2cc64eef0f6dd4fe66824de,plan,16,implementation,reviewed-config,manual_links.json,,1.0,1.0,False,True,include,Codex semantic review,2026-07-10,plan-34-v1,"Reviewed transcript segments, Plan history, and git evidence.",,
commit,bee209c217c6b5fa2c4eaddbddcab99101ee589a,plan,26,implementation,reviewed-config,manual_links.json,,1.0,1.0,False,True,include,Codex semantic review,2026-07-10,plan-34-v1,"Reviewed transcript segments, Plan history, and git evidence.",,
commit,bf6d257c8a9a96ec6846d3cac38bd49afd54f83a,plan,15,implementation,reviewed-config,manual_links.json,,1.0,1.0,False,True,include,Codex semantic review,2026-07-10,plan-34-v1,"Reviewed transcript segments, Plan history, and git evidence.",,
commit,c02d65544f4b09ec7b1fa8ca3e5e15204fdd1795,plan,26,implementation,reviewed-config,manual_links.json,,1.0,1.0,False,True,include,Codex semantic review,2026-07-10,plan-34-v1,"Reviewed transcript segments, Plan history, and git evidence.",,
commit,c1df562489d39bf6608f3053706fc038844b482c,plan,28,implementation,reviewed-config,manual_links.json,,1.0,1.0,False,True,include,Codex semantic review,2026-07-10,plan-34-v1,"Reviewed transcript segments, Plan history, and git evidence.",,
commit,c2b2356f0f3b1143f444b6e8120567b343d729cc,plan,26,implementation,reviewed-config,manual_links.json,,1.0,1.0,False,True,include,Codex semantic review,2026-07-10,plan-34-v1,"Reviewed transcript segments, Plan history, and git evidence.",,
commit,c56695645a5579bac37f1f716650754ccc5750a1,plan,8,direct;implementation,reviewed-config,manual_links.json,,1.0,1.0,False,True,include,Codex semantic review,2026-07-10,plan-34-v1,"Reviewed transcript segments, Plan history, and git evidence.",,
commit,ce1865558f2929bb98bcf1450a297244be3fbb06,plan,26,implementation,reviewed-config,manual_links.json,,1.0,1.0,False,True,include,Codex semantic review,2026-07-10,plan-34-v1,"Reviewed transcript segments, Plan history, and git evidence.",,
commit,ce82bfb0ed6ae71f4fa52b159af692e3b74fe2c7,plan,11,implementation,reviewed-config,manual_links.json,,1.0,1.0,False,True,include,Codex semantic review,2026-07-10,plan-34-v1,"Reviewed transcript segments, Plan history, and git evidence.",,
commit,d0fca7dec639c9bd9845c8efb59147ccd1016e26,plan,17,direct;implementation,reviewed-config,manual_links.json,,1.0,1.0,False,True,include,Codex semantic review,2026-07-10,plan-34-v1,"Reviewed transcript segments, Plan history, and git evidence.",,
commit,d2843d58d7c77e0470d1b467eacf8a956665e2c9,plan,30,creation;direct;implementation,reviewed-config,manual_links.json,,1.0,1.0,True,True,include,Codex semantic review,2026-07-10,plan-34-v1,"Reviewed transcript segments, Plan history, and git evidence.",,
commit,d65459355d32c58116293e4f6cce8a759b6d67f5,plan,26,implementation,reviewed-config,manual_links.json,,1.0,1.0,False,True,include,Codex semantic review,2026-07-10,plan-34-v1,"Reviewed transcript segments, Plan history, and git evidence.",,
commit,d928e3bb438c8fa266b8700f3d4b2709c72bd7ee,plan,26,implementation,reviewed-config,manual_links.json,,1.0,1.0,False,True,include,Codex semantic review,2026-07-10,plan-34-v1,"Reviewed transcript segments, Plan history, and git evidence.",,
commit,da7b04f7563351b6c4c0883dbcbc16a5e081336a,plan,13,direct;implementation,reviewed-config,manual_links.json,,1.0,1.0,False,True,include,Codex semantic review,2026-07-10,plan-34-v1,"Reviewed transcript segments, Plan history, and git evidence.",,
commit,e031a26f031d038fcc430fb7057600f67102ccbe,plan,6,implementation,reviewed-config,manual_links.json,,1.0,1.0,False,True,include,Codex semantic review,2026-07-10,plan-34-v1,"Reviewed transcript segments, Plan history, and git evidence.",,
commit,e096ded126a62938d4627bd1205b32a0e30c77b0,plan,28,implementation,reviewed-config,manual_links.json,,1.0,1.0,False,True,include,Codex semantic review,2026-07-10,plan-34-v1,"Reviewed transcript segments, Plan history, and git evidence.",,
commit,e0cd7da70c303f9524054cf6e150d7fbfca3d9d1,plan,7,direct;implementation,reviewed-config,manual_links.json,,1.0,1.0,False,True,include,Codex semantic review,2026-07-10,plan-34-v1,"Reviewed transcript segments, Plan history, and git evidence.",,
commit,f156647a0d461ef4ed0ad7411cf1f1a4da51b3d4,plan,28,implementation,reviewed-config,manual_links.json,,1.0,1.0,False,True,include,Codex semantic review,2026-07-10,plan-34-v1,"Reviewed transcript segments, Plan history, and git evidence.",,
commit,f195e03db1cd290792f99f8b880bb69995e28921,plan,23,direct;implementation,reviewed-config,manual_links.json,,1.0,1.0,False,True,include,Codex semantic review,2026-07-10,plan-34-v1,"Reviewed transcript segments, Plan history, and git evidence.",,
commit,f19906905ecd5db8ea9d65fc0a6d80dbd0f798cb,plan,26,implementation,reviewed-config,manual_links.json,,1.0,1.0,False,True,include,Codex semantic review,2026-07-10,plan-34-v1,"Reviewed transcript segments, Plan history, and git evidence.",,
commit,f23c8a089f6d5549a597e0635ff808b203a25766,plan,25,implementation,reviewed-config,manual_links.json,,1.0,1.0,False,True,include,Codex semantic review,2026-07-10,plan-34-v1,"Reviewed transcript segments, Plan history, and git evidence.",,
commit,f36a117c021f535e956e2d1722625465cd66b2f3,plan,11,implementation,reviewed-config,manual_links.json,,1.0,1.0,False,True,include,Codex semantic review,2026-07-10,plan-34-v1,"Reviewed transcript segments, Plan history, and git evidence.",,
commit,fc120558109cc0d36c1bee5ae25bce69d4702311,plan,26,implementation,reviewed-config,manual_links.json,,1.0,1.0,False,True,include,Codex semantic review,2026-07-10,plan-34-v1,"Reviewed transcript segments, Plan history, and git evidence.",,
commit,fdfa298ddbbdc77c6301d6f700b3f922d82f9d27,plan,28,implementation,reviewed-config,manual_links.json,,1.0,1.0,False,True,include,Codex semantic review,2026-07-10,plan-34-v1,"Reviewed transcript segments, Plan history, and git evidence.",,
plan,1,transcript,transcript-2026-02-27-1-1-FLACBridgeExecution,direct,reviewed-config,manual_links.json,,1.0,0.0,False,False,include,,,,Reviewed segment-level Plan allocation.,,
plan,1,transcript,transcript-2026-02-27-1-1-FLACBridgeExecution,implementation,reviewed-config,manual_links.json,,1.0,0.0,False,False,include,,,,Reviewed segment-level Plan allocation.,,
plan,10,transcript,transcript-2026-03-19-1-10-AddTrackManagement,direct,reviewed-config,manual_links.json,,1.0,0.0,False,False,include,,,,Reviewed segment-level Plan allocation.,,
plan,10,transcript,transcript-2026-03-19-1-10-AddTrackManagement,implementation,reviewed-config,manual_links.json,,1.0,0.0,False,False,include,,,,Reviewed segment-level Plan allocation.,,
plan,11,transcript,transcript-2026-03-21-1-11-AddMultiPicturePerTrackSupport,direct,reviewed-config,manual_links.json,,1.0,0.0,False,False,include,,,,Reviewed segment-level Plan allocation.,,
plan,11,transcript,transcript-2026-03-21-1-11-AddMultiPicturePerTrackSupport,implementation,reviewed-config,manual_links.json,,1.0,0.0,False,False,include,,,,Reviewed segment-level Plan allocation.,,
plan,11,transcript,transcript-2026-03-22-1-11-AddMultiPicturePerTrackSupport,direct,reviewed-config,manual_links.json,,1.0,0.0,False,False,include,,,,Reviewed segment-level Plan allocation.,,
plan,11,transcript,transcript-2026-03-22-1-11-AddMultiPicturePerTrackSupport,implementation,reviewed-config,manual_links.json,,1.0,0.0,False,False,include,,,,Reviewed segment-level Plan allocation.,,
plan,11,transcript,transcript-2026-03-23-1-11-AddMultiPicturePerTrackSupport,direct,reviewed-config,manual_links.json,,1.0,0.0,False,False,include,,,,Reviewed segment-level Plan allocation.,,
plan,11,transcript,transcript-2026-03-23-1-11-AddMultiPicturePerTrackSupport,implementation,reviewed-config,manual_links.json,,1.0,0.0,False,False,include,,,,Reviewed segment-level Plan allocation.,,
plan,11,transcript,transcript-2026-03-24-1-11-AddMultiPicturePerTrackSupport,direct,reviewed-config,manual_links.json,,1.0,0.0,False,False,include,,,,Reviewed segment-level Plan allocation.,,
plan,11,transcript,transcript-2026-03-24-1-11-AddMultiPicturePerTrackSupport,implementation,reviewed-config,manual_links.json,,1.0,0.0,False,False,include,,,,Reviewed segment-level Plan allocation.,,
plan,11,transcript,transcript-2026-03-26-1-11-AddMultiPicturePerTrackSupport,implementation,reviewed-config,manual_links.json,,1.0,0.0,False,False,include,,,,Reviewed segment-level Plan allocation.,,
plan,12,transcript,transcript-2026-03-31-1-12-AddFLACDocumentOpenSupport,direct,reviewed-config,manual_links.json,,1.0,0.0,False,False,include,,,,Reviewed segment-level Plan allocation.,,
plan,12,transcript,transcript-2026-03-31-1-12-AddFLACDocumentOpenSupport,implementation,reviewed-config,manual_links.json,,1.0,0.0,False,False,include,,,,Reviewed segment-level Plan allocation.,,
plan,13,transcript,transcript-2026-04-01-1-13-AddFLACFingerprintSupport,direct,reviewed-config,manual_links.json,,1.0,0.0,False,False,include,,,,Reviewed segment-level Plan allocation.,,
plan,13,transcript,transcript-2026-04-01-1-13-AddFLACFingerprintSupport,implementation,reviewed-config,manual_links.json,,1.0,0.0,False,False,include,,,,Reviewed segment-level Plan allocation.,,
plan,14,transcript,transcript-2026-04-02-1-14-AddCompilationTag,direct,reviewed-config,manual_links.json,,1.0,0.0,False,False,include,,,,Reviewed segment-level Plan allocation.,,
plan,14,transcript,transcript-2026-04-02-1-14-AddCompilationTag,implementation,reviewed-config,manual_links.json,,1.0,0.0,False,False,include,,,,Reviewed segment-level Plan allocation.,,
plan,15,transcript,transcript-2026-04-02-1-15-AddSwiftTagDocumentCreation,direct,reviewed-config,manual_links.json,,1.0,0.0,False,False,include,,,,Reviewed segment-level Plan allocation.,,
plan,15,transcript,transcript-2026-04-02-1-15-AddSwiftTagDocumentCreation,implementation,reviewed-config,manual_links.json,,1.0,0.0,False,False,include,,,,Reviewed segment-level Plan allocation.,,
plan,16,transcript,transcript-2026-04-04-1-16-AddSwiftTagDocumentRead,direct,reviewed-config,manual_links.json,,1.0,0.0,False,False,include,,,,Reviewed segment-level Plan allocation.,,
plan,16,transcript,transcript-2026-04-04-1-16-AddSwiftTagDocumentRead,implementation,reviewed-config,manual_links.json,,1.0,0.0,False,False,include,,,,Reviewed segment-level Plan allocation.,,
plan,16,transcript,transcript-2026-04-04-1-17-SwiftTagDocumentReadLiveFileResolution,implementation,reviewed-config,manual_links.json,,1.0,0.0,False,False,include,,,,Reviewed segment-level Plan allocation.,,
plan,16,transcript,transcript-2026-04-05-1-SwiftTagDocumentReopenFix,implementation,reviewed-config,manual_links.json,,1.0,0.0,False,False,include,,,,Reviewed segment-level Plan allocation.,,
plan,17,transcript,transcript-2026-04-04-1-17-SwiftTagDocumentReadLiveFileResolution,direct,reviewed-config,manual_links.json,,1.0,0.0,False,False,include,,,,Reviewed segment-level Plan allocation.,,
plan,17,transcript,transcript-2026-04-04-1-17-SwiftTagDocumentReadLiveFileResolution,implementation,reviewed-config,manual_links.json,,1.0,0.0,False,False,include,,,,Reviewed segment-level Plan allocation.,,
plan,18,transcript,transcript-2026-04-06-1-18-UpdateWindowTitleText,direct,reviewed-config,manual_links.json,,1.0,0.0,False,False,include,,,,Reviewed segment-level Plan allocation.,,
plan,18,transcript,transcript-2026-04-06-1-18-UpdateWindowTitleText,implementation,reviewed-config,manual_links.json,,1.0,0.0,False,False,include,,,,Reviewed segment-level Plan allocation.,,
plan,19,transcript,transcript-2026-04-07-3-19-AddSwiftTagDocumentSaveOptions,direct,reviewed-config,manual_links.json,,1.0,0.0,False,False,include,,,,Reviewed segment-level Plan allocation.,,
plan,19,transcript,transcript-2026-04-07-3-19-AddSwiftTagDocumentSaveOptions,implementation,reviewed-config,manual_links.json,,1.0,0.0,False,False,include,,,,Reviewed segment-level Plan allocation.,,
plan,2,transcript,transcript-2026-03-04-1-2-ContentViewReorganizationPlan.md,direct,reviewed-config,manual_links.json,,1.0,0.0,False,False,include,,,,Reviewed segment-level Plan allocation.,,
plan,2,transcript,transcript-2026-03-04-1-2-ContentViewReorganizationPlan.md,implementation,reviewed-config,manual_links.json,,1.0,0.0,False,False,include,,,,Reviewed segment-level Plan allocation.,,
plan,20,transcript,transcript-2026-04-08-1-20-AddSwiftTagDocumentSaveOptions,direct,reviewed-config,manual_links.json,,1.0,0.0,False,False,include,,,,Reviewed segment-level Plan allocation.,,
plan,20,transcript,transcript-2026-04-08-1-20-AddSwiftTagDocumentSaveOptions,implementation,reviewed-config,manual_links.json,,1.0,0.0,False,False,include,,,,Reviewed segment-level Plan allocation.,,
plan,21,transcript,transcript-2026-04-09-2-21-AddSwiftTagDocumentBookmark,direct,reviewed-config,manual_links.json,,1.0,0.0,False,False,include,,,,Reviewed segment-level Plan allocation.,,
plan,21,transcript,transcript-2026-04-09-2-21-AddSwiftTagDocumentBookmark,implementation,reviewed-config,manual_links.json,,1.0,0.0,False,False,include,,,,Reviewed segment-level Plan allocation.,,
plan,22,transcript,transcript-2026-04-10-2-22-AddSwiftTagDocumentSaveOptions,direct,reviewed-config,manual_links.json,,1.0,0.0,False,False,include,,,,Reviewed segment-level Plan allocation.,,
plan,22,transcript,transcript-2026-04-10-2-22-AddSwiftTagDocumentSaveOptions,implementation,reviewed-config,manual_links.json,,1.0,0.0,False,False,include,,,,Reviewed segment-level Plan allocation.,,
plan,23,transcript,transcript-2026-04-11-1-23-AddSwiftTagDocumentQuickLook,direct,reviewed-config,manual_links.json,,1.0,0.0,False,False,include,,,,Reviewed segment-level Plan allocation.,,
plan,23,transcript,transcript-2026-04-11-1-23-AddSwiftTagDocumentQuickLook,implementation,reviewed-config,manual_links.json,,1.0,0.0,False,False,include,,,,Reviewed segment-level Plan allocation.,,
plan,24,transcript,transcript-2026-04-12-1-24-AddTrackDurationInfo,direct,reviewed-config,manual_links.json,,1.0,0.0,False,False,include,,,,Reviewed segment-level Plan allocation.,,
plan,24,transcript,transcript-2026-04-12-1-24-AddTrackDurationInfo,implementation,reviewed-config,manual_links.json,,1.0,0.0,False,False,include,,,,Reviewed segment-level Plan allocation.,,
plan,25,transcript,transcript-2026-04-14-1-25-AddPictureDescriptionEdit,direct,reviewed-config,manual_links.json,,1.0,0.0,False,False,include,,,,Reviewed segment-level Plan allocation.,,
plan,25,transcript,transcript-2026-04-14-1-25-AddPictureDescriptionEdit,implementation,reviewed-config,manual_links.json,,1.0,0.0,False,False,include,,,,Reviewed segment-level Plan allocation.,,
plan,25,transcript,transcript-2026-04-16-1-InternalExternalDiffUpdateFix,implementation,reviewed-config,manual_links.json,,1.0,0.0,False,False,include,,,,Reviewed segment-level Plan allocation.,,
plan,25,transcript,transcript-2026-04-17-1-InternalExternalDiffDocUpdateFix,implementation,reviewed-config,manual_links.json,,1.0,0.0,False,False,include,,,,Reviewed segment-level Plan allocation.,,
plan,26,transcript,transcript-2026-04-18-1-26-AddAppleScriptSupport,direct,reviewed-config,manual_links.json,,1.0,0.0,False,False,include,,,,Reviewed segment-level Plan allocation.,,
plan,26,transcript,transcript-2026-04-18-1-26-AddAppleScriptSupport,implementation,reviewed-config,manual_links.json,,1.0,0.0,False,False,include,,,,Reviewed segment-level Plan allocation.,,
plan,26,transcript,transcript-2026-04-20-1-26-AddAppleScriptSupport,implementation,reviewed-config,manual_links.json,,1.0,0.0,False,False,include,,,,Reviewed segment-level Plan allocation.,,
plan,26,transcript,transcript-2026-04-21-1-26-AddAppleScriptSupport,implementation,reviewed-config,manual_links.json,,1.0,0.0,False,False,include,,,,Reviewed segment-level Plan allocation.,,
plan,26,transcript,transcript-2026-04-22-1-26-AddAppleScriptSupport,implementation,reviewed-config,manual_links.json,,1.0,0.0,False,False,include,,,,Reviewed segment-level Plan allocation.,,
plan,26,transcript,transcript-2026-04-22-2-26-AddAppleScriptSupport,implementation,reviewed-config,manual_links.json,,1.0,0.0,False,False,include,,,,Reviewed segment-level Plan allocation.,,
plan,26,transcript,transcript-2026-04-23-1-26-AddAppleScriptSupport,implementation,reviewed-config,manual_links.json,,1.0,0.0,False,False,include,,,,Reviewed segment-level Plan allocation.,,
plan,26,transcript,transcript-2026-04-23-2-26-AddAppleScriptSupport,implementation,reviewed-config,manual_links.json,,1.0,0.0,False,False,include,,,,Reviewed segment-level Plan allocation.,,
plan,26,transcript,transcript-2026-04-24-1-26-AddAppleScriptSupport,implementation,reviewed-config,manual_links.json,,1.0,0.0,False,False,include,,,,Reviewed segment-level Plan allocation.,,
plan,26,transcript,transcript-2026-04-28-1-26-AddAppleScriptSupport,implementation,reviewed-config,manual_links.json,,1.0,0.0,False,False,include,,,,Reviewed segment-level Plan allocation.,,
plan,26,transcript,transcript-2026-04-28-2-26-AddAppleScriptSupport,implementation,reviewed-config,manual_links.json,,1.0,0.0,False,False,include,,,,Reviewed segment-level Plan allocation.,,
plan,26,transcript,transcript-2026-04-29-1-26-AddAppleScriptSupport,implementation,reviewed-config,manual_links.json,,1.0,0.0,False,False,include,,,,Reviewed segment-level Plan allocation.,,
plan,26,transcript,transcript-2026-04-29-2-26-AddAppleScriptSupport,implementation,reviewed-config,manual_links.json,,1.0,0.0,False,False,include,,,,Reviewed segment-level Plan allocation.,,
plan,26,transcript,transcript-2026-04-30-1-26-AddAppleScriptSupport,implementation,reviewed-config,manual_links.json,,1.0,0.0,False,False,include,,,,Reviewed segment-level Plan allocation.,,
plan,26,transcript,transcript-2026-04-30-2-26-AddAppleScriptSupport,implementation,reviewed-config,manual_links.json,,1.0,0.0,False,False,include,,,,Reviewed segment-level Plan allocation.,,
plan,26,transcript,transcript-2026-05-01-1-26-AddAppleScriptSupport,implementation,reviewed-config,manual_links.json,,1.0,0.0,False,False,include,,,,Reviewed segment-level Plan allocation.,,
plan,26,transcript,transcript-2026-05-02-1-26-AddAppleScriptSupport,implementation,reviewed-config,manual_links.json,,1.0,0.0,False,False,include,,,,Reviewed segment-level Plan allocation.,,
plan,26,transcript,transcript-2026-05-02-2-26-AddAppleScriptSupport,implementation,reviewed-config,manual_links.json,,1.0,0.0,False,False,include,,,,Reviewed segment-level Plan allocation.,,
plan,26,transcript,transcript-2026-05-03-1-26-AddAppleScriptSupport,implementation,reviewed-config,manual_links.json,,1.0,0.0,False,False,include,,,,Reviewed segment-level Plan allocation.,,
plan,26,transcript,transcript-2026-05-03-2-26-AddAppleScriptSupport,implementation,reviewed-config,manual_links.json,,1.0,0.0,False,False,include,,,,Reviewed segment-level Plan allocation.,,
plan,26,transcript,transcript-2026-05-04-1-26-AddAppleScriptSupport,implementation,reviewed-config,manual_links.json,,1.0,0.0,False,False,include,,,,Reviewed segment-level Plan allocation.,,
plan,26,transcript,transcript-2026-05-07-1-26-AddAppleScriptSupport,implementation,reviewed-config,manual_links.json,,1.0,0.0,False,False,include,,,,Reviewed segment-level Plan allocation.,,
plan,26,transcript,transcript-2026-05-10-1-26-AddAppleScriptSupport,implementation,reviewed-config,manual_links.json,,1.0,0.0,False,False,include,,,,Reviewed segment-level Plan allocation.,,
plan,26,transcript,transcript-2026-05-18-1-28-AddSwiftTagUseDocumentation,implementation,reviewed-config,manual_links.json,,1.0,0.0,False,False,include,,,,Reviewed segment-level Plan allocation.,,
plan,26,transcript,transcript-2026-05-20-1-MakePictureFix,implementation,reviewed-config,manual_links.json,,1.0,0.0,False,False,include,,,,Reviewed segment-level Plan allocation.,,
plan,27,transcript,transcript-2026-04-30-1-26-AddAppleScriptSupport,direct,reviewed-config,manual_links.json,,1.0,0.0,False,False,include,,,,Reviewed segment-level Plan allocation.,,
plan,27,transcript,transcript-2026-04-30-1-26-AddAppleScriptSupport,implementation,reviewed-config,manual_links.json,,1.0,0.0,False,False,include,,,,Reviewed segment-level Plan allocation.,,
plan,28,transcript,transcript-2026-05-12-1-28-AddSwiftTagUseDocumentation,direct,reviewed-config,manual_links.json,,1.0,0.0,False,False,include,,,,Reviewed segment-level Plan allocation.,,
plan,28,transcript,transcript-2026-05-12-1-28-AddSwiftTagUseDocumentation,implementation,reviewed-config,manual_links.json,,1.0,0.0,False,False,include,,,,Reviewed segment-level Plan allocation.,,
plan,28,transcript,transcript-2026-05-13-1-28-AddSwiftTagUseDocumentation,implementation,reviewed-config,manual_links.json,,1.0,0.0,False,False,include,,,,Reviewed segment-level Plan allocation.,,
plan,28,transcript,transcript-2026-05-18-1-28-AddSwiftTagUseDocumentation,implementation,reviewed-config,manual_links.json,,1.0,0.0,False,False,include,,,,Reviewed segment-level Plan allocation.,,
plan,28,transcript,transcript-2026-05-20-2-28-AddSwiftTagUseDocumentation,implementation,reviewed-config,manual_links.json,,1.0,0.0,False,False,include,,,,Reviewed segment-level Plan allocation.,,
plan,29,transcript,transcript-2026-05-15-1-29-AddSandboxSettings,direct,reviewed-config,manual_links.json,,1.0,0.0,False,False,include,,,,Reviewed segment-level Plan allocation.,,
plan,29,transcript,transcript-2026-05-15-1-29-AddSandboxSettings,implementation,reviewed-config,manual_links.json,,1.0,0.0,False,False,include,,,,Reviewed segment-level Plan allocation.,,
plan,3,transcript,transcript-2026-03-04-1-2-ContentViewReorganizationPlan.md,direct,reviewed-config,manual_links.json,,1.0,0.0,False,False,include,,,,Reviewed segment-level Plan allocation.,,
plan,3,transcript,transcript-2026-03-04-1-2-ContentViewReorganizationPlan.md,implementation,reviewed-config,manual_links.json,,1.0,0.0,False,False,include,,,,Reviewed segment-level Plan allocation.,,
plan,30,transcript,transcript-2026-06-15-1-30-AutoUpdateTrackTotalByDisc,direct,reviewed-config,manual_links.json,,1.0,0.0,False,False,include,,,,Reviewed segment-level Plan allocation.,,
plan,30,transcript,transcript-2026-06-15-1-30-AutoUpdateTrackTotalByDisc,implementation,reviewed-config,manual_links.json,,1.0,0.0,False,False,include,,,,Reviewed segment-level Plan allocation.,,
plan,31,transcript,transcript-2026-06-16-1-31-AddTrackSortAndNumbering,direct,reviewed-config,manual_links.json,,1.0,0.0,False,False,include,,,,Reviewed segment-level Plan allocation.,,
plan,31,transcript,transcript-2026-06-16-1-31-AddTrackSortAndNumbering,implementation,reviewed-config,manual_links.json,,1.0,0.0,False,False,include,,,,Reviewed segment-level Plan allocation.,,
plan,32,transcript,transcript-2026-06-17-1-32-AutoUpdateDiscTotal,direct,reviewed-config,manual_links.json,,1.0,0.0,False,False,include,,,,Reviewed segment-level Plan allocation.,,
plan,32,transcript,transcript-2026-06-17-1-32-AutoUpdateDiscTotal,implementation,reviewed-config,manual_links.json,,1.0,0.0,False,False,include,,,,Reviewed segment-level Plan allocation.,,
plan,33,transcript,transcript-2026-06-18-1-33-AddTrackFileRename,direct,reviewed-config,manual_links.json,,1.0,0.0,False,False,include,,,,Reviewed segment-level Plan allocation.,,
plan,33,transcript,transcript-2026-06-18-1-33-AddTrackFileRename,implementation,reviewed-config,manual_links.json,,1.0,0.0,False,False,include,,,,Reviewed segment-level Plan allocation.,,
plan,4,transcript,transcript-2026-03-06-1-4-FlacWriteTagsAndPicturesPlan,direct,reviewed-config,manual_links.json,,1.0,0.0,False,False,include,,,,Reviewed segment-level Plan allocation.,,
plan,4,transcript,transcript-2026-03-06-1-4-FlacWriteTagsAndPicturesPlan,implementation,reviewed-config,manual_links.json,,1.0,0.0,False,False,include,,,,Reviewed segment-level Plan allocation.,,
plan,5,transcript,transcript-2026-03-07-1-5-AddSaveNotificationsPlan,direct,reviewed-config,manual_links.json,,1.0,0.0,False,False,include,,,,Reviewed segment-level Plan allocation.,,
plan,5,transcript,transcript-2026-03-07-1-5-AddSaveNotificationsPlan,implementation,reviewed-config,manual_links.json,,1.0,0.0,False,False,include,,,,Reviewed segment-level Plan allocation.,,
plan,6,transcript,transcript-2026-03-07-2-6-AgentsTranscriptSkillPlan,direct,reviewed-config,manual_links.json,,1.0,0.0,False,False,include,,,,Reviewed segment-level Plan allocation.,,
plan,6,transcript,transcript-2026-03-07-2-6-AgentsTranscriptSkillPlan,implementation,reviewed-config,manual_links.json,,1.0,0.0,False,False,include,,,,Reviewed segment-level Plan allocation.,,
plan,7,transcript,transcript-2026-03-12-1-7-AddSaveStatusViewPlan,direct,reviewed-config,manual_links.json,,1.0,0.0,False,False,include,,,,Reviewed segment-level Plan allocation.,,
plan,7,transcript,transcript-2026-03-12-1-7-AddSaveStatusViewPlan,implementation,reviewed-config,manual_links.json,,1.0,0.0,False,False,include,,,,Reviewed segment-level Plan allocation.,,
plan,8,transcript,transcript-2026-03-13-1-8-AddTrackStatusPlan,direct,reviewed-config,manual_links.json,,1.0,0.0,False,False,include,,,,Reviewed segment-level Plan allocation.,,
plan,8,transcript,transcript-2026-03-13-1-8-AddTrackStatusPlan,implementation,reviewed-config,manual_links.json,,1.0,0.0,False,False,include,,,,Reviewed segment-level Plan allocation.,,
plan,8,transcript,transcript-2026-03-14-1-8-AddTrackStatusPlan,direct,reviewed-config,manual_links.json,,1.0,0.0,False,False,include,,,,Reviewed segment-level Plan allocation.,,
plan,8,transcript,transcript-2026-03-14-1-8-AddTrackStatusPlan,implementation,reviewed-config,manual_links.json,,1.0,0.0,False,False,include,,,,Reviewed segment-level Plan allocation.,,
plan,9,transcript,transcript-2026-03-17-1-9-AddUIFeedbackSettings,direct,reviewed-config,manual_links.json,,1.0,0.0,False,False,include,,,,Reviewed segment-level Plan allocation.,,
plan,9,transcript,transcript-2026-03-17-1-9-AddUIFeedbackSettings,implementation,reviewed-config,manual_links.json,,1.0,0.0,False,False,include,,,,Reviewed segment-level Plan allocation.,,
plan,9,transcript,transcript-2026-03-17-2-9-AddUIFeedbackSettings,direct,reviewed-config,manual_links.json,,1.0,0.0,False,False,include,,,,Reviewed segment-level Plan allocation.,,
plan,9,transcript,transcript-2026-03-17-2-9-AddUIFeedbackSettings,implementation,reviewed-config,manual_links.json,,1.0,0.0,False,False,include,,,,Reviewed segment-level Plan allocation.,,
plan,9,transcript,transcript-2026-03-18-1-9-AddUIFeedbackSettings,direct,reviewed-config,manual_links.json,,1.0,0.0,False,False,include,,,,Reviewed segment-level Plan allocation.,,
plan,9,transcript,transcript-2026-03-18-1-9-AddUIFeedbackSettings,implementation,reviewed-config,manual_links.json,,1.0,0.0,False,False,include,,,,Reviewed segment-level Plan allocation.,,
commit,6cf4772cd3482a0a7ca38f2f613ca64a86da22a1,transcript,transcript-2026-02-27-1-1-FLACBridgeExecution,work,reviewed-segment,transcript-2026-02-27-1-1-FLACBridgeExecution:segment-001,10,1.0,0.6585365854,False,True,reviewed-include,,,plan-34-v1,semantic match,4e20db4d0d0f010915da1272767dbc1564566bdc369ff2227cc970dbdeb27bf6,
commit,1fcd08274065e59e148cb05d16e592e98f02bced,transcript,transcript-2026-02-27-1-1-FLACBridgeExecution,work,reviewed-segment,transcript-2026-02-27-1-1-FLACBridgeExecution:segment-001,10,1.0,0.3414634146,False,True,reviewed-include,,,plan-34-v1,semantic match,4e20db4d0d0f010915da1272767dbc1564566bdc369ff2227cc970dbdeb27bf6,
plan,1,transcript,transcript-2026-02-27-1-1-FLACBridgeExecution,direct,reviewed-segment,transcript-2026-02-27-1-1-FLACBridgeExecution:segment-001,10,1.0,0.6585365854,True,False,reviewed-include,,,plan-34-v1,semantic match,4e20db4d0d0f010915da1272767dbc1564566bdc369ff2227cc970dbdeb27bf6,
plan,1,transcript,transcript-2026-02-27-1-1-FLACBridgeExecution,implementation,reviewed-segment,transcript-2026-02-27-1-1-FLACBridgeExecution:segment-001,10,1.0,0.3414634146,False,True,reviewed-include,,,plan-34-v1,semantic match,4e20db4d0d0f010915da1272767dbc1564566bdc369ff2227cc970dbdeb27bf6,
commit,c965c3feb354452704670af683ab541da3c43f71,transcript,transcript-2026-03-02-1-MiscTagEditorDev,work,reviewed-segment,transcript-2026-03-02-1-MiscTagEditorDev:segment-001,12,1.0,1.0,False,True,reviewed-include,,,plan-34-v1,semantic match,09cc7c2c14f451239f07c72f46ec1a060b4f00056785875688f79289a9b26156,
commit,c965c3feb354452704670af683ab541da3c43f71,transcript,transcript-2026-03-02-1-MiscTagEditorDev,work,reviewed-segment,transcript-2026-03-02-1-MiscTagEditorDev:segment-002,31,1.0,1.0,False,True,reviewed-include,,,plan-34-v1,semantic match,09cc7c2c14f451239f07c72f46ec1a060b4f00056785875688f79289a9b26156,
commit,c965c3feb354452704670af683ab541da3c43f71,transcript,transcript-2026-03-02-1-MiscTagEditorDev,work,reviewed-segment,transcript-2026-03-02-1-MiscTagEditorDev:segment-003,42,1.0,1.0,False,True,reviewed-include,,,plan-34-v1,semantic match,09cc7c2c14f451239f07c72f46ec1a060b4f00056785875688f79289a9b26156,
commit,c965c3feb354452704670af683ab541da3c43f71,transcript,transcript-2026-03-02-1-MiscTagEditorDev,work,reviewed-segment,transcript-2026-03-02-1-MiscTagEditorDev:segment-004,56,1.0,1.0,False,True,reviewed-include,,,plan-34-v1,semantic match,09cc7c2c14f451239f07c72f46ec1a060b4f00056785875688f79289a9b26156,
commit,c965c3feb354452704670af683ab541da3c43f71,transcript,transcript-2026-03-02-1-MiscTagEditorDev,work,reviewed-segment,transcript-2026-03-02-1-MiscTagEditorDev:segment-005,62,1.0,1.0,False,True,reviewed-include,,,plan-34-v1,semantic match,09cc7c2c14f451239f07c72f46ec1a060b4f00056785875688f79289a9b26156,
commit,c965c3feb354452704670af683ab541da3c43f71,transcript,transcript-2026-03-02-1-MiscTagEditorDev,work,reviewed-segment,transcript-2026-03-02-1-MiscTagEditorDev:segment-006,87,1.0,1.0,False,True,reviewed-include,,,plan-34-v1,semantic match,09cc7c2c14f451239f07c72f46ec1a060b4f00056785875688f79289a9b26156,
commit,c965c3feb354452704670af683ab541da3c43f71,transcript,transcript-2026-03-02-1-MiscTagEditorDev,work,reviewed-segment,transcript-2026-03-02-1-MiscTagEditorDev:segment-007,102,1.0,1.0,False,True,reviewed-include,,,plan-34-v1,semantic match,09cc7c2c14f451239f07c72f46ec1a060b4f00056785875688f79289a9b26156,
commit,c965c3feb354452704670af683ab541da3c43f71,transcript,transcript-2026-03-02-1-MiscTagEditorDev,work,reviewed-segment,transcript-2026-03-02-1-MiscTagEditorDev:segment-008,125,1.0,1.0,False,True,reviewed-include,,,plan-34-v1,semantic match,09cc7c2c14f451239f07c72f46ec1a060b4f00056785875688f79289a9b26156,
commit,2302109d0c43a41cb71c36e47cf2b4b8973a63d6,transcript,transcript-2026-03-03-1-MiscTagEditorDev,work,reviewed-segment,transcript-2026-03-03-1-MiscTagEditorDev:segment-001,12,1.0,1.0,False,True,reviewed-include,,,plan-34-v1,semantic match,4d40c2f73ea89989849863ae9f166869083ba434f91aff6244b2dc92778baee4,
commit,2302109d0c43a41cb71c36e47cf2b4b8973a63d6,transcript,transcript-2026-03-03-1-MiscTagEditorDev,work,reviewed-segment,transcript-2026-03-03-1-MiscTagEditorDev:segment-002,37,1.0,1.0,False,True,reviewed-include,,,plan-34-v1,semantic match,4d40c2f73ea89989849863ae9f166869083ba434f91aff6244b2dc92778baee4,
commit,2302109d0c43a41cb71c36e47cf2b4b8973a63d6,transcript,transcript-2026-03-03-1-MiscTagEditorDev,work,reviewed-segment,transcript-2026-03-03-1-MiscTagEditorDev:segment-003,72,1.0,1.0,False,True,reviewed-include,,,plan-34-v1,semantic match,4d40c2f73ea89989849863ae9f166869083ba434f91aff6244b2dc92778baee4,
commit,b5b4f12719bcc1df96078cbbc79157c47985e637,transcript,transcript-2026-03-03-1-MiscTagEditorDev,work,reviewed-segment,transcript-2026-03-03-1-MiscTagEditorDev:segment-004,89,1.0,1.0,False,True,reviewed-include,,,plan-34-v1,semantic match,4d40c2f73ea89989849863ae9f166869083ba434f91aff6244b2dc92778baee4,
commit,b5b4f12719bcc1df96078cbbc79157c47985e637,transcript,transcript-2026-03-03-1-MiscTagEditorDev,work,reviewed-segment,transcript-2026-03-03-1-MiscTagEditorDev:segment-005,109,1.0,1.0,False,True,reviewed-include,,,plan-34-v1,semantic match,4d40c2f73ea89989849863ae9f166869083ba434f91aff6244b2dc92778baee4,
commit,f400158d420b3d62590a7863231b3f4fe603006b,transcript,transcript-2026-03-03-1-MiscTagEditorDev,work,reviewed-segment,transcript-2026-03-03-1-MiscTagEditorDev:segment-006,120,1.0,1.0,False,True,reviewed-include,,,plan-34-v1,semantic match,4d40c2f73ea89989849863ae9f166869083ba434f91aff6244b2dc92778baee4,
commit,f400158d420b3d62590a7863231b3f4fe603006b,transcript,transcript-2026-03-03-1-MiscTagEditorDev,work,reviewed-segment,transcript-2026-03-03-1-MiscTagEditorDev:segment-007,133,1.0,1.0,False,True,reviewed-include,,,plan-34-v1,semantic match,4d40c2f73ea89989849863ae9f166869083ba434f91aff6244b2dc92778baee4,
commit,f400158d420b3d62590a7863231b3f4fe603006b,transcript,transcript-2026-03-03-1-MiscTagEditorDev,work,reviewed-segment,transcript-2026-03-03-1-MiscTagEditorDev:segment-008,144,1.0,1.0,False,True,reviewed-include,,,plan-34-v1,semantic match,4d40c2f73ea89989849863ae9f166869083ba434f91aff6244b2dc92778baee4,
commit,f400158d420b3d62590a7863231b3f4fe603006b,transcript,transcript-2026-03-03-1-MiscTagEditorDev,work,reviewed-segment,transcript-2026-03-03-1-MiscTagEditorDev:segment-009,164,1.0,1.0,False,True,reviewed-include,,,plan-34-v1,semantic match,4d40c2f73ea89989849863ae9f166869083ba434f91aff6244b2dc92778baee4,
commit,f400158d420b3d62590a7863231b3f4fe603006b,transcript,transcript-2026-03-03-1-MiscTagEditorDev,work,reviewed-segment,transcript-2026-03-03-1-MiscTagEditorDev:segment-010,182,1.0,1.0,False,True,reviewed-include,,,plan-34-v1,semantic match,4d40c2f73ea89989849863ae9f166869083ba434f91aff6244b2dc92778baee4,
commit,f400158d420b3d62590a7863231b3f4fe603006b,transcript,transcript-2026-03-03-1-MiscTagEditorDev,work,reviewed-segment,transcript-2026-03-03-1-MiscTagEditorDev:segment-011,204,1.0,1.0,False,True,reviewed-include,,,plan-34-v1,semantic match,4d40c2f73ea89989849863ae9f166869083ba434f91aff6244b2dc92778baee4,
commit,f400158d420b3d62590a7863231b3f4fe603006b,transcript,transcript-2026-03-03-1-MiscTagEditorDev,work,reviewed-segment,transcript-2026-03-03-1-MiscTagEditorDev:segment-012,228,1.0,1.0,False,True,reviewed-include,,,plan-34-v1,semantic match,4d40c2f73ea89989849863ae9f166869083ba434f91aff6244b2dc92778baee4,
commit,a76f2110c364943a6a2b000cd575807b8f75a6e6,transcript,transcript-2026-03-04-1-2-ContentViewReorganizationPlan.md,work,reviewed-segment,transcript-2026-03-04-1-2-ContentViewReorganizationPlan.md:segment-001,12,1.0,1.0,False,True,reviewed-include,,,plan-34-v1,semantic match,fc2f5046c96b2bac9afc96164eb2dd4669f8199cf0a8229fc89c412b914d85fa,
commit,a76f2110c364943a6a2b000cd575807b8f75a6e6,transcript,transcript-2026-03-04-1-2-ContentViewReorganizationPlan.md,work,reviewed-segment,transcript-2026-03-04-1-2-ContentViewReorganizationPlan.md:segment-002,51,1.0,0.9415204678,False,True,reviewed-include,,,plan-34-v1,semantic match,fc2f5046c96b2bac9afc96164eb2dd4669f8199cf0a8229fc89c412b914d85fa,
commit,6c669809df69c8e7566517df27f84cd4ac85cb37,transcript,transcript-2026-03-04-1-2-ContentViewReorganizationPlan.md,work,reviewed-segment,transcript-2026-03-04-1-2-ContentViewReorganizationPlan.md:segment-002,51,1.0,0.0584795322,False,True,reviewed-include,,,plan-34-v1,semantic match,fc2f5046c96b2bac9afc96164eb2dd4669f8199cf0a8229fc89c412b914d85fa,
commit,bae266f0f97e4d7e264cc54628bfaf3cc70a78f7,transcript,transcript-2026-03-04-1-2-ContentViewReorganizationPlan.md,work,reviewed-segment,transcript-2026-03-04-1-2-ContentViewReorganizationPlan.md:segment-003,222,1.0,1.0,False,True,reviewed-include,,,plan-34-v1,semantic match,fc2f5046c96b2bac9afc96164eb2dd4669f8199cf0a8229fc89c412b914d85fa,
plan,2,transcript,transcript-2026-03-04-1-2-ContentViewReorganizationPlan.md,direct,reviewed-segment,transcript-2026-03-04-1-2-ContentViewReorganizationPlan.md:segment-001,12,1.0,1.0,True,False,reviewed-include,,,plan-34-v1,semantic match,fc2f5046c96b2bac9afc96164eb2dd4669f8199cf0a8229fc89c412b914d85fa,
plan,2,transcript,transcript-2026-03-04-1-2-ContentViewReorganizationPlan.md,implementation,reviewed-segment,transcript-2026-03-04-1-2-ContentViewReorganizationPlan.md:segment-002,51,1.0,1.0,False,True,reviewed-include,,,plan-34-v1,semantic match,fc2f5046c96b2bac9afc96164eb2dd4669f8199cf0a8229fc89c412b914d85fa,
plan,3,transcript,transcript-2026-03-04-1-2-ContentViewReorganizationPlan.md,direct,reviewed-segment,transcript-2026-03-04-1-2-ContentViewReorganizationPlan.md:segment-003,222,1.0,0.2307692308,True,False,reviewed-include,,,plan-34-v1,semantic match,fc2f5046c96b2bac9afc96164eb2dd4669f8199cf0a8229fc89c412b914d85fa,
plan,3,transcript,transcript-2026-03-04-1-2-ContentViewReorganizationPlan.md,implementation,reviewed-segment,transcript-2026-03-04-1-2-ContentViewReorganizationPlan.md:segment-003,222,1.0,0.7692307692,False,True,reviewed-include,,,plan-34-v1,semantic match,fc2f5046c96b2bac9afc96164eb2dd4669f8199cf0a8229fc89c412b914d85fa,
commit,27b32d888ac16fcaa31f6735b29d960131a8315c,transcript,transcript-2026-03-06-1-4-FlacWriteTagsAndPicturesPlan,work,reviewed-segment,transcript-2026-03-06-1-4-FlacWriteTagsAndPicturesPlan:segment-001,13,1.0,1.0,False,True,reviewed-include,,,plan-34-v1,semantic match,552af03acbc4cb6016b95939fc43a359b2519ce2bb7a0402261db5f0a9e3a10d,
commit,27b32d888ac16fcaa31f6735b29d960131a8315c,transcript,transcript-2026-03-06-1-4-FlacWriteTagsAndPicturesPlan,work,reviewed-segment,transcript-2026-03-06-1-4-FlacWriteTagsAndPicturesPlan:segment-002,63,1.0,1.0,False,True,reviewed-include,,,plan-34-v1,semantic match,552af03acbc4cb6016b95939fc43a359b2519ce2bb7a0402261db5f0a9e3a10d,
commit,27b32d888ac16fcaa31f6735b29d960131a8315c,transcript,transcript-2026-03-06-1-4-FlacWriteTagsAndPicturesPlan,work,reviewed-segment,transcript-2026-03-06-1-4-FlacWriteTagsAndPicturesPlan:segment-003,87,1.0,1.0,False,True,reviewed-include,,,plan-34-v1,semantic match,552af03acbc4cb6016b95939fc43a359b2519ce2bb7a0402261db5f0a9e3a10d,
commit,27b32d888ac16fcaa31f6735b29d960131a8315c,transcript,transcript-2026-03-06-1-4-FlacWriteTagsAndPicturesPlan,work,reviewed-segment,transcript-2026-03-06-1-4-FlacWriteTagsAndPicturesPlan:segment-004,105,1.0,1.0,False,True,reviewed-include,,,plan-34-v1,semantic match,552af03acbc4cb6016b95939fc43a359b2519ce2bb7a0402261db5f0a9e3a10d,
commit,27b32d888ac16fcaa31f6735b29d960131a8315c,transcript,transcript-2026-03-06-1-4-FlacWriteTagsAndPicturesPlan,work,reviewed-segment,transcript-2026-03-06-1-4-FlacWriteTagsAndPicturesPlan:segment-005,128,1.0,1.0,False,True,reviewed-include,,,plan-34-v1,semantic match,552af03acbc4cb6016b95939fc43a359b2519ce2bb7a0402261db5f0a9e3a10d,
commit,27b32d888ac16fcaa31f6735b29d960131a8315c,transcript,transcript-2026-03-06-1-4-FlacWriteTagsAndPicturesPlan,work,reviewed-segment,transcript-2026-03-06-1-4-FlacWriteTagsAndPicturesPlan:segment-006,268,1.0,1.0,False,True,reviewed-include,,,plan-34-v1,semantic match,552af03acbc4cb6016b95939fc43a359b2519ce2bb7a0402261db5f0a9e3a10d,
commit,27b32d888ac16fcaa31f6735b29d960131a8315c,transcript,transcript-2026-03-06-1-4-FlacWriteTagsAndPicturesPlan,work,reviewed-segment,transcript-2026-03-06-1-4-FlacWriteTagsAndPicturesPlan:segment-007,310,1.0,1.0,False,True,reviewed-include,,,plan-34-v1,semantic match,552af03acbc4cb6016b95939fc43a359b2519ce2bb7a0402261db5f0a9e3a10d,
commit,27b32d888ac16fcaa31f6735b29d960131a8315c,transcript,transcript-2026-03-06-1-4-FlacWriteTagsAndPicturesPlan,work,reviewed-segment,transcript-2026-03-06-1-4-FlacWriteTagsAndPicturesPlan:segment-008,316,1.0,1.0,False,True,reviewed-include,,,plan-34-v1,semantic match,552af03acbc4cb6016b95939fc43a359b2519ce2bb7a0402261db5f0a9e3a10d,
commit,27b32d888ac16fcaa31f6735b29d960131a8315c,transcript,transcript-2026-03-06-1-4-FlacWriteTagsAndPicturesPlan,work,reviewed-segment,transcript-2026-03-06-1-4-FlacWriteTagsAndPicturesPlan:segment-009,330,1.0,1.0,False,True,reviewed-include,,,plan-34-v1,semantic match,552af03acbc4cb6016b95939fc43a359b2519ce2bb7a0402261db5f0a9e3a10d,
commit,27b32d888ac16fcaa31f6735b29d960131a8315c,transcript,transcript-2026-03-06-1-4-FlacWriteTagsAndPicturesPlan,work,reviewed-segment,transcript-2026-03-06-1-4-FlacWriteTagsAndPicturesPlan:segment-010,357,1.0,1.0,False,True,reviewed-include,,,plan-34-v1,semantic match,552af03acbc4cb6016b95939fc43a359b2519ce2bb7a0402261db5f0a9e3a10d,
commit,27b32d888ac16fcaa31f6735b29d960131a8315c,transcript,transcript-2026-03-06-1-4-FlacWriteTagsAndPicturesPlan,work,reviewed-segment,transcript-2026-03-06-1-4-FlacWriteTagsAndPicturesPlan:segment-011,395,1.0,1.0,False,True,reviewed-include,,,plan-34-v1,semantic match,552af03acbc4cb6016b95939fc43a359b2519ce2bb7a0402261db5f0a9e3a10d,
commit,27b32d888ac16fcaa31f6735b29d960131a8315c,transcript,transcript-2026-03-06-1-4-FlacWriteTagsAndPicturesPlan,work,reviewed-segment,transcript-2026-03-06-1-4-FlacWriteTagsAndPicturesPlan:segment-012,411,1.0,1.0,False,True,reviewed-include,,,plan-34-v1,semantic match,552af03acbc4cb6016b95939fc43a359b2519ce2bb7a0402261db5f0a9e3a10d,
commit,27b32d888ac16fcaa31f6735b29d960131a8315c,transcript,transcript-2026-03-06-1-4-FlacWriteTagsAndPicturesPlan,work,reviewed-segment,transcript-2026-03-06-1-4-FlacWriteTagsAndPicturesPlan:segment-013,439,1.0,1.0,False,True,reviewed-include,,,plan-34-v1,semantic match,552af03acbc4cb6016b95939fc43a359b2519ce2bb7a0402261db5f0a9e3a10d,
commit,27b32d888ac16fcaa31f6735b29d960131a8315c,transcript,transcript-2026-03-06-1-4-FlacWriteTagsAndPicturesPlan,work,reviewed-segment,transcript-2026-03-06-1-4-FlacWriteTagsAndPicturesPlan:segment-014,464,1.0,1.0,False,True,reviewed-include,,,plan-34-v1,semantic match,552af03acbc4cb6016b95939fc43a359b2519ce2bb7a0402261db5f0a9e3a10d,
commit,27b32d888ac16fcaa31f6735b29d960131a8315c,transcript,transcript-2026-03-06-1-4-FlacWriteTagsAndPicturesPlan,work,reviewed-segment,transcript-2026-03-06-1-4-FlacWriteTagsAndPicturesPlan:segment-015,489,1.0,1.0,False,True,reviewed-include,,,plan-34-v1,semantic match,552af03acbc4cb6016b95939fc43a359b2519ce2bb7a0402261db5f0a9e3a10d,
plan,4,transcript,transcript-2026-03-06-1-4-FlacWriteTagsAndPicturesPlan,direct,reviewed-segment,transcript-2026-03-06-1-4-FlacWriteTagsAndPicturesPlan:segment-001,13,1.0,1.0,True,False,reviewed-include,,,plan-34-v1,semantic match,552af03acbc4cb6016b95939fc43a359b2519ce2bb7a0402261db5f0a9e3a10d,
plan,4,transcript,transcript-2026-03-06-1-4-FlacWriteTagsAndPicturesPlan,direct,reviewed-segment,transcript-2026-03-06-1-4-FlacWriteTagsAndPicturesPlan:segment-002,63,1.0,1.0,True,False,reviewed-include,,,plan-34-v1,semantic match,552af03acbc4cb6016b95939fc43a359b2519ce2bb7a0402261db5f0a9e3a10d,
plan,4,transcript,transcript-2026-03-06-1-4-FlacWriteTagsAndPicturesPlan,direct,reviewed-segment,transcript-2026-03-06-1-4-FlacWriteTagsAndPicturesPlan:segment-003,87,1.0,1.0,True,False,reviewed-include,,,plan-34-v1,semantic match,552af03acbc4cb6016b95939fc43a359b2519ce2bb7a0402261db5f0a9e3a10d,
plan,4,transcript,transcript-2026-03-06-1-4-FlacWriteTagsAndPicturesPlan,direct,reviewed-segment,transcript-2026-03-06-1-4-FlacWriteTagsAndPicturesPlan:segment-004,105,1.0,1.0,True,False,reviewed-include,,,plan-34-v1,semantic match,552af03acbc4cb6016b95939fc43a359b2519ce2bb7a0402261db5f0a9e3a10d,
plan,4,transcript,transcript-2026-03-06-1-4-FlacWriteTagsAndPicturesPlan,implementation,reviewed-segment,transcript-2026-03-06-1-4-FlacWriteTagsAndPicturesPlan:segment-005,128,1.0,1.0,False,True,reviewed-include,,,plan-34-v1,semantic match,552af03acbc4cb6016b95939fc43a359b2519ce2bb7a0402261db5f0a9e3a10d,
plan,4,transcript,transcript-2026-03-06-1-4-FlacWriteTagsAndPicturesPlan,implementation,reviewed-segment,transcript-2026-03-06-1-4-FlacWriteTagsAndPicturesPlan:segment-006,268,1.0,1.0,False,True,reviewed-include,,,plan-34-v1,semantic match,552af03acbc4cb6016b95939fc43a359b2519ce2bb7a0402261db5f0a9e3a10d,
plan,4,transcript,transcript-2026-03-06-1-4-FlacWriteTagsAndPicturesPlan,implementation,reviewed-segment,transcript-2026-03-06-1-4-FlacWriteTagsAndPicturesPlan:segment-007,310,1.0,1.0,False,True,reviewed-include,,,plan-34-v1,semantic match,552af03acbc4cb6016b95939fc43a359b2519ce2bb7a0402261db5f0a9e3a10d,
plan,4,transcript,transcript-2026-03-06-1-4-FlacWriteTagsAndPicturesPlan,implementation,reviewed-segment,transcript-2026-03-06-1-4-FlacWriteTagsAndPicturesPlan:segment-008,316,1.0,1.0,False,True,reviewed-include,,,plan-34-v1,semantic match,552af03acbc4cb6016b95939fc43a359b2519ce2bb7a0402261db5f0a9e3a10d,
plan,4,transcript,transcript-2026-03-06-1-4-FlacWriteTagsAndPicturesPlan,implementation,reviewed-segment,transcript-2026-03-06-1-4-FlacWriteTagsAndPicturesPlan:segment-009,330,1.0,1.0,False,True,reviewed-include,,,plan-34-v1,semantic match,552af03acbc4cb6016b95939fc43a359b2519ce2bb7a0402261db5f0a9e3a10d,
plan,4,transcript,transcript-2026-03-06-1-4-FlacWriteTagsAndPicturesPlan,implementation,reviewed-segment,transcript-2026-03-06-1-4-FlacWriteTagsAndPicturesPlan:segment-010,357,1.0,1.0,False,True,reviewed-include,,,plan-34-v1,semantic match,552af03acbc4cb6016b95939fc43a359b2519ce2bb7a0402261db5f0a9e3a10d,
plan,4,transcript,transcript-2026-03-06-1-4-FlacWriteTagsAndPicturesPlan,direct,reviewed-segment,transcript-2026-03-06-1-4-FlacWriteTagsAndPicturesPlan:segment-011,395,1.0,1.0,True,False,reviewed-include,,,plan-34-v1,semantic match,552af03acbc4cb6016b95939fc43a359b2519ce2bb7a0402261db5f0a9e3a10d,
plan,4,transcript,transcript-2026-03-06-1-4-FlacWriteTagsAndPicturesPlan,implementation,reviewed-segment,transcript-2026-03-06-1-4-FlacWriteTagsAndPicturesPlan:segment-012,411,1.0,1.0,False,True,reviewed-include,,,plan-34-v1,semantic match,552af03acbc4cb6016b95939fc43a359b2519ce2bb7a0402261db5f0a9e3a10d,
plan,4,transcript,transcript-2026-03-06-1-4-FlacWriteTagsAndPicturesPlan,implementation,reviewed-segment,transcript-2026-03-06-1-4-FlacWriteTagsAndPicturesPlan:segment-013,439,1.0,1.0,False,True,reviewed-include,,,plan-34-v1,semantic match,552af03acbc4cb6016b95939fc43a359b2519ce2bb7a0402261db5f0a9e3a10d,
plan,4,transcript,transcript-2026-03-06-1-4-FlacWriteTagsAndPicturesPlan,implementation,reviewed-segment,transcript-2026-03-06-1-4-FlacWriteTagsAndPicturesPlan:segment-014,464,1.0,1.0,False,True,reviewed-include,,,plan-34-v1,semantic match,552af03acbc4cb6016b95939fc43a359b2519ce2bb7a0402261db5f0a9e3a10d,
plan,4,transcript,transcript-2026-03-06-1-4-FlacWriteTagsAndPicturesPlan,implementation,reviewed-segment,transcript-2026-03-06-1-4-FlacWriteTagsAndPicturesPlan:segment-015,489,1.0,1.0,False,True,reviewed-include,,,plan-34-v1,semantic match,552af03acbc4cb6016b95939fc43a359b2519ce2bb7a0402261db5f0a9e3a10d,
commit,80b722ee0e77887149ebfd307538cac12a5907c3,transcript,transcript-2026-03-07-1-5-AddSaveNotificationsPlan,work,reviewed-segment,transcript-2026-03-07-1-5-AddSaveNotificationsPlan:segment-001,13,1.0,1.0,False,True,reviewed-include,,,plan-34-v1,semantic match,6cbddd9788ca80bd962a5fca384338cc2db96a15dc0548f8a34c65af3cf39c3b,
commit,80b722ee0e77887149ebfd307538cac12a5907c3,transcript,transcript-2026-03-07-1-5-AddSaveNotificationsPlan,work,reviewed-segment,transcript-2026-03-07-1-5-AddSaveNotificationsPlan:segment-002,35,1.0,1.0,False,True,reviewed-include,,,plan-34-v1,semantic match,6cbddd9788ca80bd962a5fca384338cc2db96a15dc0548f8a34c65af3cf39c3b,
commit,80b722ee0e77887149ebfd307538cac12a5907c3,transcript,transcript-2026-03-07-1-5-AddSaveNotificationsPlan,work,reviewed-segment,transcript-2026-03-07-1-5-AddSaveNotificationsPlan:segment-003,129,1.0,1.0,False,True,reviewed-include,,,plan-34-v1,semantic match,6cbddd9788ca80bd962a5fca384338cc2db96a15dc0548f8a34c65af3cf39c3b,
commit,80b722ee0e77887149ebfd307538cac12a5907c3,transcript,transcript-2026-03-07-1-5-AddSaveNotificationsPlan,work,reviewed-segment,transcript-2026-03-07-1-5-AddSaveNotificationsPlan:segment-004,173,1.0,1.0,False,True,reviewed-include,,,plan-34-v1,semantic match,6cbddd9788ca80bd962a5fca384338cc2db96a15dc0548f8a34c65af3cf39c3b,
commit,80b722ee0e77887149ebfd307538cac12a5907c3,transcript,transcript-2026-03-07-1-5-AddSaveNotificationsPlan,work,reviewed-segment,transcript-2026-03-07-1-5-AddSaveNotificationsPlan:segment-005,197,1.0,1.0,False,True,reviewed-include,,,plan-34-v1,semantic match,6cbddd9788ca80bd962a5fca384338cc2db96a15dc0548f8a34c65af3cf39c3b,
commit,80b722ee0e77887149ebfd307538cac12a5907c3,transcript,transcript-2026-03-07-1-5-AddSaveNotificationsPlan,work,reviewed-segment,transcript-2026-03-07-1-5-AddSaveNotificationsPlan:segment-006,211,1.0,1.0,False,True,reviewed-include,,,plan-34-v1,semantic match,6cbddd9788ca80bd962a5fca384338cc2db96a15dc0548f8a34c65af3cf39c3b,
commit,80b722ee0e77887149ebfd307538cac12a5907c3,transcript,transcript-2026-03-07-1-5-AddSaveNotificationsPlan,work,reviewed-segment,transcript-2026-03-07-1-5-AddSaveNotificationsPlan:segment-007,293,1.0,1.0,False,True,reviewed-include,,,plan-34-v1,semantic match,6cbddd9788ca80bd962a5fca384338cc2db96a15dc0548f8a34c65af3cf39c3b,
commit,80b722ee0e77887149ebfd307538cac12a5907c3,transcript,transcript-2026-03-07-1-5-AddSaveNotificationsPlan,work,reviewed-segment,transcript-2026-03-07-1-5-AddSaveNotificationsPlan:segment-008,305,1.0,1.0,False,True,reviewed-include,,,plan-34-v1,semantic match,6cbddd9788ca80bd962a5fca384338cc2db96a15dc0548f8a34c65af3cf39c3b,
commit,80b722ee0e77887149ebfd307538cac12a5907c3,transcript,transcript-2026-03-07-1-5-AddSaveNotificationsPlan,work,reviewed-segment,transcript-2026-03-07-1-5-AddSaveNotificationsPlan:segment-009,381,1.0,1.0,False,True,reviewed-include,,,plan-34-v1,semantic match,6cbddd9788ca80bd962a5fca384338cc2db96a15dc0548f8a34c65af3cf39c3b,
commit,80b722ee0e77887149ebfd307538cac12a5907c3,transcript,transcript-2026-03-07-1-5-AddSaveNotificationsPlan,work,reviewed-segment,transcript-2026-03-07-1-5-AddSaveNotificationsPlan:segment-010,433,1.0,1.0,False,True,reviewed-include,,,plan-34-v1,semantic match,6cbddd9788ca80bd962a5fca384338cc2db96a15dc0548f8a34c65af3cf39c3b,
commit,80b722ee0e77887149ebfd307538cac12a5907c3,transcript,transcript-2026-03-07-1-5-AddSaveNotificationsPlan,work,reviewed-segment,transcript-2026-03-07-1-5-AddSaveNotificationsPlan:segment-011,441,1.0,1.0,False,True,reviewed-include,,,plan-34-v1,semantic match,6cbddd9788ca80bd962a5fca384338cc2db96a15dc0548f8a34c65af3cf39c3b,
commit,80b722ee0e77887149ebfd307538cac12a5907c3,transcript,transcript-2026-03-07-1-5-AddSaveNotificationsPlan,work,reviewed-segment,transcript-2026-03-07-1-5-AddSaveNotificationsPlan:segment-012,523,1.0,1.0,False,True,reviewed-include,,,plan-34-v1,semantic match,6cbddd9788ca80bd962a5fca384338cc2db96a15dc0548f8a34c65af3cf39c3b,
commit,80b722ee0e77887149ebfd307538cac12a5907c3,transcript,transcript-2026-03-07-1-5-AddSaveNotificationsPlan,work,reviewed-segment,transcript-2026-03-07-1-5-AddSaveNotificationsPlan:segment-013,543,1.0,1.0,False,True,reviewed-include,,,plan-34-v1,semantic match,6cbddd9788ca80bd962a5fca384338cc2db96a15dc0548f8a34c65af3cf39c3b,
commit,80b722ee0e77887149ebfd307538cac12a5907c3,transcript,transcript-2026-03-07-1-5-AddSaveNotificationsPlan,work,reviewed-segment,transcript-2026-03-07-1-5-AddSaveNotificationsPlan:segment-014,551,1.0,1.0,False,True,reviewed-include,,,plan-34-v1,semantic match,6cbddd9788ca80bd962a5fca384338cc2db96a15dc0548f8a34c65af3cf39c3b,
commit,80b722ee0e77887149ebfd307538cac12a5907c3,transcript,transcript-2026-03-07-1-5-AddSaveNotificationsPlan,work,reviewed-segment,transcript-2026-03-07-1-5-AddSaveNotificationsPlan:segment-015,583,1.0,1.0,False,True,reviewed-include,,,plan-34-v1,semantic match,6cbddd9788ca80bd962a5fca384338cc2db96a15dc0548f8a34c65af3cf39c3b,
commit,80b722ee0e77887149ebfd307538cac12a5907c3,transcript,transcript-2026-03-07-1-5-AddSaveNotificationsPlan,work,reviewed-segment,transcript-2026-03-07-1-5-AddSaveNotificationsPlan:segment-016,597,1.0,1.0,False,True,reviewed-include,,,plan-34-v1,semantic match,6cbddd9788ca80bd962a5fca384338cc2db96a15dc0548f8a34c65af3cf39c3b,
commit,80b722ee0e77887149ebfd307538cac12a5907c3,transcript,transcript-2026-03-07-1-5-AddSaveNotificationsPlan,work,reviewed-segment,transcript-2026-03-07-1-5-AddSaveNotificationsPlan:segment-017,615,1.0,1.0,False,True,reviewed-include,,,plan-34-v1,semantic match,6cbddd9788ca80bd962a5fca384338cc2db96a15dc0548f8a34c65af3cf39c3b,
commit,80b722ee0e77887149ebfd307538cac12a5907c3,transcript,transcript-2026-03-07-1-5-AddSaveNotificationsPlan,work,reviewed-segment,transcript-2026-03-07-1-5-AddSaveNotificationsPlan:segment-018,636,1.0,1.0,False,True,reviewed-include,,,plan-34-v1,semantic match,6cbddd9788ca80bd962a5fca384338cc2db96a15dc0548f8a34c65af3cf39c3b,
commit,80b722ee0e77887149ebfd307538cac12a5907c3,transcript,transcript-2026-03-07-1-5-AddSaveNotificationsPlan,work,reviewed-segment,transcript-2026-03-07-1-5-AddSaveNotificationsPlan:segment-019,675,1.0,1.0,False,True,reviewed-include,,,plan-34-v1,semantic match,6cbddd9788ca80bd962a5fca384338cc2db96a15dc0548f8a34c65af3cf39c3b,
commit,80b722ee0e77887149ebfd307538cac12a5907c3,transcript,transcript-2026-03-07-1-5-AddSaveNotificationsPlan,work,reviewed-segment,transcript-2026-03-07-1-5-AddSaveNotificationsPlan:segment-020,732,1.0,1.0,False,True,reviewed-include,,,plan-34-v1,semantic match,6cbddd9788ca80bd962a5fca384338cc2db96a15dc0548f8a34c65af3cf39c3b,
plan,5,transcript,transcript-2026-03-07-1-5-AddSaveNotificationsPlan,direct,reviewed-segment,transcript-2026-03-07-1-5-AddSaveNotificationsPlan:segment-001,13,1.0,1.0,True,False,reviewed-include,,,plan-34-v1,semantic match,6cbddd9788ca80bd962a5fca384338cc2db96a15dc0548f8a34c65af3cf39c3b,
plan,5,transcript,transcript-2026-03-07-1-5-AddSaveNotificationsPlan,implementation,reviewed-segment,transcript-2026-03-07-1-5-AddSaveNotificationsPlan:segment-002,35,1.0,1.0,False,True,reviewed-include,,,plan-34-v1,semantic match,6cbddd9788ca80bd962a5fca384338cc2db96a15dc0548f8a34c65af3cf39c3b,
plan,5,transcript,transcript-2026-03-07-1-5-AddSaveNotificationsPlan,implementation,reviewed-segment,transcript-2026-03-07-1-5-AddSaveNotificationsPlan:segment-003,129,1.0,1.0,False,True,reviewed-include,,,plan-34-v1,semantic match,6cbddd9788ca80bd962a5fca384338cc2db96a15dc0548f8a34c65af3cf39c3b,
plan,5,transcript,transcript-2026-03-07-1-5-AddSaveNotificationsPlan,implementation,reviewed-segment,transcript-2026-03-07-1-5-AddSaveNotificationsPlan:segment-004,173,1.0,1.0,False,True,reviewed-include,,,plan-34-v1,semantic match,6cbddd9788ca80bd962a5fca384338cc2db96a15dc0548f8a34c65af3cf39c3b,
plan,5,transcript,transcript-2026-03-07-1-5-AddSaveNotificationsPlan,implementation,reviewed-segment,transcript-2026-03-07-1-5-AddSaveNotificationsPlan:segment-005,197,1.0,1.0,False,True,reviewed-include,,,plan-34-v1,semantic match,6cbddd9788ca80bd962a5fca384338cc2db96a15dc0548f8a34c65af3cf39c3b,
plan,5,transcript,transcript-2026-03-07-1-5-AddSaveNotificationsPlan,implementation,reviewed-segment,transcript-2026-03-07-1-5-AddSaveNotificationsPlan:segment-006,211,1.0,1.0,False,True,reviewed-include,,,plan-34-v1,semantic match,6cbddd9788ca80bd962a5fca384338cc2db96a15dc0548f8a34c65af3cf39c3b,
plan,5,transcript,transcript-2026-03-07-1-5-AddSaveNotificationsPlan,implementation,reviewed-segment,transcript-2026-03-07-1-5-AddSaveNotificationsPlan:segment-007,293,1.0,1.0,False,True,reviewed-include,,,plan-34-v1,semantic match,6cbddd9788ca80bd962a5fca384338cc2db96a15dc0548f8a34c65af3cf39c3b,
plan,5,transcript,transcript-2026-03-07-1-5-AddSaveNotificationsPlan,implementation,reviewed-segment,transcript-2026-03-07-1-5-AddSaveNotificationsPlan:segment-008,305,1.0,1.0,False,True,reviewed-include,,,plan-34-v1,semantic match,6cbddd9788ca80bd962a5fca384338cc2db96a15dc0548f8a34c65af3cf39c3b,
plan,5,transcript,transcript-2026-03-07-1-5-AddSaveNotificationsPlan,implementation,reviewed-segment,transcript-2026-03-07-1-5-AddSaveNotificationsPlan:segment-009,381,1.0,1.0,False,True,reviewed-include,,,plan-34-v1,semantic match,6cbddd9788ca80bd962a5fca384338cc2db96a15dc0548f8a34c65af3cf39c3b,
plan,5,transcript,transcript-2026-03-07-1-5-AddSaveNotificationsPlan,implementation,reviewed-segment,transcript-2026-03-07-1-5-AddSaveNotificationsPlan:segment-010,433,1.0,1.0,False,True,reviewed-include,,,plan-34-v1,semantic match,6cbddd9788ca80bd962a5fca384338cc2db96a15dc0548f8a34c65af3cf39c3b,
plan,5,transcript,transcript-2026-03-07-1-5-AddSaveNotificationsPlan,implementation,reviewed-segment,transcript-2026-03-07-1-5-AddSaveNotificationsPlan:segment-011,441,1.0,1.0,False,True,reviewed-include,,,plan-34-v1,semantic match,6cbddd9788ca80bd962a5fca384338cc2db96a15dc0548f8a34c65af3cf39c3b,
plan,5,transcript,transcript-2026-03-07-1-5-AddSaveNotificationsPlan,implementation,reviewed-segment,transcript-2026-03-07-1-5-AddSaveNotificationsPlan:segment-012,523,1.0,1.0,False,True,reviewed-include,,,plan-34-v1,semantic match,6cbddd9788ca80bd962a5fca384338cc2db96a15dc0548f8a34c65af3cf39c3b,
plan,5,transcript,transcript-2026-03-07-1-5-AddSaveNotificationsPlan,implementation,reviewed-segment,transcript-2026-03-07-1-5-AddSaveNotificationsPlan:segment-013,543,1.0,1.0,False,True,reviewed-include,,,plan-34-v1,semantic match,6cbddd9788ca80bd962a5fca384338cc2db96a15dc0548f8a34c65af3cf39c3b,
plan,5,transcript,transcript-2026-03-07-1-5-AddSaveNotificationsPlan,implementation,reviewed-segment,transcript-2026-03-07-1-5-AddSaveNotificationsPlan:segment-014,551,1.0,1.0,False,True,reviewed-include,,,plan-34-v1,semantic match,6cbddd9788ca80bd962a5fca384338cc2db96a15dc0548f8a34c65af3cf39c3b,
plan,5,transcript,transcript-2026-03-07-1-5-AddSaveNotificationsPlan,implementation,reviewed-segment,transcript-2026-03-07-1-5-AddSaveNotificationsPlan:segment-015,583,1.0,1.0,False,True,reviewed-include,,,plan-34-v1,semantic match,6cbddd9788ca80bd962a5fca384338cc2db96a15dc0548f8a34c65af3cf39c3b,
plan,5,transcript,transcript-2026-03-07-1-5-AddSaveNotificationsPlan,implementation,reviewed-segment,transcript-2026-03-07-1-5-AddSaveNotificationsPlan:segment-016,597,1.0,1.0,False,True,reviewed-include,,,plan-34-v1,semantic match,6cbddd9788ca80bd962a5fca384338cc2db96a15dc0548f8a34c65af3cf39c3b,
plan,5,transcript,transcript-2026-03-07-1-5-AddSaveNotificationsPlan,implementation,reviewed-segment,transcript-2026-03-07-1-5-AddSaveNotificationsPlan:segment-017,615,1.0,1.0,False,True,reviewed-include,,,plan-34-v1,semantic match,6cbddd9788ca80bd962a5fca384338cc2db96a15dc0548f8a34c65af3cf39c3b,
plan,5,transcript,transcript-2026-03-07-1-5-AddSaveNotificationsPlan,implementation,reviewed-segment,transcript-2026-03-07-1-5-AddSaveNotificationsPlan:segment-018,636,1.0,1.0,False,True,reviewed-include,,,plan-34-v1,semantic match,6cbddd9788ca80bd962a5fca384338cc2db96a15dc0548f8a34c65af3cf39c3b,
plan,5,transcript,transcript-2026-03-07-1-5-AddSaveNotificationsPlan,implementation,reviewed-segment,transcript-2026-03-07-1-5-AddSaveNotificationsPlan:segment-019,675,1.0,1.0,False,True,reviewed-include,,,plan-34-v1,semantic match,6cbddd9788ca80bd962a5fca384338cc2db96a15dc0548f8a34c65af3cf39c3b,
plan,5,transcript,transcript-2026-03-07-1-5-AddSaveNotificationsPlan,implementation,reviewed-segment,transcript-2026-03-07-1-5-AddSaveNotificationsPlan:segment-020,732,1.0,1.0,False,True,reviewed-include,,,plan-34-v1,semantic match,6cbddd9788ca80bd962a5fca384338cc2db96a15dc0548f8a34c65af3cf39c3b,
commit,80b722ee0e77887149ebfd307538cac12a5907c3,transcript,transcript-2026-03-07-2-6-AgentsTranscriptSkillPlan,work,reviewed-segment,transcript-2026-03-07-2-6-AgentsTranscriptSkillPlan:segment-001,13,1.0,1.0,False,True,reviewed-include,,,plan-34-v1,semantic match,dd602832b2a181afbaf41a10bdbe6122a059c60433581a98c7d2b254ef70fae2,
commit,80b722ee0e77887149ebfd307538cac12a5907c3,transcript,transcript-2026-03-07-2-6-AgentsTranscriptSkillPlan,work,reviewed-segment,transcript-2026-03-07-2-6-AgentsTranscriptSkillPlan:segment-002,51,1.0,1.0,False,True,reviewed-include,,,plan-34-v1,semantic match,dd602832b2a181afbaf41a10bdbe6122a059c60433581a98c7d2b254ef70fae2,
commit,80b722ee0e77887149ebfd307538cac12a5907c3,transcript,transcript-2026-03-07-2-6-AgentsTranscriptSkillPlan,work,reviewed-segment,transcript-2026-03-07-2-6-AgentsTranscriptSkillPlan:segment-003,71,1.0,1.0,False,True,reviewed-include,,,plan-34-v1,semantic match,dd602832b2a181afbaf41a10bdbe6122a059c60433581a98c7d2b254ef70fae2,
commit,e031a26f031d038fcc430fb7057600f67102ccbe,transcript,transcript-2026-03-07-2-6-AgentsTranscriptSkillPlan,work,reviewed-segment,transcript-2026-03-07-2-6-AgentsTranscriptSkillPlan:segment-004,93,1.0,1.0,False,True,reviewed-include,,,plan-34-v1,semantic match,dd602832b2a181afbaf41a10bdbe6122a059c60433581a98c7d2b254ef70fae2,
commit,80b722ee0e77887149ebfd307538cac12a5907c3,transcript,transcript-2026-03-07-2-6-AgentsTranscriptSkillPlan,work,reviewed-segment,transcript-2026-03-07-2-6-AgentsTranscriptSkillPlan:segment-005,133,1.0,1.0,False,True,reviewed-include,,,plan-34-v1,semantic match,dd602832b2a181afbaf41a10bdbe6122a059c60433581a98c7d2b254ef70fae2,
commit,e031a26f031d038fcc430fb7057600f67102ccbe,transcript,transcript-2026-03-07-2-6-AgentsTranscriptSkillPlan,work,reviewed-segment,transcript-2026-03-07-2-6-AgentsTranscriptSkillPlan:segment-006,177,1.0,1.0,False,True,reviewed-include,,,plan-34-v1,semantic match,dd602832b2a181afbaf41a10bdbe6122a059c60433581a98c7d2b254ef70fae2,
commit,e031a26f031d038fcc430fb7057600f67102ccbe,transcript,transcript-2026-03-07-2-6-AgentsTranscriptSkillPlan,work,reviewed-segment,transcript-2026-03-07-2-6-AgentsTranscriptSkillPlan:segment-007,221,1.0,1.0,False,True,reviewed-include,,,plan-34-v1,semantic match,dd602832b2a181afbaf41a10bdbe6122a059c60433581a98c7d2b254ef70fae2,
commit,80b722ee0e77887149ebfd307538cac12a5907c3,transcript,transcript-2026-03-07-2-6-AgentsTranscriptSkillPlan,work,reviewed-segment,transcript-2026-03-07-2-6-AgentsTranscriptSkillPlan:segment-008,239,1.0,1.0,False,True,reviewed-include,,,plan-34-v1,semantic match,dd602832b2a181afbaf41a10bdbe6122a059c60433581a98c7d2b254ef70fae2,
plan,6,transcript,transcript-2026-03-07-2-6-AgentsTranscriptSkillPlan,direct,reviewed-segment,transcript-2026-03-07-2-6-AgentsTranscriptSkillPlan:segment-001,13,1.0,1.0,True,False,reviewed-include,,,plan-34-v1,semantic match,dd602832b2a181afbaf41a10bdbe6122a059c60433581a98c7d2b254ef70fae2,
plan,6,transcript,transcript-2026-03-07-2-6-AgentsTranscriptSkillPlan,direct,reviewed-segment,transcript-2026-03-07-2-6-AgentsTranscriptSkillPlan:segment-002,51,1.0,1.0,True,False,reviewed-include,,,plan-34-v1,semantic match,dd602832b2a181afbaf41a10bdbe6122a059c60433581a98c7d2b254ef70fae2,
plan,6,transcript,transcript-2026-03-07-2-6-AgentsTranscriptSkillPlan,direct,reviewed-segment,transcript-2026-03-07-2-6-AgentsTranscriptSkillPlan:segment-003,71,1.0,1.0,True,False,reviewed-include,,,plan-34-v1,semantic match,dd602832b2a181afbaf41a10bdbe6122a059c60433581a98c7d2b254ef70fae2,
plan,6,transcript,transcript-2026-03-07-2-6-AgentsTranscriptSkillPlan,implementation,reviewed-segment,transcript-2026-03-07-2-6-AgentsTranscriptSkillPlan:segment-004,93,1.0,1.0,False,True,reviewed-include,,,plan-34-v1,semantic match,dd602832b2a181afbaf41a10bdbe6122a059c60433581a98c7d2b254ef70fae2,
plan,6,transcript,transcript-2026-03-07-2-6-AgentsTranscriptSkillPlan,implementation,reviewed-segment,transcript-2026-03-07-2-6-AgentsTranscriptSkillPlan:segment-005,133,1.0,1.0,False,True,reviewed-include,,,plan-34-v1,semantic match,dd602832b2a181afbaf41a10bdbe6122a059c60433581a98c7d2b254ef70fae2,
plan,6,transcript,transcript-2026-03-07-2-6-AgentsTranscriptSkillPlan,implementation,reviewed-segment,transcript-2026-03-07-2-6-AgentsTranscriptSkillPlan:segment-006,177,1.0,1.0,False,True,reviewed-include,,,plan-34-v1,semantic match,dd602832b2a181afbaf41a10bdbe6122a059c60433581a98c7d2b254ef70fae2,
plan,6,transcript,transcript-2026-03-07-2-6-AgentsTranscriptSkillPlan,implementation,reviewed-segment,transcript-2026-03-07-2-6-AgentsTranscriptSkillPlan:segment-007,221,1.0,1.0,False,True,reviewed-include,,,plan-34-v1,semantic match,dd602832b2a181afbaf41a10bdbe6122a059c60433581a98c7d2b254ef70fae2,
plan,6,transcript,transcript-2026-03-07-2-6-AgentsTranscriptSkillPlan,implementation,reviewed-segment,transcript-2026-03-07-2-6-AgentsTranscriptSkillPlan:segment-008,239,1.0,1.0,False,True,reviewed-include,,,plan-34-v1,semantic match,dd602832b2a181afbaf41a10bdbe6122a059c60433581a98c7d2b254ef70fae2,
commit,e0cd7da70c303f9524054cf6e150d7fbfca3d9d1,transcript,transcript-2026-03-12-1-7-AddSaveStatusViewPlan,work,reviewed-segment,transcript-2026-03-12-1-7-AddSaveStatusViewPlan:segment-001,13,1.0,1.0,False,True,reviewed-include,,,plan-34-v1,semantic match,c131158116c44c1081064a840c9e5f6bb60c66d09fcd5951f4c980022a516191,
commit,e0cd7da70c303f9524054cf6e150d7fbfca3d9d1,transcript,transcript-2026-03-12-1-7-AddSaveStatusViewPlan,work,reviewed-segment,transcript-2026-03-12-1-7-AddSaveStatusViewPlan:segment-002,33,1.0,1.0,False,True,reviewed-include,,,plan-34-v1,semantic match,c131158116c44c1081064a840c9e5f6bb60c66d09fcd5951f4c980022a516191,
commit,e0cd7da70c303f9524054cf6e150d7fbfca3d9d1,transcript,transcript-2026-03-12-1-7-AddSaveStatusViewPlan,work,reviewed-segment,transcript-2026-03-12-1-7-AddSaveStatusViewPlan:segment-003,47,1.0,1.0,False,True,reviewed-include,,,plan-34-v1,semantic match,c131158116c44c1081064a840c9e5f6bb60c66d09fcd5951f4c980022a516191,
commit,e0cd7da70c303f9524054cf6e150d7fbfca3d9d1,transcript,transcript-2026-03-12-1-7-AddSaveStatusViewPlan,work,reviewed-segment,transcript-2026-03-12-1-7-AddSaveStatusViewPlan:segment-004,73,1.0,1.0,False,True,reviewed-include,,,plan-34-v1,semantic match,c131158116c44c1081064a840c9e5f6bb60c66d09fcd5951f4c980022a516191,
commit,e0cd7da70c303f9524054cf6e150d7fbfca3d9d1,transcript,transcript-2026-03-12-1-7-AddSaveStatusViewPlan,work,reviewed-segment,transcript-2026-03-12-1-7-AddSaveStatusViewPlan:segment-005,87,1.0,1.0,False,True,reviewed-include,,,plan-34-v1,semantic match,c131158116c44c1081064a840c9e5f6bb60c66d09fcd5951f4c980022a516191,
commit,e0cd7da70c303f9524054cf6e150d7fbfca3d9d1,transcript,transcript-2026-03-12-1-7-AddSaveStatusViewPlan,work,reviewed-segment,transcript-2026-03-12-1-7-AddSaveStatusViewPlan:segment-006,99,1.0,1.0,False,True,reviewed-include,,,plan-34-v1,semantic match,c131158116c44c1081064a840c9e5f6bb60c66d09fcd5951f4c980022a516191,
commit,e0cd7da70c303f9524054cf6e150d7fbfca3d9d1,transcript,transcript-2026-03-12-1-7-AddSaveStatusViewPlan,work,reviewed-segment,transcript-2026-03-12-1-7-AddSaveStatusViewPlan:segment-007,115,1.0,1.0,False,True,reviewed-include,,,plan-34-v1,semantic match,c131158116c44c1081064a840c9e5f6bb60c66d09fcd5951f4c980022a516191,
commit,e0cd7da70c303f9524054cf6e150d7fbfca3d9d1,transcript,transcript-2026-03-12-1-7-AddSaveStatusViewPlan,work,reviewed-segment,transcript-2026-03-12-1-7-AddSaveStatusViewPlan:segment-008,141,1.0,1.0,False,True,reviewed-include,,,plan-34-v1,semantic match,c131158116c44c1081064a840c9e5f6bb60c66d09fcd5951f4c980022a516191,
commit,e0cd7da70c303f9524054cf6e150d7fbfca3d9d1,transcript,transcript-2026-03-12-1-7-AddSaveStatusViewPlan,work,reviewed-segment,transcript-2026-03-12-1-7-AddSaveStatusViewPlan:segment-009,160,1.0,1.0,False,True,reviewed-include,,,plan-34-v1,semantic match,c131158116c44c1081064a840c9e5f6bb60c66d09fcd5951f4c980022a516191,
commit,e0cd7da70c303f9524054cf6e150d7fbfca3d9d1,transcript,transcript-2026-03-12-1-7-AddSaveStatusViewPlan,work,reviewed-segment,transcript-2026-03-12-1-7-AddSaveStatusViewPlan:segment-010,210,1.0,1.0,False,True,reviewed-include,,,plan-34-v1,semantic match,c131158116c44c1081064a840c9e5f6bb60c66d09fcd5951f4c980022a516191,
commit,e0cd7da70c303f9524054cf6e150d7fbfca3d9d1,transcript,transcript-2026-03-12-1-7-AddSaveStatusViewPlan,work,reviewed-segment,transcript-2026-03-12-1-7-AddSaveStatusViewPlan:segment-011,234,1.0,1.0,False,True,reviewed-include,,,plan-34-v1,semantic match,c131158116c44c1081064a840c9e5f6bb60c66d09fcd5951f4c980022a516191,
commit,e0cd7da70c303f9524054cf6e150d7fbfca3d9d1,transcript,transcript-2026-03-12-1-7-AddSaveStatusViewPlan,work,reviewed-segment,transcript-2026-03-12-1-7-AddSaveStatusViewPlan:segment-012,244,1.0,1.0,False,True,reviewed-include,,,plan-34-v1,semantic match,c131158116c44c1081064a840c9e5f6bb60c66d09fcd5951f4c980022a516191,
commit,e0cd7da70c303f9524054cf6e150d7fbfca3d9d1,transcript,transcript-2026-03-12-1-7-AddSaveStatusViewPlan,work,reviewed-segment,transcript-2026-03-12-1-7-AddSaveStatusViewPlan:segment-013,256,1.0,1.0,False,True,reviewed-include,,,plan-34-v1,semantic match,c131158116c44c1081064a840c9e5f6bb60c66d09fcd5951f4c980022a516191,
commit,e0cd7da70c303f9524054cf6e150d7fbfca3d9d1,transcript,transcript-2026-03-12-1-7-AddSaveStatusViewPlan,work,reviewed-segment,transcript-2026-03-12-1-7-AddSaveStatusViewPlan:segment-014,276,1.0,1.0,False,True,reviewed-include,,,plan-34-v1,semantic match,c131158116c44c1081064a840c9e5f6bb60c66d09fcd5951f4c980022a516191,
commit,e0cd7da70c303f9524054cf6e150d7fbfca3d9d1,transcript,transcript-2026-03-12-1-7-AddSaveStatusViewPlan,work,reviewed-segment,transcript-2026-03-12-1-7-AddSaveStatusViewPlan:segment-015,298,1.0,1.0,False,True,reviewed-include,,,plan-34-v1,semantic match,c131158116c44c1081064a840c9e5f6bb60c66d09fcd5951f4c980022a516191,
commit,e0cd7da70c303f9524054cf6e150d7fbfca3d9d1,transcript,transcript-2026-03-12-1-7-AddSaveStatusViewPlan,work,reviewed-segment,transcript-2026-03-12-1-7-AddSaveStatusViewPlan:segment-016,344,1.0,1.0,False,True,reviewed-include,,,plan-34-v1,semantic match,c131158116c44c1081064a840c9e5f6bb60c66d09fcd5951f4c980022a516191,
commit,e0cd7da70c303f9524054cf6e150d7fbfca3d9d1,transcript,transcript-2026-03-12-1-7-AddSaveStatusViewPlan,work,reviewed-segment,transcript-2026-03-12-1-7-AddSaveStatusViewPlan:segment-017,378,1.0,1.0,False,True,reviewed-include,,,plan-34-v1,semantic match,c131158116c44c1081064a840c9e5f6bb60c66d09fcd5951f4c980022a516191,
commit,e0cd7da70c303f9524054cf6e150d7fbfca3d9d1,transcript,transcript-2026-03-12-1-7-AddSaveStatusViewPlan,work,reviewed-segment,transcript-2026-03-12-1-7-AddSaveStatusViewPlan:segment-018,441,1.0,1.0,False,True,reviewed-include,,,plan-34-v1,semantic match,c131158116c44c1081064a840c9e5f6bb60c66d09fcd5951f4c980022a516191,
commit,e0cd7da70c303f9524054cf6e150d7fbfca3d9d1,transcript,transcript-2026-03-12-1-7-AddSaveStatusViewPlan,work,reviewed-segment,transcript-2026-03-12-1-7-AddSaveStatusViewPlan:segment-019,466,1.0,1.0,False,True,reviewed-include,,,plan-34-v1,semantic match,c131158116c44c1081064a840c9e5f6bb60c66d09fcd5951f4c980022a516191,
commit,e0cd7da70c303f9524054cf6e150d7fbfca3d9d1,transcript,transcript-2026-03-12-1-7-AddSaveStatusViewPlan,work,reviewed-segment,transcript-2026-03-12-1-7-AddSaveStatusViewPlan:segment-020,498,1.0,1.0,False,True,reviewed-include,,,plan-34-v1,semantic match,c131158116c44c1081064a840c9e5f6bb60c66d09fcd5951f4c980022a516191,
commit,e0cd7da70c303f9524054cf6e150d7fbfca3d9d1,transcript,transcript-2026-03-12-1-7-AddSaveStatusViewPlan,work,reviewed-segment,transcript-2026-03-12-1-7-AddSaveStatusViewPlan:segment-021,520,1.0,1.0,False,True,reviewed-include,,,plan-34-v1,semantic match,c131158116c44c1081064a840c9e5f6bb60c66d09fcd5951f4c980022a516191,
plan,7,transcript,transcript-2026-03-12-1-7-AddSaveStatusViewPlan,direct,reviewed-segment,transcript-2026-03-12-1-7-AddSaveStatusViewPlan:segment-001,13,1.0,1.0,True,False,reviewed-include,,,plan-34-v1,semantic match,c131158116c44c1081064a840c9e5f6bb60c66d09fcd5951f4c980022a516191,
plan,7,transcript,transcript-2026-03-12-1-7-AddSaveStatusViewPlan,direct,reviewed-segment,transcript-2026-03-12-1-7-AddSaveStatusViewPlan:segment-002,33,1.0,1.0,True,False,reviewed-include,,,plan-34-v1,semantic match,c131158116c44c1081064a840c9e5f6bb60c66d09fcd5951f4c980022a516191,
plan,7,transcript,transcript-2026-03-12-1-7-AddSaveStatusViewPlan,implementation,reviewed-segment,transcript-2026-03-12-1-7-AddSaveStatusViewPlan:segment-003,47,1.0,1.0,False,True,reviewed-include,,,plan-34-v1,semantic match,c131158116c44c1081064a840c9e5f6bb60c66d09fcd5951f4c980022a516191,
plan,7,transcript,transcript-2026-03-12-1-7-AddSaveStatusViewPlan,implementation,reviewed-segment,transcript-2026-03-12-1-7-AddSaveStatusViewPlan:segment-004,73,1.0,1.0,False,True,reviewed-include,,,plan-34-v1,semantic match,c131158116c44c1081064a840c9e5f6bb60c66d09fcd5951f4c980022a516191,
plan,7,transcript,transcript-2026-03-12-1-7-AddSaveStatusViewPlan,implementation,reviewed-segment,transcript-2026-03-12-1-7-AddSaveStatusViewPlan:segment-005,87,1.0,1.0,False,True,reviewed-include,,,plan-34-v1,semantic match,c131158116c44c1081064a840c9e5f6bb60c66d09fcd5951f4c980022a516191,
plan,7,transcript,transcript-2026-03-12-1-7-AddSaveStatusViewPlan,implementation,reviewed-segment,transcript-2026-03-12-1-7-AddSaveStatusViewPlan:segment-006,99,1.0,1.0,False,True,reviewed-include,,,plan-34-v1,semantic match,c131158116c44c1081064a840c9e5f6bb60c66d09fcd5951f4c980022a516191,
plan,7,transcript,transcript-2026-03-12-1-7-AddSaveStatusViewPlan,implementation,reviewed-segment,transcript-2026-03-12-1-7-AddSaveStatusViewPlan:segment-007,115,1.0,1.0,False,True,reviewed-include,,,plan-34-v1,semantic match,c131158116c44c1081064a840c9e5f6bb60c66d09fcd5951f4c980022a516191,
plan,7,transcript,transcript-2026-03-12-1-7-AddSaveStatusViewPlan,implementation,reviewed-segment,transcript-2026-03-12-1-7-AddSaveStatusViewPlan:segment-008,141,1.0,1.0,False,True,reviewed-include,,,plan-34-v1,semantic match,c131158116c44c1081064a840c9e5f6bb60c66d09fcd5951f4c980022a516191,
plan,7,transcript,transcript-2026-03-12-1-7-AddSaveStatusViewPlan,implementation,reviewed-segment,transcript-2026-03-12-1-7-AddSaveStatusViewPlan:segment-009,160,1.0,1.0,False,True,reviewed-include,,,plan-34-v1,semantic match,c131158116c44c1081064a840c9e5f6bb60c66d09fcd5951f4c980022a516191,
plan,7,transcript,transcript-2026-03-12-1-7-AddSaveStatusViewPlan,implementation,reviewed-segment,transcript-2026-03-12-1-7-AddSaveStatusViewPlan:segment-010,210,1.0,1.0,False,True,reviewed-include,,,plan-34-v1,semantic match,c131158116c44c1081064a840c9e5f6bb60c66d09fcd5951f4c980022a516191,
plan,7,transcript,transcript-2026-03-12-1-7-AddSaveStatusViewPlan,implementation,reviewed-segment,transcript-2026-03-12-1-7-AddSaveStatusViewPlan:segment-011,234,1.0,1.0,False,True,reviewed-include,,,plan-34-v1,semantic match,c131158116c44c1081064a840c9e5f6bb60c66d09fcd5951f4c980022a516191,
plan,7,transcript,transcript-2026-03-12-1-7-AddSaveStatusViewPlan,implementation,reviewed-segment,transcript-2026-03-12-1-7-AddSaveStatusViewPlan:segment-012,244,1.0,1.0,False,True,reviewed-include,,,plan-34-v1,semantic match,c131158116c44c1081064a840c9e5f6bb60c66d09fcd5951f4c980022a516191,
plan,7,transcript,transcript-2026-03-12-1-7-AddSaveStatusViewPlan,direct,reviewed-segment,transcript-2026-03-12-1-7-AddSaveStatusViewPlan:segment-013,256,1.0,1.0,True,False,reviewed-include,,,plan-34-v1,semantic match,c131158116c44c1081064a840c9e5f6bb60c66d09fcd5951f4c980022a516191,
plan,7,transcript,transcript-2026-03-12-1-7-AddSaveStatusViewPlan,direct,reviewed-segment,transcript-2026-03-12-1-7-AddSaveStatusViewPlan:segment-014,276,1.0,1.0,True,False,reviewed-include,,,plan-34-v1,semantic match,c131158116c44c1081064a840c9e5f6bb60c66d09fcd5951f4c980022a516191,
plan,7,transcript,transcript-2026-03-12-1-7-AddSaveStatusViewPlan,implementation,reviewed-segment,transcript-2026-03-12-1-7-AddSaveStatusViewPlan:segment-015,298,1.0,1.0,False,True,reviewed-include,,,plan-34-v1,semantic match,c131158116c44c1081064a840c9e5f6bb60c66d09fcd5951f4c980022a516191,
plan,7,transcript,transcript-2026-03-12-1-7-AddSaveStatusViewPlan,direct,reviewed-segment,transcript-2026-03-12-1-7-AddSaveStatusViewPlan:segment-016,344,1.0,1.0,True,False,reviewed-include,,,plan-34-v1,semantic match,c131158116c44c1081064a840c9e5f6bb60c66d09fcd5951f4c980022a516191,
plan,7,transcript,transcript-2026-03-12-1-7-AddSaveStatusViewPlan,implementation,reviewed-segment,transcript-2026-03-12-1-7-AddSaveStatusViewPlan:segment-017,378,1.0,1.0,False,True,reviewed-include,,,plan-34-v1,semantic match,c131158116c44c1081064a840c9e5f6bb60c66d09fcd5951f4c980022a516191,
plan,7,transcript,transcript-2026-03-12-1-7-AddSaveStatusViewPlan,implementation,reviewed-segment,transcript-2026-03-12-1-7-AddSaveStatusViewPlan:segment-018,441,1.0,1.0,False,True,reviewed-include,,,plan-34-v1,semantic match,c131158116c44c1081064a840c9e5f6bb60c66d09fcd5951f4c980022a516191,
plan,7,transcript,transcript-2026-03-12-1-7-AddSaveStatusViewPlan,direct,reviewed-segment,transcript-2026-03-12-1-7-AddSaveStatusViewPlan:segment-019,466,1.0,1.0,True,False,reviewed-include,,,plan-34-v1,semantic match,c131158116c44c1081064a840c9e5f6bb60c66d09fcd5951f4c980022a516191,
plan,7,transcript,transcript-2026-03-12-1-7-AddSaveStatusViewPlan,direct,reviewed-segment,transcript-2026-03-12-1-7-AddSaveStatusViewPlan:segment-020,498,1.0,1.0,True,False,reviewed-include,,,plan-34-v1,semantic match,c131158116c44c1081064a840c9e5f6bb60c66d09fcd5951f4c980022a516191,
plan,7,transcript,transcript-2026-03-12-1-7-AddSaveStatusViewPlan,implementation,reviewed-segment,transcript-2026-03-12-1-7-AddSaveStatusViewPlan:segment-021,520,1.0,1.0,False,True,reviewed-include,,,plan-34-v1,semantic match,c131158116c44c1081064a840c9e5f6bb60c66d09fcd5951f4c980022a516191,
commit,c56695645a5579bac37f1f716650754ccc5750a1,transcript,transcript-2026-03-13-1-8-AddTrackStatusPlan,work,reviewed-segment,transcript-2026-03-13-1-8-AddTrackStatusPlan:segment-001,12,1.0,1.0,False,True,reviewed-include,,,plan-34-v1,semantic match,40378be26df59bc0955ddcd0f23b2bfce0a2a09fe8a5ee6964d02d28b3120186,
commit,c56695645a5579bac37f1f716650754ccc5750a1,transcript,transcript-2026-03-13-1-8-AddTrackStatusPlan,work,reviewed-segment,transcript-2026-03-13-1-8-AddTrackStatusPlan:segment-002,40,1.0,1.0,False,True,reviewed-include,,,plan-34-v1,semantic match,40378be26df59bc0955ddcd0f23b2bfce0a2a09fe8a5ee6964d02d28b3120186,
commit,c56695645a5579bac37f1f716650754ccc5750a1,transcript,transcript-2026-03-13-1-8-AddTrackStatusPlan,work,reviewed-segment,transcript-2026-03-13-1-8-AddTrackStatusPlan:segment-003,75,1.0,1.0,False,True,reviewed-include,,,plan-34-v1,semantic match,40378be26df59bc0955ddcd0f23b2bfce0a2a09fe8a5ee6964d02d28b3120186,
commit,c56695645a5579bac37f1f716650754ccc5750a1,transcript,transcript-2026-03-13-1-8-AddTrackStatusPlan,work,reviewed-segment,transcript-2026-03-13-1-8-AddTrackStatusPlan:segment-004,103,1.0,1.0,False,True,reviewed-include,,,plan-34-v1,semantic match,40378be26df59bc0955ddcd0f23b2bfce0a2a09fe8a5ee6964d02d28b3120186,
commit,c56695645a5579bac37f1f716650754ccc5750a1,transcript,transcript-2026-03-13-1-8-AddTrackStatusPlan,work,reviewed-segment,transcript-2026-03-13-1-8-AddTrackStatusPlan:segment-005,156,1.0,1.0,False,True,reviewed-include,,,plan-34-v1,semantic match,40378be26df59bc0955ddcd0f23b2bfce0a2a09fe8a5ee6964d02d28b3120186,
commit,c56695645a5579bac37f1f716650754ccc5750a1,transcript,transcript-2026-03-13-1-8-AddTrackStatusPlan,work,reviewed-segment,transcript-2026-03-13-1-8-AddTrackStatusPlan:segment-006,189,1.0,1.0,False,True,reviewed-include,,,plan-34-v1,semantic match,40378be26df59bc0955ddcd0f23b2bfce0a2a09fe8a5ee6964d02d28b3120186,
commit,c56695645a5579bac37f1f716650754ccc5750a1,transcript,transcript-2026-03-13-1-8-AddTrackStatusPlan,work,reviewed-segment,transcript-2026-03-13-1-8-AddTrackStatusPlan:segment-007,205,1.0,1.0,False,True,reviewed-include,,,plan-34-v1,semantic match,40378be26df59bc0955ddcd0f23b2bfce0a2a09fe8a5ee6964d02d28b3120186,
commit,c56695645a5579bac37f1f716650754ccc5750a1,transcript,transcript-2026-03-13-1-8-AddTrackStatusPlan,work,reviewed-segment,transcript-2026-03-13-1-8-AddTrackStatusPlan:segment-008,253,1.0,1.0,False,True,reviewed-include,,,plan-34-v1,semantic match,40378be26df59bc0955ddcd0f23b2bfce0a2a09fe8a5ee6964d02d28b3120186,
commit,c56695645a5579bac37f1f716650754ccc5750a1,transcript,transcript-2026-03-13-1-8-AddTrackStatusPlan,work,reviewed-segment,transcript-2026-03-13-1-8-AddTrackStatusPlan:segment-009,282,1.0,1.0,False,True,reviewed-include,,,plan-34-v1,semantic match,40378be26df59bc0955ddcd0f23b2bfce0a2a09fe8a5ee6964d02d28b3120186,
commit,c56695645a5579bac37f1f716650754ccc5750a1,transcript,transcript-2026-03-13-1-8-AddTrackStatusPlan,work,reviewed-segment,transcript-2026-03-13-1-8-AddTrackStatusPlan:segment-010,306,1.0,1.0,False,True,reviewed-include,,,plan-34-v1,semantic match,40378be26df59bc0955ddcd0f23b2bfce0a2a09fe8a5ee6964d02d28b3120186,
commit,c56695645a5579bac37f1f716650754ccc5750a1,transcript,transcript-2026-03-13-1-8-AddTrackStatusPlan,work,reviewed-segment,transcript-2026-03-13-1-8-AddTrackStatusPlan:segment-011,326,1.0,1.0,False,True,reviewed-include,,,plan-34-v1,semantic match,40378be26df59bc0955ddcd0f23b2bfce0a2a09fe8a5ee6964d02d28b3120186,
commit,c56695645a5579bac37f1f716650754ccc5750a1,transcript,transcript-2026-03-13-1-8-AddTrackStatusPlan,work,reviewed-segment,transcript-2026-03-13-1-8-AddTrackStatusPlan:segment-012,349,1.0,1.0,False,True,reviewed-include,,,plan-34-v1,semantic match,40378be26df59bc0955ddcd0f23b2bfce0a2a09fe8a5ee6964d02d28b3120186,
commit,c56695645a5579bac37f1f716650754ccc5750a1,transcript,transcript-2026-03-13-1-8-AddTrackStatusPlan,work,reviewed-segment,transcript-2026-03-13-1-8-AddTrackStatusPlan:segment-013,380,1.0,1.0,False,True,reviewed-include,,,plan-34-v1,semantic match,40378be26df59bc0955ddcd0f23b2bfce0a2a09fe8a5ee6964d02d28b3120186,
commit,c56695645a5579bac37f1f716650754ccc5750a1,transcript,transcript-2026-03-13-1-8-AddTrackStatusPlan,work,reviewed-segment,transcript-2026-03-13-1-8-AddTrackStatusPlan:segment-014,406,1.0,1.0,False,True,reviewed-include,,,plan-34-v1,semantic match,40378be26df59bc0955ddcd0f23b2bfce0a2a09fe8a5ee6964d02d28b3120186,
commit,c56695645a5579bac37f1f716650754ccc5750a1,transcript,transcript-2026-03-13-1-8-AddTrackStatusPlan,work,reviewed-segment,transcript-2026-03-13-1-8-AddTrackStatusPlan:segment-015,447,1.0,1.0,False,True,reviewed-include,,,plan-34-v1,semantic match,40378be26df59bc0955ddcd0f23b2bfce0a2a09fe8a5ee6964d02d28b3120186,
commit,c56695645a5579bac37f1f716650754ccc5750a1,transcript,transcript-2026-03-13-1-8-AddTrackStatusPlan,work,reviewed-segment,transcript-2026-03-13-1-8-AddTrackStatusPlan:segment-016,480,1.0,1.0,False,True,reviewed-include,,,plan-34-v1,semantic match,40378be26df59bc0955ddcd0f23b2bfce0a2a09fe8a5ee6964d02d28b3120186,
plan,8,transcript,transcript-2026-03-13-1-8-AddTrackStatusPlan,direct,reviewed-segment,transcript-2026-03-13-1-8-AddTrackStatusPlan:segment-001,12,1.0,1.0,True,False,reviewed-include,,,plan-34-v1,semantic match,40378be26df59bc0955ddcd0f23b2bfce0a2a09fe8a5ee6964d02d28b3120186,
plan,8,transcript,transcript-2026-03-13-1-8-AddTrackStatusPlan,direct,reviewed-segment,transcript-2026-03-13-1-8-AddTrackStatusPlan:segment-002,40,1.0,1.0,True,False,reviewed-include,,,plan-34-v1,semantic match,40378be26df59bc0955ddcd0f23b2bfce0a2a09fe8a5ee6964d02d28b3120186,
plan,8,transcript,transcript-2026-03-13-1-8-AddTrackStatusPlan,direct,reviewed-segment,transcript-2026-03-13-1-8-AddTrackStatusPlan:segment-003,75,1.0,1.0,True,False,reviewed-include,,,plan-34-v1,semantic match,40378be26df59bc0955ddcd0f23b2bfce0a2a09fe8a5ee6964d02d28b3120186,
plan,8,transcript,transcript-2026-03-13-1-8-AddTrackStatusPlan,implementation,reviewed-segment,transcript-2026-03-13-1-8-AddTrackStatusPlan:segment-004,103,1.0,1.0,False,True,reviewed-include,,,plan-34-v1,semantic match,40378be26df59bc0955ddcd0f23b2bfce0a2a09fe8a5ee6964d02d28b3120186,
plan,8,transcript,transcript-2026-03-13-1-8-AddTrackStatusPlan,implementation,reviewed-segment,transcript-2026-03-13-1-8-AddTrackStatusPlan:segment-005,156,1.0,1.0,False,True,reviewed-include,,,plan-34-v1,semantic match,40378be26df59bc0955ddcd0f23b2bfce0a2a09fe8a5ee6964d02d28b3120186,
plan,8,transcript,transcript-2026-03-13-1-8-AddTrackStatusPlan,implementation,reviewed-segment,transcript-2026-03-13-1-8-AddTrackStatusPlan:segment-006,189,1.0,1.0,False,True,reviewed-include,,,plan-34-v1,semantic match,40378be26df59bc0955ddcd0f23b2bfce0a2a09fe8a5ee6964d02d28b3120186,
plan,8,transcript,transcript-2026-03-13-1-8-AddTrackStatusPlan,implementation,reviewed-segment,transcript-2026-03-13-1-8-AddTrackStatusPlan:segment-007,205,1.0,1.0,False,True,reviewed-include,,,plan-34-v1,semantic match,40378be26df59bc0955ddcd0f23b2bfce0a2a09fe8a5ee6964d02d28b3120186,
plan,8,transcript,transcript-2026-03-13-1-8-AddTrackStatusPlan,implementation,reviewed-segment,transcript-2026-03-13-1-8-AddTrackStatusPlan:segment-008,253,1.0,1.0,False,True,reviewed-include,,,plan-34-v1,semantic match,40378be26df59bc0955ddcd0f23b2bfce0a2a09fe8a5ee6964d02d28b3120186,
plan,8,transcript,transcript-2026-03-13-1-8-AddTrackStatusPlan,implementation,reviewed-segment,transcript-2026-03-13-1-8-AddTrackStatusPlan:segment-009,282,1.0,1.0,False,True,reviewed-include,,,plan-34-v1,semantic match,40378be26df59bc0955ddcd0f23b2bfce0a2a09fe8a5ee6964d02d28b3120186,
plan,8,transcript,transcript-2026-03-13-1-8-AddTrackStatusPlan,implementation,reviewed-segment,transcript-2026-03-13-1-8-AddTrackStatusPlan:segment-010,306,1.0,1.0,False,True,reviewed-include,,,plan-34-v1,semantic match,40378be26df59bc0955ddcd0f23b2bfce0a2a09fe8a5ee6964d02d28b3120186,
plan,8,transcript,transcript-2026-03-13-1-8-AddTrackStatusPlan,implementation,reviewed-segment,transcript-2026-03-13-1-8-AddTrackStatusPlan:segment-011,326,1.0,1.0,False,True,reviewed-include,,,plan-34-v1,semantic match,40378be26df59bc0955ddcd0f23b2bfce0a2a09fe8a5ee6964d02d28b3120186,
plan,8,transcript,transcript-2026-03-13-1-8-AddTrackStatusPlan,implementation,reviewed-segment,transcript-2026-03-13-1-8-AddTrackStatusPlan:segment-012,349,1.0,1.0,False,True,reviewed-include,,,plan-34-v1,semantic match,40378be26df59bc0955ddcd0f23b2bfce0a2a09fe8a5ee6964d02d28b3120186,
plan,8,transcript,transcript-2026-03-13-1-8-AddTrackStatusPlan,implementation,reviewed-segment,transcript-2026-03-13-1-8-AddTrackStatusPlan:segment-013,380,1.0,1.0,False,True,reviewed-include,,,plan-34-v1,semantic match,40378be26df59bc0955ddcd0f23b2bfce0a2a09fe8a5ee6964d02d28b3120186,
plan,8,transcript,transcript-2026-03-13-1-8-AddTrackStatusPlan,implementation,reviewed-segment,transcript-2026-03-13-1-8-AddTrackStatusPlan:segment-014,406,1.0,1.0,False,True,reviewed-include,,,plan-34-v1,semantic match,40378be26df59bc0955ddcd0f23b2bfce0a2a09fe8a5ee6964d02d28b3120186,
plan,8,transcript,transcript-2026-03-13-1-8-AddTrackStatusPlan,implementation,reviewed-segment,transcript-2026-03-13-1-8-AddTrackStatusPlan:segment-015,447,1.0,1.0,False,True,reviewed-include,,,plan-34-v1,semantic match,40378be26df59bc0955ddcd0f23b2bfce0a2a09fe8a5ee6964d02d28b3120186,
plan,8,transcript,transcript-2026-03-13-1-8-AddTrackStatusPlan,implementation,reviewed-segment,transcript-2026-03-13-1-8-AddTrackStatusPlan:segment-016,480,1.0,1.0,False,True,reviewed-include,,,plan-34-v1,semantic match,40378be26df59bc0955ddcd0f23b2bfce0a2a09fe8a5ee6964d02d28b3120186,
commit,2d3e003b9689d477939ba8543f037de2cf8068c5,transcript,transcript-2026-03-14-1-8-AddTrackStatusPlan,work,reviewed-segment,transcript-2026-03-14-1-8-AddTrackStatusPlan:segment-001,12,1.0,1.0,False,True,reviewed-include,,,plan-34-v1,semantic match,1c8302fdc763563007511f7d3e7147c53c67bd9dba03671c3a2f5e09fffe56d3,
commit,2d3e003b9689d477939ba8543f037de2cf8068c5,transcript,transcript-2026-03-14-1-8-AddTrackStatusPlan,work,reviewed-segment,transcript-2026-03-14-1-8-AddTrackStatusPlan:segment-002,41,1.0,1.0,False,True,reviewed-include,,,plan-34-v1,semantic match,1c8302fdc763563007511f7d3e7147c53c67bd9dba03671c3a2f5e09fffe56d3,
commit,ae13badc1a2a880e7b374fa67010992d398fa737,transcript,transcript-2026-03-14-1-8-AddTrackStatusPlan,work,reviewed-segment,transcript-2026-03-14-1-8-AddTrackStatusPlan:segment-003,65,1.0,1.0,False,True,reviewed-include,,,plan-34-v1,semantic match,1c8302fdc763563007511f7d3e7147c53c67bd9dba03671c3a2f5e09fffe56d3,
commit,ae13badc1a2a880e7b374fa67010992d398fa737,transcript,transcript-2026-03-14-1-8-AddTrackStatusPlan,work,reviewed-segment,transcript-2026-03-14-1-8-AddTrackStatusPlan:segment-004,81,1.0,1.0,False,True,reviewed-include,,,plan-34-v1,semantic match,1c8302fdc763563007511f7d3e7147c53c67bd9dba03671c3a2f5e09fffe56d3,
commit,ae13badc1a2a880e7b374fa67010992d398fa737,transcript,transcript-2026-03-14-1-8-AddTrackStatusPlan,work,reviewed-segment,transcript-2026-03-14-1-8-AddTrackStatusPlan:segment-005,103,1.0,1.0,False,True,reviewed-include,,,plan-34-v1,semantic match,1c8302fdc763563007511f7d3e7147c53c67bd9dba03671c3a2f5e09fffe56d3,
commit,ae13badc1a2a880e7b374fa67010992d398fa737,transcript,transcript-2026-03-14-1-8-AddTrackStatusPlan,work,reviewed-segment,transcript-2026-03-14-1-8-AddTrackStatusPlan:segment-006,172,1.0,1.0,False,True,reviewed-include,,,plan-34-v1,semantic match,1c8302fdc763563007511f7d3e7147c53c67bd9dba03671c3a2f5e09fffe56d3,
commit,ae13badc1a2a880e7b374fa67010992d398fa737,transcript,transcript-2026-03-14-1-8-AddTrackStatusPlan,work,reviewed-segment,transcript-2026-03-14-1-8-AddTrackStatusPlan:segment-007,212,1.0,1.0,False,True,reviewed-include,,,plan-34-v1,semantic match,1c8302fdc763563007511f7d3e7147c53c67bd9dba03671c3a2f5e09fffe56d3,
commit,ae13badc1a2a880e7b374fa67010992d398fa737,transcript,transcript-2026-03-14-1-8-AddTrackStatusPlan,work,reviewed-segment,transcript-2026-03-14-1-8-AddTrackStatusPlan:segment-008,233,1.0,1.0,False,True,reviewed-include,,,plan-34-v1,semantic match,1c8302fdc763563007511f7d3e7147c53c67bd9dba03671c3a2f5e09fffe56d3,
commit,ae13badc1a2a880e7b374fa67010992d398fa737,transcript,transcript-2026-03-14-1-8-AddTrackStatusPlan,work,reviewed-segment,transcript-2026-03-14-1-8-AddTrackStatusPlan:segment-009,285,1.0,1.0,False,True,reviewed-include,,,plan-34-v1,semantic match,1c8302fdc763563007511f7d3e7147c53c67bd9dba03671c3a2f5e09fffe56d3,
commit,ae13badc1a2a880e7b374fa67010992d398fa737,transcript,transcript-2026-03-14-1-8-AddTrackStatusPlan,work,reviewed-segment,transcript-2026-03-14-1-8-AddTrackStatusPlan:segment-010,304,1.0,1.0,False,True,reviewed-include,,,plan-34-v1,semantic match,1c8302fdc763563007511f7d3e7147c53c67bd9dba03671c3a2f5e09fffe56d3,
plan,8,transcript,transcript-2026-03-14-1-8-AddTrackStatusPlan,direct,reviewed-segment,transcript-2026-03-14-1-8-AddTrackStatusPlan:segment-001,12,1.0,1.0,True,False,reviewed-include,,,plan-34-v1,semantic match,1c8302fdc763563007511f7d3e7147c53c67bd9dba03671c3a2f5e09fffe56d3,
plan,8,transcript,transcript-2026-03-14-1-8-AddTrackStatusPlan,direct,reviewed-segment,transcript-2026-03-14-1-8-AddTrackStatusPlan:segment-002,41,1.0,1.0,True,False,reviewed-include,,,plan-34-v1,semantic match,1c8302fdc763563007511f7d3e7147c53c67bd9dba03671c3a2f5e09fffe56d3,
plan,8,transcript,transcript-2026-03-14-1-8-AddTrackStatusPlan,implementation,reviewed-segment,transcript-2026-03-14-1-8-AddTrackStatusPlan:segment-003,65,1.0,1.0,False,True,reviewed-include,,,plan-34-v1,semantic match,1c8302fdc763563007511f7d3e7147c53c67bd9dba03671c3a2f5e09fffe56d3,
plan,8,transcript,transcript-2026-03-14-1-8-AddTrackStatusPlan,implementation,reviewed-segment,transcript-2026-03-14-1-8-AddTrackStatusPlan:segment-004,81,1.0,1.0,False,True,reviewed-include,,,plan-34-v1,semantic match,1c8302fdc763563007511f7d3e7147c53c67bd9dba03671c3a2f5e09fffe56d3,
plan,8,transcript,transcript-2026-03-14-1-8-AddTrackStatusPlan,implementation,reviewed-segment,transcript-2026-03-14-1-8-AddTrackStatusPlan:segment-005,103,1.0,1.0,False,True,reviewed-include,,,plan-34-v1,semantic match,1c8302fdc763563007511f7d3e7147c53c67bd9dba03671c3a2f5e09fffe56d3,
plan,8,transcript,transcript-2026-03-14-1-8-AddTrackStatusPlan,implementation,reviewed-segment,transcript-2026-03-14-1-8-AddTrackStatusPlan:segment-006,172,1.0,1.0,False,True,reviewed-include,,,plan-34-v1,semantic match,1c8302fdc763563007511f7d3e7147c53c67bd9dba03671c3a2f5e09fffe56d3,
plan,8,transcript,transcript-2026-03-14-1-8-AddTrackStatusPlan,implementation,reviewed-segment,transcript-2026-03-14-1-8-AddTrackStatusPlan:segment-007,212,1.0,1.0,False,True,reviewed-include,,,plan-34-v1,semantic match,1c8302fdc763563007511f7d3e7147c53c67bd9dba03671c3a2f5e09fffe56d3,
plan,8,transcript,transcript-2026-03-14-1-8-AddTrackStatusPlan,implementation,reviewed-segment,transcript-2026-03-14-1-8-AddTrackStatusPlan:segment-008,233,1.0,1.0,False,True,reviewed-include,,,plan-34-v1,semantic match,1c8302fdc763563007511f7d3e7147c53c67bd9dba03671c3a2f5e09fffe56d3,
plan,8,transcript,transcript-2026-03-14-1-8-AddTrackStatusPlan,implementation,reviewed-segment,transcript-2026-03-14-1-8-AddTrackStatusPlan:segment-009,285,1.0,1.0,False,True,reviewed-include,,,plan-34-v1,semantic match,1c8302fdc763563007511f7d3e7147c53c67bd9dba03671c3a2f5e09fffe56d3,
plan,8,transcript,transcript-2026-03-14-1-8-AddTrackStatusPlan,implementation,reviewed-segment,transcript-2026-03-14-1-8-AddTrackStatusPlan:segment-010,304,1.0,1.0,False,True,reviewed-include,,,plan-34-v1,semantic match,1c8302fdc763563007511f7d3e7147c53c67bd9dba03671c3a2f5e09fffe56d3,
commit,ac28a73112d2a5170ee56f4f05fe6081f4376eb6,transcript,transcript-2026-03-17-1-9-AddUIFeedbackSettings,work,reviewed-segment,transcript-2026-03-17-1-9-AddUIFeedbackSettings:segment-001,12,1.0,1.0,False,True,reviewed-include,,,plan-34-v1,semantic match,f7b28b2330e960598a64fc7f392d5f79067090afd1cdc6042d08f3963bc47ce1,
commit,ac28a73112d2a5170ee56f4f05fe6081f4376eb6,transcript,transcript-2026-03-17-1-9-AddUIFeedbackSettings,work,reviewed-segment,transcript-2026-03-17-1-9-AddUIFeedbackSettings:segment-002,68,1.0,1.0,False,True,reviewed-include,,,plan-34-v1,semantic match,f7b28b2330e960598a64fc7f392d5f79067090afd1cdc6042d08f3963bc47ce1,
commit,ac28a73112d2a5170ee56f4f05fe6081f4376eb6,transcript,transcript-2026-03-17-1-9-AddUIFeedbackSettings,work,reviewed-segment,transcript-2026-03-17-1-9-AddUIFeedbackSettings:segment-003,104,1.0,1.0,False,True,reviewed-include,,,plan-34-v1,semantic match,f7b28b2330e960598a64fc7f392d5f79067090afd1cdc6042d08f3963bc47ce1,
commit,ac28a73112d2a5170ee56f4f05fe6081f4376eb6,transcript,transcript-2026-03-17-1-9-AddUIFeedbackSettings,work,reviewed-segment,transcript-2026-03-17-1-9-AddUIFeedbackSettings:segment-004,118,1.0,1.0,False,True,reviewed-include,,,plan-34-v1,semantic match,f7b28b2330e960598a64fc7f392d5f79067090afd1cdc6042d08f3963bc47ce1,
plan,9,transcript,transcript-2026-03-17-1-9-AddUIFeedbackSettings,direct,reviewed-segment,transcript-2026-03-17-1-9-AddUIFeedbackSettings:segment-001,12,1.0,1.0,True,False,reviewed-include,,,plan-34-v1,semantic match,f7b28b2330e960598a64fc7f392d5f79067090afd1cdc6042d08f3963bc47ce1,
plan,9,transcript,transcript-2026-03-17-1-9-AddUIFeedbackSettings,direct,reviewed-segment,transcript-2026-03-17-1-9-AddUIFeedbackSettings:segment-002,68,1.0,1.0,True,False,reviewed-include,,,plan-34-v1,semantic match,f7b28b2330e960598a64fc7f392d5f79067090afd1cdc6042d08f3963bc47ce1,
plan,9,transcript,transcript-2026-03-17-1-9-AddUIFeedbackSettings,direct,reviewed-segment,transcript-2026-03-17-1-9-AddUIFeedbackSettings:segment-003,104,1.0,1.0,True,False,reviewed-include,,,plan-34-v1,semantic match,f7b28b2330e960598a64fc7f392d5f79067090afd1cdc6042d08f3963bc47ce1,
plan,9,transcript,transcript-2026-03-17-1-9-AddUIFeedbackSettings,implementation,reviewed-segment,transcript-2026-03-17-1-9-AddUIFeedbackSettings:segment-004,118,1.0,1.0,False,True,reviewed-include,,,plan-34-v1,semantic match,f7b28b2330e960598a64fc7f392d5f79067090afd1cdc6042d08f3963bc47ce1,
commit,ac28a73112d2a5170ee56f4f05fe6081f4376eb6,transcript,transcript-2026-03-17-2-9-AddUIFeedbackSettings,work,reviewed-segment,transcript-2026-03-17-2-9-AddUIFeedbackSettings:segment-001,12,1.0,1.0,False,True,reviewed-include,,,plan-34-v1,semantic match,ab1b6612de2535f639bcb46d73988a1e783d7fe8672061f0bb1808d9bb6e3754,
commit,ac28a73112d2a5170ee56f4f05fe6081f4376eb6,transcript,transcript-2026-03-17-2-9-AddUIFeedbackSettings,work,reviewed-segment,transcript-2026-03-17-2-9-AddUIFeedbackSettings:segment-002,54,1.0,1.0,False,True,reviewed-include,,,plan-34-v1,semantic match,ab1b6612de2535f639bcb46d73988a1e783d7fe8672061f0bb1808d9bb6e3754,
commit,ac28a73112d2a5170ee56f4f05fe6081f4376eb6,transcript,transcript-2026-03-17-2-9-AddUIFeedbackSettings,work,reviewed-segment,transcript-2026-03-17-2-9-AddUIFeedbackSettings:segment-003,94,1.0,1.0,False,True,reviewed-include,,,plan-34-v1,semantic match,ab1b6612de2535f639bcb46d73988a1e783d7fe8672061f0bb1808d9bb6e3754,
commit,ac28a73112d2a5170ee56f4f05fe6081f4376eb6,transcript,transcript-2026-03-17-2-9-AddUIFeedbackSettings,work,reviewed-segment,transcript-2026-03-17-2-9-AddUIFeedbackSettings:segment-004,125,1.0,1.0,False,True,reviewed-include,,,plan-34-v1,semantic match,ab1b6612de2535f639bcb46d73988a1e783d7fe8672061f0bb1808d9bb6e3754,
commit,ac28a73112d2a5170ee56f4f05fe6081f4376eb6,transcript,transcript-2026-03-17-2-9-AddUIFeedbackSettings,work,reviewed-segment,transcript-2026-03-17-2-9-AddUIFeedbackSettings:segment-005,155,1.0,1.0,False,True,reviewed-include,,,plan-34-v1,semantic match,ab1b6612de2535f639bcb46d73988a1e783d7fe8672061f0bb1808d9bb6e3754,
commit,ac28a73112d2a5170ee56f4f05fe6081f4376eb6,transcript,transcript-2026-03-17-2-9-AddUIFeedbackSettings,work,reviewed-segment,transcript-2026-03-17-2-9-AddUIFeedbackSettings:segment-006,177,1.0,1.0,False,True,reviewed-include,,,plan-34-v1,semantic match,ab1b6612de2535f639bcb46d73988a1e783d7fe8672061f0bb1808d9bb6e3754,
commit,ac28a73112d2a5170ee56f4f05fe6081f4376eb6,transcript,transcript-2026-03-17-2-9-AddUIFeedbackSettings,work,reviewed-segment,transcript-2026-03-17-2-9-AddUIFeedbackSettings:segment-007,217,1.0,1.0,False,True,reviewed-include,,,plan-34-v1,semantic match,ab1b6612de2535f639bcb46d73988a1e783d7fe8672061f0bb1808d9bb6e3754,
commit,ac28a73112d2a5170ee56f4f05fe6081f4376eb6,transcript,transcript-2026-03-17-2-9-AddUIFeedbackSettings,work,reviewed-segment,transcript-2026-03-17-2-9-AddUIFeedbackSettings:segment-008,252,1.0,1.0,False,True,reviewed-include,,,plan-34-v1,semantic match,ab1b6612de2535f639bcb46d73988a1e783d7fe8672061f0bb1808d9bb6e3754,
commit,ac28a73112d2a5170ee56f4f05fe6081f4376eb6,transcript,transcript-2026-03-17-2-9-AddUIFeedbackSettings,work,reviewed-segment,transcript-2026-03-17-2-9-AddUIFeedbackSettings:segment-009,284,1.0,1.0,False,True,reviewed-include,,,plan-34-v1,semantic match,ab1b6612de2535f639bcb46d73988a1e783d7fe8672061f0bb1808d9bb6e3754,
commit,ac28a73112d2a5170ee56f4f05fe6081f4376eb6,transcript,transcript-2026-03-17-2-9-AddUIFeedbackSettings,work,reviewed-segment,transcript-2026-03-17-2-9-AddUIFeedbackSettings:segment-010,313,1.0,1.0,False,True,reviewed-include,,,plan-34-v1,semantic match,ab1b6612de2535f639bcb46d73988a1e783d7fe8672061f0bb1808d9bb6e3754,
commit,ac28a73112d2a5170ee56f4f05fe6081f4376eb6,transcript,transcript-2026-03-17-2-9-AddUIFeedbackSettings,work,reviewed-segment,transcript-2026-03-17-2-9-AddUIFeedbackSettings:segment-011,355,1.0,1.0,False,True,reviewed-include,,,plan-34-v1,semantic match,ab1b6612de2535f639bcb46d73988a1e783d7fe8672061f0bb1808d9bb6e3754,
commit,ac28a73112d2a5170ee56f4f05fe6081f4376eb6,transcript,transcript-2026-03-17-2-9-AddUIFeedbackSettings,work,reviewed-segment,transcript-2026-03-17-2-9-AddUIFeedbackSettings:segment-012,434,1.0,1.0,False,True,reviewed-include,,,plan-34-v1,semantic match,ab1b6612de2535f639bcb46d73988a1e783d7fe8672061f0bb1808d9bb6e3754,
commit,ac28a73112d2a5170ee56f4f05fe6081f4376eb6,transcript,transcript-2026-03-17-2-9-AddUIFeedbackSettings,work,reviewed-segment,transcript-2026-03-17-2-9-AddUIFeedbackSettings:segment-013,492,1.0,1.0,False,True,reviewed-include,,,plan-34-v1,semantic match,ab1b6612de2535f639bcb46d73988a1e783d7fe8672061f0bb1808d9bb6e3754,
plan,9,transcript,transcript-2026-03-17-2-9-AddUIFeedbackSettings,direct,reviewed-segment,transcript-2026-03-17-2-9-AddUIFeedbackSettings:segment-001,12,1.0,1.0,True,False,reviewed-include,,,plan-34-v1,semantic match,ab1b6612de2535f639bcb46d73988a1e783d7fe8672061f0bb1808d9bb6e3754,
plan,9,transcript,transcript-2026-03-17-2-9-AddUIFeedbackSettings,implementation,reviewed-segment,transcript-2026-03-17-2-9-AddUIFeedbackSettings:segment-002,54,1.0,1.0,False,True,reviewed-include,,,plan-34-v1,semantic match,ab1b6612de2535f639bcb46d73988a1e783d7fe8672061f0bb1808d9bb6e3754,
plan,9,transcript,transcript-2026-03-17-2-9-AddUIFeedbackSettings,implementation,reviewed-segment,transcript-2026-03-17-2-9-AddUIFeedbackSettings:segment-003,94,1.0,1.0,False,True,reviewed-include,,,plan-34-v1,semantic match,ab1b6612de2535f639bcb46d73988a1e783d7fe8672061f0bb1808d9bb6e3754,
plan,9,transcript,transcript-2026-03-17-2-9-AddUIFeedbackSettings,implementation,reviewed-segment,transcript-2026-03-17-2-9-AddUIFeedbackSettings:segment-004,125,1.0,1.0,False,True,reviewed-include,,,plan-34-v1,semantic match,ab1b6612de2535f639bcb46d73988a1e783d7fe8672061f0bb1808d9bb6e3754,
plan,9,transcript,transcript-2026-03-17-2-9-AddUIFeedbackSettings,implementation,reviewed-segment,transcript-2026-03-17-2-9-AddUIFeedbackSettings:segment-005,155,1.0,1.0,False,True,reviewed-include,,,plan-34-v1,semantic match,ab1b6612de2535f639bcb46d73988a1e783d7fe8672061f0bb1808d9bb6e3754,
plan,9,transcript,transcript-2026-03-17-2-9-AddUIFeedbackSettings,implementation,reviewed-segment,transcript-2026-03-17-2-9-AddUIFeedbackSettings:segment-006,177,1.0,1.0,False,True,reviewed-include,,,plan-34-v1,semantic match,ab1b6612de2535f639bcb46d73988a1e783d7fe8672061f0bb1808d9bb6e3754,
plan,9,transcript,transcript-2026-03-17-2-9-AddUIFeedbackSettings,implementation,reviewed-segment,transcript-2026-03-17-2-9-AddUIFeedbackSettings:segment-007,217,1.0,1.0,False,True,reviewed-include,,,plan-34-v1,semantic match,ab1b6612de2535f639bcb46d73988a1e783d7fe8672061f0bb1808d9bb6e3754,
plan,9,transcript,transcript-2026-03-17-2-9-AddUIFeedbackSettings,direct,reviewed-segment,transcript-2026-03-17-2-9-AddUIFeedbackSettings:segment-008,252,1.0,1.0,True,False,reviewed-include,,,plan-34-v1,semantic match,ab1b6612de2535f639bcb46d73988a1e783d7fe8672061f0bb1808d9bb6e3754,
plan,9,transcript,transcript-2026-03-17-2-9-AddUIFeedbackSettings,direct,reviewed-segment,transcript-2026-03-17-2-9-AddUIFeedbackSettings:segment-009,284,1.0,1.0,True,False,reviewed-include,,,plan-34-v1,semantic match,ab1b6612de2535f639bcb46d73988a1e783d7fe8672061f0bb1808d9bb6e3754,
plan,9,transcript,transcript-2026-03-17-2-9-AddUIFeedbackSettings,direct,reviewed-segment,transcript-2026-03-17-2-9-AddUIFeedbackSettings:segment-010,313,1.0,1.0,True,False,reviewed-include,,,plan-34-v1,semantic match,ab1b6612de2535f639bcb46d73988a1e783d7fe8672061f0bb1808d9bb6e3754,
plan,9,transcript,transcript-2026-03-17-2-9-AddUIFeedbackSettings,implementation,reviewed-segment,transcript-2026-03-17-2-9-AddUIFeedbackSettings:segment-011,355,1.0,1.0,False,True,reviewed-include,,,plan-34-v1,semantic match,ab1b6612de2535f639bcb46d73988a1e783d7fe8672061f0bb1808d9bb6e3754,
plan,9,transcript,transcript-2026-03-17-2-9-AddUIFeedbackSettings,implementation,reviewed-segment,transcript-2026-03-17-2-9-AddUIFeedbackSettings:segment-012,434,1.0,1.0,False,True,reviewed-include,,,plan-34-v1,semantic match,ab1b6612de2535f639bcb46d73988a1e783d7fe8672061f0bb1808d9bb6e3754,
plan,9,transcript,transcript-2026-03-17-2-9-AddUIFeedbackSettings,implementation,reviewed-segment,transcript-2026-03-17-2-9-AddUIFeedbackSettings:segment-013,492,1.0,1.0,False,True,reviewed-include,,,plan-34-v1,semantic match,ab1b6612de2535f639bcb46d73988a1e783d7fe8672061f0bb1808d9bb6e3754,
commit,83083cbcdf9667c18e3a5c3c11c66d2cfa24f4a6,transcript,transcript-2026-03-18-1-9-AddUIFeedbackSettings,work,reviewed-segment,transcript-2026-03-18-1-9-AddUIFeedbackSettings:segment-001,12,1.0,1.0,False,True,reviewed-include,,,plan-34-v1,semantic match,280965f57554edfcd5ade4d01291294d9a07aff7e522b06c2a1a0dd02927f03d,
commit,83083cbcdf9667c18e3a5c3c11c66d2cfa24f4a6,transcript,transcript-2026-03-18-1-9-AddUIFeedbackSettings,work,reviewed-segment,transcript-2026-03-18-1-9-AddUIFeedbackSettings:segment-002,45,1.0,1.0,False,True,reviewed-include,,,plan-34-v1,semantic match,280965f57554edfcd5ade4d01291294d9a07aff7e522b06c2a1a0dd02927f03d,
commit,83083cbcdf9667c18e3a5c3c11c66d2cfa24f4a6,transcript,transcript-2026-03-18-1-9-AddUIFeedbackSettings,work,reviewed-segment,transcript-2026-03-18-1-9-AddUIFeedbackSettings:segment-003,72,1.0,1.0,False,True,reviewed-include,,,plan-34-v1,semantic match,280965f57554edfcd5ade4d01291294d9a07aff7e522b06c2a1a0dd02927f03d,
commit,83083cbcdf9667c18e3a5c3c11c66d2cfa24f4a6,transcript,transcript-2026-03-18-1-9-AddUIFeedbackSettings,work,reviewed-segment,transcript-2026-03-18-1-9-AddUIFeedbackSettings:segment-004,117,1.0,1.0,False,True,reviewed-include,,,plan-34-v1,semantic match,280965f57554edfcd5ade4d01291294d9a07aff7e522b06c2a1a0dd02927f03d,
commit,0d268f9dbda719319837ad31711eb87f9f166499,transcript,transcript-2026-03-18-1-9-AddUIFeedbackSettings,work,reviewed-segment,transcript-2026-03-18-1-9-AddUIFeedbackSettings:segment-005,127,1.0,1.0,False,True,reviewed-include,,,plan-34-v1,semantic match,280965f57554edfcd5ade4d01291294d9a07aff7e522b06c2a1a0dd02927f03d,
plan,9,transcript,transcript-2026-03-18-1-9-AddUIFeedbackSettings,implementation,reviewed-segment,transcript-2026-03-18-1-9-AddUIFeedbackSettings:segment-001,12,1.0,1.0,False,True,reviewed-include,,,plan-34-v1,semantic match,280965f57554edfcd5ade4d01291294d9a07aff7e522b06c2a1a0dd02927f03d,
plan,9,transcript,transcript-2026-03-18-1-9-AddUIFeedbackSettings,direct,reviewed-segment,transcript-2026-03-18-1-9-AddUIFeedbackSettings:segment-002,45,1.0,1.0,True,False,reviewed-include,,,plan-34-v1,semantic match,280965f57554edfcd5ade4d01291294d9a07aff7e522b06c2a1a0dd02927f03d,
plan,9,transcript,transcript-2026-03-18-1-9-AddUIFeedbackSettings,implementation,reviewed-segment,transcript-2026-03-18-1-9-AddUIFeedbackSettings:segment-003,72,1.0,1.0,False,True,reviewed-include,,,plan-34-v1,semantic match,280965f57554edfcd5ade4d01291294d9a07aff7e522b06c2a1a0dd02927f03d,
plan,9,transcript,transcript-2026-03-18-1-9-AddUIFeedbackSettings,direct,reviewed-segment,transcript-2026-03-18-1-9-AddUIFeedbackSettings:segment-004,117,1.0,1.0,True,False,reviewed-include,,,plan-34-v1,semantic match,280965f57554edfcd5ade4d01291294d9a07aff7e522b06c2a1a0dd02927f03d,
plan,9,transcript,transcript-2026-03-18-1-9-AddUIFeedbackSettings,implementation,reviewed-segment,transcript-2026-03-18-1-9-AddUIFeedbackSettings:segment-005,127,1.0,1.0,False,True,reviewed-include,,,plan-34-v1,semantic match,280965f57554edfcd5ade4d01291294d9a07aff7e522b06c2a1a0dd02927f03d,
commit,68f7c7b1c66c1a7acd0564610efe03ceff89180b,transcript,transcript-2026-03-19-1-10-AddTrackManagement,work,reviewed-segment,transcript-2026-03-19-1-10-AddTrackManagement:segment-001,12,1.0,1.0,False,True,reviewed-include,,,plan-34-v1,semantic match,7ecaa63f382b263182b4871500034b241deee2384bee10cc7db70b0bcdc4060b,
commit,68f7c7b1c66c1a7acd0564610efe03ceff89180b,transcript,transcript-2026-03-19-1-10-AddTrackManagement,work,reviewed-segment,transcript-2026-03-19-1-10-AddTrackManagement:segment-002,52,1.0,1.0,False,True,reviewed-include,,,plan-34-v1,semantic match,7ecaa63f382b263182b4871500034b241deee2384bee10cc7db70b0bcdc4060b,
commit,68f7c7b1c66c1a7acd0564610efe03ceff89180b,transcript,transcript-2026-03-19-1-10-AddTrackManagement,work,reviewed-segment,transcript-2026-03-19-1-10-AddTrackManagement:segment-003,87,1.0,1.0,False,True,reviewed-include,,,plan-34-v1,semantic match,7ecaa63f382b263182b4871500034b241deee2384bee10cc7db70b0bcdc4060b,
commit,68f7c7b1c66c1a7acd0564610efe03ceff89180b,transcript,transcript-2026-03-19-1-10-AddTrackManagement,work,reviewed-segment,transcript-2026-03-19-1-10-AddTrackManagement:segment-004,185,1.0,1.0,False,True,reviewed-include,,,plan-34-v1,semantic match,7ecaa63f382b263182b4871500034b241deee2384bee10cc7db70b0bcdc4060b,
commit,68f7c7b1c66c1a7acd0564610efe03ceff89180b,transcript,transcript-2026-03-19-1-10-AddTrackManagement,work,reviewed-segment,transcript-2026-03-19-1-10-AddTrackManagement:segment-005,221,1.0,1.0,False,True,reviewed-include,,,plan-34-v1,semantic match,7ecaa63f382b263182b4871500034b241deee2384bee10cc7db70b0bcdc4060b,
commit,68f7c7b1c66c1a7acd0564610efe03ceff89180b,transcript,transcript-2026-03-19-1-10-AddTrackManagement,work,reviewed-segment,transcript-2026-03-19-1-10-AddTrackManagement:segment-006,249,1.0,1.0,False,True,reviewed-include,,,plan-34-v1,semantic match,7ecaa63f382b263182b4871500034b241deee2384bee10cc7db70b0bcdc4060b,
commit,68f7c7b1c66c1a7acd0564610efe03ceff89180b,transcript,transcript-2026-03-19-1-10-AddTrackManagement,work,reviewed-segment,transcript-2026-03-19-1-10-AddTrackManagement:segment-007,278,1.0,1.0,False,True,reviewed-include,,,plan-34-v1,semantic match,7ecaa63f382b263182b4871500034b241deee2384bee10cc7db70b0bcdc4060b,
plan,10,transcript,transcript-2026-03-19-1-10-AddTrackManagement,direct,reviewed-segment,transcript-2026-03-19-1-10-AddTrackManagement:segment-001,12,1.0,1.0,True,False,reviewed-include,,,plan-34-v1,semantic match,7ecaa63f382b263182b4871500034b241deee2384bee10cc7db70b0bcdc4060b,
plan,10,transcript,transcript-2026-03-19-1-10-AddTrackManagement,direct,reviewed-segment,transcript-2026-03-19-1-10-AddTrackManagement:segment-002,52,1.0,1.0,True,False,reviewed-include,,,plan-34-v1,semantic match,7ecaa63f382b263182b4871500034b241deee2384bee10cc7db70b0bcdc4060b,
plan,10,transcript,transcript-2026-03-19-1-10-AddTrackManagement,implementation,reviewed-segment,transcript-2026-03-19-1-10-AddTrackManagement:segment-003,87,1.0,1.0,False,True,reviewed-include,,,plan-34-v1,semantic match,7ecaa63f382b263182b4871500034b241deee2384bee10cc7db70b0bcdc4060b,
plan,10,transcript,transcript-2026-03-19-1-10-AddTrackManagement,implementation,reviewed-segment,transcript-2026-03-19-1-10-AddTrackManagement:segment-004,185,1.0,1.0,False,True,reviewed-include,,,plan-34-v1,semantic match,7ecaa63f382b263182b4871500034b241deee2384bee10cc7db70b0bcdc4060b,
plan,10,transcript,transcript-2026-03-19-1-10-AddTrackManagement,implementation,reviewed-segment,transcript-2026-03-19-1-10-AddTrackManagement:segment-005,221,1.0,1.0,False,True,reviewed-include,,,plan-34-v1,semantic match,7ecaa63f382b263182b4871500034b241deee2384bee10cc7db70b0bcdc4060b,
plan,10,transcript,transcript-2026-03-19-1-10-AddTrackManagement,implementation,reviewed-segment,transcript-2026-03-19-1-10-AddTrackManagement:segment-006,249,1.0,1.0,False,True,reviewed-include,,,plan-34-v1,semantic match,7ecaa63f382b263182b4871500034b241deee2384bee10cc7db70b0bcdc4060b,
plan,10,transcript,transcript-2026-03-19-1-10-AddTrackManagement,implementation,reviewed-segment,transcript-2026-03-19-1-10-AddTrackManagement:segment-007,278,1.0,1.0,False,True,reviewed-include,,,plan-34-v1,semantic match,7ecaa63f382b263182b4871500034b241deee2384bee10cc7db70b0bcdc4060b,
commit,9e1ce62bf296678be8aa16075285d1f9e0cb453c,transcript,transcript-2026-03-21-1-11-AddMultiPicturePerTrackSupport,work,reviewed-segment,transcript-2026-03-21-1-11-AddMultiPicturePerTrackSupport:segment-001,12,1.0,1.0,False,True,reviewed-include,,,plan-34-v1,semantic match,dec1bd8c8d77ef0fa3094cfce2a05624880cab94965a5a88c378107e0b3534b7,
commit,9e1ce62bf296678be8aa16075285d1f9e0cb453c,transcript,transcript-2026-03-21-1-11-AddMultiPicturePerTrackSupport,work,reviewed-segment,transcript-2026-03-21-1-11-AddMultiPicturePerTrackSupport:segment-002,92,1.0,1.0,False,True,reviewed-include,,,plan-34-v1,semantic match,dec1bd8c8d77ef0fa3094cfce2a05624880cab94965a5a88c378107e0b3534b7,
commit,9e1ce62bf296678be8aa16075285d1f9e0cb453c,transcript,transcript-2026-03-21-1-11-AddMultiPicturePerTrackSupport,work,reviewed-segment,transcript-2026-03-21-1-11-AddMultiPicturePerTrackSupport:segment-003,122,1.0,1.0,False,True,reviewed-include,,,plan-34-v1,semantic match,dec1bd8c8d77ef0fa3094cfce2a05624880cab94965a5a88c378107e0b3534b7,
commit,9e1ce62bf296678be8aa16075285d1f9e0cb453c,transcript,transcript-2026-03-21-1-11-AddMultiPicturePerTrackSupport,work,reviewed-segment,transcript-2026-03-21-1-11-AddMultiPicturePerTrackSupport:segment-004,142,1.0,1.0,False,True,reviewed-include,,,plan-34-v1,semantic match,dec1bd8c8d77ef0fa3094cfce2a05624880cab94965a5a88c378107e0b3534b7,
commit,9e1ce62bf296678be8aa16075285d1f9e0cb453c,transcript,transcript-2026-03-21-1-11-AddMultiPicturePerTrackSupport,work,reviewed-segment,transcript-2026-03-21-1-11-AddMultiPicturePerTrackSupport:segment-005,166,1.0,1.0,False,True,reviewed-include,,,plan-34-v1,semantic match,dec1bd8c8d77ef0fa3094cfce2a05624880cab94965a5a88c378107e0b3534b7,
commit,9e1ce62bf296678be8aa16075285d1f9e0cb453c,transcript,transcript-2026-03-21-1-11-AddMultiPicturePerTrackSupport,work,reviewed-segment,transcript-2026-03-21-1-11-AddMultiPicturePerTrackSupport:segment-006,184,1.0,1.0,False,True,reviewed-include,,,plan-34-v1,semantic match,dec1bd8c8d77ef0fa3094cfce2a05624880cab94965a5a88c378107e0b3534b7,
commit,9e1ce62bf296678be8aa16075285d1f9e0cb453c,transcript,transcript-2026-03-21-1-11-AddMultiPicturePerTrackSupport,work,reviewed-segment,transcript-2026-03-21-1-11-AddMultiPicturePerTrackSupport:segment-007,262,1.0,1.0,False,True,reviewed-include,,,plan-34-v1,semantic match,dec1bd8c8d77ef0fa3094cfce2a05624880cab94965a5a88c378107e0b3534b7,
commit,9e1ce62bf296678be8aa16075285d1f9e0cb453c,transcript,transcript-2026-03-21-1-11-AddMultiPicturePerTrackSupport,work,reviewed-segment,transcript-2026-03-21-1-11-AddMultiPicturePerTrackSupport:segment-008,326,1.0,1.0,False,True,reviewed-include,,,plan-34-v1,semantic match,dec1bd8c8d77ef0fa3094cfce2a05624880cab94965a5a88c378107e0b3534b7,
commit,9e1ce62bf296678be8aa16075285d1f9e0cb453c,transcript,transcript-2026-03-21-1-11-AddMultiPicturePerTrackSupport,work,reviewed-segment,transcript-2026-03-21-1-11-AddMultiPicturePerTrackSupport:segment-009,364,1.0,1.0,False,True,reviewed-include,,,plan-34-v1,semantic match,dec1bd8c8d77ef0fa3094cfce2a05624880cab94965a5a88c378107e0b3534b7,
commit,9e1ce62bf296678be8aa16075285d1f9e0cb453c,transcript,transcript-2026-03-21-1-11-AddMultiPicturePerTrackSupport,work,reviewed-segment,transcript-2026-03-21-1-11-AddMultiPicturePerTrackSupport:segment-010,396,1.0,1.0,False,True,reviewed-include,,,plan-34-v1,semantic match,dec1bd8c8d77ef0fa3094cfce2a05624880cab94965a5a88c378107e0b3534b7,
commit,9e1ce62bf296678be8aa16075285d1f9e0cb453c,transcript,transcript-2026-03-21-1-11-AddMultiPicturePerTrackSupport,work,reviewed-segment,transcript-2026-03-21-1-11-AddMultiPicturePerTrackSupport:segment-011,423,1.0,1.0,False,True,reviewed-include,,,plan-34-v1,semantic match,dec1bd8c8d77ef0fa3094cfce2a05624880cab94965a5a88c378107e0b3534b7,
commit,9e1ce62bf296678be8aa16075285d1f9e0cb453c,transcript,transcript-2026-03-21-1-11-AddMultiPicturePerTrackSupport,work,reviewed-segment,transcript-2026-03-21-1-11-AddMultiPicturePerTrackSupport:segment-012,458,1.0,1.0,False,True,reviewed-include,,,plan-34-v1,semantic match,dec1bd8c8d77ef0fa3094cfce2a05624880cab94965a5a88c378107e0b3534b7,
commit,9e1ce62bf296678be8aa16075285d1f9e0cb453c,transcript,transcript-2026-03-21-1-11-AddMultiPicturePerTrackSupport,work,reviewed-segment,transcript-2026-03-21-1-11-AddMultiPicturePerTrackSupport:segment-013,501,1.0,1.0,False,True,reviewed-include,,,plan-34-v1,semantic match,dec1bd8c8d77ef0fa3094cfce2a05624880cab94965a5a88c378107e0b3534b7,
plan,11,transcript,transcript-2026-03-21-1-11-AddMultiPicturePerTrackSupport,direct,reviewed-segment,transcript-2026-03-21-1-11-AddMultiPicturePerTrackSupport:segment-001,12,1.0,1.0,True,False,reviewed-include,,,plan-34-v1,semantic match,dec1bd8c8d77ef0fa3094cfce2a05624880cab94965a5a88c378107e0b3534b7,
plan,11,transcript,transcript-2026-03-21-1-11-AddMultiPicturePerTrackSupport,direct,reviewed-segment,transcript-2026-03-21-1-11-AddMultiPicturePerTrackSupport:segment-002,92,1.0,1.0,True,False,reviewed-include,,,plan-34-v1,semantic match,dec1bd8c8d77ef0fa3094cfce2a05624880cab94965a5a88c378107e0b3534b7,
plan,11,transcript,transcript-2026-03-21-1-11-AddMultiPicturePerTrackSupport,direct,reviewed-segment,transcript-2026-03-21-1-11-AddMultiPicturePerTrackSupport:segment-003,122,1.0,1.0,True,False,reviewed-include,,,plan-34-v1,semantic match,dec1bd8c8d77ef0fa3094cfce2a05624880cab94965a5a88c378107e0b3534b7,
plan,11,transcript,transcript-2026-03-21-1-11-AddMultiPicturePerTrackSupport,direct,reviewed-segment,transcript-2026-03-21-1-11-AddMultiPicturePerTrackSupport:segment-004,142,1.0,1.0,True,False,reviewed-include,,,plan-34-v1,semantic match,dec1bd8c8d77ef0fa3094cfce2a05624880cab94965a5a88c378107e0b3534b7,
plan,11,transcript,transcript-2026-03-21-1-11-AddMultiPicturePerTrackSupport,direct,reviewed-segment,transcript-2026-03-21-1-11-AddMultiPicturePerTrackSupport:segment-005,166,1.0,1.0,True,False,reviewed-include,,,plan-34-v1,semantic match,dec1bd8c8d77ef0fa3094cfce2a05624880cab94965a5a88c378107e0b3534b7,
plan,11,transcript,transcript-2026-03-21-1-11-AddMultiPicturePerTrackSupport,implementation,reviewed-segment,transcript-2026-03-21-1-11-AddMultiPicturePerTrackSupport:segment-006,184,1.0,1.0,False,True,reviewed-include,,,plan-34-v1,semantic match,dec1bd8c8d77ef0fa3094cfce2a05624880cab94965a5a88c378107e0b3534b7,
plan,11,transcript,transcript-2026-03-21-1-11-AddMultiPicturePerTrackSupport,implementation,reviewed-segment,transcript-2026-03-21-1-11-AddMultiPicturePerTrackSupport:segment-007,262,1.0,1.0,False,True,reviewed-include,,,plan-34-v1,semantic match,dec1bd8c8d77ef0fa3094cfce2a05624880cab94965a5a88c378107e0b3534b7,
plan,11,transcript,transcript-2026-03-21-1-11-AddMultiPicturePerTrackSupport,implementation,reviewed-segment,transcript-2026-03-21-1-11-AddMultiPicturePerTrackSupport:segment-008,326,1.0,1.0,False,True,reviewed-include,,,plan-34-v1,semantic match,dec1bd8c8d77ef0fa3094cfce2a05624880cab94965a5a88c378107e0b3534b7,
plan,11,transcript,transcript-2026-03-21-1-11-AddMultiPicturePerTrackSupport,implementation,reviewed-segment,transcript-2026-03-21-1-11-AddMultiPicturePerTrackSupport:segment-009,364,1.0,1.0,False,True,reviewed-include,,,plan-34-v1,semantic match,dec1bd8c8d77ef0fa3094cfce2a05624880cab94965a5a88c378107e0b3534b7,
plan,11,transcript,transcript-2026-03-21-1-11-AddMultiPicturePerTrackSupport,implementation,reviewed-segment,transcript-2026-03-21-1-11-AddMultiPicturePerTrackSupport:segment-010,396,1.0,1.0,False,True,reviewed-include,,,plan-34-v1,semantic match,dec1bd8c8d77ef0fa3094cfce2a05624880cab94965a5a88c378107e0b3534b7,
plan,11,transcript,transcript-2026-03-21-1-11-AddMultiPicturePerTrackSupport,implementation,reviewed-segment,transcript-2026-03-21-1-11-AddMultiPicturePerTrackSupport:segment-011,423,1.0,1.0,False,True,reviewed-include,,,plan-34-v1,semantic match,dec1bd8c8d77ef0fa3094cfce2a05624880cab94965a5a88c378107e0b3534b7,
plan,11,transcript,transcript-2026-03-21-1-11-AddMultiPicturePerTrackSupport,implementation,reviewed-segment,transcript-2026-03-21-1-11-AddMultiPicturePerTrackSupport:segment-012,458,1.0,1.0,False,True,reviewed-include,,,plan-34-v1,semantic match,dec1bd8c8d77ef0fa3094cfce2a05624880cab94965a5a88c378107e0b3534b7,
plan,11,transcript,transcript-2026-03-21-1-11-AddMultiPicturePerTrackSupport,implementation,reviewed-segment,transcript-2026-03-21-1-11-AddMultiPicturePerTrackSupport:segment-013,501,1.0,1.0,False,True,reviewed-include,,,plan-34-v1,semantic match,dec1bd8c8d77ef0fa3094cfce2a05624880cab94965a5a88c378107e0b3534b7,
commit,9e1ce62bf296678be8aa16075285d1f9e0cb453c,transcript,transcript-2026-03-22-1-11-AddMultiPicturePerTrackSupport,work,reviewed-segment,transcript-2026-03-22-1-11-AddMultiPicturePerTrackSupport:segment-001,12,1.0,1.0,False,True,reviewed-include,,,plan-34-v1,semantic match,4d684f517e44f626e35ac3d27b0571402d04069e928ef46d27199039f2138a8d,
commit,9e1ce62bf296678be8aa16075285d1f9e0cb453c,transcript,transcript-2026-03-22-1-11-AddMultiPicturePerTrackSupport,work,reviewed-segment,transcript-2026-03-22-1-11-AddMultiPicturePerTrackSupport:segment-002,49,1.0,1.0,False,True,reviewed-include,,,plan-34-v1,semantic match,4d684f517e44f626e35ac3d27b0571402d04069e928ef46d27199039f2138a8d,
commit,9e1ce62bf296678be8aa16075285d1f9e0cb453c,transcript,transcript-2026-03-22-1-11-AddMultiPicturePerTrackSupport,work,reviewed-segment,transcript-2026-03-22-1-11-AddMultiPicturePerTrackSupport:segment-003,68,1.0,1.0,False,True,reviewed-include,,,plan-34-v1,semantic match,4d684f517e44f626e35ac3d27b0571402d04069e928ef46d27199039f2138a8d,
commit,9e1ce62bf296678be8aa16075285d1f9e0cb453c,transcript,transcript-2026-03-22-1-11-AddMultiPicturePerTrackSupport,work,reviewed-segment,transcript-2026-03-22-1-11-AddMultiPicturePerTrackSupport:segment-004,100,1.0,1.0,False,True,reviewed-include,,,plan-34-v1,semantic match,4d684f517e44f626e35ac3d27b0571402d04069e928ef46d27199039f2138a8d,
commit,9e1ce62bf296678be8aa16075285d1f9e0cb453c,transcript,transcript-2026-03-22-1-11-AddMultiPicturePerTrackSupport,work,reviewed-segment,transcript-2026-03-22-1-11-AddMultiPicturePerTrackSupport:segment-005,120,1.0,1.0,False,True,reviewed-include,,,plan-34-v1,semantic match,4d684f517e44f626e35ac3d27b0571402d04069e928ef46d27199039f2138a8d,
commit,9e1ce62bf296678be8aa16075285d1f9e0cb453c,transcript,transcript-2026-03-22-1-11-AddMultiPicturePerTrackSupport,work,reviewed-segment,transcript-2026-03-22-1-11-AddMultiPicturePerTrackSupport:segment-006,166,1.0,1.0,False,True,reviewed-include,,,plan-34-v1,semantic match,4d684f517e44f626e35ac3d27b0571402d04069e928ef46d27199039f2138a8d,
commit,9e1ce62bf296678be8aa16075285d1f9e0cb453c,transcript,transcript-2026-03-22-1-11-AddMultiPicturePerTrackSupport,work,reviewed-segment,transcript-2026-03-22-1-11-AddMultiPicturePerTrackSupport:segment-007,191,1.0,1.0,False,True,reviewed-include,,,plan-34-v1,semantic match,4d684f517e44f626e35ac3d27b0571402d04069e928ef46d27199039f2138a8d,
commit,9e1ce62bf296678be8aa16075285d1f9e0cb453c,transcript,transcript-2026-03-22-1-11-AddMultiPicturePerTrackSupport,work,reviewed-segment,transcript-2026-03-22-1-11-AddMultiPicturePerTrackSupport:segment-008,225,1.0,1.0,False,True,reviewed-include,,,plan-34-v1,semantic match,4d684f517e44f626e35ac3d27b0571402d04069e928ef46d27199039f2138a8d,
commit,9e1ce62bf296678be8aa16075285d1f9e0cb453c,transcript,transcript-2026-03-22-1-11-AddMultiPicturePerTrackSupport,work,reviewed-segment,transcript-2026-03-22-1-11-AddMultiPicturePerTrackSupport:segment-009,251,1.0,1.0,False,True,reviewed-include,,,plan-34-v1,semantic match,4d684f517e44f626e35ac3d27b0571402d04069e928ef46d27199039f2138a8d,
commit,9e1ce62bf296678be8aa16075285d1f9e0cb453c,transcript,transcript-2026-03-22-1-11-AddMultiPicturePerTrackSupport,work,reviewed-segment,transcript-2026-03-22-1-11-AddMultiPicturePerTrackSupport:segment-010,298,1.0,1.0,False,True,reviewed-include,,,plan-34-v1,semantic match,4d684f517e44f626e35ac3d27b0571402d04069e928ef46d27199039f2138a8d,
commit,9e1ce62bf296678be8aa16075285d1f9e0cb453c,transcript,transcript-2026-03-22-1-11-AddMultiPicturePerTrackSupport,work,reviewed-segment,transcript-2026-03-22-1-11-AddMultiPicturePerTrackSupport:segment-011,329,1.0,1.0,False,True,reviewed-include,,,plan-34-v1,semantic match,4d684f517e44f626e35ac3d27b0571402d04069e928ef46d27199039f2138a8d,
commit,9e1ce62bf296678be8aa16075285d1f9e0cb453c,transcript,transcript-2026-03-22-1-11-AddMultiPicturePerTrackSupport,work,reviewed-segment,transcript-2026-03-22-1-11-AddMultiPicturePerTrackSupport:segment-012,351,1.0,1.0,False,True,reviewed-include,,,plan-34-v1,semantic match,4d684f517e44f626e35ac3d27b0571402d04069e928ef46d27199039f2138a8d,
plan,11,transcript,transcript-2026-03-22-1-11-AddMultiPicturePerTrackSupport,implementation,reviewed-segment,transcript-2026-03-22-1-11-AddMultiPicturePerTrackSupport:segment-001,12,1.0,1.0,False,True,reviewed-include,,,plan-34-v1,semantic match,4d684f517e44f626e35ac3d27b0571402d04069e928ef46d27199039f2138a8d,
plan,11,transcript,transcript-2026-03-22-1-11-AddMultiPicturePerTrackSupport,implementation,reviewed-segment,transcript-2026-03-22-1-11-AddMultiPicturePerTrackSupport:segment-002,49,1.0,1.0,False,True,reviewed-include,,,plan-34-v1,semantic match,4d684f517e44f626e35ac3d27b0571402d04069e928ef46d27199039f2138a8d,
plan,11,transcript,transcript-2026-03-22-1-11-AddMultiPicturePerTrackSupport,implementation,reviewed-segment,transcript-2026-03-22-1-11-AddMultiPicturePerTrackSupport:segment-003,68,1.0,1.0,False,True,reviewed-include,,,plan-34-v1,semantic match,4d684f517e44f626e35ac3d27b0571402d04069e928ef46d27199039f2138a8d,
plan,11,transcript,transcript-2026-03-22-1-11-AddMultiPicturePerTrackSupport,implementation,reviewed-segment,transcript-2026-03-22-1-11-AddMultiPicturePerTrackSupport:segment-004,100,1.0,1.0,False,True,reviewed-include,,,plan-34-v1,semantic match,4d684f517e44f626e35ac3d27b0571402d04069e928ef46d27199039f2138a8d,
plan,11,transcript,transcript-2026-03-22-1-11-AddMultiPicturePerTrackSupport,direct,reviewed-segment,transcript-2026-03-22-1-11-AddMultiPicturePerTrackSupport:segment-005,120,1.0,1.0,True,False,reviewed-include,,,plan-34-v1,semantic match,4d684f517e44f626e35ac3d27b0571402d04069e928ef46d27199039f2138a8d,
plan,11,transcript,transcript-2026-03-22-1-11-AddMultiPicturePerTrackSupport,direct,reviewed-segment,transcript-2026-03-22-1-11-AddMultiPicturePerTrackSupport:segment-006,166,1.0,1.0,True,False,reviewed-include,,,plan-34-v1,semantic match,4d684f517e44f626e35ac3d27b0571402d04069e928ef46d27199039f2138a8d,
plan,11,transcript,transcript-2026-03-22-1-11-AddMultiPicturePerTrackSupport,implementation,reviewed-segment,transcript-2026-03-22-1-11-AddMultiPicturePerTrackSupport:segment-007,191,1.0,1.0,False,True,reviewed-include,,,plan-34-v1,semantic match,4d684f517e44f626e35ac3d27b0571402d04069e928ef46d27199039f2138a8d,
plan,11,transcript,transcript-2026-03-22-1-11-AddMultiPicturePerTrackSupport,implementation,reviewed-segment,transcript-2026-03-22-1-11-AddMultiPicturePerTrackSupport:segment-008,225,1.0,1.0,False,True,reviewed-include,,,plan-34-v1,semantic match,4d684f517e44f626e35ac3d27b0571402d04069e928ef46d27199039f2138a8d,
plan,11,transcript,transcript-2026-03-22-1-11-AddMultiPicturePerTrackSupport,implementation,reviewed-segment,transcript-2026-03-22-1-11-AddMultiPicturePerTrackSupport:segment-009,251,1.0,1.0,False,True,reviewed-include,,,plan-34-v1,semantic match,4d684f517e44f626e35ac3d27b0571402d04069e928ef46d27199039f2138a8d,
plan,11,transcript,transcript-2026-03-22-1-11-AddMultiPicturePerTrackSupport,implementation,reviewed-segment,transcript-2026-03-22-1-11-AddMultiPicturePerTrackSupport:segment-010,298,1.0,1.0,False,True,reviewed-include,,,plan-34-v1,semantic match,4d684f517e44f626e35ac3d27b0571402d04069e928ef46d27199039f2138a8d,
plan,11,transcript,transcript-2026-03-22-1-11-AddMultiPicturePerTrackSupport,direct,reviewed-segment,transcript-2026-03-22-1-11-AddMultiPicturePerTrackSupport:segment-011,329,1.0,1.0,True,False,reviewed-include,,,plan-34-v1,semantic match,4d684f517e44f626e35ac3d27b0571402d04069e928ef46d27199039f2138a8d,
plan,11,transcript,transcript-2026-03-22-1-11-AddMultiPicturePerTrackSupport,implementation,reviewed-segment,transcript-2026-03-22-1-11-AddMultiPicturePerTrackSupport:segment-012,351,1.0,1.0,False,True,reviewed-include,,,plan-34-v1,semantic match,4d684f517e44f626e35ac3d27b0571402d04069e928ef46d27199039f2138a8d,
commit,1e4ea8e60ed212c41a1f3f43a972ccad5855a07a,transcript,transcript-2026-03-23-1-11-AddMultiPicturePerTrackSupport,work,reviewed-segment,transcript-2026-03-23-1-11-AddMultiPicturePerTrackSupport:segment-001,12,1.0,1.0,False,True,reviewed-include,,,plan-34-v1,semantic match,1231b545f6e9d46efd8dfdba0bea89df5c23e0d51aaaf5b2e7ecc04a83850d1c,
commit,1e4ea8e60ed212c41a1f3f43a972ccad5855a07a,transcript,transcript-2026-03-23-1-11-AddMultiPicturePerTrackSupport,work,reviewed-segment,transcript-2026-03-23-1-11-AddMultiPicturePerTrackSupport:segment-002,49,1.0,1.0,False,True,reviewed-include,,,plan-34-v1,semantic match,1231b545f6e9d46efd8dfdba0bea89df5c23e0d51aaaf5b2e7ecc04a83850d1c,
commit,1e4ea8e60ed212c41a1f3f43a972ccad5855a07a,transcript,transcript-2026-03-23-1-11-AddMultiPicturePerTrackSupport,work,reviewed-segment,transcript-2026-03-23-1-11-AddMultiPicturePerTrackSupport:segment-003,65,1.0,1.0,False,True,reviewed-include,,,plan-34-v1,semantic match,1231b545f6e9d46efd8dfdba0bea89df5c23e0d51aaaf5b2e7ecc04a83850d1c,
commit,1e4ea8e60ed212c41a1f3f43a972ccad5855a07a,transcript,transcript-2026-03-23-1-11-AddMultiPicturePerTrackSupport,work,reviewed-segment,transcript-2026-03-23-1-11-AddMultiPicturePerTrackSupport:segment-004,99,1.0,1.0,False,True,reviewed-include,,,plan-34-v1,semantic match,1231b545f6e9d46efd8dfdba0bea89df5c23e0d51aaaf5b2e7ecc04a83850d1c,
commit,1e4ea8e60ed212c41a1f3f43a972ccad5855a07a,transcript,transcript-2026-03-23-1-11-AddMultiPicturePerTrackSupport,work,reviewed-segment,transcript-2026-03-23-1-11-AddMultiPicturePerTrackSupport:segment-005,148,1.0,1.0,False,True,reviewed-include,,,plan-34-v1,semantic match,1231b545f6e9d46efd8dfdba0bea89df5c23e0d51aaaf5b2e7ecc04a83850d1c,
commit,1e4ea8e60ed212c41a1f3f43a972ccad5855a07a,transcript,transcript-2026-03-23-1-11-AddMultiPicturePerTrackSupport,work,reviewed-segment,transcript-2026-03-23-1-11-AddMultiPicturePerTrackSupport:segment-006,178,1.0,1.0,False,True,reviewed-include,,,plan-34-v1,semantic match,1231b545f6e9d46efd8dfdba0bea89df5c23e0d51aaaf5b2e7ecc04a83850d1c,
commit,1e4ea8e60ed212c41a1f3f43a972ccad5855a07a,transcript,transcript-2026-03-23-1-11-AddMultiPicturePerTrackSupport,work,reviewed-segment,transcript-2026-03-23-1-11-AddMultiPicturePerTrackSupport:segment-007,208,1.0,1.0,False,True,reviewed-include,,,plan-34-v1,semantic match,1231b545f6e9d46efd8dfdba0bea89df5c23e0d51aaaf5b2e7ecc04a83850d1c,
commit,1e4ea8e60ed212c41a1f3f43a972ccad5855a07a,transcript,transcript-2026-03-23-1-11-AddMultiPicturePerTrackSupport,work,reviewed-segment,transcript-2026-03-23-1-11-AddMultiPicturePerTrackSupport:segment-008,248,1.0,1.0,False,True,reviewed-include,,,plan-34-v1,semantic match,1231b545f6e9d46efd8dfdba0bea89df5c23e0d51aaaf5b2e7ecc04a83850d1c,
commit,68e340f508e0f0f5b0ac2fbbcae259abf6155b6e,transcript,transcript-2026-03-23-1-11-AddMultiPicturePerTrackSupport,work,reviewed-segment,transcript-2026-03-23-1-11-AddMultiPicturePerTrackSupport:segment-011,352,1.0,1.0,False,True,reviewed-include,,,plan-34-v1,semantic match,1231b545f6e9d46efd8dfdba0bea89df5c23e0d51aaaf5b2e7ecc04a83850d1c,
commit,68e340f508e0f0f5b0ac2fbbcae259abf6155b6e,transcript,transcript-2026-03-23-1-11-AddMultiPicturePerTrackSupport,work,reviewed-segment,transcript-2026-03-23-1-11-AddMultiPicturePerTrackSupport:segment-012,387,1.0,1.0,False,True,reviewed-include,,,plan-34-v1,semantic match,1231b545f6e9d46efd8dfdba0bea89df5c23e0d51aaaf5b2e7ecc04a83850d1c,
commit,68e340f508e0f0f5b0ac2fbbcae259abf6155b6e,transcript,transcript-2026-03-23-1-11-AddMultiPicturePerTrackSupport,work,reviewed-segment,transcript-2026-03-23-1-11-AddMultiPicturePerTrackSupport:segment-013,410,1.0,1.0,False,True,reviewed-include,,,plan-34-v1,semantic match,1231b545f6e9d46efd8dfdba0bea89df5c23e0d51aaaf5b2e7ecc04a83850d1c,
commit,68e340f508e0f0f5b0ac2fbbcae259abf6155b6e,transcript,transcript-2026-03-23-1-11-AddMultiPicturePerTrackSupport,work,reviewed-segment,transcript-2026-03-23-1-11-AddMultiPicturePerTrackSupport:segment-014,426,1.0,1.0,False,True,reviewed-include,,,plan-34-v1,semantic match,1231b545f6e9d46efd8dfdba0bea89df5c23e0d51aaaf5b2e7ecc04a83850d1c,
commit,68e340f508e0f0f5b0ac2fbbcae259abf6155b6e,transcript,transcript-2026-03-23-1-11-AddMultiPicturePerTrackSupport,work,reviewed-segment,transcript-2026-03-23-1-11-AddMultiPicturePerTrackSupport:segment-015,461,1.0,1.0,False,True,reviewed-include,,,plan-34-v1,semantic match,1231b545f6e9d46efd8dfdba0bea89df5c23e0d51aaaf5b2e7ecc04a83850d1c,
commit,68e340f508e0f0f5b0ac2fbbcae259abf6155b6e,transcript,transcript-2026-03-23-1-11-AddMultiPicturePerTrackSupport,work,reviewed-segment,transcript-2026-03-23-1-11-AddMultiPicturePerTrackSupport:segment-016,489,1.0,1.0,False,True,reviewed-include,,,plan-34-v1,semantic match,1231b545f6e9d46efd8dfdba0bea89df5c23e0d51aaaf5b2e7ecc04a83850d1c,
commit,68e340f508e0f0f5b0ac2fbbcae259abf6155b6e,transcript,transcript-2026-03-23-1-11-AddMultiPicturePerTrackSupport,work,reviewed-segment,transcript-2026-03-23-1-11-AddMultiPicturePerTrackSupport:segment-017,519,1.0,1.0,False,True,reviewed-include,,,plan-34-v1,semantic match,1231b545f6e9d46efd8dfdba0bea89df5c23e0d51aaaf5b2e7ecc04a83850d1c,
commit,68e340f508e0f0f5b0ac2fbbcae259abf6155b6e,transcript,transcript-2026-03-23-1-11-AddMultiPicturePerTrackSupport,work,reviewed-segment,transcript-2026-03-23-1-11-AddMultiPicturePerTrackSupport:segment-018,547,1.0,1.0,False,True,reviewed-include,,,plan-34-v1,semantic match,1231b545f6e9d46efd8dfdba0bea89df5c23e0d51aaaf5b2e7ecc04a83850d1c,
commit,68e340f508e0f0f5b0ac2fbbcae259abf6155b6e,transcript,transcript-2026-03-23-1-11-AddMultiPicturePerTrackSupport,work,reviewed-segment,transcript-2026-03-23-1-11-AddMultiPicturePerTrackSupport:segment-019,587,1.0,1.0,False,True,reviewed-include,,,plan-34-v1,semantic match,1231b545f6e9d46efd8dfdba0bea89df5c23e0d51aaaf5b2e7ecc04a83850d1c,
plan,11,transcript,transcript-2026-03-23-1-11-AddMultiPicturePerTrackSupport,implementation,reviewed-segment,transcript-2026-03-23-1-11-AddMultiPicturePerTrackSupport:segment-001,12,1.0,1.0,False,True,reviewed-include,,,plan-34-v1,semantic match,1231b545f6e9d46efd8dfdba0bea89df5c23e0d51aaaf5b2e7ecc04a83850d1c,
plan,11,transcript,transcript-2026-03-23-1-11-AddMultiPicturePerTrackSupport,implementation,reviewed-segment,transcript-2026-03-23-1-11-AddMultiPicturePerTrackSupport:segment-002,49,1.0,1.0,False,True,reviewed-include,,,plan-34-v1,semantic match,1231b545f6e9d46efd8dfdba0bea89df5c23e0d51aaaf5b2e7ecc04a83850d1c,
plan,11,transcript,transcript-2026-03-23-1-11-AddMultiPicturePerTrackSupport,implementation,reviewed-segment,transcript-2026-03-23-1-11-AddMultiPicturePerTrackSupport:segment-003,65,1.0,1.0,False,True,reviewed-include,,,plan-34-v1,semantic match,1231b545f6e9d46efd8dfdba0bea89df5c23e0d51aaaf5b2e7ecc04a83850d1c,
plan,11,transcript,transcript-2026-03-23-1-11-AddMultiPicturePerTrackSupport,implementation,reviewed-segment,transcript-2026-03-23-1-11-AddMultiPicturePerTrackSupport:segment-004,99,1.0,1.0,False,True,reviewed-include,,,plan-34-v1,semantic match,1231b545f6e9d46efd8dfdba0bea89df5c23e0d51aaaf5b2e7ecc04a83850d1c,
plan,11,transcript,transcript-2026-03-23-1-11-AddMultiPicturePerTrackSupport,implementation,reviewed-segment,transcript-2026-03-23-1-11-AddMultiPicturePerTrackSupport:segment-005,148,1.0,1.0,False,True,reviewed-include,,,plan-34-v1,semantic match,1231b545f6e9d46efd8dfdba0bea89df5c23e0d51aaaf5b2e7ecc04a83850d1c,
plan,11,transcript,transcript-2026-03-23-1-11-AddMultiPicturePerTrackSupport,implementation,reviewed-segment,transcript-2026-03-23-1-11-AddMultiPicturePerTrackSupport:segment-006,178,1.0,1.0,False,True,reviewed-include,,,plan-34-v1,semantic match,1231b545f6e9d46efd8dfdba0bea89df5c23e0d51aaaf5b2e7ecc04a83850d1c,
plan,11,transcript,transcript-2026-03-23-1-11-AddMultiPicturePerTrackSupport,implementation,reviewed-segment,transcript-2026-03-23-1-11-AddMultiPicturePerTrackSupport:segment-007,208,1.0,1.0,False,True,reviewed-include,,,plan-34-v1,semantic match,1231b545f6e9d46efd8dfdba0bea89df5c23e0d51aaaf5b2e7ecc04a83850d1c,
plan,11,transcript,transcript-2026-03-23-1-11-AddMultiPicturePerTrackSupport,implementation,reviewed-segment,transcript-2026-03-23-1-11-AddMultiPicturePerTrackSupport:segment-008,248,1.0,1.0,False,True,reviewed-include,,,plan-34-v1,semantic match,1231b545f6e9d46efd8dfdba0bea89df5c23e0d51aaaf5b2e7ecc04a83850d1c,
plan,11,transcript,transcript-2026-03-23-1-11-AddMultiPicturePerTrackSupport,implementation,reviewed-segment,transcript-2026-03-23-1-11-AddMultiPicturePerTrackSupport:segment-009,273,1.0,1.0,False,True,reviewed-include,,,plan-34-v1,semantic match,1231b545f6e9d46efd8dfdba0bea89df5c23e0d51aaaf5b2e7ecc04a83850d1c,
plan,11,transcript,transcript-2026-03-23-1-11-AddMultiPicturePerTrackSupport,implementation,reviewed-segment,transcript-2026-03-23-1-11-AddMultiPicturePerTrackSupport:segment-010,302,1.0,1.0,False,True,reviewed-include,,,plan-34-v1,semantic match,1231b545f6e9d46efd8dfdba0bea89df5c23e0d51aaaf5b2e7ecc04a83850d1c,
plan,11,transcript,transcript-2026-03-23-1-11-AddMultiPicturePerTrackSupport,direct,reviewed-segment,transcript-2026-03-23-1-11-AddMultiPicturePerTrackSupport:segment-011,352,1.0,1.0,True,False,reviewed-include,,,plan-34-v1,semantic match,1231b545f6e9d46efd8dfdba0bea89df5c23e0d51aaaf5b2e7ecc04a83850d1c,
plan,11,transcript,transcript-2026-03-23-1-11-AddMultiPicturePerTrackSupport,direct,reviewed-segment,transcript-2026-03-23-1-11-AddMultiPicturePerTrackSupport:segment-012,387,1.0,1.0,True,False,reviewed-include,,,plan-34-v1,semantic match,1231b545f6e9d46efd8dfdba0bea89df5c23e0d51aaaf5b2e7ecc04a83850d1c,
plan,11,transcript,transcript-2026-03-23-1-11-AddMultiPicturePerTrackSupport,direct,reviewed-segment,transcript-2026-03-23-1-11-AddMultiPicturePerTrackSupport:segment-013,410,1.0,1.0,True,False,reviewed-include,,,plan-34-v1,semantic match,1231b545f6e9d46efd8dfdba0bea89df5c23e0d51aaaf5b2e7ecc04a83850d1c,
plan,11,transcript,transcript-2026-03-23-1-11-AddMultiPicturePerTrackSupport,implementation,reviewed-segment,transcript-2026-03-23-1-11-AddMultiPicturePerTrackSupport:segment-014,426,1.0,1.0,False,True,reviewed-include,,,plan-34-v1,semantic match,1231b545f6e9d46efd8dfdba0bea89df5c23e0d51aaaf5b2e7ecc04a83850d1c,
plan,11,transcript,transcript-2026-03-23-1-11-AddMultiPicturePerTrackSupport,implementation,reviewed-segment,transcript-2026-03-23-1-11-AddMultiPicturePerTrackSupport:segment-015,461,1.0,1.0,False,True,reviewed-include,,,plan-34-v1,semantic match,1231b545f6e9d46efd8dfdba0bea89df5c23e0d51aaaf5b2e7ecc04a83850d1c,
plan,11,transcript,transcript-2026-03-23-1-11-AddMultiPicturePerTrackSupport,implementation,reviewed-segment,transcript-2026-03-23-1-11-AddMultiPicturePerTrackSupport:segment-016,489,1.0,1.0,False,True,reviewed-include,,,plan-34-v1,semantic match,1231b545f6e9d46efd8dfdba0bea89df5c23e0d51aaaf5b2e7ecc04a83850d1c,
plan,11,transcript,transcript-2026-03-23-1-11-AddMultiPicturePerTrackSupport,implementation,reviewed-segment,transcript-2026-03-23-1-11-AddMultiPicturePerTrackSupport:segment-017,519,1.0,1.0,False,True,reviewed-include,,,plan-34-v1,semantic match,1231b545f6e9d46efd8dfdba0bea89df5c23e0d51aaaf5b2e7ecc04a83850d1c,
plan,11,transcript,transcript-2026-03-23-1-11-AddMultiPicturePerTrackSupport,implementation,reviewed-segment,transcript-2026-03-23-1-11-AddMultiPicturePerTrackSupport:segment-018,547,1.0,1.0,False,True,reviewed-include,,,plan-34-v1,semantic match,1231b545f6e9d46efd8dfdba0bea89df5c23e0d51aaaf5b2e7ecc04a83850d1c,
plan,11,transcript,transcript-2026-03-23-1-11-AddMultiPicturePerTrackSupport,implementation,reviewed-segment,transcript-2026-03-23-1-11-AddMultiPicturePerTrackSupport:segment-019,587,1.0,1.0,False,True,reviewed-include,,,plan-34-v1,semantic match,1231b545f6e9d46efd8dfdba0bea89df5c23e0d51aaaf5b2e7ecc04a83850d1c,
commit,b4593bad7a73d4737a89fa81f52b0a0c853f2bce,transcript,transcript-2026-03-24-1-11-AddMultiPicturePerTrackSupport,work,reviewed-segment,transcript-2026-03-24-1-11-AddMultiPicturePerTrackSupport:segment-001,12,1.0,1.0,False,True,reviewed-include,,,plan-34-v1,semantic match,7a79a7ccd4fd109baa2b3a24af1939f5a19e03760aaa7e93cffe10231e9f9b3b,
commit,b4593bad7a73d4737a89fa81f52b0a0c853f2bce,transcript,transcript-2026-03-24-1-11-AddMultiPicturePerTrackSupport,work,reviewed-segment,transcript-2026-03-24-1-11-AddMultiPicturePerTrackSupport:segment-002,51,1.0,1.0,False,True,reviewed-include,,,plan-34-v1,semantic match,7a79a7ccd4fd109baa2b3a24af1939f5a19e03760aaa7e93cffe10231e9f9b3b,
commit,b4593bad7a73d4737a89fa81f52b0a0c853f2bce,transcript,transcript-2026-03-24-1-11-AddMultiPicturePerTrackSupport,work,reviewed-segment,transcript-2026-03-24-1-11-AddMultiPicturePerTrackSupport:segment-003,71,1.0,1.0,False,True,reviewed-include,,,plan-34-v1,semantic match,7a79a7ccd4fd109baa2b3a24af1939f5a19e03760aaa7e93cffe10231e9f9b3b,
commit,b4593bad7a73d4737a89fa81f52b0a0c853f2bce,transcript,transcript-2026-03-24-1-11-AddMultiPicturePerTrackSupport,work,reviewed-segment,transcript-2026-03-24-1-11-AddMultiPicturePerTrackSupport:segment-004,119,1.0,1.0,False,True,reviewed-include,,,plan-34-v1,semantic match,7a79a7ccd4fd109baa2b3a24af1939f5a19e03760aaa7e93cffe10231e9f9b3b,
commit,b4593bad7a73d4737a89fa81f52b0a0c853f2bce,transcript,transcript-2026-03-24-1-11-AddMultiPicturePerTrackSupport,work,reviewed-segment,transcript-2026-03-24-1-11-AddMultiPicturePerTrackSupport:segment-005,141,1.0,1.0,False,True,reviewed-include,,,plan-34-v1,semantic match,7a79a7ccd4fd109baa2b3a24af1939f5a19e03760aaa7e93cffe10231e9f9b3b,
commit,b4593bad7a73d4737a89fa81f52b0a0c853f2bce,transcript,transcript-2026-03-24-1-11-AddMultiPicturePerTrackSupport,work,reviewed-segment,transcript-2026-03-24-1-11-AddMultiPicturePerTrackSupport:segment-006,163,1.0,1.0,False,True,reviewed-include,,,plan-34-v1,semantic match,7a79a7ccd4fd109baa2b3a24af1939f5a19e03760aaa7e93cffe10231e9f9b3b,
plan,11,transcript,transcript-2026-03-24-1-11-AddMultiPicturePerTrackSupport,direct,reviewed-segment,transcript-2026-03-24-1-11-AddMultiPicturePerTrackSupport:segment-001,12,1.0,1.0,True,False,reviewed-include,,,plan-34-v1,semantic match,7a79a7ccd4fd109baa2b3a24af1939f5a19e03760aaa7e93cffe10231e9f9b3b,
plan,11,transcript,transcript-2026-03-24-1-11-AddMultiPicturePerTrackSupport,direct,reviewed-segment,transcript-2026-03-24-1-11-AddMultiPicturePerTrackSupport:segment-002,51,1.0,1.0,True,False,reviewed-include,,,plan-34-v1,semantic match,7a79a7ccd4fd109baa2b3a24af1939f5a19e03760aaa7e93cffe10231e9f9b3b,
plan,11,transcript,transcript-2026-03-24-1-11-AddMultiPicturePerTrackSupport,implementation,reviewed-segment,transcript-2026-03-24-1-11-AddMultiPicturePerTrackSupport:segment-003,71,1.0,1.0,False,True,reviewed-include,,,plan-34-v1,semantic match,7a79a7ccd4fd109baa2b3a24af1939f5a19e03760aaa7e93cffe10231e9f9b3b,
plan,11,transcript,transcript-2026-03-24-1-11-AddMultiPicturePerTrackSupport,direct,reviewed-segment,transcript-2026-03-24-1-11-AddMultiPicturePerTrackSupport:segment-004,119,1.0,1.0,True,False,reviewed-include,,,plan-34-v1,semantic match,7a79a7ccd4fd109baa2b3a24af1939f5a19e03760aaa7e93cffe10231e9f9b3b,
plan,11,transcript,transcript-2026-03-24-1-11-AddMultiPicturePerTrackSupport,direct,reviewed-segment,transcript-2026-03-24-1-11-AddMultiPicturePerTrackSupport:segment-005,141,1.0,1.0,True,False,reviewed-include,,,plan-34-v1,semantic match,7a79a7ccd4fd109baa2b3a24af1939f5a19e03760aaa7e93cffe10231e9f9b3b,
plan,11,transcript,transcript-2026-03-24-1-11-AddMultiPicturePerTrackSupport,implementation,reviewed-segment,transcript-2026-03-24-1-11-AddMultiPicturePerTrackSupport:segment-006,163,1.0,1.0,False,True,reviewed-include,,,plan-34-v1,semantic match,7a79a7ccd4fd109baa2b3a24af1939f5a19e03760aaa7e93cffe10231e9f9b3b,
commit,f36a117c021f535e956e2d1722625465cd66b2f3,transcript,transcript-2026-03-26-1-11-AddMultiPicturePerTrackSupport,work,reviewed-segment,transcript-2026-03-26-1-11-AddMultiPicturePerTrackSupport:segment-001,12,1.0,1.0,False,True,reviewed-include,,,plan-34-v1,semantic match,079432da1a3e4dcf7e871e76d7a4b2562b53e9245061a84951e8105e60db3396,
commit,2c3898c5b9fee3c3eefa3367c3219b2f4dbd2974,transcript,transcript-2026-03-26-1-11-AddMultiPicturePerTrackSupport,work,reviewed-segment,transcript-2026-03-26-1-11-AddMultiPicturePerTrackSupport:segment-002,40,1.0,1.0,False,True,reviewed-include,,,plan-34-v1,semantic match,079432da1a3e4dcf7e871e76d7a4b2562b53e9245061a84951e8105e60db3396,
commit,2c3898c5b9fee3c3eefa3367c3219b2f4dbd2974,transcript,transcript-2026-03-26-1-11-AddMultiPicturePerTrackSupport,work,reviewed-segment,transcript-2026-03-26-1-11-AddMultiPicturePerTrackSupport:segment-003,68,1.0,1.0,False,True,reviewed-include,,,plan-34-v1,semantic match,079432da1a3e4dcf7e871e76d7a4b2562b53e9245061a84951e8105e60db3396,
commit,2c3898c5b9fee3c3eefa3367c3219b2f4dbd2974,transcript,transcript-2026-03-26-1-11-AddMultiPicturePerTrackSupport,work,reviewed-segment,transcript-2026-03-26-1-11-AddMultiPicturePerTrackSupport:segment-004,99,1.0,1.0,False,True,reviewed-include,,,plan-34-v1,semantic match,079432da1a3e4dcf7e871e76d7a4b2562b53e9245061a84951e8105e60db3396,
commit,2c3898c5b9fee3c3eefa3367c3219b2f4dbd2974,transcript,transcript-2026-03-26-1-11-AddMultiPicturePerTrackSupport,work,reviewed-segment,transcript-2026-03-26-1-11-AddMultiPicturePerTrackSupport:segment-005,127,1.0,1.0,False,True,reviewed-include,,,plan-34-v1,semantic match,079432da1a3e4dcf7e871e76d7a4b2562b53e9245061a84951e8105e60db3396,
commit,ce82bfb0ed6ae71f4fa52b159af692e3b74fe2c7,transcript,transcript-2026-03-26-1-11-AddMultiPicturePerTrackSupport,work,reviewed-segment,transcript-2026-03-26-1-11-AddMultiPicturePerTrackSupport:segment-006,161,1.0,1.0,False,True,reviewed-include,,,plan-34-v1,semantic match,079432da1a3e4dcf7e871e76d7a4b2562b53e9245061a84951e8105e60db3396,
commit,ce82bfb0ed6ae71f4fa52b159af692e3b74fe2c7,transcript,transcript-2026-03-26-1-11-AddMultiPicturePerTrackSupport,work,reviewed-segment,transcript-2026-03-26-1-11-AddMultiPicturePerTrackSupport:segment-007,193,1.0,1.0,False,True,reviewed-include,,,plan-34-v1,semantic match,079432da1a3e4dcf7e871e76d7a4b2562b53e9245061a84951e8105e60db3396,
commit,ce82bfb0ed6ae71f4fa52b159af692e3b74fe2c7,transcript,transcript-2026-03-26-1-11-AddMultiPicturePerTrackSupport,work,reviewed-segment,transcript-2026-03-26-1-11-AddMultiPicturePerTrackSupport:segment-008,234,1.0,1.0,False,True,reviewed-include,,,plan-34-v1,semantic match,079432da1a3e4dcf7e871e76d7a4b2562b53e9245061a84951e8105e60db3396,
commit,2aee7213d2467ac765cf2f834b3e8b0a5409064e,transcript,transcript-2026-03-26-1-11-AddMultiPicturePerTrackSupport,work,reviewed-segment,transcript-2026-03-26-1-11-AddMultiPicturePerTrackSupport:segment-009,262,1.0,1.0,False,True,reviewed-include,,,plan-34-v1,semantic match,079432da1a3e4dcf7e871e76d7a4b2562b53e9245061a84951e8105e60db3396,
commit,a0438824397c29c96ca6c63b48ef501b5d63dffe,transcript,transcript-2026-03-26-1-11-AddMultiPicturePerTrackSupport,work,reviewed-segment,transcript-2026-03-26-1-11-AddMultiPicturePerTrackSupport:segment-010,294,1.0,1.0,False,True,reviewed-include,,,plan-34-v1,semantic match,079432da1a3e4dcf7e871e76d7a4b2562b53e9245061a84951e8105e60db3396,
commit,a0438824397c29c96ca6c63b48ef501b5d63dffe,transcript,transcript-2026-03-26-1-11-AddMultiPicturePerTrackSupport,work,reviewed-segment,transcript-2026-03-26-1-11-AddMultiPicturePerTrackSupport:segment-011,328,1.0,1.0,False,True,reviewed-include,,,plan-34-v1,semantic match,079432da1a3e4dcf7e871e76d7a4b2562b53e9245061a84951e8105e60db3396,
commit,a0438824397c29c96ca6c63b48ef501b5d63dffe,transcript,transcript-2026-03-26-1-11-AddMultiPicturePerTrackSupport,work,reviewed-segment,transcript-2026-03-26-1-11-AddMultiPicturePerTrackSupport:segment-012,350,1.0,1.0,False,True,reviewed-include,,,plan-34-v1,semantic match,079432da1a3e4dcf7e871e76d7a4b2562b53e9245061a84951e8105e60db3396,
commit,a0438824397c29c96ca6c63b48ef501b5d63dffe,transcript,transcript-2026-03-26-1-11-AddMultiPicturePerTrackSupport,work,reviewed-segment,transcript-2026-03-26-1-11-AddMultiPicturePerTrackSupport:segment-013,384,1.0,1.0,False,True,reviewed-include,,,plan-34-v1,semantic match,079432da1a3e4dcf7e871e76d7a4b2562b53e9245061a84951e8105e60db3396,
plan,11,transcript,transcript-2026-03-26-1-11-AddMultiPicturePerTrackSupport,implementation,reviewed-segment,transcript-2026-03-26-1-11-AddMultiPicturePerTrackSupport:segment-001,12,1.0,1.0,False,True,reviewed-include,,,plan-34-v1,semantic match,079432da1a3e4dcf7e871e76d7a4b2562b53e9245061a84951e8105e60db3396,
plan,11,transcript,transcript-2026-03-26-1-11-AddMultiPicturePerTrackSupport,implementation,reviewed-segment,transcript-2026-03-26-1-11-AddMultiPicturePerTrackSupport:segment-002,40,1.0,1.0,False,True,reviewed-include,,,plan-34-v1,semantic match,079432da1a3e4dcf7e871e76d7a4b2562b53e9245061a84951e8105e60db3396,
plan,11,transcript,transcript-2026-03-26-1-11-AddMultiPicturePerTrackSupport,implementation,reviewed-segment,transcript-2026-03-26-1-11-AddMultiPicturePerTrackSupport:segment-003,68,1.0,1.0,False,True,reviewed-include,,,plan-34-v1,semantic match,079432da1a3e4dcf7e871e76d7a4b2562b53e9245061a84951e8105e60db3396,
plan,11,transcript,transcript-2026-03-26-1-11-AddMultiPicturePerTrackSupport,implementation,reviewed-segment,transcript-2026-03-26-1-11-AddMultiPicturePerTrackSupport:segment-004,99,1.0,1.0,False,True,reviewed-include,,,plan-34-v1,semantic match,079432da1a3e4dcf7e871e76d7a4b2562b53e9245061a84951e8105e60db3396,
plan,11,transcript,transcript-2026-03-26-1-11-AddMultiPicturePerTrackSupport,implementation,reviewed-segment,transcript-2026-03-26-1-11-AddMultiPicturePerTrackSupport:segment-005,127,1.0,1.0,False,True,reviewed-include,,,plan-34-v1,semantic match,079432da1a3e4dcf7e871e76d7a4b2562b53e9245061a84951e8105e60db3396,
plan,11,transcript,transcript-2026-03-26-1-11-AddMultiPicturePerTrackSupport,implementation,reviewed-segment,transcript-2026-03-26-1-11-AddMultiPicturePerTrackSupport:segment-006,161,1.0,1.0,False,True,reviewed-include,,,plan-34-v1,semantic match,079432da1a3e4dcf7e871e76d7a4b2562b53e9245061a84951e8105e60db3396,
plan,11,transcript,transcript-2026-03-26-1-11-AddMultiPicturePerTrackSupport,implementation,reviewed-segment,transcript-2026-03-26-1-11-AddMultiPicturePerTrackSupport:segment-007,193,1.0,1.0,False,True,reviewed-include,,,plan-34-v1,semantic match,079432da1a3e4dcf7e871e76d7a4b2562b53e9245061a84951e8105e60db3396,
plan,11,transcript,transcript-2026-03-26-1-11-AddMultiPicturePerTrackSupport,implementation,reviewed-segment,transcript-2026-03-26-1-11-AddMultiPicturePerTrackSupport:segment-008,234,1.0,1.0,False,True,reviewed-include,,,plan-34-v1,semantic match,079432da1a3e4dcf7e871e76d7a4b2562b53e9245061a84951e8105e60db3396,
plan,11,transcript,transcript-2026-03-26-1-11-AddMultiPicturePerTrackSupport,implementation,reviewed-segment,transcript-2026-03-26-1-11-AddMultiPicturePerTrackSupport:segment-009,262,1.0,1.0,False,True,reviewed-include,,,plan-34-v1,semantic match,079432da1a3e4dcf7e871e76d7a4b2562b53e9245061a84951e8105e60db3396,
plan,11,transcript,transcript-2026-03-26-1-11-AddMultiPicturePerTrackSupport,implementation,reviewed-segment,transcript-2026-03-26-1-11-AddMultiPicturePerTrackSupport:segment-010,294,1.0,1.0,False,True,reviewed-include,,,plan-34-v1,semantic match,079432da1a3e4dcf7e871e76d7a4b2562b53e9245061a84951e8105e60db3396,
plan,11,transcript,transcript-2026-03-26-1-11-AddMultiPicturePerTrackSupport,implementation,reviewed-segment,transcript-2026-03-26-1-11-AddMultiPicturePerTrackSupport:segment-011,328,1.0,1.0,False,True,reviewed-include,,,plan-34-v1,semantic match,079432da1a3e4dcf7e871e76d7a4b2562b53e9245061a84951e8105e60db3396,
plan,11,transcript,transcript-2026-03-26-1-11-AddMultiPicturePerTrackSupport,implementation,reviewed-segment,transcript-2026-03-26-1-11-AddMultiPicturePerTrackSupport:segment-012,350,1.0,1.0,False,True,reviewed-include,,,plan-34-v1,semantic match,079432da1a3e4dcf7e871e76d7a4b2562b53e9245061a84951e8105e60db3396,
plan,11,transcript,transcript-2026-03-26-1-11-AddMultiPicturePerTrackSupport,implementation,reviewed-segment,transcript-2026-03-26-1-11-AddMultiPicturePerTrackSupport:segment-013,384,1.0,1.0,False,True,reviewed-include,,,plan-34-v1,semantic match,079432da1a3e4dcf7e871e76d7a4b2562b53e9245061a84951e8105e60db3396,
commit,bba775b507acd848d8bea0c67609752e0d812194,transcript,transcript-2026-03-31-1-12-AddFLACDocumentOpenSupport,work,reviewed-segment,transcript-2026-03-31-1-12-AddFLACDocumentOpenSupport:segment-001,12,1.0,1.0,False,True,reviewed-include,,,plan-34-v1,semantic match,49042ac0c3c9bd3f26d450882f2fe6f772b6105964c4382b802d6fc1c84ac718,
commit,bba775b507acd848d8bea0c67609752e0d812194,transcript,transcript-2026-03-31-1-12-AddFLACDocumentOpenSupport,work,reviewed-segment,transcript-2026-03-31-1-12-AddFLACDocumentOpenSupport:segment-002,38,1.0,1.0,False,True,reviewed-include,,,plan-34-v1,semantic match,49042ac0c3c9bd3f26d450882f2fe6f772b6105964c4382b802d6fc1c84ac718,
commit,bba775b507acd848d8bea0c67609752e0d812194,transcript,transcript-2026-03-31-1-12-AddFLACDocumentOpenSupport,work,reviewed-segment,transcript-2026-03-31-1-12-AddFLACDocumentOpenSupport:segment-003,110,1.0,1.0,False,True,reviewed-include,,,plan-34-v1,semantic match,49042ac0c3c9bd3f26d450882f2fe6f772b6105964c4382b802d6fc1c84ac718,
commit,bba775b507acd848d8bea0c67609752e0d812194,transcript,transcript-2026-03-31-1-12-AddFLACDocumentOpenSupport,work,reviewed-segment,transcript-2026-03-31-1-12-AddFLACDocumentOpenSupport:segment-004,120,1.0,1.0,False,True,reviewed-include,,,plan-34-v1,semantic match,49042ac0c3c9bd3f26d450882f2fe6f772b6105964c4382b802d6fc1c84ac718,
commit,bba775b507acd848d8bea0c67609752e0d812194,transcript,transcript-2026-03-31-1-12-AddFLACDocumentOpenSupport,work,reviewed-segment,transcript-2026-03-31-1-12-AddFLACDocumentOpenSupport:segment-005,146,1.0,1.0,False,True,reviewed-include,,,plan-34-v1,semantic match,49042ac0c3c9bd3f26d450882f2fe6f772b6105964c4382b802d6fc1c84ac718,
commit,bba775b507acd848d8bea0c67609752e0d812194,transcript,transcript-2026-03-31-1-12-AddFLACDocumentOpenSupport,work,reviewed-segment,transcript-2026-03-31-1-12-AddFLACDocumentOpenSupport:segment-006,173,1.0,1.0,False,True,reviewed-include,,,plan-34-v1,semantic match,49042ac0c3c9bd3f26d450882f2fe6f772b6105964c4382b802d6fc1c84ac718,
commit,bba775b507acd848d8bea0c67609752e0d812194,transcript,transcript-2026-03-31-1-12-AddFLACDocumentOpenSupport,work,reviewed-segment,transcript-2026-03-31-1-12-AddFLACDocumentOpenSupport:segment-007,192,1.0,1.0,False,True,reviewed-include,,,plan-34-v1,semantic match,49042ac0c3c9bd3f26d450882f2fe6f772b6105964c4382b802d6fc1c84ac718,
commit,bba775b507acd848d8bea0c67609752e0d812194,transcript,transcript-2026-03-31-1-12-AddFLACDocumentOpenSupport,work,reviewed-segment,transcript-2026-03-31-1-12-AddFLACDocumentOpenSupport:segment-008,219,1.0,1.0,False,True,reviewed-include,,,plan-34-v1,semantic match,49042ac0c3c9bd3f26d450882f2fe6f772b6105964c4382b802d6fc1c84ac718,
commit,bba775b507acd848d8bea0c67609752e0d812194,transcript,transcript-2026-03-31-1-12-AddFLACDocumentOpenSupport,work,reviewed-segment,transcript-2026-03-31-1-12-AddFLACDocumentOpenSupport:segment-009,261,1.0,1.0,False,True,reviewed-include,,,plan-34-v1,semantic match,49042ac0c3c9bd3f26d450882f2fe6f772b6105964c4382b802d6fc1c84ac718,
commit,bba775b507acd848d8bea0c67609752e0d812194,transcript,transcript-2026-03-31-1-12-AddFLACDocumentOpenSupport,work,reviewed-segment,transcript-2026-03-31-1-12-AddFLACDocumentOpenSupport:segment-010,279,1.0,1.0,False,True,reviewed-include,,,plan-34-v1,semantic match,49042ac0c3c9bd3f26d450882f2fe6f772b6105964c4382b802d6fc1c84ac718,
commit,bba775b507acd848d8bea0c67609752e0d812194,transcript,transcript-2026-03-31-1-12-AddFLACDocumentOpenSupport,work,reviewed-segment,transcript-2026-03-31-1-12-AddFLACDocumentOpenSupport:segment-011,342,1.0,1.0,False,True,reviewed-include,,,plan-34-v1,semantic match,49042ac0c3c9bd3f26d450882f2fe6f772b6105964c4382b802d6fc1c84ac718,
commit,bba775b507acd848d8bea0c67609752e0d812194,transcript,transcript-2026-03-31-1-12-AddFLACDocumentOpenSupport,work,reviewed-segment,transcript-2026-03-31-1-12-AddFLACDocumentOpenSupport:segment-012,371,1.0,1.0,False,True,reviewed-include,,,plan-34-v1,semantic match,49042ac0c3c9bd3f26d450882f2fe6f772b6105964c4382b802d6fc1c84ac718,
plan,12,transcript,transcript-2026-03-31-1-12-AddFLACDocumentOpenSupport,implementation,reviewed-segment,transcript-2026-03-31-1-12-AddFLACDocumentOpenSupport:segment-001,12,1.0,1.0,False,True,reviewed-include,,,plan-34-v1,semantic match,49042ac0c3c9bd3f26d450882f2fe6f772b6105964c4382b802d6fc1c84ac718,
plan,12,transcript,transcript-2026-03-31-1-12-AddFLACDocumentOpenSupport,implementation,reviewed-segment,transcript-2026-03-31-1-12-AddFLACDocumentOpenSupport:segment-002,38,1.0,1.0,False,True,reviewed-include,,,plan-34-v1,semantic match,49042ac0c3c9bd3f26d450882f2fe6f772b6105964c4382b802d6fc1c84ac718,
plan,12,transcript,transcript-2026-03-31-1-12-AddFLACDocumentOpenSupport,direct,reviewed-segment,transcript-2026-03-31-1-12-AddFLACDocumentOpenSupport:segment-003,110,1.0,1.0,True,False,reviewed-include,,,plan-34-v1,semantic match,49042ac0c3c9bd3f26d450882f2fe6f772b6105964c4382b802d6fc1c84ac718,
plan,12,transcript,transcript-2026-03-31-1-12-AddFLACDocumentOpenSupport,direct,reviewed-segment,transcript-2026-03-31-1-12-AddFLACDocumentOpenSupport:segment-004,120,1.0,1.0,True,False,reviewed-include,,,plan-34-v1,semantic match,49042ac0c3c9bd3f26d450882f2fe6f772b6105964c4382b802d6fc1c84ac718,
plan,12,transcript,transcript-2026-03-31-1-12-AddFLACDocumentOpenSupport,direct,reviewed-segment,transcript-2026-03-31-1-12-AddFLACDocumentOpenSupport:segment-005,146,1.0,1.0,True,False,reviewed-include,,,plan-34-v1,semantic match,49042ac0c3c9bd3f26d450882f2fe6f772b6105964c4382b802d6fc1c84ac718,
plan,12,transcript,transcript-2026-03-31-1-12-AddFLACDocumentOpenSupport,direct,reviewed-segment,transcript-2026-03-31-1-12-AddFLACDocumentOpenSupport:segment-006,173,1.0,1.0,True,False,reviewed-include,,,plan-34-v1,semantic match,49042ac0c3c9bd3f26d450882f2fe6f772b6105964c4382b802d6fc1c84ac718,
plan,12,transcript,transcript-2026-03-31-1-12-AddFLACDocumentOpenSupport,direct,reviewed-segment,transcript-2026-03-31-1-12-AddFLACDocumentOpenSupport:segment-007,192,1.0,1.0,True,False,reviewed-include,,,plan-34-v1,semantic match,49042ac0c3c9bd3f26d450882f2fe6f772b6105964c4382b802d6fc1c84ac718,
plan,12,transcript,transcript-2026-03-31-1-12-AddFLACDocumentOpenSupport,implementation,reviewed-segment,transcript-2026-03-31-1-12-AddFLACDocumentOpenSupport:segment-008,219,1.0,1.0,False,True,reviewed-include,,,plan-34-v1,semantic match,49042ac0c3c9bd3f26d450882f2fe6f772b6105964c4382b802d6fc1c84ac718,
plan,12,transcript,transcript-2026-03-31-1-12-AddFLACDocumentOpenSupport,implementation,reviewed-segment,transcript-2026-03-31-1-12-AddFLACDocumentOpenSupport:segment-009,261,1.0,1.0,False,True,reviewed-include,,,plan-34-v1,semantic match,49042ac0c3c9bd3f26d450882f2fe6f772b6105964c4382b802d6fc1c84ac718,
plan,12,transcript,transcript-2026-03-31-1-12-AddFLACDocumentOpenSupport,implementation,reviewed-segment,transcript-2026-03-31-1-12-AddFLACDocumentOpenSupport:segment-010,279,1.0,1.0,False,True,reviewed-include,,,plan-34-v1,semantic match,49042ac0c3c9bd3f26d450882f2fe6f772b6105964c4382b802d6fc1c84ac718,
plan,12,transcript,transcript-2026-03-31-1-12-AddFLACDocumentOpenSupport,implementation,reviewed-segment,transcript-2026-03-31-1-12-AddFLACDocumentOpenSupport:segment-011,342,1.0,1.0,False,True,reviewed-include,,,plan-34-v1,semantic match,49042ac0c3c9bd3f26d450882f2fe6f772b6105964c4382b802d6fc1c84ac718,
plan,12,transcript,transcript-2026-03-31-1-12-AddFLACDocumentOpenSupport,implementation,reviewed-segment,transcript-2026-03-31-1-12-AddFLACDocumentOpenSupport:segment-012,371,1.0,1.0,False,True,reviewed-include,,,plan-34-v1,semantic match,49042ac0c3c9bd3f26d450882f2fe6f772b6105964c4382b802d6fc1c84ac718,
commit,da7b04f7563351b6c4c0883dbcbc16a5e081336a,transcript,transcript-2026-04-01-1-13-AddFLACFingerprintSupport,work,reviewed-segment,transcript-2026-04-01-1-13-AddFLACFingerprintSupport:segment-001,12,1.0,1.0,False,True,reviewed-include,,,plan-34-v1,semantic match,5557345813b212a027121953c3cb8f96b4bec4a3f1bdb208bf562b02e11c13c9,
commit,da7b04f7563351b6c4c0883dbcbc16a5e081336a,transcript,transcript-2026-04-01-1-13-AddFLACFingerprintSupport,work,reviewed-segment,transcript-2026-04-01-1-13-AddFLACFingerprintSupport:segment-002,46,1.0,1.0,False,True,reviewed-include,,,plan-34-v1,semantic match,5557345813b212a027121953c3cb8f96b4bec4a3f1bdb208bf562b02e11c13c9,
commit,da7b04f7563351b6c4c0883dbcbc16a5e081336a,transcript,transcript-2026-04-01-1-13-AddFLACFingerprintSupport,work,reviewed-segment,transcript-2026-04-01-1-13-AddFLACFingerprintSupport:segment-003,68,1.0,1.0,False,True,reviewed-include,,,plan-34-v1,semantic match,5557345813b212a027121953c3cb8f96b4bec4a3f1bdb208bf562b02e11c13c9,
plan,13,transcript,transcript-2026-04-01-1-13-AddFLACFingerprintSupport,direct,reviewed-segment,transcript-2026-04-01-1-13-AddFLACFingerprintSupport:segment-001,12,1.0,1.0,True,False,reviewed-include,,,plan-34-v1,semantic match,5557345813b212a027121953c3cb8f96b4bec4a3f1bdb208bf562b02e11c13c9,
plan,13,transcript,transcript-2026-04-01-1-13-AddFLACFingerprintSupport,direct,reviewed-segment,transcript-2026-04-01-1-13-AddFLACFingerprintSupport:segment-002,46,1.0,1.0,True,False,reviewed-include,,,plan-34-v1,semantic match,5557345813b212a027121953c3cb8f96b4bec4a3f1bdb208bf562b02e11c13c9,
plan,13,transcript,transcript-2026-04-01-1-13-AddFLACFingerprintSupport,implementation,reviewed-segment,transcript-2026-04-01-1-13-AddFLACFingerprintSupport:segment-003,68,1.0,1.0,False,True,reviewed-include,,,plan-34-v1,semantic match,5557345813b212a027121953c3cb8f96b4bec4a3f1bdb208bf562b02e11c13c9,
commit,90ef077070ed157959eed236c4a5edfc023423b8,transcript,transcript-2026-04-02-1-14-AddCompilationTag,work,reviewed-segment,transcript-2026-04-02-1-14-AddCompilationTag:segment-001,12,1.0,1.0,False,True,reviewed-include,,,plan-34-v1,semantic match,91d0b36dfa73cfb2f3ca561b9c5099b1c963fb094dc8aded6282eacf1533263a,
commit,90ef077070ed157959eed236c4a5edfc023423b8,transcript,transcript-2026-04-02-1-14-AddCompilationTag,work,reviewed-segment,transcript-2026-04-02-1-14-AddCompilationTag:segment-002,44,1.0,1.0,False,True,reviewed-include,,,plan-34-v1,semantic match,91d0b36dfa73cfb2f3ca561b9c5099b1c963fb094dc8aded6282eacf1533263a,
commit,90ef077070ed157959eed236c4a5edfc023423b8,transcript,transcript-2026-04-02-1-14-AddCompilationTag,work,reviewed-segment,transcript-2026-04-02-1-14-AddCompilationTag:segment-003,68,1.0,1.0,False,True,reviewed-include,,,plan-34-v1,semantic match,91d0b36dfa73cfb2f3ca561b9c5099b1c963fb094dc8aded6282eacf1533263a,
commit,90ef077070ed157959eed236c4a5edfc023423b8,transcript,transcript-2026-04-02-1-14-AddCompilationTag,work,reviewed-segment,transcript-2026-04-02-1-14-AddCompilationTag:segment-004,82,1.0,1.0,False,True,reviewed-include,,,plan-34-v1,semantic match,91d0b36dfa73cfb2f3ca561b9c5099b1c963fb094dc8aded6282eacf1533263a,
commit,90ef077070ed157959eed236c4a5edfc023423b8,transcript,transcript-2026-04-02-1-14-AddCompilationTag,work,reviewed-segment,transcript-2026-04-02-1-14-AddCompilationTag:segment-005,108,1.0,1.0,False,True,reviewed-include,,,plan-34-v1,semantic match,91d0b36dfa73cfb2f3ca561b9c5099b1c963fb094dc8aded6282eacf1533263a,
commit,90ef077070ed157959eed236c4a5edfc023423b8,transcript,transcript-2026-04-02-1-14-AddCompilationTag,work,reviewed-segment,transcript-2026-04-02-1-14-AddCompilationTag:segment-006,120,1.0,1.0,False,True,reviewed-include,,,plan-34-v1,semantic match,91d0b36dfa73cfb2f3ca561b9c5099b1c963fb094dc8aded6282eacf1533263a,
plan,14,transcript,transcript-2026-04-02-1-14-AddCompilationTag,direct,reviewed-segment,transcript-2026-04-02-1-14-AddCompilationTag:segment-001,12,1.0,1.0,True,False,reviewed-include,,,plan-34-v1,semantic match,91d0b36dfa73cfb2f3ca561b9c5099b1c963fb094dc8aded6282eacf1533263a,
plan,14,transcript,transcript-2026-04-02-1-14-AddCompilationTag,direct,reviewed-segment,transcript-2026-04-02-1-14-AddCompilationTag:segment-002,44,1.0,1.0,True,False,reviewed-include,,,plan-34-v1,semantic match,91d0b36dfa73cfb2f3ca561b9c5099b1c963fb094dc8aded6282eacf1533263a,
plan,14,transcript,transcript-2026-04-02-1-14-AddCompilationTag,direct,reviewed-segment,transcript-2026-04-02-1-14-AddCompilationTag:segment-003,68,1.0,1.0,True,False,reviewed-include,,,plan-34-v1,semantic match,91d0b36dfa73cfb2f3ca561b9c5099b1c963fb094dc8aded6282eacf1533263a,
plan,14,transcript,transcript-2026-04-02-1-14-AddCompilationTag,implementation,reviewed-segment,transcript-2026-04-02-1-14-AddCompilationTag:segment-004,82,1.0,1.0,False,True,reviewed-include,,,plan-34-v1,semantic match,91d0b36dfa73cfb2f3ca561b9c5099b1c963fb094dc8aded6282eacf1533263a,
plan,14,transcript,transcript-2026-04-02-1-14-AddCompilationTag,implementation,reviewed-segment,transcript-2026-04-02-1-14-AddCompilationTag:segment-005,108,1.0,1.0,False,True,reviewed-include,,,plan-34-v1,semantic match,91d0b36dfa73cfb2f3ca561b9c5099b1c963fb094dc8aded6282eacf1533263a,
plan,14,transcript,transcript-2026-04-02-1-14-AddCompilationTag,implementation,reviewed-segment,transcript-2026-04-02-1-14-AddCompilationTag:segment-006,120,1.0,1.0,False,True,reviewed-include,,,plan-34-v1,semantic match,91d0b36dfa73cfb2f3ca561b9c5099b1c963fb094dc8aded6282eacf1533263a,
commit,1276536d7ce542d757187ed8e2a7a229c6741847,transcript,transcript-2026-04-02-1-15-AddSwiftTagDocumentCreation,work,reviewed-segment,transcript-2026-04-02-1-15-AddSwiftTagDocumentCreation:segment-001,12,1.0,1.0,False,True,reviewed-include,,,plan-34-v1,semantic match,63b44498e01cd5caa4fef9420734c5d368fa0a27f15e603eefb0e0dc4ab8d9ee,
commit,1276536d7ce542d757187ed8e2a7a229c6741847,transcript,transcript-2026-04-02-1-15-AddSwiftTagDocumentCreation,work,reviewed-segment,transcript-2026-04-02-1-15-AddSwiftTagDocumentCreation:segment-002,69,1.0,1.0,False,True,reviewed-include,,,plan-34-v1,semantic match,63b44498e01cd5caa4fef9420734c5d368fa0a27f15e603eefb0e0dc4ab8d9ee,
commit,1276536d7ce542d757187ed8e2a7a229c6741847,transcript,transcript-2026-04-02-1-15-AddSwiftTagDocumentCreation,work,reviewed-segment,transcript-2026-04-02-1-15-AddSwiftTagDocumentCreation:segment-003,102,1.0,1.0,False,True,reviewed-include,,,plan-34-v1,semantic match,63b44498e01cd5caa4fef9420734c5d368fa0a27f15e603eefb0e0dc4ab8d9ee,
commit,1276536d7ce542d757187ed8e2a7a229c6741847,transcript,transcript-2026-04-02-1-15-AddSwiftTagDocumentCreation,work,reviewed-segment,transcript-2026-04-02-1-15-AddSwiftTagDocumentCreation:segment-004,146,1.0,1.0,False,True,reviewed-include,,,plan-34-v1,semantic match,63b44498e01cd5caa4fef9420734c5d368fa0a27f15e603eefb0e0dc4ab8d9ee,
commit,1276536d7ce542d757187ed8e2a7a229c6741847,transcript,transcript-2026-04-02-1-15-AddSwiftTagDocumentCreation,work,reviewed-segment,transcript-2026-04-02-1-15-AddSwiftTagDocumentCreation:segment-005,181,1.0,1.0,False,True,reviewed-include,,,plan-34-v1,semantic match,63b44498e01cd5caa4fef9420734c5d368fa0a27f15e603eefb0e0dc4ab8d9ee,
commit,1276536d7ce542d757187ed8e2a7a229c6741847,transcript,transcript-2026-04-02-1-15-AddSwiftTagDocumentCreation,work,reviewed-segment,transcript-2026-04-02-1-15-AddSwiftTagDocumentCreation:segment-006,258,1.0,1.0,False,True,reviewed-include,,,plan-34-v1,semantic match,63b44498e01cd5caa4fef9420734c5d368fa0a27f15e603eefb0e0dc4ab8d9ee,
commit,bf6d257c8a9a96ec6846d3cac38bd49afd54f83a,transcript,transcript-2026-04-02-1-15-AddSwiftTagDocumentCreation,work,reviewed-segment,transcript-2026-04-02-1-15-AddSwiftTagDocumentCreation:segment-007,286,1.0,1.0,False,True,reviewed-include,,,plan-34-v1,semantic match,63b44498e01cd5caa4fef9420734c5d368fa0a27f15e603eefb0e0dc4ab8d9ee,
commit,bf6d257c8a9a96ec6846d3cac38bd49afd54f83a,transcript,transcript-2026-04-02-1-15-AddSwiftTagDocumentCreation,work,reviewed-segment,transcript-2026-04-02-1-15-AddSwiftTagDocumentCreation:segment-008,308,1.0,1.0,False,True,reviewed-include,,,plan-34-v1,semantic match,63b44498e01cd5caa4fef9420734c5d368fa0a27f15e603eefb0e0dc4ab8d9ee,
commit,bf6d257c8a9a96ec6846d3cac38bd49afd54f83a,transcript,transcript-2026-04-02-1-15-AddSwiftTagDocumentCreation,work,reviewed-segment,transcript-2026-04-02-1-15-AddSwiftTagDocumentCreation:segment-009,362,1.0,1.0,False,True,reviewed-include,,,plan-34-v1,semantic match,63b44498e01cd5caa4fef9420734c5d368fa0a27f15e603eefb0e0dc4ab8d9ee,
commit,bf6d257c8a9a96ec6846d3cac38bd49afd54f83a,transcript,transcript-2026-04-02-1-15-AddSwiftTagDocumentCreation,work,reviewed-segment,transcript-2026-04-02-1-15-AddSwiftTagDocumentCreation:segment-010,395,1.0,1.0,False,True,reviewed-include,,,plan-34-v1,semantic match,63b44498e01cd5caa4fef9420734c5d368fa0a27f15e603eefb0e0dc4ab8d9ee,
commit,bf6d257c8a9a96ec6846d3cac38bd49afd54f83a,transcript,transcript-2026-04-02-1-15-AddSwiftTagDocumentCreation,work,reviewed-segment,transcript-2026-04-02-1-15-AddSwiftTagDocumentCreation:segment-011,419,1.0,1.0,False,True,reviewed-include,,,plan-34-v1,semantic match,63b44498e01cd5caa4fef9420734c5d368fa0a27f15e603eefb0e0dc4ab8d9ee,
plan,15,transcript,transcript-2026-04-02-1-15-AddSwiftTagDocumentCreation,direct,reviewed-segment,transcript-2026-04-02-1-15-AddSwiftTagDocumentCreation:segment-001,12,1.0,1.0,True,False,reviewed-include,,,plan-34-v1,semantic match,63b44498e01cd5caa4fef9420734c5d368fa0a27f15e603eefb0e0dc4ab8d9ee,
plan,15,transcript,transcript-2026-04-02-1-15-AddSwiftTagDocumentCreation,direct,reviewed-segment,transcript-2026-04-02-1-15-AddSwiftTagDocumentCreation:segment-002,69,1.0,1.0,True,False,reviewed-include,,,plan-34-v1,semantic match,63b44498e01cd5caa4fef9420734c5d368fa0a27f15e603eefb0e0dc4ab8d9ee,
plan,15,transcript,transcript-2026-04-02-1-15-AddSwiftTagDocumentCreation,direct,reviewed-segment,transcript-2026-04-02-1-15-AddSwiftTagDocumentCreation:segment-003,102,1.0,1.0,True,False,reviewed-include,,,plan-34-v1,semantic match,63b44498e01cd5caa4fef9420734c5d368fa0a27f15e603eefb0e0dc4ab8d9ee,
plan,15,transcript,transcript-2026-04-02-1-15-AddSwiftTagDocumentCreation,direct,reviewed-segment,transcript-2026-04-02-1-15-AddSwiftTagDocumentCreation:segment-004,146,1.0,1.0,True,False,reviewed-include,,,plan-34-v1,semantic match,63b44498e01cd5caa4fef9420734c5d368fa0a27f15e603eefb0e0dc4ab8d9ee,
plan,15,transcript,transcript-2026-04-02-1-15-AddSwiftTagDocumentCreation,implementation,reviewed-segment,transcript-2026-04-02-1-15-AddSwiftTagDocumentCreation:segment-005,181,1.0,1.0,False,True,reviewed-include,,,plan-34-v1,semantic match,63b44498e01cd5caa4fef9420734c5d368fa0a27f15e603eefb0e0dc4ab8d9ee,
plan,15,transcript,transcript-2026-04-02-1-15-AddSwiftTagDocumentCreation,implementation,reviewed-segment,transcript-2026-04-02-1-15-AddSwiftTagDocumentCreation:segment-006,258,1.0,1.0,False,True,reviewed-include,,,plan-34-v1,semantic match,63b44498e01cd5caa4fef9420734c5d368fa0a27f15e603eefb0e0dc4ab8d9ee,
plan,15,transcript,transcript-2026-04-02-1-15-AddSwiftTagDocumentCreation,implementation,reviewed-segment,transcript-2026-04-02-1-15-AddSwiftTagDocumentCreation:segment-007,286,1.0,1.0,False,True,reviewed-include,,,plan-34-v1,semantic match,63b44498e01cd5caa4fef9420734c5d368fa0a27f15e603eefb0e0dc4ab8d9ee,
plan,15,transcript,transcript-2026-04-02-1-15-AddSwiftTagDocumentCreation,implementation,reviewed-segment,transcript-2026-04-02-1-15-AddSwiftTagDocumentCreation:segment-008,308,1.0,1.0,False,True,reviewed-include,,,plan-34-v1,semantic match,63b44498e01cd5caa4fef9420734c5d368fa0a27f15e603eefb0e0dc4ab8d9ee,
plan,15,transcript,transcript-2026-04-02-1-15-AddSwiftTagDocumentCreation,implementation,reviewed-segment,transcript-2026-04-02-1-15-AddSwiftTagDocumentCreation:segment-009,362,1.0,1.0,False,True,reviewed-include,,,plan-34-v1,semantic match,63b44498e01cd5caa4fef9420734c5d368fa0a27f15e603eefb0e0dc4ab8d9ee,
plan,15,transcript,transcript-2026-04-02-1-15-AddSwiftTagDocumentCreation,implementation,reviewed-segment,transcript-2026-04-02-1-15-AddSwiftTagDocumentCreation:segment-010,395,1.0,1.0,False,True,reviewed-include,,,plan-34-v1,semantic match,63b44498e01cd5caa4fef9420734c5d368fa0a27f15e603eefb0e0dc4ab8d9ee,
plan,15,transcript,transcript-2026-04-02-1-15-AddSwiftTagDocumentCreation,implementation,reviewed-segment,transcript-2026-04-02-1-15-AddSwiftTagDocumentCreation:segment-011,419,1.0,1.0,False,True,reviewed-include,,,plan-34-v1,semantic match,63b44498e01cd5caa4fef9420734c5d368fa0a27f15e603eefb0e0dc4ab8d9ee,
commit,1c2bb82cfcda4a8e4043b7e883e42928b18064cf,transcript,transcript-2026-04-04-1-16-AddSwiftTagDocumentRead,work,reviewed-segment,transcript-2026-04-04-1-16-AddSwiftTagDocumentRead:segment-001,12,1.0,1.0,False,True,reviewed-include,,,plan-34-v1,semantic match,eda43e80221161777459808bfc581fb27701929281883a090efeee6076032d55,
commit,1c2bb82cfcda4a8e4043b7e883e42928b18064cf,transcript,transcript-2026-04-04-1-16-AddSwiftTagDocumentRead,work,reviewed-segment,transcript-2026-04-04-1-16-AddSwiftTagDocumentRead:segment-002,49,1.0,1.0,False,True,reviewed-include,,,plan-34-v1,semantic match,eda43e80221161777459808bfc581fb27701929281883a090efeee6076032d55,
commit,1c2bb82cfcda4a8e4043b7e883e42928b18064cf,transcript,transcript-2026-04-04-1-16-AddSwiftTagDocumentRead,work,reviewed-segment,transcript-2026-04-04-1-16-AddSwiftTagDocumentRead:segment-003,65,1.0,1.0,False,True,reviewed-include,,,plan-34-v1,semantic match,eda43e80221161777459808bfc581fb27701929281883a090efeee6076032d55,
commit,1c2bb82cfcda4a8e4043b7e883e42928b18064cf,transcript,transcript-2026-04-04-1-16-AddSwiftTagDocumentRead,work,reviewed-segment,transcript-2026-04-04-1-16-AddSwiftTagDocumentRead:segment-004,147,1.0,1.0,False,True,reviewed-include,,,plan-34-v1,semantic match,eda43e80221161777459808bfc581fb27701929281883a090efeee6076032d55,
plan,16,transcript,transcript-2026-04-04-1-16-AddSwiftTagDocumentRead,direct,reviewed-segment,transcript-2026-04-04-1-16-AddSwiftTagDocumentRead:segment-001,12,1.0,1.0,True,False,reviewed-include,,,plan-34-v1,semantic match,eda43e80221161777459808bfc581fb27701929281883a090efeee6076032d55,
plan,16,transcript,transcript-2026-04-04-1-16-AddSwiftTagDocumentRead,direct,reviewed-segment,transcript-2026-04-04-1-16-AddSwiftTagDocumentRead:segment-002,49,1.0,1.0,True,False,reviewed-include,,,plan-34-v1,semantic match,eda43e80221161777459808bfc581fb27701929281883a090efeee6076032d55,
plan,16,transcript,transcript-2026-04-04-1-16-AddSwiftTagDocumentRead,implementation,reviewed-segment,transcript-2026-04-04-1-16-AddSwiftTagDocumentRead:segment-003,65,1.0,1.0,False,True,reviewed-include,,,plan-34-v1,semantic match,eda43e80221161777459808bfc581fb27701929281883a090efeee6076032d55,
plan,16,transcript,transcript-2026-04-04-1-16-AddSwiftTagDocumentRead,implementation,reviewed-segment,transcript-2026-04-04-1-16-AddSwiftTagDocumentRead:segment-004,147,1.0,1.0,False,True,reviewed-include,,,plan-34-v1,semantic match,eda43e80221161777459808bfc581fb27701929281883a090efeee6076032d55,
commit,633671ae999d222fba32fde71594440b8b367350,transcript,transcript-2026-04-04-1-17-SwiftTagDocumentReadLiveFileResolution,work,reviewed-segment,transcript-2026-04-04-1-17-SwiftTagDocumentReadLiveFileResolution:segment-001,12,1.0,1.0,False,True,reviewed-include,,,plan-34-v1,semantic match,5384626a68182965de66f049e507130a5e841f851059ba3121547936d5e6fba1,
commit,d0fca7dec639c9bd9845c8efb59147ccd1016e26,transcript,transcript-2026-04-04-1-17-SwiftTagDocumentReadLiveFileResolution,work,reviewed-segment,transcript-2026-04-04-1-17-SwiftTagDocumentReadLiveFileResolution:segment-009,278,1.0,1.0,False,True,reviewed-include,,,plan-34-v1,semantic match,5384626a68182965de66f049e507130a5e841f851059ba3121547936d5e6fba1,
commit,d0fca7dec639c9bd9845c8efb59147ccd1016e26,transcript,transcript-2026-04-04-1-17-SwiftTagDocumentReadLiveFileResolution,work,reviewed-segment,transcript-2026-04-04-1-17-SwiftTagDocumentReadLiveFileResolution:segment-010,310,1.0,1.0,False,True,reviewed-include,,,plan-34-v1,semantic match,5384626a68182965de66f049e507130a5e841f851059ba3121547936d5e6fba1,
commit,d0fca7dec639c9bd9845c8efb59147ccd1016e26,transcript,transcript-2026-04-04-1-17-SwiftTagDocumentReadLiveFileResolution,work,reviewed-segment,transcript-2026-04-04-1-17-SwiftTagDocumentReadLiveFileResolution:segment-011,336,1.0,1.0,False,True,reviewed-include,,,plan-34-v1,semantic match,5384626a68182965de66f049e507130a5e841f851059ba3121547936d5e6fba1,
plan,16,transcript,transcript-2026-04-04-1-17-SwiftTagDocumentReadLiveFileResolution,implementation,reviewed-segment,transcript-2026-04-04-1-17-SwiftTagDocumentReadLiveFileResolution:segment-001,12,1.0,1.0,False,True,reviewed-include,,,plan-34-v1,semantic match,5384626a68182965de66f049e507130a5e841f851059ba3121547936d5e6fba1,
plan,16,transcript,transcript-2026-04-04-1-17-SwiftTagDocumentReadLiveFileResolution,implementation,reviewed-segment,transcript-2026-04-04-1-17-SwiftTagDocumentReadLiveFileResolution:segment-002,43,1.0,1.0,False,True,reviewed-include,,,plan-34-v1,semantic match,5384626a68182965de66f049e507130a5e841f851059ba3121547936d5e6fba1,
plan,16,transcript,transcript-2026-04-04-1-17-SwiftTagDocumentReadLiveFileResolution,implementation,reviewed-segment,transcript-2026-04-04-1-17-SwiftTagDocumentReadLiveFileResolution:segment-003,82,1.0,1.0,False,True,reviewed-include,,,plan-34-v1,semantic match,5384626a68182965de66f049e507130a5e841f851059ba3121547936d5e6fba1,
plan,16,transcript,transcript-2026-04-04-1-17-SwiftTagDocumentReadLiveFileResolution,implementation,reviewed-segment,transcript-2026-04-04-1-17-SwiftTagDocumentReadLiveFileResolution:segment-004,127,1.0,1.0,False,True,reviewed-include,,,plan-34-v1,semantic match,5384626a68182965de66f049e507130a5e841f851059ba3121547936d5e6fba1,
plan,16,transcript,transcript-2026-04-04-1-17-SwiftTagDocumentReadLiveFileResolution,implementation,reviewed-segment,transcript-2026-04-04-1-17-SwiftTagDocumentReadLiveFileResolution:segment-005,164,1.0,1.0,False,True,reviewed-include,,,plan-34-v1,semantic match,5384626a68182965de66f049e507130a5e841f851059ba3121547936d5e6fba1,
plan,16,transcript,transcript-2026-04-04-1-17-SwiftTagDocumentReadLiveFileResolution,implementation,reviewed-segment,transcript-2026-04-04-1-17-SwiftTagDocumentReadLiveFileResolution:segment-006,190,1.0,1.0,False,True,reviewed-include,,,plan-34-v1,semantic match,5384626a68182965de66f049e507130a5e841f851059ba3121547936d5e6fba1,
plan,16,transcript,transcript-2026-04-04-1-17-SwiftTagDocumentReadLiveFileResolution,implementation,reviewed-segment,transcript-2026-04-04-1-17-SwiftTagDocumentReadLiveFileResolution:segment-007,220,1.0,1.0,False,True,reviewed-include,,,plan-34-v1,semantic match,5384626a68182965de66f049e507130a5e841f851059ba3121547936d5e6fba1,
plan,16,transcript,transcript-2026-04-04-1-17-SwiftTagDocumentReadLiveFileResolution,implementation,reviewed-segment,transcript-2026-04-04-1-17-SwiftTagDocumentReadLiveFileResolution:segment-008,253,1.0,1.0,False,True,reviewed-include,,,plan-34-v1,semantic match,5384626a68182965de66f049e507130a5e841f851059ba3121547936d5e6fba1,
plan,17,transcript,transcript-2026-04-04-1-17-SwiftTagDocumentReadLiveFileResolution,direct,reviewed-segment,transcript-2026-04-04-1-17-SwiftTagDocumentReadLiveFileResolution:segment-009,278,1.0,1.0,True,False,reviewed-include,,,plan-34-v1,semantic match,5384626a68182965de66f049e507130a5e841f851059ba3121547936d5e6fba1,
plan,17,transcript,transcript-2026-04-04-1-17-SwiftTagDocumentReadLiveFileResolution,direct,reviewed-segment,transcript-2026-04-04-1-17-SwiftTagDocumentReadLiveFileResolution:segment-010,310,1.0,1.0,True,False,reviewed-include,,,plan-34-v1,semantic match,5384626a68182965de66f049e507130a5e841f851059ba3121547936d5e6fba1,
plan,17,transcript,transcript-2026-04-04-1-17-SwiftTagDocumentReadLiveFileResolution,implementation,reviewed-segment,transcript-2026-04-04-1-17-SwiftTagDocumentReadLiveFileResolution:segment-011,336,1.0,1.0,False,True,reviewed-include,,,plan-34-v1,semantic match,5384626a68182965de66f049e507130a5e841f851059ba3121547936d5e6fba1,
commit,bc1eaf01993b5f6ef2cc64eef0f6dd4fe66824de,transcript,transcript-2026-04-05-1-SwiftTagDocumentReopenFix,work,reviewed-segment,transcript-2026-04-05-1-SwiftTagDocumentReopenFix:segment-001,12,1.0,1.0,False,True,reviewed-include,,,plan-34-v1,semantic match,1772059de41659fdedea36ae94a3a0ff25b860800720700244638a402da09682,
commit,bc1eaf01993b5f6ef2cc64eef0f6dd4fe66824de,transcript,transcript-2026-04-05-1-SwiftTagDocumentReopenFix,work,reviewed-segment,transcript-2026-04-05-1-SwiftTagDocumentReopenFix:segment-002,38,1.0,1.0,False,True,reviewed-include,,,plan-34-v1,semantic match,1772059de41659fdedea36ae94a3a0ff25b860800720700244638a402da09682,
commit,bc1eaf01993b5f6ef2cc64eef0f6dd4fe66824de,transcript,transcript-2026-04-05-1-SwiftTagDocumentReopenFix,work,reviewed-segment,transcript-2026-04-05-1-SwiftTagDocumentReopenFix:segment-003,68,1.0,1.0,False,True,reviewed-include,,,plan-34-v1,semantic match,1772059de41659fdedea36ae94a3a0ff25b860800720700244638a402da09682,
commit,bc1eaf01993b5f6ef2cc64eef0f6dd4fe66824de,transcript,transcript-2026-04-05-1-SwiftTagDocumentReopenFix,work,reviewed-segment,transcript-2026-04-05-1-SwiftTagDocumentReopenFix:segment-004,134,1.0,1.0,False,True,reviewed-include,,,plan-34-v1,semantic match,1772059de41659fdedea36ae94a3a0ff25b860800720700244638a402da09682,
commit,bc1eaf01993b5f6ef2cc64eef0f6dd4fe66824de,transcript,transcript-2026-04-05-1-SwiftTagDocumentReopenFix,work,reviewed-segment,transcript-2026-04-05-1-SwiftTagDocumentReopenFix:segment-005,175,1.0,1.0,False,True,reviewed-include,,,plan-34-v1,semantic match,1772059de41659fdedea36ae94a3a0ff25b860800720700244638a402da09682,
commit,bc1eaf01993b5f6ef2cc64eef0f6dd4fe66824de,transcript,transcript-2026-04-05-1-SwiftTagDocumentReopenFix,work,reviewed-segment,transcript-2026-04-05-1-SwiftTagDocumentReopenFix:segment-006,237,1.0,1.0,False,True,reviewed-include,,,plan-34-v1,semantic match,1772059de41659fdedea36ae94a3a0ff25b860800720700244638a402da09682,
plan,16,transcript,transcript-2026-04-05-1-SwiftTagDocumentReopenFix,implementation,reviewed-segment,transcript-2026-04-05-1-SwiftTagDocumentReopenFix:segment-001,12,1.0,1.0,False,True,reviewed-include,,,plan-34-v1,semantic match,1772059de41659fdedea36ae94a3a0ff25b860800720700244638a402da09682,
plan,16,transcript,transcript-2026-04-05-1-SwiftTagDocumentReopenFix,implementation,reviewed-segment,transcript-2026-04-05-1-SwiftTagDocumentReopenFix:segment-002,38,1.0,1.0,False,True,reviewed-include,,,plan-34-v1,semantic match,1772059de41659fdedea36ae94a3a0ff25b860800720700244638a402da09682,
plan,16,transcript,transcript-2026-04-05-1-SwiftTagDocumentReopenFix,implementation,reviewed-segment,transcript-2026-04-05-1-SwiftTagDocumentReopenFix:segment-003,68,1.0,1.0,False,True,reviewed-include,,,plan-34-v1,semantic match,1772059de41659fdedea36ae94a3a0ff25b860800720700244638a402da09682,
plan,16,transcript,transcript-2026-04-05-1-SwiftTagDocumentReopenFix,implementation,reviewed-segment,transcript-2026-04-05-1-SwiftTagDocumentReopenFix:segment-004,134,1.0,1.0,False,True,reviewed-include,,,plan-34-v1,semantic match,1772059de41659fdedea36ae94a3a0ff25b860800720700244638a402da09682,
plan,16,transcript,transcript-2026-04-05-1-SwiftTagDocumentReopenFix,implementation,reviewed-segment,transcript-2026-04-05-1-SwiftTagDocumentReopenFix:segment-005,175,1.0,1.0,False,True,reviewed-include,,,plan-34-v1,semantic match,1772059de41659fdedea36ae94a3a0ff25b860800720700244638a402da09682,
plan,16,transcript,transcript-2026-04-05-1-SwiftTagDocumentReopenFix,implementation,reviewed-segment,transcript-2026-04-05-1-SwiftTagDocumentReopenFix:segment-006,237,1.0,1.0,False,True,reviewed-include,,,plan-34-v1,semantic match,1772059de41659fdedea36ae94a3a0ff25b860800720700244638a402da09682,
commit,575c54bdaeb6d9eda3326eedccc6e2395422094e,transcript,transcript-2026-04-05-2-AddFlacStatusUpdateFix,work,reviewed-segment,transcript-2026-04-05-2-AddFlacStatusUpdateFix:segment-001,12,1.0,1.0,False,True,reviewed-include,,,plan-34-v1,semantic match,64944f6d5ec51db2dfaf0619fca1222e8ef905d1904d133c7fc6b0d5d564eed4,
commit,575c54bdaeb6d9eda3326eedccc6e2395422094e,transcript,transcript-2026-04-05-2-AddFlacStatusUpdateFix,work,reviewed-segment,transcript-2026-04-05-2-AddFlacStatusUpdateFix:segment-002,54,1.0,1.0,False,True,reviewed-include,,,plan-34-v1,semantic match,64944f6d5ec51db2dfaf0619fca1222e8ef905d1904d133c7fc6b0d5d564eed4,
commit,575c54bdaeb6d9eda3326eedccc6e2395422094e,transcript,transcript-2026-04-05-2-AddFlacStatusUpdateFix,work,reviewed-segment,transcript-2026-04-05-2-AddFlacStatusUpdateFix:segment-003,66,1.0,1.0,False,True,reviewed-include,,,plan-34-v1,semantic match,64944f6d5ec51db2dfaf0619fca1222e8ef905d1904d133c7fc6b0d5d564eed4,
commit,575c54bdaeb6d9eda3326eedccc6e2395422094e,transcript,transcript-2026-04-05-2-AddFlacStatusUpdateFix,work,reviewed-segment,transcript-2026-04-05-2-AddFlacStatusUpdateFix:segment-004,84,1.0,1.0,False,True,reviewed-include,,,plan-34-v1,semantic match,64944f6d5ec51db2dfaf0619fca1222e8ef905d1904d133c7fc6b0d5d564eed4,
commit,575c54bdaeb6d9eda3326eedccc6e2395422094e,transcript,transcript-2026-04-05-2-AddFlacStatusUpdateFix,work,reviewed-segment,transcript-2026-04-05-2-AddFlacStatusUpdateFix:segment-005,96,1.0,1.0,False,True,reviewed-include,,,plan-34-v1,semantic match,64944f6d5ec51db2dfaf0619fca1222e8ef905d1904d133c7fc6b0d5d564eed4,
commit,575c54bdaeb6d9eda3326eedccc6e2395422094e,transcript,transcript-2026-04-05-2-AddFlacStatusUpdateFix,work,reviewed-segment,transcript-2026-04-05-2-AddFlacStatusUpdateFix:segment-006,126,1.0,1.0,False,True,reviewed-include,,,plan-34-v1,semantic match,64944f6d5ec51db2dfaf0619fca1222e8ef905d1904d133c7fc6b0d5d564eed4,
commit,575c54bdaeb6d9eda3326eedccc6e2395422094e,transcript,transcript-2026-04-05-2-AddFlacStatusUpdateFix,work,reviewed-segment,transcript-2026-04-05-2-AddFlacStatusUpdateFix:segment-007,152,1.0,1.0,False,True,reviewed-include,,,plan-34-v1,semantic match,64944f6d5ec51db2dfaf0619fca1222e8ef905d1904d133c7fc6b0d5d564eed4,
commit,575c54bdaeb6d9eda3326eedccc6e2395422094e,transcript,transcript-2026-04-05-2-AddFlacStatusUpdateFix,work,reviewed-segment,transcript-2026-04-05-2-AddFlacStatusUpdateFix:segment-008,171,1.0,1.0,False,True,reviewed-include,,,plan-34-v1,semantic match,64944f6d5ec51db2dfaf0619fca1222e8ef905d1904d133c7fc6b0d5d564eed4,
commit,41e60a87d8b66f2a9ba012f5c5d11b525ab7c759,transcript,transcript-2026-04-06-1-18-UpdateWindowTitleText,work,reviewed-segment,transcript-2026-04-06-1-18-UpdateWindowTitleText:segment-001,12,1.0,1.0,False,True,reviewed-include,,,plan-34-v1,"Commit creates Plan 18 and contains title/navigation implementation, tests, and follow-up fixes described across transcript.",9d2bb341806e42b5563f563f3ba9b6c8baf69defeba03c10423b825103ca2772,
commit,41e60a87d8b66f2a9ba012f5c5d11b525ab7c759,transcript,transcript-2026-04-06-1-18-UpdateWindowTitleText,work,reviewed-segment,transcript-2026-04-06-1-18-UpdateWindowTitleText:segment-002,50,1.0,1.0,False,True,reviewed-include,,,plan-34-v1,"Commit creates Plan 18 and contains title/navigation implementation, tests, and follow-up fixes described across transcript.",9d2bb341806e42b5563f563f3ba9b6c8baf69defeba03c10423b825103ca2772,
commit,41e60a87d8b66f2a9ba012f5c5d11b525ab7c759,transcript,transcript-2026-04-06-1-18-UpdateWindowTitleText,work,reviewed-segment,transcript-2026-04-06-1-18-UpdateWindowTitleText:segment-003,77,1.0,1.0,False,True,reviewed-include,,,plan-34-v1,"Commit creates Plan 18 and contains title/navigation implementation, tests, and follow-up fixes described across transcript.",9d2bb341806e42b5563f563f3ba9b6c8baf69defeba03c10423b825103ca2772,
commit,41e60a87d8b66f2a9ba012f5c5d11b525ab7c759,transcript,transcript-2026-04-06-1-18-UpdateWindowTitleText,work,reviewed-segment,transcript-2026-04-06-1-18-UpdateWindowTitleText:segment-004,109,1.0,1.0,False,True,reviewed-include,,,plan-34-v1,"Commit creates Plan 18 and contains title/navigation implementation, tests, and follow-up fixes described across transcript.",9d2bb341806e42b5563f563f3ba9b6c8baf69defeba03c10423b825103ca2772,
commit,41e60a87d8b66f2a9ba012f5c5d11b525ab7c759,transcript,transcript-2026-04-06-1-18-UpdateWindowTitleText,work,reviewed-segment,transcript-2026-04-06-1-18-UpdateWindowTitleText:segment-005,129,1.0,1.0,False,True,reviewed-include,,,plan-34-v1,"Commit creates Plan 18 and contains title/navigation implementation, tests, and follow-up fixes described across transcript.",9d2bb341806e42b5563f563f3ba9b6c8baf69defeba03c10423b825103ca2772,
commit,41e60a87d8b66f2a9ba012f5c5d11b525ab7c759,transcript,transcript-2026-04-06-1-18-UpdateWindowTitleText,work,reviewed-segment,transcript-2026-04-06-1-18-UpdateWindowTitleText:segment-006,169,1.0,1.0,False,True,reviewed-include,,,plan-34-v1,"Commit creates Plan 18 and contains title/navigation implementation, tests, and follow-up fixes described across transcript.",9d2bb341806e42b5563f563f3ba9b6c8baf69defeba03c10423b825103ca2772,
commit,41e60a87d8b66f2a9ba012f5c5d11b525ab7c759,transcript,transcript-2026-04-06-1-18-UpdateWindowTitleText,work,reviewed-segment,transcript-2026-04-06-1-18-UpdateWindowTitleText:segment-007,189,1.0,1.0,False,True,reviewed-include,,,plan-34-v1,"Commit creates Plan 18 and contains title/navigation implementation, tests, and follow-up fixes described across transcript.",9d2bb341806e42b5563f563f3ba9b6c8baf69defeba03c10423b825103ca2772,
commit,41e60a87d8b66f2a9ba012f5c5d11b525ab7c759,transcript,transcript-2026-04-06-1-18-UpdateWindowTitleText,work,reviewed-segment,transcript-2026-04-06-1-18-UpdateWindowTitleText:segment-008,241,1.0,1.0,False,True,reviewed-include,,,plan-34-v1,"Commit creates Plan 18 and contains title/navigation implementation, tests, and follow-up fixes described across transcript.",9d2bb341806e42b5563f563f3ba9b6c8baf69defeba03c10423b825103ca2772,
commit,41e60a87d8b66f2a9ba012f5c5d11b525ab7c759,transcript,transcript-2026-04-06-1-18-UpdateWindowTitleText,work,reviewed-segment,transcript-2026-04-06-1-18-UpdateWindowTitleText:segment-009,261,1.0,1.0,False,True,reviewed-include,,,plan-34-v1,"Commit creates Plan 18 and contains title/navigation implementation, tests, and follow-up fixes described across transcript.",9d2bb341806e42b5563f563f3ba9b6c8baf69defeba03c10423b825103ca2772,
commit,41e60a87d8b66f2a9ba012f5c5d11b525ab7c759,transcript,transcript-2026-04-06-1-18-UpdateWindowTitleText,work,reviewed-segment,transcript-2026-04-06-1-18-UpdateWindowTitleText:segment-010,279,1.0,1.0,False,True,reviewed-include,,,plan-34-v1,"Commit creates Plan 18 and contains title/navigation implementation, tests, and follow-up fixes described across transcript.",9d2bb341806e42b5563f563f3ba9b6c8baf69defeba03c10423b825103ca2772,
commit,41e60a87d8b66f2a9ba012f5c5d11b525ab7c759,transcript,transcript-2026-04-06-1-18-UpdateWindowTitleText,work,reviewed-segment,transcript-2026-04-06-1-18-UpdateWindowTitleText:segment-011,291,1.0,1.0,False,True,reviewed-include,,,plan-34-v1,"Commit creates Plan 18 and contains title/navigation implementation, tests, and follow-up fixes described across transcript.",9d2bb341806e42b5563f563f3ba9b6c8baf69defeba03c10423b825103ca2772,
commit,41e60a87d8b66f2a9ba012f5c5d11b525ab7c759,transcript,transcript-2026-04-06-1-18-UpdateWindowTitleText,work,reviewed-segment,transcript-2026-04-06-1-18-UpdateWindowTitleText:segment-012,321,1.0,1.0,False,True,reviewed-include,,,plan-34-v1,"Commit creates Plan 18 and contains title/navigation implementation, tests, and follow-up fixes described across transcript.",9d2bb341806e42b5563f563f3ba9b6c8baf69defeba03c10423b825103ca2772,
plan,18,transcript,transcript-2026-04-06-1-18-UpdateWindowTitleText,direct,reviewed-segment,transcript-2026-04-06-1-18-UpdateWindowTitleText:segment-001,12,1.0,1.0,True,False,reviewed-include,,,plan-34-v1,"Plan drafting, clarification, test additions, and deferred TODO authoring.",9d2bb341806e42b5563f563f3ba9b6c8baf69defeba03c10423b825103ca2772,
plan,18,transcript,transcript-2026-04-06-1-18-UpdateWindowTitleText,direct,reviewed-segment,transcript-2026-04-06-1-18-UpdateWindowTitleText:segment-002,50,1.0,1.0,True,False,reviewed-include,,,plan-34-v1,"Plan drafting, clarification, test additions, and deferred TODO authoring.",9d2bb341806e42b5563f563f3ba9b6c8baf69defeba03c10423b825103ca2772,
plan,18,transcript,transcript-2026-04-06-1-18-UpdateWindowTitleText,direct,reviewed-segment,transcript-2026-04-06-1-18-UpdateWindowTitleText:segment-003,77,1.0,1.0,True,False,reviewed-include,,,plan-34-v1,"Plan drafting, clarification, test additions, and deferred TODO authoring.",9d2bb341806e42b5563f563f3ba9b6c8baf69defeba03c10423b825103ca2772,
plan,18,transcript,transcript-2026-04-06-1-18-UpdateWindowTitleText,direct,reviewed-segment,transcript-2026-04-06-1-18-UpdateWindowTitleText:segment-004,109,1.0,1.0,True,False,reviewed-include,,,plan-34-v1,"Plan drafting, clarification, test additions, and deferred TODO authoring.",9d2bb341806e42b5563f563f3ba9b6c8baf69defeba03c10423b825103ca2772,
plan,18,transcript,transcript-2026-04-06-1-18-UpdateWindowTitleText,implementation,reviewed-segment,transcript-2026-04-06-1-18-UpdateWindowTitleText:segment-005,129,1.0,1.0,False,True,reviewed-include,,,plan-34-v1,Plan 18 implementation and regression verification.,9d2bb341806e42b5563f563f3ba9b6c8baf69defeba03c10423b825103ca2772,
plan,18,transcript,transcript-2026-04-06-1-18-UpdateWindowTitleText,implementation,reviewed-segment,transcript-2026-04-06-1-18-UpdateWindowTitleText:segment-006,169,1.0,1.0,False,True,reviewed-include,,,plan-34-v1,Plan 18 implementation and regression verification.,9d2bb341806e42b5563f563f3ba9b6c8baf69defeba03c10423b825103ca2772,
plan,18,transcript,transcript-2026-04-06-1-18-UpdateWindowTitleText,implementation,reviewed-segment,transcript-2026-04-06-1-18-UpdateWindowTitleText:segment-007,189,1.0,1.0,False,True,reviewed-include,,,plan-34-v1,Plan 18 implementation and regression verification.,9d2bb341806e42b5563f563f3ba9b6c8baf69defeba03c10423b825103ca2772,
plan,18,transcript,transcript-2026-04-06-1-18-UpdateWindowTitleText,implementation,reviewed-segment,transcript-2026-04-06-1-18-UpdateWindowTitleText:segment-008,241,1.0,1.0,False,True,reviewed-include,,,plan-34-v1,Plan 18 implementation and regression verification.,9d2bb341806e42b5563f563f3ba9b6c8baf69defeba03c10423b825103ca2772,
plan,18,transcript,transcript-2026-04-06-1-18-UpdateWindowTitleText,implementation,reviewed-segment,transcript-2026-04-06-1-18-UpdateWindowTitleText:segment-009,261,1.0,1.0,False,True,reviewed-include,,,plan-34-v1,Plan 18 implementation and regression verification.,9d2bb341806e42b5563f563f3ba9b6c8baf69defeba03c10423b825103ca2772,
plan,18,transcript,transcript-2026-04-06-1-18-UpdateWindowTitleText,implementation,reviewed-segment,transcript-2026-04-06-1-18-UpdateWindowTitleText:segment-010,279,1.0,1.0,False,True,reviewed-include,,,plan-34-v1,Plan 18 implementation and regression verification.,9d2bb341806e42b5563f563f3ba9b6c8baf69defeba03c10423b825103ca2772,
plan,18,transcript,transcript-2026-04-06-1-18-UpdateWindowTitleText,implementation,reviewed-segment,transcript-2026-04-06-1-18-UpdateWindowTitleText:segment-011,291,1.0,1.0,False,True,reviewed-include,,,plan-34-v1,Plan 18 implementation and regression verification.,9d2bb341806e42b5563f563f3ba9b6c8baf69defeba03c10423b825103ca2772,
plan,18,transcript,transcript-2026-04-06-1-18-UpdateWindowTitleText,implementation,reviewed-segment,transcript-2026-04-06-1-18-UpdateWindowTitleText:segment-012,321,1.0,1.0,False,True,reviewed-include,,,plan-34-v1,Plan 18 implementation and regression verification.,9d2bb341806e42b5563f563f3ba9b6c8baf69defeba03c10423b825103ca2772,
commit,a41be8a2ef85b234f33f4003a47fd3d0117b6e83,transcript,transcript-2026-04-06-2-ReuseEmptyEditorIssue,work,reviewed-segment,transcript-2026-04-06-2-ReuseEmptyEditorIssue:segment-001,12,0.95,1.0,False,True,reviewed-include,,,plan-34-v1,Investigation establishes failed empty-window reuse approach and leads directly to routing policy committed with both transcripts.,cdb4e977e1acfb7f7a495f444bb59dd83c2d17c69145e076a2fda4cee3090f42,
commit,a41be8a2ef85b234f33f4003a47fd3d0117b6e83,transcript,transcript-2026-04-06-2-ReuseEmptyEditorIssue,work,reviewed-segment,transcript-2026-04-06-2-ReuseEmptyEditorIssue:segment-002,59,0.95,1.0,False,True,reviewed-include,,,plan-34-v1,Investigation establishes failed empty-window reuse approach and leads directly to routing policy committed with both transcripts.,cdb4e977e1acfb7f7a495f444bb59dd83c2d17c69145e076a2fda4cee3090f42,
commit,a41be8a2ef85b234f33f4003a47fd3d0117b6e83,transcript,transcript-2026-04-06-2-ReuseEmptyEditorIssue,work,reviewed-segment,transcript-2026-04-06-2-ReuseEmptyEditorIssue:segment-003,89,0.95,1.0,False,True,reviewed-include,,,plan-34-v1,Investigation establishes failed empty-window reuse approach and leads directly to routing policy committed with both transcripts.,cdb4e977e1acfb7f7a495f444bb59dd83c2d17c69145e076a2fda4cee3090f42,
commit,a41be8a2ef85b234f33f4003a47fd3d0117b6e83,transcript,transcript-2026-04-06-2-ReuseEmptyEditorIssue,work,reviewed-segment,transcript-2026-04-06-2-ReuseEmptyEditorIssue:segment-004,105,0.95,1.0,False,True,reviewed-include,,,plan-34-v1,Investigation establishes failed empty-window reuse approach and leads directly to routing policy committed with both transcripts.,cdb4e977e1acfb7f7a495f444bb59dd83c2d17c69145e076a2fda4cee3090f42,
commit,a41be8a2ef85b234f33f4003a47fd3d0117b6e83,transcript,transcript-2026-04-06-2-ReuseEmptyEditorIssue,work,reviewed-segment,transcript-2026-04-06-2-ReuseEmptyEditorIssue:segment-005,178,0.95,1.0,False,True,reviewed-include,,,plan-34-v1,Investigation establishes failed empty-window reuse approach and leads directly to routing policy committed with both transcripts.,cdb4e977e1acfb7f7a495f444bb59dd83c2d17c69145e076a2fda4cee3090f42,
commit,a41be8a2ef85b234f33f4003a47fd3d0117b6e83,transcript,transcript-2026-04-06-2-ReuseEmptyEditorIssue,work,reviewed-segment,transcript-2026-04-06-2-ReuseEmptyEditorIssue:segment-006,215,0.95,1.0,False,True,reviewed-include,,,plan-34-v1,Investigation establishes failed empty-window reuse approach and leads directly to routing policy committed with both transcripts.,cdb4e977e1acfb7f7a495f444bb59dd83c2d17c69145e076a2fda4cee3090f42,
commit,a41be8a2ef85b234f33f4003a47fd3d0117b6e83,transcript,transcript-2026-04-06-3-ReuseEmptyEditorIssue,work,reviewed-segment,transcript-2026-04-06-3-ReuseEmptyEditorIssue:segment-001,12,1.0,1.0,False,True,reviewed-include,,,plan-34-v1,Segments match routing policy and UI-test updates in commit.,8c683158c0059b4a200ee8db88d6850ae376012d319d8c9e3df2c094209d2466,
commit,a41be8a2ef85b234f33f4003a47fd3d0117b6e83,transcript,transcript-2026-04-06-3-ReuseEmptyEditorIssue,work,reviewed-segment,transcript-2026-04-06-3-ReuseEmptyEditorIssue:segment-002,50,1.0,1.0,False,True,reviewed-include,,,plan-34-v1,Segments match routing policy and UI-test updates in commit.,8c683158c0059b4a200ee8db88d6850ae376012d319d8c9e3df2c094209d2466,
commit,19369540b1a2f92b3ab4fd1cedb4db7cefe41498,transcript,transcript-2026-04-06-4-TestBugFixes,work,reviewed-segment,transcript-2026-04-06-4-TestBugFixes:segment-001,12,1.0,1.0,False,True,reviewed-include,,,plan-34-v1,"Commit body enumerates queued Finder opens, title focus, inspector cleanup, and actor-warning fixes in transcript.",c3b951bdbbe608f312389fb1832bf41f2ff6d259860f9163cdf419e38d9dc7b6,
commit,19369540b1a2f92b3ab4fd1cedb4db7cefe41498,transcript,transcript-2026-04-06-4-TestBugFixes,work,reviewed-segment,transcript-2026-04-06-4-TestBugFixes:segment-002,38,1.0,1.0,False,True,reviewed-include,,,plan-34-v1,"Commit body enumerates queued Finder opens, title focus, inspector cleanup, and actor-warning fixes in transcript.",c3b951bdbbe608f312389fb1832bf41f2ff6d259860f9163cdf419e38d9dc7b6,
commit,19369540b1a2f92b3ab4fd1cedb4db7cefe41498,transcript,transcript-2026-04-06-4-TestBugFixes,work,reviewed-segment,transcript-2026-04-06-4-TestBugFixes:segment-003,82,1.0,1.0,False,True,reviewed-include,,,plan-34-v1,"Commit body enumerates queued Finder opens, title focus, inspector cleanup, and actor-warning fixes in transcript.",c3b951bdbbe608f312389fb1832bf41f2ff6d259860f9163cdf419e38d9dc7b6,
commit,19369540b1a2f92b3ab4fd1cedb4db7cefe41498,transcript,transcript-2026-04-06-4-TestBugFixes,work,reviewed-segment,transcript-2026-04-06-4-TestBugFixes:segment-004,107,1.0,1.0,False,True,reviewed-include,,,plan-34-v1,"Commit body enumerates queued Finder opens, title focus, inspector cleanup, and actor-warning fixes in transcript.",c3b951bdbbe608f312389fb1832bf41f2ff6d259860f9163cdf419e38d9dc7b6,
commit,19369540b1a2f92b3ab4fd1cedb4db7cefe41498,transcript,transcript-2026-04-06-4-TestBugFixes,work,reviewed-segment,transcript-2026-04-06-4-TestBugFixes:segment-005,129,1.0,1.0,False,True,reviewed-include,,,plan-34-v1,"Commit body enumerates queued Finder opens, title focus, inspector cleanup, and actor-warning fixes in transcript.",c3b951bdbbe608f312389fb1832bf41f2ff6d259860f9163cdf419e38d9dc7b6,
commit,ac6148bb93aa6651ba5884d968f1821e107eef34,transcript,transcript-2026-04-07-1-TrackFileMonitoringFix,work,reviewed-segment,transcript-2026-04-07-1-TrackFileMonitoringFix:segment-001,12,1.0,1.0,False,True,reviewed-include,,,plan-34-v1,All segments investigate and fix bookmark-backed rename/delete monitoring committed in ac6148b.,b38cadbde1c78e7bc43b7138fbfc797af6220662c65bfeb1ebe6c6cfb6e30eed,
commit,ac6148bb93aa6651ba5884d968f1821e107eef34,transcript,transcript-2026-04-07-1-TrackFileMonitoringFix,work,reviewed-segment,transcript-2026-04-07-1-TrackFileMonitoringFix:segment-002,52,1.0,1.0,False,True,reviewed-include,,,plan-34-v1,All segments investigate and fix bookmark-backed rename/delete monitoring committed in ac6148b.,b38cadbde1c78e7bc43b7138fbfc797af6220662c65bfeb1ebe6c6cfb6e30eed,
commit,ac6148bb93aa6651ba5884d968f1821e107eef34,transcript,transcript-2026-04-07-1-TrackFileMonitoringFix,work,reviewed-segment,transcript-2026-04-07-1-TrackFileMonitoringFix:segment-003,122,1.0,1.0,False,True,reviewed-include,,,plan-34-v1,All segments investigate and fix bookmark-backed rename/delete monitoring committed in ac6148b.,b38cadbde1c78e7bc43b7138fbfc797af6220662c65bfeb1ebe6c6cfb6e30eed,
commit,ac6148bb93aa6651ba5884d968f1821e107eef34,transcript,transcript-2026-04-07-1-TrackFileMonitoringFix,work,reviewed-segment,transcript-2026-04-07-1-TrackFileMonitoringFix:segment-004,168,1.0,1.0,False,True,reviewed-include,,,plan-34-v1,All segments investigate and fix bookmark-backed rename/delete monitoring committed in ac6148b.,b38cadbde1c78e7bc43b7138fbfc797af6220662c65bfeb1ebe6c6cfb6e30eed,
commit,ac6148bb93aa6651ba5884d968f1821e107eef34,transcript,transcript-2026-04-07-1-TrackFileMonitoringFix,work,reviewed-segment,transcript-2026-04-07-1-TrackFileMonitoringFix:segment-005,190,1.0,1.0,False,True,reviewed-include,,,plan-34-v1,All segments investigate and fix bookmark-backed rename/delete monitoring committed in ac6148b.,b38cadbde1c78e7bc43b7138fbfc797af6220662c65bfeb1ebe6c6cfb6e30eed,
commit,ac6148bb93aa6651ba5884d968f1821e107eef34,transcript,transcript-2026-04-07-1-TrackFileMonitoringFix,work,reviewed-segment,transcript-2026-04-07-1-TrackFileMonitoringFix:segment-006,221,1.0,1.0,False,True,reviewed-include,,,plan-34-v1,All segments investigate and fix bookmark-backed rename/delete monitoring committed in ac6148b.,b38cadbde1c78e7bc43b7138fbfc797af6220662c65bfeb1ebe6c6cfb6e30eed,
commit,ec63010015b0d8b4b08f578fb82c8526ce872cc6,transcript,transcript-2026-04-07-2-DocumentPictureDiffFix,work,reviewed-segment,transcript-2026-04-07-2-DocumentPictureDiffFix:segment-001,12,1.0,1.0,False,True,reviewed-include,,,plan-34-v1,"Segments reproduce, safely rerun, and correct equivalent multi-picture ordering regression.",3e9e9b2c37a9ce3399edfb4f45f3a93e599a0925ba72dbe41a56a5a5b536dd54,
commit,ec63010015b0d8b4b08f578fb82c8526ce872cc6,transcript,transcript-2026-04-07-2-DocumentPictureDiffFix,work,reviewed-segment,transcript-2026-04-07-2-DocumentPictureDiffFix:segment-002,57,1.0,1.0,False,True,reviewed-include,,,plan-34-v1,"Segments reproduce, safely rerun, and correct equivalent multi-picture ordering regression.",3e9e9b2c37a9ce3399edfb4f45f3a93e599a0925ba72dbe41a56a5a5b536dd54,
commit,ec63010015b0d8b4b08f578fb82c8526ce872cc6,transcript,transcript-2026-04-07-2-DocumentPictureDiffFix,work,reviewed-segment,transcript-2026-04-07-2-DocumentPictureDiffFix:segment-003,79,1.0,1.0,False,True,reviewed-include,,,plan-34-v1,"Segments reproduce, safely rerun, and correct equivalent multi-picture ordering regression.",3e9e9b2c37a9ce3399edfb4f45f3a93e599a0925ba72dbe41a56a5a5b536dd54,
commit,ec63010015b0d8b4b08f578fb82c8526ce872cc6,transcript,transcript-2026-04-07-2-DocumentPictureDiffFix,work,reviewed-segment,transcript-2026-04-07-2-DocumentPictureDiffFix:segment-004,101,1.0,1.0,False,True,reviewed-include,,,plan-34-v1,"Segments reproduce, safely rerun, and correct equivalent multi-picture ordering regression.",3e9e9b2c37a9ce3399edfb4f45f3a93e599a0925ba72dbe41a56a5a5b536dd54,
commit,27b4d85ec22c4165acb415ef3929bd10d4c35202,transcript,transcript-2026-04-07-3-19-AddSwiftTagDocumentSaveOptions,work,reviewed-segment,transcript-2026-04-07-3-19-AddSwiftTagDocumentSaveOptions:segment-001,12,1.0,1.0,False,True,reviewed-include,,,plan-34-v1,"Commit contains settings seam, Plan 19, implementation, and UI-dialog test fixes.",7478bd386d1269fdbac61d3f52f4a4a8a23d0ccdb3a0c5aff5f99f7f5053a48f,
commit,27b4d85ec22c4165acb415ef3929bd10d4c35202,transcript,transcript-2026-04-07-3-19-AddSwiftTagDocumentSaveOptions,work,reviewed-segment,transcript-2026-04-07-3-19-AddSwiftTagDocumentSaveOptions:segment-002,54,1.0,1.0,False,True,reviewed-include,,,plan-34-v1,"Commit contains settings seam, Plan 19, implementation, and UI-dialog test fixes.",7478bd386d1269fdbac61d3f52f4a4a8a23d0ccdb3a0c5aff5f99f7f5053a48f,
commit,27b4d85ec22c4165acb415ef3929bd10d4c35202,transcript,transcript-2026-04-07-3-19-AddSwiftTagDocumentSaveOptions,work,reviewed-segment,transcript-2026-04-07-3-19-AddSwiftTagDocumentSaveOptions:segment-003,127,1.0,1.0,False,True,reviewed-include,,,plan-34-v1,"Commit contains settings seam, Plan 19, implementation, and UI-dialog test fixes.",7478bd386d1269fdbac61d3f52f4a4a8a23d0ccdb3a0c5aff5f99f7f5053a48f,
commit,27b4d85ec22c4165acb415ef3929bd10d4c35202,transcript,transcript-2026-04-07-3-19-AddSwiftTagDocumentSaveOptions,work,reviewed-segment,transcript-2026-04-07-3-19-AddSwiftTagDocumentSaveOptions:segment-004,207,1.0,1.0,False,True,reviewed-include,,,plan-34-v1,"Commit contains settings seam, Plan 19, implementation, and UI-dialog test fixes.",7478bd386d1269fdbac61d3f52f4a4a8a23d0ccdb3a0c5aff5f99f7f5053a48f,
commit,27b4d85ec22c4165acb415ef3929bd10d4c35202,transcript,transcript-2026-04-07-3-19-AddSwiftTagDocumentSaveOptions,work,reviewed-segment,transcript-2026-04-07-3-19-AddSwiftTagDocumentSaveOptions:segment-005,241,1.0,1.0,False,True,reviewed-include,,,plan-34-v1,"Commit contains settings seam, Plan 19, implementation, and UI-dialog test fixes.",7478bd386d1269fdbac61d3f52f4a4a8a23d0ccdb3a0c5aff5f99f7f5053a48f,
commit,27b4d85ec22c4165acb415ef3929bd10d4c35202,transcript,transcript-2026-04-07-3-19-AddSwiftTagDocumentSaveOptions,work,reviewed-segment,transcript-2026-04-07-3-19-AddSwiftTagDocumentSaveOptions:segment-006,274,1.0,1.0,False,True,reviewed-include,,,plan-34-v1,"Commit contains settings seam, Plan 19, implementation, and UI-dialog test fixes.",7478bd386d1269fdbac61d3f52f4a4a8a23d0ccdb3a0c5aff5f99f7f5053a48f,
plan,19,transcript,transcript-2026-04-07-3-19-AddSwiftTagDocumentSaveOptions,direct,reviewed-segment,transcript-2026-04-07-3-19-AddSwiftTagDocumentSaveOptions:segment-002,54,1.0,1.0,True,False,reviewed-include,,,plan-34-v1,Plan 19 authoring.,7478bd386d1269fdbac61d3f52f4a4a8a23d0ccdb3a0c5aff5f99f7f5053a48f,
plan,19,transcript,transcript-2026-04-07-3-19-AddSwiftTagDocumentSaveOptions,implementation,reviewed-segment,transcript-2026-04-07-3-19-AddSwiftTagDocumentSaveOptions:segment-001,12,1.0,1.0,False,True,reviewed-include,,,plan-34-v1,"Plan 19 prerequisite, implementation, and verification.",7478bd386d1269fdbac61d3f52f4a4a8a23d0ccdb3a0c5aff5f99f7f5053a48f,
plan,19,transcript,transcript-2026-04-07-3-19-AddSwiftTagDocumentSaveOptions,implementation,reviewed-segment,transcript-2026-04-07-3-19-AddSwiftTagDocumentSaveOptions:segment-003,127,1.0,1.0,False,True,reviewed-include,,,plan-34-v1,"Plan 19 prerequisite, implementation, and verification.",7478bd386d1269fdbac61d3f52f4a4a8a23d0ccdb3a0c5aff5f99f7f5053a48f,
plan,19,transcript,transcript-2026-04-07-3-19-AddSwiftTagDocumentSaveOptions,implementation,reviewed-segment,transcript-2026-04-07-3-19-AddSwiftTagDocumentSaveOptions:segment-004,207,1.0,1.0,False,True,reviewed-include,,,plan-34-v1,"Plan 19 prerequisite, implementation, and verification.",7478bd386d1269fdbac61d3f52f4a4a8a23d0ccdb3a0c5aff5f99f7f5053a48f,
plan,19,transcript,transcript-2026-04-07-3-19-AddSwiftTagDocumentSaveOptions,implementation,reviewed-segment,transcript-2026-04-07-3-19-AddSwiftTagDocumentSaveOptions:segment-005,241,1.0,1.0,False,True,reviewed-include,,,plan-34-v1,"Plan 19 prerequisite, implementation, and verification.",7478bd386d1269fdbac61d3f52f4a4a8a23d0ccdb3a0c5aff5f99f7f5053a48f,
plan,19,transcript,transcript-2026-04-07-3-19-AddSwiftTagDocumentSaveOptions,implementation,reviewed-segment,transcript-2026-04-07-3-19-AddSwiftTagDocumentSaveOptions:segment-006,274,1.0,1.0,False,True,reviewed-include,,,plan-34-v1,"Plan 19 prerequisite, implementation, and verification.",7478bd386d1269fdbac61d3f52f4a4a8a23d0ccdb3a0c5aff5f99f7f5053a48f,
commit,603c07621916ecd47e1a9faee08d8c32cd6eebdf,transcript,transcript-2026-04-08-1-20-AddSwiftTagDocumentSaveOptions,work,reviewed-segment,transcript-2026-04-08-1-20-AddSwiftTagDocumentSaveOptions:segment-001,12,1.0,1.0,False,True,reviewed-include,,,plan-34-v1,Commit creates Plan 20 and implements close/quit save choices and tests.,b654a9e12b309a8d93fc20b505b7397264d1c7e9777d8f98452a89f6524d5112,
commit,603c07621916ecd47e1a9faee08d8c32cd6eebdf,transcript,transcript-2026-04-08-1-20-AddSwiftTagDocumentSaveOptions,work,reviewed-segment,transcript-2026-04-08-1-20-AddSwiftTagDocumentSaveOptions:segment-002,54,1.0,1.0,False,True,reviewed-include,,,plan-34-v1,Commit creates Plan 20 and implements close/quit save choices and tests.,b654a9e12b309a8d93fc20b505b7397264d1c7e9777d8f98452a89f6524d5112,
commit,603c07621916ecd47e1a9faee08d8c32cd6eebdf,transcript,transcript-2026-04-08-1-20-AddSwiftTagDocumentSaveOptions,work,reviewed-segment,transcript-2026-04-08-1-20-AddSwiftTagDocumentSaveOptions:segment-003,75,1.0,1.0,False,True,reviewed-include,,,plan-34-v1,Commit creates Plan 20 and implements close/quit save choices and tests.,b654a9e12b309a8d93fc20b505b7397264d1c7e9777d8f98452a89f6524d5112,
commit,603c07621916ecd47e1a9faee08d8c32cd6eebdf,transcript,transcript-2026-04-08-1-20-AddSwiftTagDocumentSaveOptions,work,reviewed-segment,transcript-2026-04-08-1-20-AddSwiftTagDocumentSaveOptions:segment-004,120,1.0,1.0,False,True,reviewed-include,,,plan-34-v1,Commit creates Plan 20 and implements close/quit save choices and tests.,b654a9e12b309a8d93fc20b505b7397264d1c7e9777d8f98452a89f6524d5112,
plan,20,transcript,transcript-2026-04-08-1-20-AddSwiftTagDocumentSaveOptions,direct,reviewed-segment,transcript-2026-04-08-1-20-AddSwiftTagDocumentSaveOptions:segment-001,12,1.0,1.0,True,False,reviewed-include,,,plan-34-v1,Plan authoring and confirmed decisions.,b654a9e12b309a8d93fc20b505b7397264d1c7e9777d8f98452a89f6524d5112,
plan,20,transcript,transcript-2026-04-08-1-20-AddSwiftTagDocumentSaveOptions,direct,reviewed-segment,transcript-2026-04-08-1-20-AddSwiftTagDocumentSaveOptions:segment-002,54,1.0,1.0,True,False,reviewed-include,,,plan-34-v1,Plan authoring and confirmed decisions.,b654a9e12b309a8d93fc20b505b7397264d1c7e9777d8f98452a89f6524d5112,
plan,20,transcript,transcript-2026-04-08-1-20-AddSwiftTagDocumentSaveOptions,implementation,reviewed-segment,transcript-2026-04-08-1-20-AddSwiftTagDocumentSaveOptions:segment-003,75,1.0,1.0,False,True,reviewed-include,,,plan-34-v1,Plan 20 implementation and warning cleanup.,b654a9e12b309a8d93fc20b505b7397264d1c7e9777d8f98452a89f6524d5112,
plan,20,transcript,transcript-2026-04-08-1-20-AddSwiftTagDocumentSaveOptions,implementation,reviewed-segment,transcript-2026-04-08-1-20-AddSwiftTagDocumentSaveOptions:segment-004,120,1.0,1.0,False,True,reviewed-include,,,plan-34-v1,Plan 20 implementation and warning cleanup.,b654a9e12b309a8d93fc20b505b7397264d1c7e9777d8f98452a89f6524d5112,
commit,92460554b47e6062390266578964fe59fd5af784,transcript,transcript-2026-04-09-1-ExternalDifferenceDetectionFix,work,reviewed-segment,transcript-2026-04-09-1-ExternalDifferenceDetectionFix:segment-001,12,1.0,1.0,False,True,reviewed-include,,,plan-34-v1,Multi-window shared-FLAC regression and deterministic window harness match commit.,8db4e52f353756d7679d01e4a9725fe704c74296aed4943787ea9a10cbe5f9c2,
commit,92460554b47e6062390266578964fe59fd5af784,transcript,transcript-2026-04-09-1-ExternalDifferenceDetectionFix,work,reviewed-segment,transcript-2026-04-09-1-ExternalDifferenceDetectionFix:segment-002,98,1.0,1.0,False,True,reviewed-include,,,plan-34-v1,Multi-window shared-FLAC regression and deterministic window harness match commit.,8db4e52f353756d7679d01e4a9725fe704c74296aed4943787ea9a10cbe5f9c2,
commit,92460554b47e6062390266578964fe59fd5af784,transcript,transcript-2026-04-09-1-ExternalDifferenceDetectionFix,work,reviewed-segment,transcript-2026-04-09-1-ExternalDifferenceDetectionFix:segment-003,144,1.0,1.0,False,True,reviewed-include,,,plan-34-v1,Multi-window shared-FLAC regression and deterministic window harness match commit.,8db4e52f353756d7679d01e4a9725fe704c74296aed4943787ea9a10cbe5f9c2,
commit,096d27739611fe6d978a8e683283c1ec3de7c030,transcript,transcript-2026-04-09-2-21-AddSwiftTagDocumentBookmark,work,reviewed-segment,transcript-2026-04-09-2-21-AddSwiftTagDocumentBookmark:segment-001,12,1.0,1.0,False,True,reviewed-include,,,plan-34-v1,Exact URL/truncation request matches standalone preceding commit.,e91a0e93565f1bb094665a220cedfab5ae419a7cac975b835f26625687d6360d,
commit,561817a4bca220d705273d6744f1e5756cec418f,transcript,transcript-2026-04-09-2-21-AddSwiftTagDocumentBookmark,work,reviewed-segment,transcript-2026-04-09-2-21-AddSwiftTagDocumentBookmark:segment-002,48,1.0,1.0,False,True,reviewed-include,,,plan-34-v1,Plan 21 drafting and bookmark/security-scope implementation.,e91a0e93565f1bb094665a220cedfab5ae419a7cac975b835f26625687d6360d,
commit,561817a4bca220d705273d6744f1e5756cec418f,transcript,transcript-2026-04-09-2-21-AddSwiftTagDocumentBookmark,work,reviewed-segment,transcript-2026-04-09-2-21-AddSwiftTagDocumentBookmark:segment-003,99,1.0,1.0,False,True,reviewed-include,,,plan-34-v1,Plan 21 drafting and bookmark/security-scope implementation.,e91a0e93565f1bb094665a220cedfab5ae419a7cac975b835f26625687d6360d,
commit,561817a4bca220d705273d6744f1e5756cec418f,transcript,transcript-2026-04-09-2-21-AddSwiftTagDocumentBookmark,work,reviewed-segment,transcript-2026-04-09-2-21-AddSwiftTagDocumentBookmark:segment-004,153,1.0,1.0,False,True,reviewed-include,,,plan-34-v1,Plan 21 drafting and bookmark/security-scope implementation.,e91a0e93565f1bb094665a220cedfab5ae419a7cac975b835f26625687d6360d,
plan,21,transcript,transcript-2026-04-09-2-21-AddSwiftTagDocumentBookmark,direct,reviewed-segment,transcript-2026-04-09-2-21-AddSwiftTagDocumentBookmark:segment-002,48,1.0,1.0,True,False,reviewed-include,,,plan-34-v1,Plan 21 authoring.,e91a0e93565f1bb094665a220cedfab5ae419a7cac975b835f26625687d6360d,
plan,21,transcript,transcript-2026-04-09-2-21-AddSwiftTagDocumentBookmark,implementation,reviewed-segment,transcript-2026-04-09-2-21-AddSwiftTagDocumentBookmark:segment-003,99,1.0,1.0,False,True,reviewed-include,,,plan-34-v1,Plan 21 implementation and moved-document save fix.,e91a0e93565f1bb094665a220cedfab5ae419a7cac975b835f26625687d6360d,
plan,21,transcript,transcript-2026-04-09-2-21-AddSwiftTagDocumentBookmark,implementation,reviewed-segment,transcript-2026-04-09-2-21-AddSwiftTagDocumentBookmark:segment-004,153,1.0,1.0,False,True,reviewed-include,,,plan-34-v1,Plan 21 implementation and moved-document save fix.,e91a0e93565f1bb094665a220cedfab5ae419a7cac975b835f26625687d6360d,
commit,3c4cfff64ee127631152a551713977c1ad5a40dd,transcript,transcript-2026-04-10-1-LaunchOpenFlacOrDocFix,work,reviewed-segment,transcript-2026-04-10-1-LaunchOpenFlacOrDocFix:segment-001,12,1.0,1.0,False,True,reviewed-include,,,plan-34-v1,Exact Finder launch-window regression fixed by commit.,eb0cd50e7dcaf50b10e1e4d05dd17f6d31ee8c5e9050a43a172b655feaabebf0,
commit,4e470f0885282d2dfa9bcfc38252ea229589132c,transcript,transcript-2026-04-10-2-22-AddSwiftTagDocumentSaveOptions,work,reviewed-segment,transcript-2026-04-10-2-22-AddSwiftTagDocumentSaveOptions:segment-001,12,1.0,1.0,False,True,reviewed-include,,,plan-34-v1,Plan 22 creation and bookmark-URL track-list divergence implementation.,aa3eefd2d203c682fd9ea754b3a405319702eba631bf6c34b3c5e6225f35a63c,
commit,4e470f0885282d2dfa9bcfc38252ea229589132c,transcript,transcript-2026-04-10-2-22-AddSwiftTagDocumentSaveOptions,work,reviewed-segment,transcript-2026-04-10-2-22-AddSwiftTagDocumentSaveOptions:segment-002,64,1.0,1.0,False,True,reviewed-include,,,plan-34-v1,Plan 22 creation and bookmark-URL track-list divergence implementation.,aa3eefd2d203c682fd9ea754b3a405319702eba631bf6c34b3c5e6225f35a63c,
commit,4e470f0885282d2dfa9bcfc38252ea229589132c,transcript,transcript-2026-04-10-2-22-AddSwiftTagDocumentSaveOptions,work,reviewed-segment,transcript-2026-04-10-2-22-AddSwiftTagDocumentSaveOptions:segment-003,112,1.0,1.0,False,True,reviewed-include,,,plan-34-v1,Plan 22 creation and bookmark-URL track-list divergence implementation.,aa3eefd2d203c682fd9ea754b3a405319702eba631bf6c34b3c5e6225f35a63c,
plan,22,transcript,transcript-2026-04-10-2-22-AddSwiftTagDocumentSaveOptions,direct,reviewed-segment,transcript-2026-04-10-2-22-AddSwiftTagDocumentSaveOptions:segment-001,12,1.0,1.0,True,False,reviewed-include,,,plan-34-v1,Plan 22 authoring.,aa3eefd2d203c682fd9ea754b3a405319702eba631bf6c34b3c5e6225f35a63c,
plan,22,transcript,transcript-2026-04-10-2-22-AddSwiftTagDocumentSaveOptions,implementation,reviewed-segment,transcript-2026-04-10-2-22-AddSwiftTagDocumentSaveOptions:segment-002,64,1.0,1.0,False,True,reviewed-include,,,plan-34-v1,"Plan review, implementation, and comparator correction.",aa3eefd2d203c682fd9ea754b3a405319702eba631bf6c34b3c5e6225f35a63c,
plan,22,transcript,transcript-2026-04-10-2-22-AddSwiftTagDocumentSaveOptions,implementation,reviewed-segment,transcript-2026-04-10-2-22-AddSwiftTagDocumentSaveOptions:segment-003,112,1.0,1.0,False,True,reviewed-include,,,plan-34-v1,"Plan review, implementation, and comparator correction.",aa3eefd2d203c682fd9ea754b3a405319702eba631bf6c34b3c5e6225f35a63c,
commit,454258cb9db98ff57199e91810c74d771038a613,transcript,transcript-2026-04-10-3-AddSwiftTagDocumentSwiftTags,work,reviewed-segment,transcript-2026-04-10-3-AddSwiftTagDocumentSwiftTags:segment-001,12,1.0,1.0,False,True,reviewed-include,,,plan-34-v1,Exact noTracks removal request matches standalone commit.,5e667e2ca50137f737c1f593510ab99c15015d1aba8c6e32ae54d5409cf9a314,
commit,cfba5a1a7b93b8e01d1e1b806a8db413e207ae55,transcript,transcript-2026-04-10-3-AddSwiftTagDocumentSwiftTags,work,reviewed-segment,transcript-2026-04-10-3-AddSwiftTagDocumentSwiftTags:segment-002,50,1.0,1.0,False,True,reviewed-include,,,plan-34-v1,SwiftTags plist metadata implementation and tests match commit.,5e667e2ca50137f737c1f593510ab99c15015d1aba8c6e32ae54d5409cf9a314,
commit,cfba5a1a7b93b8e01d1e1b806a8db413e207ae55,transcript,transcript-2026-04-10-3-AddSwiftTagDocumentSwiftTags,work,reviewed-segment,transcript-2026-04-10-3-AddSwiftTagDocumentSwiftTags:segment-003,71,1.0,1.0,False,True,reviewed-include,,,plan-34-v1,SwiftTags plist metadata implementation and tests match commit.,5e667e2ca50137f737c1f593510ab99c15015d1aba8c6e32ae54d5409cf9a314,
commit,29c8eed7decacebe51ab53c9150e9b5b86cd9f3b,transcript,transcript-2026-04-10-4-CompilationDisabledAndDiffFix,work,reviewed-segment,transcript-2026-04-10-4-CompilationDisabledAndDiffFix:segment-001,12,1.0,1.0,False,True,reviewed-include,,,plan-34-v1,Disabled compilation checkbox diagnosis and locked-track fix match commit.,e4d8a35244bceaa3d375b43892342c0c370576155155bb7b3298c99ac8af5b05,
commit,29c8eed7decacebe51ab53c9150e9b5b86cd9f3b,transcript,transcript-2026-04-10-4-CompilationDisabledAndDiffFix,work,reviewed-segment,transcript-2026-04-10-4-CompilationDisabledAndDiffFix:segment-002,56,1.0,1.0,False,True,reviewed-include,,,plan-34-v1,Disabled compilation checkbox diagnosis and locked-track fix match commit.,e4d8a35244bceaa3d375b43892342c0c370576155155bb7b3298c99ac8af5b05,
commit,f195e03db1cd290792f99f8b880bb69995e28921,transcript,transcript-2026-04-11-1-23-AddSwiftTagDocumentQuickLook,work,reviewed-segment,transcript-2026-04-11-1-23-AddSwiftTagDocumentQuickLook:segment-001,12,1.0,1.0,False,True,reviewed-include,,,plan-34-v1,Commit creates Plan 23 and implements/refines Quick Look extension.,0ea852ec7d0a50c4c44945dc4ba2d816a3f88ec173276060829955577d111c1c,
commit,f195e03db1cd290792f99f8b880bb69995e28921,transcript,transcript-2026-04-11-1-23-AddSwiftTagDocumentQuickLook,work,reviewed-segment,transcript-2026-04-11-1-23-AddSwiftTagDocumentQuickLook:segment-002,80,1.0,1.0,False,True,reviewed-include,,,plan-34-v1,Commit creates Plan 23 and implements/refines Quick Look extension.,0ea852ec7d0a50c4c44945dc4ba2d816a3f88ec173276060829955577d111c1c,
commit,f195e03db1cd290792f99f8b880bb69995e28921,transcript,transcript-2026-04-11-1-23-AddSwiftTagDocumentQuickLook,work,reviewed-segment,transcript-2026-04-11-1-23-AddSwiftTagDocumentQuickLook:segment-003,164,1.0,1.0,False,True,reviewed-include,,,plan-34-v1,Commit creates Plan 23 and implements/refines Quick Look extension.,0ea852ec7d0a50c4c44945dc4ba2d816a3f88ec173276060829955577d111c1c,
commit,f195e03db1cd290792f99f8b880bb69995e28921,transcript,transcript-2026-04-11-1-23-AddSwiftTagDocumentQuickLook,work,reviewed-segment,transcript-2026-04-11-1-23-AddSwiftTagDocumentQuickLook:segment-004,208,1.0,1.0,False,True,reviewed-include,,,plan-34-v1,Commit creates Plan 23 and implements/refines Quick Look extension.,0ea852ec7d0a50c4c44945dc4ba2d816a3f88ec173276060829955577d111c1c,
commit,f195e03db1cd290792f99f8b880bb69995e28921,transcript,transcript-2026-04-11-1-23-AddSwiftTagDocumentQuickLook,work,reviewed-segment,transcript-2026-04-11-1-23-AddSwiftTagDocumentQuickLook:segment-005,236,1.0,1.0,False,True,reviewed-include,,,plan-34-v1,Commit creates Plan 23 and implements/refines Quick Look extension.,0ea852ec7d0a50c4c44945dc4ba2d816a3f88ec173276060829955577d111c1c,
plan,23,transcript,transcript-2026-04-11-1-23-AddSwiftTagDocumentQuickLook,direct,reviewed-segment,transcript-2026-04-11-1-23-AddSwiftTagDocumentQuickLook:segment-001,12,1.0,1.0,True,False,reviewed-include,,,plan-34-v1,Plan 23 authoring and Apple API research.,0ea852ec7d0a50c4c44945dc4ba2d816a3f88ec173276060829955577d111c1c,
plan,23,transcript,transcript-2026-04-11-1-23-AddSwiftTagDocumentQuickLook,implementation,reviewed-segment,transcript-2026-04-11-1-23-AddSwiftTagDocumentQuickLook:segment-002,80,1.0,1.0,False,True,reviewed-include,,,plan-34-v1,"Plan 23 implementation, test repair, size refinement, and bitmap reply conversion.",0ea852ec7d0a50c4c44945dc4ba2d816a3f88ec173276060829955577d111c1c,
plan,23,transcript,transcript-2026-04-11-1-23-AddSwiftTagDocumentQuickLook,implementation,reviewed-segment,transcript-2026-04-11-1-23-AddSwiftTagDocumentQuickLook:segment-003,164,1.0,1.0,False,True,reviewed-include,,,plan-34-v1,"Plan 23 implementation, test repair, size refinement, and bitmap reply conversion.",0ea852ec7d0a50c4c44945dc4ba2d816a3f88ec173276060829955577d111c1c,
plan,23,transcript,transcript-2026-04-11-1-23-AddSwiftTagDocumentQuickLook,implementation,reviewed-segment,transcript-2026-04-11-1-23-AddSwiftTagDocumentQuickLook:segment-004,208,1.0,1.0,False,True,reviewed-include,,,plan-34-v1,"Plan 23 implementation, test repair, size refinement, and bitmap reply conversion.",0ea852ec7d0a50c4c44945dc4ba2d816a3f88ec173276060829955577d111c1c,
plan,23,transcript,transcript-2026-04-11-1-23-AddSwiftTagDocumentQuickLook,implementation,reviewed-segment,transcript-2026-04-11-1-23-AddSwiftTagDocumentQuickLook:segment-005,236,1.0,1.0,False,True,reviewed-include,,,plan-34-v1,"Plan 23 implementation, test repair, size refinement, and bitmap reply conversion.",0ea852ec7d0a50c4c44945dc4ba2d816a3f88ec173276060829955577d111c1c,
commit,b70f6625e06280784004190bcabafe04c96086d3,transcript,transcript-2026-04-12-1-24-AddTrackDurationInfo,work,reviewed-segment,transcript-2026-04-12-1-24-AddTrackDurationInfo:segment-001,12,1.0,1.0,False,True,reviewed-include,,,plan-34-v1,Commit creates/revises Plan 24 and implements FLAC duration end to end.,ca38ac98bf552696a766ba1e1c324bc081175683b102e5b2f17e1daa6e3e80f9,
commit,b70f6625e06280784004190bcabafe04c96086d3,transcript,transcript-2026-04-12-1-24-AddTrackDurationInfo,work,reviewed-segment,transcript-2026-04-12-1-24-AddTrackDurationInfo:segment-002,84,1.0,1.0,False,True,reviewed-include,,,plan-34-v1,Commit creates/revises Plan 24 and implements FLAC duration end to end.,ca38ac98bf552696a766ba1e1c324bc081175683b102e5b2f17e1daa6e3e80f9,
commit,b70f6625e06280784004190bcabafe04c96086d3,transcript,transcript-2026-04-12-1-24-AddTrackDurationInfo,work,reviewed-segment,transcript-2026-04-12-1-24-AddTrackDurationInfo:segment-003,130,1.0,1.0,False,True,reviewed-include,,,plan-34-v1,Commit creates/revises Plan 24 and implements FLAC duration end to end.,ca38ac98bf552696a766ba1e1c324bc081175683b102e5b2f17e1daa6e3e80f9,
commit,b70f6625e06280784004190bcabafe04c96086d3,transcript,transcript-2026-04-12-1-24-AddTrackDurationInfo,work,reviewed-segment,transcript-2026-04-12-1-24-AddTrackDurationInfo:segment-004,157,1.0,1.0,False,True,reviewed-include,,,plan-34-v1,Commit creates/revises Plan 24 and implements FLAC duration end to end.,ca38ac98bf552696a766ba1e1c324bc081175683b102e5b2f17e1daa6e3e80f9,
commit,b70f6625e06280784004190bcabafe04c96086d3,transcript,transcript-2026-04-12-1-24-AddTrackDurationInfo,work,reviewed-segment,transcript-2026-04-12-1-24-AddTrackDurationInfo:segment-005,179,1.0,1.0,False,True,reviewed-include,,,plan-34-v1,Commit creates/revises Plan 24 and implements FLAC duration end to end.,ca38ac98bf552696a766ba1e1c324bc081175683b102e5b2f17e1daa6e3e80f9,
plan,24,transcript,transcript-2026-04-12-1-24-AddTrackDurationInfo,direct,reviewed-segment,transcript-2026-04-12-1-24-AddTrackDurationInfo:segment-001,12,1.0,1.0,True,False,reviewed-include,,,plan-34-v1,"Plan drafting, review, confirmed decisions, and terminology updates.",ca38ac98bf552696a766ba1e1c324bc081175683b102e5b2f17e1daa6e3e80f9,
plan,24,transcript,transcript-2026-04-12-1-24-AddTrackDurationInfo,direct,reviewed-segment,transcript-2026-04-12-1-24-AddTrackDurationInfo:segment-002,84,1.0,1.0,True,False,reviewed-include,,,plan-34-v1,"Plan drafting, review, confirmed decisions, and terminology updates.",ca38ac98bf552696a766ba1e1c324bc081175683b102e5b2f17e1daa6e3e80f9,
plan,24,transcript,transcript-2026-04-12-1-24-AddTrackDurationInfo,direct,reviewed-segment,transcript-2026-04-12-1-24-AddTrackDurationInfo:segment-003,130,1.0,1.0,True,False,reviewed-include,,,plan-34-v1,"Plan drafting, review, confirmed decisions, and terminology updates.",ca38ac98bf552696a766ba1e1c324bc081175683b102e5b2f17e1daa6e3e80f9,
plan,24,transcript,transcript-2026-04-12-1-24-AddTrackDurationInfo,direct,reviewed-segment,transcript-2026-04-12-1-24-AddTrackDurationInfo:segment-004,157,1.0,1.0,True,False,reviewed-include,,,plan-34-v1,"Plan drafting, review, confirmed decisions, and terminology updates.",ca38ac98bf552696a766ba1e1c324bc081175683b102e5b2f17e1daa6e3e80f9,
plan,24,transcript,transcript-2026-04-12-1-24-AddTrackDurationInfo,implementation,reviewed-segment,transcript-2026-04-12-1-24-AddTrackDurationInfo:segment-005,179,1.0,1.0,False,True,reviewed-include,,,plan-34-v1,Plan 24 implementation.,ca38ac98bf552696a766ba1e1c324bc081175683b102e5b2f17e1daa6e3e80f9,
commit,36c5b18642e6568ca15e897dcae9132a6907e9db,transcript,transcript-2026-04-14-1-25-AddPictureDescriptionEdit,work,reviewed-segment,transcript-2026-04-14-1-25-AddPictureDescriptionEdit:segment-001,12,1.0,1.0,False,True,reviewed-include,,,plan-34-v1,"Plan 25 creation, description editor implementation, scoped overlay work, and test harness refinements.",2f4918e9f2b60b95ace18c73b04e0c72f8512dc3c8d5fb262ba6767e6330a18d,
commit,36c5b18642e6568ca15e897dcae9132a6907e9db,transcript,transcript-2026-04-14-1-25-AddPictureDescriptionEdit,work,reviewed-segment,transcript-2026-04-14-1-25-AddPictureDescriptionEdit:segment-002,80,1.0,1.0,False,True,reviewed-include,,,plan-34-v1,"Plan 25 creation, description editor implementation, scoped overlay work, and test harness refinements.",2f4918e9f2b60b95ace18c73b04e0c72f8512dc3c8d5fb262ba6767e6330a18d,
commit,36c5b18642e6568ca15e897dcae9132a6907e9db,transcript,transcript-2026-04-14-1-25-AddPictureDescriptionEdit,work,reviewed-segment,transcript-2026-04-14-1-25-AddPictureDescriptionEdit:segment-003,170,1.0,1.0,False,True,reviewed-include,,,plan-34-v1,"Plan 25 creation, description editor implementation, scoped overlay work, and test harness refinements.",2f4918e9f2b60b95ace18c73b04e0c72f8512dc3c8d5fb262ba6767e6330a18d,
commit,36c5b18642e6568ca15e897dcae9132a6907e9db,transcript,transcript-2026-04-14-1-25-AddPictureDescriptionEdit,work,reviewed-segment,transcript-2026-04-14-1-25-AddPictureDescriptionEdit:segment-004,196,1.0,1.0,False,True,reviewed-include,,,plan-34-v1,"Plan 25 creation, description editor implementation, scoped overlay work, and test harness refinements.",2f4918e9f2b60b95ace18c73b04e0c72f8512dc3c8d5fb262ba6767e6330a18d,
commit,36c5b18642e6568ca15e897dcae9132a6907e9db,transcript,transcript-2026-04-14-1-25-AddPictureDescriptionEdit,work,reviewed-segment,transcript-2026-04-14-1-25-AddPictureDescriptionEdit:segment-005,289,1.0,1.0,False,True,reviewed-include,,,plan-34-v1,"Plan 25 creation, description editor implementation, scoped overlay work, and test harness refinements.",2f4918e9f2b60b95ace18c73b04e0c72f8512dc3c8d5fb262ba6767e6330a18d,
commit,36c5b18642e6568ca15e897dcae9132a6907e9db,transcript,transcript-2026-04-14-1-25-AddPictureDescriptionEdit,work,reviewed-segment,transcript-2026-04-14-1-25-AddPictureDescriptionEdit:segment-006,333,1.0,1.0,False,True,reviewed-include,,,plan-34-v1,"Plan 25 creation, description editor implementation, scoped overlay work, and test harness refinements.",2f4918e9f2b60b95ace18c73b04e0c72f8512dc3c8d5fb262ba6767e6330a18d,
commit,36c5b18642e6568ca15e897dcae9132a6907e9db,transcript,transcript-2026-04-14-1-25-AddPictureDescriptionEdit,work,reviewed-segment,transcript-2026-04-14-1-25-AddPictureDescriptionEdit:segment-007,355,1.0,1.0,False,True,reviewed-include,,,plan-34-v1,"Plan 25 creation, description editor implementation, scoped overlay work, and test harness refinements.",2f4918e9f2b60b95ace18c73b04e0c72f8512dc3c8d5fb262ba6767e6330a18d,
commit,4a07659704ab091a117b882a027635c12af8294c,transcript,transcript-2026-04-14-1-25-AddPictureDescriptionEdit,work,reviewed-segment,transcript-2026-04-14-1-25-AddPictureDescriptionEdit:segment-008,401,1.0,1.0,False,True,reviewed-include,,,plan-34-v1,Internal/external presentation and status-icon follow-up exactly match commit.,2f4918e9f2b60b95ace18c73b04e0c72f8512dc3c8d5fb262ba6767e6330a18d,
commit,4a07659704ab091a117b882a027635c12af8294c,transcript,transcript-2026-04-14-1-25-AddPictureDescriptionEdit,work,reviewed-segment,transcript-2026-04-14-1-25-AddPictureDescriptionEdit:segment-009,429,1.0,1.0,False,True,reviewed-include,,,plan-34-v1,Internal/external presentation and status-icon follow-up exactly match commit.,2f4918e9f2b60b95ace18c73b04e0c72f8512dc3c8d5fb262ba6767e6330a18d,
plan,25,transcript,transcript-2026-04-14-1-25-AddPictureDescriptionEdit,direct,reviewed-segment,transcript-2026-04-14-1-25-AddPictureDescriptionEdit:segment-001,12,1.0,1.0,True,False,reviewed-include,,,plan-34-v1,Plan 25 authoring.,2f4918e9f2b60b95ace18c73b04e0c72f8512dc3c8d5fb262ba6767e6330a18d,
plan,25,transcript,transcript-2026-04-14-1-25-AddPictureDescriptionEdit,implementation,reviewed-segment,transcript-2026-04-14-1-25-AddPictureDescriptionEdit:segment-002,80,1.0,1.0,False,True,reviewed-include,,,plan-34-v1,Plan 25 implementation and immediate regression follow-up.,2f4918e9f2b60b95ace18c73b04e0c72f8512dc3c8d5fb262ba6767e6330a18d,
plan,25,transcript,transcript-2026-04-14-1-25-AddPictureDescriptionEdit,implementation,reviewed-segment,transcript-2026-04-14-1-25-AddPictureDescriptionEdit:segment-003,170,1.0,1.0,False,True,reviewed-include,,,plan-34-v1,Plan 25 implementation and immediate regression follow-up.,2f4918e9f2b60b95ace18c73b04e0c72f8512dc3c8d5fb262ba6767e6330a18d,
plan,25,transcript,transcript-2026-04-14-1-25-AddPictureDescriptionEdit,implementation,reviewed-segment,transcript-2026-04-14-1-25-AddPictureDescriptionEdit:segment-004,196,1.0,1.0,False,True,reviewed-include,,,plan-34-v1,Plan 25 implementation and immediate regression follow-up.,2f4918e9f2b60b95ace18c73b04e0c72f8512dc3c8d5fb262ba6767e6330a18d,
plan,25,transcript,transcript-2026-04-14-1-25-AddPictureDescriptionEdit,implementation,reviewed-segment,transcript-2026-04-14-1-25-AddPictureDescriptionEdit:segment-005,289,1.0,1.0,False,True,reviewed-include,,,plan-34-v1,Plan 25 implementation and immediate regression follow-up.,2f4918e9f2b60b95ace18c73b04e0c72f8512dc3c8d5fb262ba6767e6330a18d,
plan,25,transcript,transcript-2026-04-14-1-25-AddPictureDescriptionEdit,implementation,reviewed-segment,transcript-2026-04-14-1-25-AddPictureDescriptionEdit:segment-006,333,1.0,1.0,False,True,reviewed-include,,,plan-34-v1,Plan 25 implementation and immediate regression follow-up.,2f4918e9f2b60b95ace18c73b04e0c72f8512dc3c8d5fb262ba6767e6330a18d,
plan,25,transcript,transcript-2026-04-14-1-25-AddPictureDescriptionEdit,implementation,reviewed-segment,transcript-2026-04-14-1-25-AddPictureDescriptionEdit:segment-007,355,1.0,1.0,False,True,reviewed-include,,,plan-34-v1,Plan 25 implementation and immediate regression follow-up.,2f4918e9f2b60b95ace18c73b04e0c72f8512dc3c8d5fb262ba6767e6330a18d,
plan,25,transcript,transcript-2026-04-14-1-25-AddPictureDescriptionEdit,implementation,reviewed-segment,transcript-2026-04-14-1-25-AddPictureDescriptionEdit:segment-008,401,1.0,1.0,False,True,reviewed-include,,,plan-34-v1,Plan 25 implementation and immediate regression follow-up.,2f4918e9f2b60b95ace18c73b04e0c72f8512dc3c8d5fb262ba6767e6330a18d,
plan,25,transcript,transcript-2026-04-14-1-25-AddPictureDescriptionEdit,implementation,reviewed-segment,transcript-2026-04-14-1-25-AddPictureDescriptionEdit:segment-009,429,1.0,1.0,False,True,reviewed-include,,,plan-34-v1,Plan 25 implementation and immediate regression follow-up.,2f4918e9f2b60b95ace18c73b04e0c72f8512dc3c8d5fb262ba6767e6330a18d,
commit,352ff8c562657dc7ed4c0171d4448bdda0bec559,transcript,transcript-2026-04-16-1-InternalExternalDiffUpdateFix,work,reviewed-segment,transcript-2026-04-16-1-InternalExternalDiffUpdateFix:segment-001,12,1.0,1.0,False,True,reviewed-include,,,plan-34-v1,Commit body covers test construction and picture diff state across refresh/rename/open flows.,1b5f9c8bde1fbf2122c0ff45de3e8f08e0da0e676a5de90abe636da77423b0e5,
commit,352ff8c562657dc7ed4c0171d4448bdda0bec559,transcript,transcript-2026-04-16-1-InternalExternalDiffUpdateFix,work,reviewed-segment,transcript-2026-04-16-1-InternalExternalDiffUpdateFix:segment-002,28,1.0,1.0,False,True,reviewed-include,,,plan-34-v1,Commit body covers test construction and picture diff state across refresh/rename/open flows.,1b5f9c8bde1fbf2122c0ff45de3e8f08e0da0e676a5de90abe636da77423b0e5,
commit,352ff8c562657dc7ed4c0171d4448bdda0bec559,transcript,transcript-2026-04-16-1-InternalExternalDiffUpdateFix,work,reviewed-segment,transcript-2026-04-16-1-InternalExternalDiffUpdateFix:segment-003,57,1.0,1.0,False,True,reviewed-include,,,plan-34-v1,Commit body covers test construction and picture diff state across refresh/rename/open flows.,1b5f9c8bde1fbf2122c0ff45de3e8f08e0da0e676a5de90abe636da77423b0e5,
commit,352ff8c562657dc7ed4c0171d4448bdda0bec559,transcript,transcript-2026-04-16-1-InternalExternalDiffUpdateFix,work,reviewed-segment,transcript-2026-04-16-1-InternalExternalDiffUpdateFix:segment-004,96,1.0,1.0,False,True,reviewed-include,,,plan-34-v1,Commit body covers test construction and picture diff state across refresh/rename/open flows.,1b5f9c8bde1fbf2122c0ff45de3e8f08e0da0e676a5de90abe636da77423b0e5,
commit,352ff8c562657dc7ed4c0171d4448bdda0bec559,transcript,transcript-2026-04-16-1-InternalExternalDiffUpdateFix,work,reviewed-segment,transcript-2026-04-16-1-InternalExternalDiffUpdateFix:segment-005,145,1.0,1.0,False,True,reviewed-include,,,plan-34-v1,Commit body covers test construction and picture diff state across refresh/rename/open flows.,1b5f9c8bde1fbf2122c0ff45de3e8f08e0da0e676a5de90abe636da77423b0e5,
commit,352ff8c562657dc7ed4c0171d4448bdda0bec559,transcript,transcript-2026-04-16-1-InternalExternalDiffUpdateFix,work,reviewed-segment,transcript-2026-04-16-1-InternalExternalDiffUpdateFix:segment-006,178,1.0,1.0,False,True,reviewed-include,,,plan-34-v1,Commit body covers test construction and picture diff state across refresh/rename/open flows.,1b5f9c8bde1fbf2122c0ff45de3e8f08e0da0e676a5de90abe636da77423b0e5,
plan,25,transcript,transcript-2026-04-16-1-InternalExternalDiffUpdateFix,implementation,reviewed-segment,transcript-2026-04-16-1-InternalExternalDiffUpdateFix:segment-003,57,0.9,1.0,False,True,reviewed-include,,,plan-34-v1,Regression work preserves Plan 25 internal/external picture-state behavior; initial Finder-test repair is unrelated.,1b5f9c8bde1fbf2122c0ff45de3e8f08e0da0e676a5de90abe636da77423b0e5,
plan,25,transcript,transcript-2026-04-16-1-InternalExternalDiffUpdateFix,implementation,reviewed-segment,transcript-2026-04-16-1-InternalExternalDiffUpdateFix:segment-004,96,0.9,1.0,False,True,reviewed-include,,,plan-34-v1,Regression work preserves Plan 25 internal/external picture-state behavior; initial Finder-test repair is unrelated.,1b5f9c8bde1fbf2122c0ff45de3e8f08e0da0e676a5de90abe636da77423b0e5,
plan,25,transcript,transcript-2026-04-16-1-InternalExternalDiffUpdateFix,implementation,reviewed-segment,transcript-2026-04-16-1-InternalExternalDiffUpdateFix:segment-005,145,0.9,1.0,False,True,reviewed-include,,,plan-34-v1,Regression work preserves Plan 25 internal/external picture-state behavior; initial Finder-test repair is unrelated.,1b5f9c8bde1fbf2122c0ff45de3e8f08e0da0e676a5de90abe636da77423b0e5,
plan,25,transcript,transcript-2026-04-16-1-InternalExternalDiffUpdateFix,implementation,reviewed-segment,transcript-2026-04-16-1-InternalExternalDiffUpdateFix:segment-006,178,0.9,1.0,False,True,reviewed-include,,,plan-34-v1,Regression work preserves Plan 25 internal/external picture-state behavior; initial Finder-test repair is unrelated.,1b5f9c8bde1fbf2122c0ff45de3e8f08e0da0e676a5de90abe636da77423b0e5,
commit,f23c8a089f6d5549a597e0635ff808b203a25766,transcript,transcript-2026-04-17-1-InternalExternalDiffDocUpdateFix,work,reviewed-segment,transcript-2026-04-17-1-InternalExternalDiffDocUpdateFix:segment-001,12,1.0,1.0,False,True,reviewed-include,,,plan-34-v1,All segments build and stabilize reopened-document external picture-diff UI regression committed in f23c8a0.,bb82fd9da06c67912df398baf00dbb6f06dbfb677ce15b96d096cc4a759ec115,
commit,f23c8a089f6d5549a597e0635ff808b203a25766,transcript,transcript-2026-04-17-1-InternalExternalDiffDocUpdateFix,work,reviewed-segment,transcript-2026-04-17-1-InternalExternalDiffDocUpdateFix:segment-002,49,1.0,1.0,False,True,reviewed-include,,,plan-34-v1,All segments build and stabilize reopened-document external picture-diff UI regression committed in f23c8a0.,bb82fd9da06c67912df398baf00dbb6f06dbfb677ce15b96d096cc4a759ec115,
commit,f23c8a089f6d5549a597e0635ff808b203a25766,transcript,transcript-2026-04-17-1-InternalExternalDiffDocUpdateFix,work,reviewed-segment,transcript-2026-04-17-1-InternalExternalDiffDocUpdateFix:segment-003,65,1.0,1.0,False,True,reviewed-include,,,plan-34-v1,All segments build and stabilize reopened-document external picture-diff UI regression committed in f23c8a0.,bb82fd9da06c67912df398baf00dbb6f06dbfb677ce15b96d096cc4a759ec115,
commit,f23c8a089f6d5549a597e0635ff808b203a25766,transcript,transcript-2026-04-17-1-InternalExternalDiffDocUpdateFix,work,reviewed-segment,transcript-2026-04-17-1-InternalExternalDiffDocUpdateFix:segment-004,81,1.0,1.0,False,True,reviewed-include,,,plan-34-v1,All segments build and stabilize reopened-document external picture-diff UI regression committed in f23c8a0.,bb82fd9da06c67912df398baf00dbb6f06dbfb677ce15b96d096cc4a759ec115,
commit,f23c8a089f6d5549a597e0635ff808b203a25766,transcript,transcript-2026-04-17-1-InternalExternalDiffDocUpdateFix,work,reviewed-segment,transcript-2026-04-17-1-InternalExternalDiffDocUpdateFix:segment-005,120,1.0,1.0,False,True,reviewed-include,,,plan-34-v1,All segments build and stabilize reopened-document external picture-diff UI regression committed in f23c8a0.,bb82fd9da06c67912df398baf00dbb6f06dbfb677ce15b96d096cc4a759ec115,
commit,f23c8a089f6d5549a597e0635ff808b203a25766,transcript,transcript-2026-04-17-1-InternalExternalDiffDocUpdateFix,work,reviewed-segment,transcript-2026-04-17-1-InternalExternalDiffDocUpdateFix:segment-006,154,1.0,1.0,False,True,reviewed-include,,,plan-34-v1,All segments build and stabilize reopened-document external picture-diff UI regression committed in f23c8a0.,bb82fd9da06c67912df398baf00dbb6f06dbfb677ce15b96d096cc4a759ec115,
plan,25,transcript,transcript-2026-04-17-1-InternalExternalDiffDocUpdateFix,implementation,reviewed-segment,transcript-2026-04-17-1-InternalExternalDiffDocUpdateFix:segment-001,12,0.95,1.0,False,True,reviewed-include,,,plan-34-v1,Follow-up implementation preserves Plan 25 slot-level picture-difference behavior.,bb82fd9da06c67912df398baf00dbb6f06dbfb677ce15b96d096cc4a759ec115,
plan,25,transcript,transcript-2026-04-17-1-InternalExternalDiffDocUpdateFix,implementation,reviewed-segment,transcript-2026-04-17-1-InternalExternalDiffDocUpdateFix:segment-002,49,0.95,1.0,False,True,reviewed-include,,,plan-34-v1,Follow-up implementation preserves Plan 25 slot-level picture-difference behavior.,bb82fd9da06c67912df398baf00dbb6f06dbfb677ce15b96d096cc4a759ec115,
plan,25,transcript,transcript-2026-04-17-1-InternalExternalDiffDocUpdateFix,implementation,reviewed-segment,transcript-2026-04-17-1-InternalExternalDiffDocUpdateFix:segment-003,65,0.95,1.0,False,True,reviewed-include,,,plan-34-v1,Follow-up implementation preserves Plan 25 slot-level picture-difference behavior.,bb82fd9da06c67912df398baf00dbb6f06dbfb677ce15b96d096cc4a759ec115,
plan,25,transcript,transcript-2026-04-17-1-InternalExternalDiffDocUpdateFix,implementation,reviewed-segment,transcript-2026-04-17-1-InternalExternalDiffDocUpdateFix:segment-004,81,0.95,1.0,False,True,reviewed-include,,,plan-34-v1,Follow-up implementation preserves Plan 25 slot-level picture-difference behavior.,bb82fd9da06c67912df398baf00dbb6f06dbfb677ce15b96d096cc4a759ec115,
plan,25,transcript,transcript-2026-04-17-1-InternalExternalDiffDocUpdateFix,implementation,reviewed-segment,transcript-2026-04-17-1-InternalExternalDiffDocUpdateFix:segment-005,120,0.95,1.0,False,True,reviewed-include,,,plan-34-v1,Follow-up implementation preserves Plan 25 slot-level picture-difference behavior.,bb82fd9da06c67912df398baf00dbb6f06dbfb677ce15b96d096cc4a759ec115,
plan,25,transcript,transcript-2026-04-17-1-InternalExternalDiffDocUpdateFix,implementation,reviewed-segment,transcript-2026-04-17-1-InternalExternalDiffDocUpdateFix:segment-006,154,0.95,1.0,False,True,reviewed-include,,,plan-34-v1,Follow-up implementation preserves Plan 25 slot-level picture-difference behavior.,bb82fd9da06c67912df398baf00dbb6f06dbfb677ce15b96d096cc4a759ec115,
commit,192eaacabaecbe09ee3ee59d935f0d3ab2d86a02,transcript,transcript-2026-04-18-1-26-AddAppleScriptSupport,work,reviewed-segment,transcript-2026-04-18-1-26-AddAppleScriptSupport:segment-001,12,1.0,1.0,False,True,reviewed-include,,,plan-34-v1,Plan 26 authoring segment; confirmed direct planning Commit.,b64c61fce794aef9c664615c2dbec2e6689909fed1053b36450402e125e66685,
commit,777706cf1432bcd9bbd0ff1d145469d038b76fd3,transcript,transcript-2026-04-18-1-26-AddAppleScriptSupport,work,reviewed-segment,transcript-2026-04-18-1-26-AddAppleScriptSupport:segment-002,216,1.0,1.0,False,True,reviewed-include,,,plan-34-v1,Plan 26 implementation and verification segments; confirmed implementation Commit.,b64c61fce794aef9c664615c2dbec2e6689909fed1053b36450402e125e66685,
commit,777706cf1432bcd9bbd0ff1d145469d038b76fd3,transcript,transcript-2026-04-18-1-26-AddAppleScriptSupport,work,reviewed-segment,transcript-2026-04-18-1-26-AddAppleScriptSupport:segment-003,271,1.0,1.0,False,True,reviewed-include,,,plan-34-v1,Plan 26 implementation and verification segments; confirmed implementation Commit.,b64c61fce794aef9c664615c2dbec2e6689909fed1053b36450402e125e66685,
commit,777706cf1432bcd9bbd0ff1d145469d038b76fd3,transcript,transcript-2026-04-18-1-26-AddAppleScriptSupport,work,reviewed-segment,transcript-2026-04-18-1-26-AddAppleScriptSupport:segment-004,310,1.0,1.0,False,True,reviewed-include,,,plan-34-v1,Plan 26 implementation and verification segments; confirmed implementation Commit.,b64c61fce794aef9c664615c2dbec2e6689909fed1053b36450402e125e66685,
plan,26,transcript,transcript-2026-04-18-1-26-AddAppleScriptSupport,direct,reviewed-segment,transcript-2026-04-18-1-26-AddAppleScriptSupport:segment-001,12,1.0,1.0,True,False,reviewed-include,,,plan-34-v1,Confirmed Plan 26 direct-only planning share.,b64c61fce794aef9c664615c2dbec2e6689909fed1053b36450402e125e66685,
plan,26,transcript,transcript-2026-04-18-1-26-AddAppleScriptSupport,implementation,reviewed-segment,transcript-2026-04-18-1-26-AddAppleScriptSupport:segment-002,216,1.0,1.0,False,True,reviewed-include,,,plan-34-v1,Initial and open/save AppleScript implementation shares.,b64c61fce794aef9c664615c2dbec2e6689909fed1053b36450402e125e66685,
plan,26,transcript,transcript-2026-04-18-1-26-AddAppleScriptSupport,implementation,reviewed-segment,transcript-2026-04-18-1-26-AddAppleScriptSupport:segment-003,271,1.0,1.0,False,True,reviewed-include,,,plan-34-v1,Initial and open/save AppleScript implementation shares.,b64c61fce794aef9c664615c2dbec2e6689909fed1053b36450402e125e66685,
plan,26,transcript,transcript-2026-04-18-1-26-AddAppleScriptSupport,implementation,reviewed-segment,transcript-2026-04-18-1-26-AddAppleScriptSupport:segment-004,310,1.0,1.0,False,True,reviewed-include,,,plan-34-v1,Initial and open/save AppleScript implementation shares.,b64c61fce794aef9c664615c2dbec2e6689909fed1053b36450402e125e66685,
commit,bee209c217c6b5fa2c4eaddbddcab99101ee589a,transcript,transcript-2026-04-20-1-26-AddAppleScriptSupport,work,reviewed-segment,transcript-2026-04-20-1-26-AddAppleScriptSupport:segment-001,12,1.0,1.0,False,True,reviewed-include,,,plan-34-v1,"Track add, selection/property access, and synchronous import refactor match bee209c; no 2026-04-21 work edge.",96d773be2a5b15d0f7b775cc45028b680d738f9913b7ca1f0f087274a4fda7ca,
commit,bee209c217c6b5fa2c4eaddbddcab99101ee589a,transcript,transcript-2026-04-20-1-26-AddAppleScriptSupport,work,reviewed-segment,transcript-2026-04-20-1-26-AddAppleScriptSupport:segment-002,189,1.0,1.0,False,True,reviewed-include,,,plan-34-v1,"Track add, selection/property access, and synchronous import refactor match bee209c; no 2026-04-21 work edge.",96d773be2a5b15d0f7b775cc45028b680d738f9913b7ca1f0f087274a4fda7ca,
plan,26,transcript,transcript-2026-04-20-1-26-AddAppleScriptSupport,implementation,reviewed-segment,transcript-2026-04-20-1-26-AddAppleScriptSupport:segment-001,12,1.0,1.0,False,True,reviewed-include,,,plan-34-v1,Plan 26 track scripting implementation.,96d773be2a5b15d0f7b775cc45028b680d738f9913b7ca1f0f087274a4fda7ca,
plan,26,transcript,transcript-2026-04-20-1-26-AddAppleScriptSupport,implementation,reviewed-segment,transcript-2026-04-20-1-26-AddAppleScriptSupport:segment-002,189,1.0,1.0,False,True,reviewed-include,,,plan-34-v1,Plan 26 track scripting implementation.,96d773be2a5b15d0f7b775cc45028b680d738f9913b7ca1f0f087274a4fda7ca,
commit,5866685bcbe463804d3efa4fb258029bf961207a,transcript,transcript-2026-04-21-1-26-AddAppleScriptSupport,work,reviewed-segment,transcript-2026-04-21-1-26-AddAppleScriptSupport:segment-001,12,1.0,1.0,False,True,reviewed-include,,,plan-34-v1,Lines 12-60 are stream-info persistence work; confirmed 5866685 association.,18d28e274a7394fdb7d98bc94481b138fc8d6542ccf0b993065262e7c4bfdbc4,
commit,859a8f570b718d332f3f3814fc621280ae0f077e,transcript,transcript-2026-04-21-1-26-AddAppleScriptSupport,work,reviewed-segment,transcript-2026-04-21-1-26-AddAppleScriptSupport:segment-002,61,1.0,1.0,False,True,reviewed-include,,,plan-34-v1,Lines 61-116 are AppleScript fingerprint/audio properties and shared fingerprint helper work.,18d28e274a7394fdb7d98bc94481b138fc8d6542ccf0b993065262e7c4bfdbc4,
commit,859a8f570b718d332f3f3814fc621280ae0f077e,transcript,transcript-2026-04-21-1-26-AddAppleScriptSupport,work,reviewed-segment,transcript-2026-04-21-1-26-AddAppleScriptSupport:segment-003,98,1.0,1.0,False,True,reviewed-include,,,plan-34-v1,Lines 61-116 are AppleScript fingerprint/audio properties and shared fingerprint helper work.,18d28e274a7394fdb7d98bc94481b138fc8d6542ccf0b993065262e7c4bfdbc4,
plan,26,transcript,transcript-2026-04-21-1-26-AddAppleScriptSupport,implementation,reviewed-segment,transcript-2026-04-21-1-26-AddAppleScriptSupport:segment-002,61,1.0,1.0,False,True,reviewed-include,,,plan-34-v1,Plan 26 AppleScript audio/fingerprint implementation; stream-info prerequisite remains outside Plan lens.,18d28e274a7394fdb7d98bc94481b138fc8d6542ccf0b993065262e7c4bfdbc4,
plan,26,transcript,transcript-2026-04-21-1-26-AddAppleScriptSupport,implementation,reviewed-segment,transcript-2026-04-21-1-26-AddAppleScriptSupport:segment-003,98,1.0,1.0,False,True,reviewed-include,,,plan-34-v1,Plan 26 AppleScript audio/fingerprint implementation; stream-info prerequisite remains outside Plan lens.,18d28e274a7394fdb7d98bc94481b138fc8d6542ccf0b993065262e7c4bfdbc4,
commit,0c2d38575541a8dada750da08698d78e75a4d3f0,transcript,transcript-2026-04-22-1-26-AddAppleScriptSupport,work,reviewed-segment,transcript-2026-04-22-1-26-AddAppleScriptSupport:segment-001,12,1.0,1.0,False,True,reviewed-include,,,plan-34-v1,Tag scripting implementation lines 12-123; archive provenance remains separate zero-work structural role.,e1a7f465f5031090ee807f1c910cc5932a9fd57fca2394fc94285cc11e77ead4,
plan,26,transcript,transcript-2026-04-22-1-26-AddAppleScriptSupport,implementation,reviewed-segment,transcript-2026-04-22-1-26-AddAppleScriptSupport:segment-001,12,1.0,1.0,False,True,reviewed-include,,,plan-34-v1,Plan 26 standard tag scripting implementation.,e1a7f465f5031090ee807f1c910cc5932a9fd57fca2394fc94285cc11e77ead4,
commit,2298c43c00492de67ad920a395d3ec7a8c8fb722,transcript,transcript-2026-04-22-2-26-AddAppleScriptSupport,work,reviewed-segment,transcript-2026-04-22-2-26-AddAppleScriptSupport:segment-001,12,1.0,1.0,False,True,reviewed-include,,,plan-34-v1,Whitespace-invalid tag normalization and ALBUMARTIST separation match commit.,9131d8aa4582cb52a3ac22be0343ac22d63800d5c09e9654f0caea89d2804342,
commit,2298c43c00492de67ad920a395d3ec7a8c8fb722,transcript,transcript-2026-04-22-2-26-AddAppleScriptSupport,work,reviewed-segment,transcript-2026-04-22-2-26-AddAppleScriptSupport:segment-002,22,1.0,1.0,False,True,reviewed-include,,,plan-34-v1,Whitespace-invalid tag normalization and ALBUMARTIST separation match commit.,9131d8aa4582cb52a3ac22be0343ac22d63800d5c09e9654f0caea89d2804342,
commit,2298c43c00492de67ad920a395d3ec7a8c8fb722,transcript,transcript-2026-04-22-2-26-AddAppleScriptSupport,work,reviewed-segment,transcript-2026-04-22-2-26-AddAppleScriptSupport:segment-003,69,1.0,1.0,False,True,reviewed-include,,,plan-34-v1,Whitespace-invalid tag normalization and ALBUMARTIST separation match commit.,9131d8aa4582cb52a3ac22be0343ac22d63800d5c09e9654f0caea89d2804342,
commit,2298c43c00492de67ad920a395d3ec7a8c8fb722,transcript,transcript-2026-04-22-2-26-AddAppleScriptSupport,work,reviewed-segment,transcript-2026-04-22-2-26-AddAppleScriptSupport:segment-004,87,1.0,1.0,False,True,reviewed-include,,,plan-34-v1,Whitespace-invalid tag normalization and ALBUMARTIST separation match commit.,9131d8aa4582cb52a3ac22be0343ac22d63800d5c09e9654f0caea89d2804342,
commit,2298c43c00492de67ad920a395d3ec7a8c8fb722,transcript,transcript-2026-04-22-2-26-AddAppleScriptSupport,work,reviewed-segment,transcript-2026-04-22-2-26-AddAppleScriptSupport:segment-005,109,1.0,1.0,False,True,reviewed-include,,,plan-34-v1,Whitespace-invalid tag normalization and ALBUMARTIST separation match commit.,9131d8aa4582cb52a3ac22be0343ac22d63800d5c09e9654f0caea89d2804342,
plan,26,transcript,transcript-2026-04-22-2-26-AddAppleScriptSupport,implementation,reviewed-segment,transcript-2026-04-22-2-26-AddAppleScriptSupport:segment-001,12,1.0,1.0,False,True,reviewed-include,,,plan-34-v1,Plan 26 tag-key semantics implementation.,9131d8aa4582cb52a3ac22be0343ac22d63800d5c09e9654f0caea89d2804342,
plan,26,transcript,transcript-2026-04-22-2-26-AddAppleScriptSupport,implementation,reviewed-segment,transcript-2026-04-22-2-26-AddAppleScriptSupport:segment-002,22,1.0,1.0,False,True,reviewed-include,,,plan-34-v1,Plan 26 tag-key semantics implementation.,9131d8aa4582cb52a3ac22be0343ac22d63800d5c09e9654f0caea89d2804342,
plan,26,transcript,transcript-2026-04-22-2-26-AddAppleScriptSupport,implementation,reviewed-segment,transcript-2026-04-22-2-26-AddAppleScriptSupport:segment-003,69,1.0,1.0,False,True,reviewed-include,,,plan-34-v1,Plan 26 tag-key semantics implementation.,9131d8aa4582cb52a3ac22be0343ac22d63800d5c09e9654f0caea89d2804342,
plan,26,transcript,transcript-2026-04-22-2-26-AddAppleScriptSupport,implementation,reviewed-segment,transcript-2026-04-22-2-26-AddAppleScriptSupport:segment-004,87,1.0,1.0,False,True,reviewed-include,,,plan-34-v1,Plan 26 tag-key semantics implementation.,9131d8aa4582cb52a3ac22be0343ac22d63800d5c09e9654f0caea89d2804342,
plan,26,transcript,transcript-2026-04-22-2-26-AddAppleScriptSupport,implementation,reviewed-segment,transcript-2026-04-22-2-26-AddAppleScriptSupport:segment-005,109,1.0,1.0,False,True,reviewed-include,,,plan-34-v1,Plan 26 tag-key semantics implementation.,9131d8aa4582cb52a3ac22be0343ac22d63800d5c09e9654f0caea89d2804342,
commit,d65459355d32c58116293e4f6cce8a759b6d67f5,transcript,transcript-2026-04-23-1-26-AddAppleScriptSupport,work,reviewed-segment,transcript-2026-04-23-1-26-AddAppleScriptSupport:segment-001,12,1.0,1.0,False,True,reviewed-include,,,plan-34-v1,Editor-window FLAC save scripting and actor-warning cleanup match commit.,912fd6035b2db889e97efb8213827bb01e7fe71289b94b355137216c6bf48547,
commit,d65459355d32c58116293e4f6cce8a759b6d67f5,transcript,transcript-2026-04-23-1-26-AddAppleScriptSupport,work,reviewed-segment,transcript-2026-04-23-1-26-AddAppleScriptSupport:segment-002,91,1.0,1.0,False,True,reviewed-include,,,plan-34-v1,Editor-window FLAC save scripting and actor-warning cleanup match commit.,912fd6035b2db889e97efb8213827bb01e7fe71289b94b355137216c6bf48547,
plan,26,transcript,transcript-2026-04-23-1-26-AddAppleScriptSupport,implementation,reviewed-segment,transcript-2026-04-23-1-26-AddAppleScriptSupport:segment-001,12,1.0,1.0,False,True,reviewed-include,,,plan-34-v1,Plan 26 FLAC-save scripting implementation.,912fd6035b2db889e97efb8213827bb01e7fe71289b94b355137216c6bf48547,
plan,26,transcript,transcript-2026-04-23-1-26-AddAppleScriptSupport,implementation,reviewed-segment,transcript-2026-04-23-1-26-AddAppleScriptSupport:segment-002,91,1.0,1.0,False,True,reviewed-include,,,plan-34-v1,Plan 26 FLAC-save scripting implementation.,912fd6035b2db889e97efb8213827bb01e7fe71289b94b355137216c6bf48547,
commit,546e43d639eb9d7eceb46aa966b8a592b187b12c,transcript,transcript-2026-04-23-2-26-AddAppleScriptSupport,work,reviewed-segment,transcript-2026-04-23-2-26-AddAppleScriptSupport:segment-001,12,1.0,1.0,False,True,reviewed-include,,,plan-34-v1,"Selected-track list/filter semantics, ordering, and osascript harness investigation match commit and guide update.",5d9bda6db372fd58312c51747183b3a261cd17614b32ff4d4d0917ea55c8aa55,
commit,546e43d639eb9d7eceb46aa966b8a592b187b12c,transcript,transcript-2026-04-23-2-26-AddAppleScriptSupport,work,reviewed-segment,transcript-2026-04-23-2-26-AddAppleScriptSupport:segment-002,40,1.0,1.0,False,True,reviewed-include,,,plan-34-v1,"Selected-track list/filter semantics, ordering, and osascript harness investigation match commit and guide update.",5d9bda6db372fd58312c51747183b3a261cd17614b32ff4d4d0917ea55c8aa55,
commit,546e43d639eb9d7eceb46aa966b8a592b187b12c,transcript,transcript-2026-04-23-2-26-AddAppleScriptSupport,work,reviewed-segment,transcript-2026-04-23-2-26-AddAppleScriptSupport:segment-003,81,1.0,1.0,False,True,reviewed-include,,,plan-34-v1,"Selected-track list/filter semantics, ordering, and osascript harness investigation match commit and guide update.",5d9bda6db372fd58312c51747183b3a261cd17614b32ff4d4d0917ea55c8aa55,
commit,546e43d639eb9d7eceb46aa966b8a592b187b12c,transcript,transcript-2026-04-23-2-26-AddAppleScriptSupport,work,reviewed-segment,transcript-2026-04-23-2-26-AddAppleScriptSupport:segment-004,140,1.0,1.0,False,True,reviewed-include,,,plan-34-v1,"Selected-track list/filter semantics, ordering, and osascript harness investigation match commit and guide update.",5d9bda6db372fd58312c51747183b3a261cd17614b32ff4d4d0917ea55c8aa55,
commit,546e43d639eb9d7eceb46aa966b8a592b187b12c,transcript,transcript-2026-04-23-2-26-AddAppleScriptSupport,work,reviewed-segment,transcript-2026-04-23-2-26-AddAppleScriptSupport:segment-005,201,1.0,1.0,False,True,reviewed-include,,,plan-34-v1,"Selected-track list/filter semantics, ordering, and osascript harness investigation match commit and guide update.",5d9bda6db372fd58312c51747183b3a261cd17614b32ff4d4d0917ea55c8aa55,
commit,546e43d639eb9d7eceb46aa966b8a592b187b12c,transcript,transcript-2026-04-23-2-26-AddAppleScriptSupport,work,reviewed-segment,transcript-2026-04-23-2-26-AddAppleScriptSupport:segment-006,250,1.0,1.0,False,True,reviewed-include,,,plan-34-v1,"Selected-track list/filter semantics, ordering, and osascript harness investigation match commit and guide update.",5d9bda6db372fd58312c51747183b3a261cd17614b32ff4d4d0917ea55c8aa55,
commit,546e43d639eb9d7eceb46aa966b8a592b187b12c,transcript,transcript-2026-04-23-2-26-AddAppleScriptSupport,work,reviewed-segment,transcript-2026-04-23-2-26-AddAppleScriptSupport:segment-007,280,1.0,1.0,False,True,reviewed-include,,,plan-34-v1,"Selected-track list/filter semantics, ordering, and osascript harness investigation match commit and guide update.",5d9bda6db372fd58312c51747183b3a261cd17614b32ff4d4d0917ea55c8aa55,
commit,546e43d639eb9d7eceb46aa966b8a592b187b12c,transcript,transcript-2026-04-23-2-26-AddAppleScriptSupport,work,reviewed-segment,transcript-2026-04-23-2-26-AddAppleScriptSupport:segment-008,335,1.0,1.0,False,True,reviewed-include,,,plan-34-v1,"Selected-track list/filter semantics, ordering, and osascript harness investigation match commit and guide update.",5d9bda6db372fd58312c51747183b3a261cd17614b32ff4d4d0917ea55c8aa55,
commit,546e43d639eb9d7eceb46aa966b8a592b187b12c,transcript,transcript-2026-04-23-2-26-AddAppleScriptSupport,work,reviewed-segment,transcript-2026-04-23-2-26-AddAppleScriptSupport:segment-009,424,1.0,1.0,False,True,reviewed-include,,,plan-34-v1,"Selected-track list/filter semantics, ordering, and osascript harness investigation match commit and guide update.",5d9bda6db372fd58312c51747183b3a261cd17614b32ff4d4d0917ea55c8aa55,
commit,546e43d639eb9d7eceb46aa966b8a592b187b12c,transcript,transcript-2026-04-23-2-26-AddAppleScriptSupport,work,reviewed-segment,transcript-2026-04-23-2-26-AddAppleScriptSupport:segment-010,516,1.0,1.0,False,True,reviewed-include,,,plan-34-v1,"Selected-track list/filter semantics, ordering, and osascript harness investigation match commit and guide update.",5d9bda6db372fd58312c51747183b3a261cd17614b32ff4d4d0917ea55c8aa55,
commit,546e43d639eb9d7eceb46aa966b8a592b187b12c,transcript,transcript-2026-04-23-2-26-AddAppleScriptSupport,work,reviewed-segment,transcript-2026-04-23-2-26-AddAppleScriptSupport:segment-011,568,1.0,1.0,False,True,reviewed-include,,,plan-34-v1,"Selected-track list/filter semantics, ordering, and osascript harness investigation match commit and guide update.",5d9bda6db372fd58312c51747183b3a261cd17614b32ff4d4d0917ea55c8aa55,
plan,26,transcript,transcript-2026-04-23-2-26-AddAppleScriptSupport,implementation,reviewed-segment,transcript-2026-04-23-2-26-AddAppleScriptSupport:segment-001,12,1.0,1.0,False,True,reviewed-include,,,plan-34-v1,Plan 26 selected-track and scripting harness implementation.,5d9bda6db372fd58312c51747183b3a261cd17614b32ff4d4d0917ea55c8aa55,
plan,26,transcript,transcript-2026-04-23-2-26-AddAppleScriptSupport,implementation,reviewed-segment,transcript-2026-04-23-2-26-AddAppleScriptSupport:segment-002,40,1.0,1.0,False,True,reviewed-include,,,plan-34-v1,Plan 26 selected-track and scripting harness implementation.,5d9bda6db372fd58312c51747183b3a261cd17614b32ff4d4d0917ea55c8aa55,
plan,26,transcript,transcript-2026-04-23-2-26-AddAppleScriptSupport,implementation,reviewed-segment,transcript-2026-04-23-2-26-AddAppleScriptSupport:segment-003,81,1.0,1.0,False,True,reviewed-include,,,plan-34-v1,Plan 26 selected-track and scripting harness implementation.,5d9bda6db372fd58312c51747183b3a261cd17614b32ff4d4d0917ea55c8aa55,
plan,26,transcript,transcript-2026-04-23-2-26-AddAppleScriptSupport,implementation,reviewed-segment,transcript-2026-04-23-2-26-AddAppleScriptSupport:segment-004,140,1.0,1.0,False,True,reviewed-include,,,plan-34-v1,Plan 26 selected-track and scripting harness implementation.,5d9bda6db372fd58312c51747183b3a261cd17614b32ff4d4d0917ea55c8aa55,
plan,26,transcript,transcript-2026-04-23-2-26-AddAppleScriptSupport,implementation,reviewed-segment,transcript-2026-04-23-2-26-AddAppleScriptSupport:segment-005,201,1.0,1.0,False,True,reviewed-include,,,plan-34-v1,Plan 26 selected-track and scripting harness implementation.,5d9bda6db372fd58312c51747183b3a261cd17614b32ff4d4d0917ea55c8aa55,
plan,26,transcript,transcript-2026-04-23-2-26-AddAppleScriptSupport,implementation,reviewed-segment,transcript-2026-04-23-2-26-AddAppleScriptSupport:segment-006,250,1.0,1.0,False,True,reviewed-include,,,plan-34-v1,Plan 26 selected-track and scripting harness implementation.,5d9bda6db372fd58312c51747183b3a261cd17614b32ff4d4d0917ea55c8aa55,
plan,26,transcript,transcript-2026-04-23-2-26-AddAppleScriptSupport,implementation,reviewed-segment,transcript-2026-04-23-2-26-AddAppleScriptSupport:segment-007,280,1.0,1.0,False,True,reviewed-include,,,plan-34-v1,Plan 26 selected-track and scripting harness implementation.,5d9bda6db372fd58312c51747183b3a261cd17614b32ff4d4d0917ea55c8aa55,
plan,26,transcript,transcript-2026-04-23-2-26-AddAppleScriptSupport,implementation,reviewed-segment,transcript-2026-04-23-2-26-AddAppleScriptSupport:segment-008,335,1.0,1.0,False,True,reviewed-include,,,plan-34-v1,Plan 26 selected-track and scripting harness implementation.,5d9bda6db372fd58312c51747183b3a261cd17614b32ff4d4d0917ea55c8aa55,
plan,26,transcript,transcript-2026-04-23-2-26-AddAppleScriptSupport,implementation,reviewed-segment,transcript-2026-04-23-2-26-AddAppleScriptSupport:segment-009,424,1.0,1.0,False,True,reviewed-include,,,plan-34-v1,Plan 26 selected-track and scripting harness implementation.,5d9bda6db372fd58312c51747183b3a261cd17614b32ff4d4d0917ea55c8aa55,
plan,26,transcript,transcript-2026-04-23-2-26-AddAppleScriptSupport,implementation,reviewed-segment,transcript-2026-04-23-2-26-AddAppleScriptSupport:segment-010,516,1.0,1.0,False,True,reviewed-include,,,plan-34-v1,Plan 26 selected-track and scripting harness implementation.,5d9bda6db372fd58312c51747183b3a261cd17614b32ff4d4d0917ea55c8aa55,
plan,26,transcript,transcript-2026-04-23-2-26-AddAppleScriptSupport,implementation,reviewed-segment,transcript-2026-04-23-2-26-AddAppleScriptSupport:segment-011,568,1.0,1.0,False,True,reviewed-include,,,plan-34-v1,Plan 26 selected-track and scripting harness implementation.,5d9bda6db372fd58312c51747183b3a261cd17614b32ff4d4d0917ea55c8aa55,
commit,c02d65544f4b09ec7b1fa8ca3e5e15204fdd1795,transcript,transcript-2026-04-24-1-26-AddAppleScriptSupport,work,reviewed-segment,transcript-2026-04-24-1-26-AddAppleScriptSupport:segment-001,12,1.0,1.0,False,True,reviewed-include,,,plan-34-v1,Writable track property request and tests match settable-properties commit.,9bf04ff8dbada2ce84d45fc7f9dc9d777df9f38fa13223cd98fe51f399308aa3,
commit,95957dd6350042cf04715f42d75a708d22bd4af1,transcript,transcript-2026-04-24-1-26-AddAppleScriptSupport,work,reviewed-segment,transcript-2026-04-24-1-26-AddAppleScriptSupport:segment-002,79,1.0,1.0,False,True,reviewed-include,,,plan-34-v1,"Enum-based save/close, sandboxed harness repair, terminology sync, and testing-guide update match commit.",9bf04ff8dbada2ce84d45fc7f9dc9d777df9f38fa13223cd98fe51f399308aa3,
commit,95957dd6350042cf04715f42d75a708d22bd4af1,transcript,transcript-2026-04-24-1-26-AddAppleScriptSupport,work,reviewed-segment,transcript-2026-04-24-1-26-AddAppleScriptSupport:segment-003,165,1.0,1.0,False,True,reviewed-include,,,plan-34-v1,"Enum-based save/close, sandboxed harness repair, terminology sync, and testing-guide update match commit.",9bf04ff8dbada2ce84d45fc7f9dc9d777df9f38fa13223cd98fe51f399308aa3,
commit,95957dd6350042cf04715f42d75a708d22bd4af1,transcript,transcript-2026-04-24-1-26-AddAppleScriptSupport,work,reviewed-segment,transcript-2026-04-24-1-26-AddAppleScriptSupport:segment-004,179,1.0,1.0,False,True,reviewed-include,,,plan-34-v1,"Enum-based save/close, sandboxed harness repair, terminology sync, and testing-guide update match commit.",9bf04ff8dbada2ce84d45fc7f9dc9d777df9f38fa13223cd98fe51f399308aa3,
commit,95957dd6350042cf04715f42d75a708d22bd4af1,transcript,transcript-2026-04-24-1-26-AddAppleScriptSupport,work,reviewed-segment,transcript-2026-04-24-1-26-AddAppleScriptSupport:segment-005,199,1.0,1.0,False,True,reviewed-include,,,plan-34-v1,"Enum-based save/close, sandboxed harness repair, terminology sync, and testing-guide update match commit.",9bf04ff8dbada2ce84d45fc7f9dc9d777df9f38fa13223cd98fe51f399308aa3,
commit,95957dd6350042cf04715f42d75a708d22bd4af1,transcript,transcript-2026-04-24-1-26-AddAppleScriptSupport,work,reviewed-segment,transcript-2026-04-24-1-26-AddAppleScriptSupport:segment-006,223,1.0,1.0,False,True,reviewed-include,,,plan-34-v1,"Enum-based save/close, sandboxed harness repair, terminology sync, and testing-guide update match commit.",9bf04ff8dbada2ce84d45fc7f9dc9d777df9f38fa13223cd98fe51f399308aa3,
commit,95957dd6350042cf04715f42d75a708d22bd4af1,transcript,transcript-2026-04-24-1-26-AddAppleScriptSupport,work,reviewed-segment,transcript-2026-04-24-1-26-AddAppleScriptSupport:segment-007,282,1.0,1.0,False,True,reviewed-include,,,plan-34-v1,"Enum-based save/close, sandboxed harness repair, terminology sync, and testing-guide update match commit.",9bf04ff8dbada2ce84d45fc7f9dc9d777df9f38fa13223cd98fe51f399308aa3,
commit,95957dd6350042cf04715f42d75a708d22bd4af1,transcript,transcript-2026-04-24-1-26-AddAppleScriptSupport,work,reviewed-segment,transcript-2026-04-24-1-26-AddAppleScriptSupport:segment-008,304,1.0,1.0,False,True,reviewed-include,,,plan-34-v1,"Enum-based save/close, sandboxed harness repair, terminology sync, and testing-guide update match commit.",9bf04ff8dbada2ce84d45fc7f9dc9d777df9f38fa13223cd98fe51f399308aa3,
commit,95957dd6350042cf04715f42d75a708d22bd4af1,transcript,transcript-2026-04-24-1-26-AddAppleScriptSupport,work,reviewed-segment,transcript-2026-04-24-1-26-AddAppleScriptSupport:segment-009,356,1.0,1.0,False,True,reviewed-include,,,plan-34-v1,"Enum-based save/close, sandboxed harness repair, terminology sync, and testing-guide update match commit.",9bf04ff8dbada2ce84d45fc7f9dc9d777df9f38fa13223cd98fe51f399308aa3,
plan,26,transcript,transcript-2026-04-24-1-26-AddAppleScriptSupport,implementation,reviewed-segment,transcript-2026-04-24-1-26-AddAppleScriptSupport:segment-001,12,1.0,1.0,False,True,reviewed-include,,,plan-34-v1,Plan 26 writable-property and enum save/close implementation.,9bf04ff8dbada2ce84d45fc7f9dc9d777df9f38fa13223cd98fe51f399308aa3,
plan,26,transcript,transcript-2026-04-24-1-26-AddAppleScriptSupport,implementation,reviewed-segment,transcript-2026-04-24-1-26-AddAppleScriptSupport:segment-002,79,1.0,1.0,False,True,reviewed-include,,,plan-34-v1,Plan 26 writable-property and enum save/close implementation.,9bf04ff8dbada2ce84d45fc7f9dc9d777df9f38fa13223cd98fe51f399308aa3,
plan,26,transcript,transcript-2026-04-24-1-26-AddAppleScriptSupport,implementation,reviewed-segment,transcript-2026-04-24-1-26-AddAppleScriptSupport:segment-003,165,1.0,1.0,False,True,reviewed-include,,,plan-34-v1,Plan 26 writable-property and enum save/close implementation.,9bf04ff8dbada2ce84d45fc7f9dc9d777df9f38fa13223cd98fe51f399308aa3,
plan,26,transcript,transcript-2026-04-24-1-26-AddAppleScriptSupport,implementation,reviewed-segment,transcript-2026-04-24-1-26-AddAppleScriptSupport:segment-004,179,1.0,1.0,False,True,reviewed-include,,,plan-34-v1,Plan 26 writable-property and enum save/close implementation.,9bf04ff8dbada2ce84d45fc7f9dc9d777df9f38fa13223cd98fe51f399308aa3,
plan,26,transcript,transcript-2026-04-24-1-26-AddAppleScriptSupport,implementation,reviewed-segment,transcript-2026-04-24-1-26-AddAppleScriptSupport:segment-005,199,1.0,1.0,False,True,reviewed-include,,,plan-34-v1,Plan 26 writable-property and enum save/close implementation.,9bf04ff8dbada2ce84d45fc7f9dc9d777df9f38fa13223cd98fe51f399308aa3,
plan,26,transcript,transcript-2026-04-24-1-26-AddAppleScriptSupport,implementation,reviewed-segment,transcript-2026-04-24-1-26-AddAppleScriptSupport:segment-006,223,1.0,1.0,False,True,reviewed-include,,,plan-34-v1,Plan 26 writable-property and enum save/close implementation.,9bf04ff8dbada2ce84d45fc7f9dc9d777df9f38fa13223cd98fe51f399308aa3,
plan,26,transcript,transcript-2026-04-24-1-26-AddAppleScriptSupport,implementation,reviewed-segment,transcript-2026-04-24-1-26-AddAppleScriptSupport:segment-007,282,1.0,1.0,False,True,reviewed-include,,,plan-34-v1,Plan 26 writable-property and enum save/close implementation.,9bf04ff8dbada2ce84d45fc7f9dc9d777df9f38fa13223cd98fe51f399308aa3,
plan,26,transcript,transcript-2026-04-24-1-26-AddAppleScriptSupport,implementation,reviewed-segment,transcript-2026-04-24-1-26-AddAppleScriptSupport:segment-008,304,1.0,1.0,False,True,reviewed-include,,,plan-34-v1,Plan 26 writable-property and enum save/close implementation.,9bf04ff8dbada2ce84d45fc7f9dc9d777df9f38fa13223cd98fe51f399308aa3,
plan,26,transcript,transcript-2026-04-24-1-26-AddAppleScriptSupport,implementation,reviewed-segment,transcript-2026-04-24-1-26-AddAppleScriptSupport:segment-009,356,1.0,1.0,False,True,reviewed-include,,,plan-34-v1,Plan 26 writable-property and enum save/close implementation.,9bf04ff8dbada2ce84d45fc7f9dc9d777df9f38fa13223cd98fe51f399308aa3,
commit,11ba78598b25840b5e415e7410b8df4b75c964c5,transcript,transcript-2026-04-28-1-26-AddAppleScriptSupport,work,reviewed-segment,transcript-2026-04-28-1-26-AddAppleScriptSupport:segment-001,12,1.0,1.0,False,True,reviewed-include,,,plan-34-v1,Segment meaning matches 11ba785: feat(applescript): expose FLAC pictures to scripts,c6b1f5612c63fb69f839a1040a5ac0a11b913e06fd285afaec75bff09eddd6e2,
commit,11ba78598b25840b5e415e7410b8df4b75c964c5,transcript,transcript-2026-04-28-1-26-AddAppleScriptSupport,work,reviewed-segment,transcript-2026-04-28-1-26-AddAppleScriptSupport:segment-002,157,1.0,1.0,False,True,reviewed-include,,,plan-34-v1,Segment meaning matches 11ba785: feat(applescript): expose FLAC pictures to scripts,c6b1f5612c63fb69f839a1040a5ac0a11b913e06fd285afaec75bff09eddd6e2,
commit,11ba78598b25840b5e415e7410b8df4b75c964c5,transcript,transcript-2026-04-28-1-26-AddAppleScriptSupport,work,reviewed-segment,transcript-2026-04-28-1-26-AddAppleScriptSupport:segment-003,175,1.0,1.0,False,True,reviewed-include,,,plan-34-v1,Segment meaning matches 11ba785: feat(applescript): expose FLAC pictures to scripts,c6b1f5612c63fb69f839a1040a5ac0a11b913e06fd285afaec75bff09eddd6e2,
commit,11ba78598b25840b5e415e7410b8df4b75c964c5,transcript,transcript-2026-04-28-1-26-AddAppleScriptSupport,work,reviewed-segment,transcript-2026-04-28-1-26-AddAppleScriptSupport:segment-004,197,1.0,1.0,False,True,reviewed-include,,,plan-34-v1,Segment meaning matches 11ba785: feat(applescript): expose FLAC pictures to scripts,c6b1f5612c63fb69f839a1040a5ac0a11b913e06fd285afaec75bff09eddd6e2,
commit,11ba78598b25840b5e415e7410b8df4b75c964c5,transcript,transcript-2026-04-28-1-26-AddAppleScriptSupport,work,reviewed-segment,transcript-2026-04-28-1-26-AddAppleScriptSupport:segment-005,237,1.0,1.0,False,True,reviewed-include,,,plan-34-v1,Segment meaning matches 11ba785: feat(applescript): expose FLAC pictures to scripts,c6b1f5612c63fb69f839a1040a5ac0a11b913e06fd285afaec75bff09eddd6e2,
commit,11ba78598b25840b5e415e7410b8df4b75c964c5,transcript,transcript-2026-04-28-1-26-AddAppleScriptSupport,work,reviewed-segment,transcript-2026-04-28-1-26-AddAppleScriptSupport:segment-006,277,1.0,1.0,False,True,reviewed-include,,,plan-34-v1,Segment meaning matches 11ba785: feat(applescript): expose FLAC pictures to scripts,c6b1f5612c63fb69f839a1040a5ac0a11b913e06fd285afaec75bff09eddd6e2,
commit,11ba78598b25840b5e415e7410b8df4b75c964c5,transcript,transcript-2026-04-28-1-26-AddAppleScriptSupport,work,reviewed-segment,transcript-2026-04-28-1-26-AddAppleScriptSupport:segment-007,311,1.0,1.0,False,True,reviewed-include,,,plan-34-v1,Segment meaning matches 11ba785: feat(applescript): expose FLAC pictures to scripts,c6b1f5612c63fb69f839a1040a5ac0a11b913e06fd285afaec75bff09eddd6e2,
commit,11ba78598b25840b5e415e7410b8df4b75c964c5,transcript,transcript-2026-04-28-1-26-AddAppleScriptSupport,work,reviewed-segment,transcript-2026-04-28-1-26-AddAppleScriptSupport:segment-008,325,1.0,1.0,False,True,reviewed-include,,,plan-34-v1,Segment meaning matches 11ba785: feat(applescript): expose FLAC pictures to scripts,c6b1f5612c63fb69f839a1040a5ac0a11b913e06fd285afaec75bff09eddd6e2,
plan,26,transcript,transcript-2026-04-28-1-26-AddAppleScriptSupport,implementation,reviewed-segment,transcript-2026-04-28-1-26-AddAppleScriptSupport:segment-001,12,1.0,1.0,False,True,reviewed-include,,,plan-34-v1,Implementation/verification governed by Plan.,c6b1f5612c63fb69f839a1040a5ac0a11b913e06fd285afaec75bff09eddd6e2,
plan,26,transcript,transcript-2026-04-28-1-26-AddAppleScriptSupport,implementation,reviewed-segment,transcript-2026-04-28-1-26-AddAppleScriptSupport:segment-002,157,1.0,1.0,False,True,reviewed-include,,,plan-34-v1,Implementation/verification governed by Plan.,c6b1f5612c63fb69f839a1040a5ac0a11b913e06fd285afaec75bff09eddd6e2,
plan,26,transcript,transcript-2026-04-28-1-26-AddAppleScriptSupport,implementation,reviewed-segment,transcript-2026-04-28-1-26-AddAppleScriptSupport:segment-003,175,1.0,1.0,False,True,reviewed-include,,,plan-34-v1,Implementation/verification governed by Plan.,c6b1f5612c63fb69f839a1040a5ac0a11b913e06fd285afaec75bff09eddd6e2,
plan,26,transcript,transcript-2026-04-28-1-26-AddAppleScriptSupport,implementation,reviewed-segment,transcript-2026-04-28-1-26-AddAppleScriptSupport:segment-004,197,1.0,1.0,False,True,reviewed-include,,,plan-34-v1,Implementation/verification governed by Plan.,c6b1f5612c63fb69f839a1040a5ac0a11b913e06fd285afaec75bff09eddd6e2,
plan,26,transcript,transcript-2026-04-28-1-26-AddAppleScriptSupport,implementation,reviewed-segment,transcript-2026-04-28-1-26-AddAppleScriptSupport:segment-005,237,1.0,1.0,False,True,reviewed-include,,,plan-34-v1,Implementation/verification governed by Plan.,c6b1f5612c63fb69f839a1040a5ac0a11b913e06fd285afaec75bff09eddd6e2,
plan,26,transcript,transcript-2026-04-28-1-26-AddAppleScriptSupport,implementation,reviewed-segment,transcript-2026-04-28-1-26-AddAppleScriptSupport:segment-006,277,1.0,1.0,False,True,reviewed-include,,,plan-34-v1,Implementation/verification governed by Plan.,c6b1f5612c63fb69f839a1040a5ac0a11b913e06fd285afaec75bff09eddd6e2,
plan,26,transcript,transcript-2026-04-28-1-26-AddAppleScriptSupport,implementation,reviewed-segment,transcript-2026-04-28-1-26-AddAppleScriptSupport:segment-007,311,1.0,1.0,False,True,reviewed-include,,,plan-34-v1,Implementation/verification governed by Plan.,c6b1f5612c63fb69f839a1040a5ac0a11b913e06fd285afaec75bff09eddd6e2,
plan,26,transcript,transcript-2026-04-28-1-26-AddAppleScriptSupport,implementation,reviewed-segment,transcript-2026-04-28-1-26-AddAppleScriptSupport:segment-008,325,1.0,1.0,False,True,reviewed-include,,,plan-34-v1,Implementation/verification governed by Plan.,c6b1f5612c63fb69f839a1040a5ac0a11b913e06fd285afaec75bff09eddd6e2,
commit,6811df91487bd977d74d60b43af798e9970e5d69,transcript,transcript-2026-04-28-2-26-AddAppleScriptSupport,work,reviewed-segment,transcript-2026-04-28-2-26-AddAppleScriptSupport:segment-001,12,1.0,1.0,False,True,reviewed-include,,,plan-34-v1,Segment meaning matches 6811df9: feat(applescript): import track pictures from script data,d669871ede0566183e0d540a2d3df70bf6e48bbb459f77129529c021a67e605d,
commit,6811df91487bd977d74d60b43af798e9970e5d69,transcript,transcript-2026-04-28-2-26-AddAppleScriptSupport,work,reviewed-segment,transcript-2026-04-28-2-26-AddAppleScriptSupport:segment-002,58,1.0,1.0,False,True,reviewed-include,,,plan-34-v1,Segment meaning matches 6811df9: feat(applescript): import track pictures from script data,d669871ede0566183e0d540a2d3df70bf6e48bbb459f77129529c021a67e605d,
commit,6811df91487bd977d74d60b43af798e9970e5d69,transcript,transcript-2026-04-28-2-26-AddAppleScriptSupport,work,reviewed-segment,transcript-2026-04-28-2-26-AddAppleScriptSupport:segment-003,241,1.0,1.0,False,True,reviewed-include,,,plan-34-v1,Segment meaning matches 6811df9: feat(applescript): import track pictures from script data,d669871ede0566183e0d540a2d3df70bf6e48bbb459f77129529c021a67e605d,
commit,6811df91487bd977d74d60b43af798e9970e5d69,transcript,transcript-2026-04-28-2-26-AddAppleScriptSupport,work,reviewed-segment,transcript-2026-04-28-2-26-AddAppleScriptSupport:segment-004,424,1.0,1.0,False,True,reviewed-include,,,plan-34-v1,Segment meaning matches 6811df9: feat(applescript): import track pictures from script data,d669871ede0566183e0d540a2d3df70bf6e48bbb459f77129529c021a67e605d,
plan,26,transcript,transcript-2026-04-28-2-26-AddAppleScriptSupport,implementation,reviewed-segment,transcript-2026-04-28-2-26-AddAppleScriptSupport:segment-001,12,1.0,1.0,False,True,reviewed-include,,,plan-34-v1,Implementation/verification governed by Plan.,d669871ede0566183e0d540a2d3df70bf6e48bbb459f77129529c021a67e605d,
plan,26,transcript,transcript-2026-04-28-2-26-AddAppleScriptSupport,implementation,reviewed-segment,transcript-2026-04-28-2-26-AddAppleScriptSupport:segment-002,58,1.0,1.0,False,True,reviewed-include,,,plan-34-v1,Implementation/verification governed by Plan.,d669871ede0566183e0d540a2d3df70bf6e48bbb459f77129529c021a67e605d,
plan,26,transcript,transcript-2026-04-28-2-26-AddAppleScriptSupport,implementation,reviewed-segment,transcript-2026-04-28-2-26-AddAppleScriptSupport:segment-003,241,1.0,1.0,False,True,reviewed-include,,,plan-34-v1,Implementation/verification governed by Plan.,d669871ede0566183e0d540a2d3df70bf6e48bbb459f77129529c021a67e605d,
plan,26,transcript,transcript-2026-04-28-2-26-AddAppleScriptSupport,implementation,reviewed-segment,transcript-2026-04-28-2-26-AddAppleScriptSupport:segment-004,424,1.0,1.0,False,True,reviewed-include,,,plan-34-v1,Implementation/verification governed by Plan.,d669871ede0566183e0d540a2d3df70bf6e48bbb459f77129529c021a67e605d,
commit,9b05c92e3f87af186de2ebdf43ebe8f297b41572,transcript,transcript-2026-04-29-1-26-AddAppleScriptSupport,work,reviewed-segment,transcript-2026-04-29-1-26-AddAppleScriptSupport:segment-001,12,1.0,1.0,False,True,reviewed-include,,,plan-34-v1,Segment meaning matches 9b05c92: fix(applescript): accept base64 picture import payloads,ec28aacb6ee6d814e0ea14c399cc143e7f5636e13d9a3572137c9896058ef4a4,
plan,26,transcript,transcript-2026-04-29-1-26-AddAppleScriptSupport,implementation,reviewed-segment,transcript-2026-04-29-1-26-AddAppleScriptSupport:segment-001,12,1.0,1.0,False,True,reviewed-include,,,plan-34-v1,Implementation/verification governed by Plan.,ec28aacb6ee6d814e0ea14c399cc143e7f5636e13d9a3572137c9896058ef4a4,
commit,46a24e9e98968ea9d3bfa50853be92e35d857f8e,transcript,transcript-2026-04-29-2-26-AddAppleScriptSupport,work,reviewed-segment,transcript-2026-04-29-2-26-AddAppleScriptSupport:segment-001,12,1.0,1.0,False,True,reviewed-include,,,plan-34-v1,Segment meaning matches 46a24e9: fix(applescript): expose tag IDs for key-filtered references,6cc82c8caa997f38c9a9757e25ae76036c1472e7cfa10cf4e6d8e4ecc2ab14de,
commit,bbb83ef00b9fb130f94ada7293ee1f429c6bf755,transcript,transcript-2026-04-29-2-26-AddAppleScriptSupport,work,reviewed-segment,transcript-2026-04-29-2-26-AddAppleScriptSupport:segment-002,72,1.0,1.0,False,True,reviewed-include,,,plan-34-v1,Segment meaning matches bbb83ef: feat(applescript): support deleting track tags,6cc82c8caa997f38c9a9757e25ae76036c1472e7cfa10cf4e6d8e4ecc2ab14de,
commit,24428a1548324e06268c9174e358e22e9559801b,transcript,transcript-2026-04-29-2-26-AddAppleScriptSupport,work,reviewed-segment,transcript-2026-04-29-2-26-AddAppleScriptSupport:segment-003,143,1.0,1.0,False,True,reviewed-include,,,plan-34-v1,Segment meaning matches 24428a1: fix(applescript): support making tags from track tell contexts,6cc82c8caa997f38c9a9757e25ae76036c1472e7cfa10cf4e6d8e4ecc2ab14de,
commit,24428a1548324e06268c9174e358e22e9559801b,transcript,transcript-2026-04-29-2-26-AddAppleScriptSupport,work,reviewed-segment,transcript-2026-04-29-2-26-AddAppleScriptSupport:segment-004,209,1.0,1.0,False,True,reviewed-include,,,plan-34-v1,Segment meaning matches 24428a1: fix(applescript): support making tags from track tell contexts,6cc82c8caa997f38c9a9757e25ae76036c1472e7cfa10cf4e6d8e4ecc2ab14de,
commit,24428a1548324e06268c9174e358e22e9559801b,transcript,transcript-2026-04-29-2-26-AddAppleScriptSupport,work,reviewed-segment,transcript-2026-04-29-2-26-AddAppleScriptSupport:segment-005,265,1.0,1.0,False,True,reviewed-include,,,plan-34-v1,Segment meaning matches 24428a1: fix(applescript): support making tags from track tell contexts,6cc82c8caa997f38c9a9757e25ae76036c1472e7cfa10cf4e6d8e4ecc2ab14de,
plan,26,transcript,transcript-2026-04-29-2-26-AddAppleScriptSupport,implementation,reviewed-segment,transcript-2026-04-29-2-26-AddAppleScriptSupport:segment-001,12,1.0,1.0,False,True,reviewed-include,,,plan-34-v1,Implementation/verification governed by Plan.,6cc82c8caa997f38c9a9757e25ae76036c1472e7cfa10cf4e6d8e4ecc2ab14de,
plan,26,transcript,transcript-2026-04-29-2-26-AddAppleScriptSupport,implementation,reviewed-segment,transcript-2026-04-29-2-26-AddAppleScriptSupport:segment-002,72,1.0,1.0,False,True,reviewed-include,,,plan-34-v1,Implementation/verification governed by Plan.,6cc82c8caa997f38c9a9757e25ae76036c1472e7cfa10cf4e6d8e4ecc2ab14de,
plan,26,transcript,transcript-2026-04-29-2-26-AddAppleScriptSupport,implementation,reviewed-segment,transcript-2026-04-29-2-26-AddAppleScriptSupport:segment-003,143,1.0,1.0,False,True,reviewed-include,,,plan-34-v1,Implementation/verification governed by Plan.,6cc82c8caa997f38c9a9757e25ae76036c1472e7cfa10cf4e6d8e4ecc2ab14de,
commit,ce1865558f2929bb98bcf1450a297244be3fbb06,transcript,transcript-2026-04-30-1-26-AddAppleScriptSupport,work,reviewed-segment,transcript-2026-04-30-1-26-AddAppleScriptSupport:segment-001,12,1.0,1.0,False,True,reviewed-include,,,plan-34-v1,Segment meaning matches ce18655: fix(applescript): preserve empty tag objects for keyed lookups,5a91db283536a844382d7a7baddd35700b3789926844a39daac930f919098522,
commit,ce1865558f2929bb98bcf1450a297244be3fbb06,transcript,transcript-2026-04-30-1-26-AddAppleScriptSupport,work,reviewed-segment,transcript-2026-04-30-1-26-AddAppleScriptSupport:segment-002,85,1.0,1.0,False,True,reviewed-include,,,plan-34-v1,Segment meaning matches ce18655: fix(applescript): preserve empty tag objects for keyed lookups,5a91db283536a844382d7a7baddd35700b3789926844a39daac930f919098522,
commit,ce1865558f2929bb98bcf1450a297244be3fbb06,transcript,transcript-2026-04-30-1-26-AddAppleScriptSupport,work,reviewed-segment,transcript-2026-04-30-1-26-AddAppleScriptSupport:segment-003,138,1.0,1.0,False,True,reviewed-include,,,plan-34-v1,Segment meaning matches ce18655: fix(applescript): preserve empty tag objects for keyed lookups,5a91db283536a844382d7a7baddd35700b3789926844a39daac930f919098522,
commit,ce1865558f2929bb98bcf1450a297244be3fbb06,transcript,transcript-2026-04-30-1-26-AddAppleScriptSupport,work,reviewed-segment,transcript-2026-04-30-1-26-AddAppleScriptSupport:segment-004,164,1.0,1.0,False,True,reviewed-include,,,plan-34-v1,Segment meaning matches ce18655: fix(applescript): preserve empty tag objects for keyed lookups,5a91db283536a844382d7a7baddd35700b3789926844a39daac930f919098522,
commit,ce1865558f2929bb98bcf1450a297244be3fbb06,transcript,transcript-2026-04-30-1-26-AddAppleScriptSupport,work,reviewed-segment,transcript-2026-04-30-1-26-AddAppleScriptSupport:segment-005,216,1.0,1.0,False,True,reviewed-include,,,plan-34-v1,Segment meaning matches ce18655: fix(applescript): preserve empty tag objects for keyed lookups,5a91db283536a844382d7a7baddd35700b3789926844a39daac930f919098522,
commit,ce1865558f2929bb98bcf1450a297244be3fbb06,transcript,transcript-2026-04-30-1-26-AddAppleScriptSupport,work,reviewed-segment,transcript-2026-04-30-1-26-AddAppleScriptSupport:segment-006,236,1.0,1.0,False,True,reviewed-include,,,plan-34-v1,Segment meaning matches ce18655: fix(applescript): preserve empty tag objects for keyed lookups,5a91db283536a844382d7a7baddd35700b3789926844a39daac930f919098522,
commit,ce1865558f2929bb98bcf1450a297244be3fbb06,transcript,transcript-2026-04-30-1-26-AddAppleScriptSupport,work,reviewed-segment,transcript-2026-04-30-1-26-AddAppleScriptSupport:segment-007,261,1.0,1.0,False,True,reviewed-include,,,plan-34-v1,Segment meaning matches ce18655: fix(applescript): preserve empty tag objects for keyed lookups,5a91db283536a844382d7a7baddd35700b3789926844a39daac930f919098522,
commit,987ade16137d70327f87ab16fcf3fc874681eba4,transcript,transcript-2026-04-30-1-26-AddAppleScriptSupport,work,reviewed-segment,transcript-2026-04-30-1-26-AddAppleScriptSupport:segment-008,285,1.0,1.0,False,True,reviewed-include,,,plan-34-v1,Segment meaning matches 987ade1: fix(tags): use tag storage for shared track fields,5a91db283536a844382d7a7baddd35700b3789926844a39daac930f919098522,
commit,987ade16137d70327f87ab16fcf3fc874681eba4,transcript,transcript-2026-04-30-1-26-AddAppleScriptSupport,work,reviewed-segment,transcript-2026-04-30-1-26-AddAppleScriptSupport:segment-009,329,1.0,1.0,False,True,reviewed-include,,,plan-34-v1,Segment meaning matches 987ade1: fix(tags): use tag storage for shared track fields,5a91db283536a844382d7a7baddd35700b3789926844a39daac930f919098522,
commit,987ade16137d70327f87ab16fcf3fc874681eba4,transcript,transcript-2026-04-30-1-26-AddAppleScriptSupport,work,reviewed-segment,transcript-2026-04-30-1-26-AddAppleScriptSupport:segment-010,352,1.0,1.0,False,True,reviewed-include,,,plan-34-v1,Segment meaning matches 987ade1: fix(tags): use tag storage for shared track fields,5a91db283536a844382d7a7baddd35700b3789926844a39daac930f919098522,
plan,26,transcript,transcript-2026-04-30-1-26-AddAppleScriptSupport,implementation,reviewed-segment,transcript-2026-04-30-1-26-AddAppleScriptSupport:segment-001,12,1.0,1.0,False,True,reviewed-include,,,plan-34-v1,Implementation/verification governed by Plan.,5a91db283536a844382d7a7baddd35700b3789926844a39daac930f919098522,
plan,26,transcript,transcript-2026-04-30-1-26-AddAppleScriptSupport,implementation,reviewed-segment,transcript-2026-04-30-1-26-AddAppleScriptSupport:segment-002,85,1.0,1.0,False,True,reviewed-include,,,plan-34-v1,Implementation/verification governed by Plan.,5a91db283536a844382d7a7baddd35700b3789926844a39daac930f919098522,
plan,26,transcript,transcript-2026-04-30-1-26-AddAppleScriptSupport,implementation,reviewed-segment,transcript-2026-04-30-1-26-AddAppleScriptSupport:segment-003,138,1.0,1.0,False,True,reviewed-include,,,plan-34-v1,Implementation/verification governed by Plan.,5a91db283536a844382d7a7baddd35700b3789926844a39daac930f919098522,
plan,26,transcript,transcript-2026-04-30-1-26-AddAppleScriptSupport,implementation,reviewed-segment,transcript-2026-04-30-1-26-AddAppleScriptSupport:segment-004,164,1.0,1.0,False,True,reviewed-include,,,plan-34-v1,Implementation/verification governed by Plan.,5a91db283536a844382d7a7baddd35700b3789926844a39daac930f919098522,
plan,26,transcript,transcript-2026-04-30-1-26-AddAppleScriptSupport,implementation,reviewed-segment,transcript-2026-04-30-1-26-AddAppleScriptSupport:segment-005,216,1.0,1.0,False,True,reviewed-include,,,plan-34-v1,Implementation/verification governed by Plan.,5a91db283536a844382d7a7baddd35700b3789926844a39daac930f919098522,
plan,26,transcript,transcript-2026-04-30-1-26-AddAppleScriptSupport,implementation,reviewed-segment,transcript-2026-04-30-1-26-AddAppleScriptSupport:segment-006,236,1.0,1.0,False,True,reviewed-include,,,plan-34-v1,Implementation/verification governed by Plan.,5a91db283536a844382d7a7baddd35700b3789926844a39daac930f919098522,
plan,26,transcript,transcript-2026-04-30-1-26-AddAppleScriptSupport,implementation,reviewed-segment,transcript-2026-04-30-1-26-AddAppleScriptSupport:segment-007,261,1.0,1.0,False,True,reviewed-include,,,plan-34-v1,Implementation/verification governed by Plan.,5a91db283536a844382d7a7baddd35700b3789926844a39daac930f919098522,
plan,27,transcript,transcript-2026-04-30-1-26-AddAppleScriptSupport,direct,reviewed-segment,transcript-2026-04-30-1-26-AddAppleScriptSupport:segment-008,285,1.0,1.0,True,False,reviewed-include,,,plan-34-v1,Plan authoring/decision work.,5a91db283536a844382d7a7baddd35700b3789926844a39daac930f919098522,
plan,27,transcript,transcript-2026-04-30-1-26-AddAppleScriptSupport,direct,reviewed-segment,transcript-2026-04-30-1-26-AddAppleScriptSupport:segment-009,329,1.0,1.0,True,False,reviewed-include,,,plan-34-v1,Plan authoring/decision work.,5a91db283536a844382d7a7baddd35700b3789926844a39daac930f919098522,
plan,27,transcript,transcript-2026-04-30-1-26-AddAppleScriptSupport,implementation,reviewed-segment,transcript-2026-04-30-1-26-AddAppleScriptSupport:segment-010,352,1.0,1.0,False,True,reviewed-include,,,plan-34-v1,Implementation/verification governed by Plan.,5a91db283536a844382d7a7baddd35700b3789926844a39daac930f919098522,
commit,83b8764ca1faecb6f984a4cf8703eaad75501f8a,transcript,transcript-2026-04-30-2-26-AddAppleScriptSupport,work,reviewed-segment,transcript-2026-04-30-2-26-AddAppleScriptSupport:segment-001,12,1.0,1.0,False,True,reviewed-include,,,plan-34-v1,Segment meaning matches 83b8764: feat(applescript): add picture delete support,fc6307f9b189a4b2ffca601324a854815c7fb296975b2d260a6b981d597cb898,
commit,83b8764ca1faecb6f984a4cf8703eaad75501f8a,transcript,transcript-2026-04-30-2-26-AddAppleScriptSupport,work,reviewed-segment,transcript-2026-04-30-2-26-AddAppleScriptSupport:segment-002,94,1.0,1.0,False,True,reviewed-include,,,plan-34-v1,Segment meaning matches 83b8764: feat(applescript): add picture delete support,fc6307f9b189a4b2ffca601324a854815c7fb296975b2d260a6b981d597cb898,
plan,26,transcript,transcript-2026-04-30-2-26-AddAppleScriptSupport,implementation,reviewed-segment,transcript-2026-04-30-2-26-AddAppleScriptSupport:segment-001,12,1.0,1.0,False,True,reviewed-include,,,plan-34-v1,Implementation/verification governed by Plan.,fc6307f9b189a4b2ffca601324a854815c7fb296975b2d260a6b981d597cb898,
plan,26,transcript,transcript-2026-04-30-2-26-AddAppleScriptSupport,implementation,reviewed-segment,transcript-2026-04-30-2-26-AddAppleScriptSupport:segment-002,94,1.0,1.0,False,True,reviewed-include,,,plan-34-v1,Implementation/verification governed by Plan.,fc6307f9b189a4b2ffca601324a854815c7fb296975b2d260a6b981d597cb898,
commit,17b6c1045af4a5e5e2c465dded80f53ff5695df5,transcript,transcript-2026-05-01-1-26-AddAppleScriptSupport,work,reviewed-segment,transcript-2026-05-01-1-26-AddAppleScriptSupport:segment-001,10,1.0,1.0,False,True,reviewed-include,,,plan-34-v1,Segment meaning matches 17b6c10: feat(applescript): expose settings preferences,bbc56608eef3cdb1d80570a197a1fa77d4209098cc67641f1cc333841901d918,
commit,1b08404c005806083a5443603d98c10c5510ee70,transcript,transcript-2026-05-01-1-26-AddAppleScriptSupport,work,reviewed-segment,transcript-2026-05-01-1-26-AddAppleScriptSupport:segment-002,188,1.0,1.0,False,True,reviewed-include,,,plan-34-v1,Segment meaning matches 1b08404: feat(applescript): model color settings as records,bbc56608eef3cdb1d80570a197a1fa77d4209098cc67641f1cc333841901d918,
commit,1b08404c005806083a5443603d98c10c5510ee70,transcript,transcript-2026-05-01-1-26-AddAppleScriptSupport,work,reviewed-segment,transcript-2026-05-01-1-26-AddAppleScriptSupport:segment-003,235,1.0,1.0,False,True,reviewed-include,,,plan-34-v1,Segment meaning matches 1b08404: feat(applescript): model color settings as records,bbc56608eef3cdb1d80570a197a1fa77d4209098cc67641f1cc333841901d918,
plan,26,transcript,transcript-2026-05-01-1-26-AddAppleScriptSupport,implementation,reviewed-segment,transcript-2026-05-01-1-26-AddAppleScriptSupport:segment-001,10,1.0,1.0,False,True,reviewed-include,,,plan-34-v1,Implementation/verification governed by Plan.,bbc56608eef3cdb1d80570a197a1fa77d4209098cc67641f1cc333841901d918,
plan,26,transcript,transcript-2026-05-01-1-26-AddAppleScriptSupport,implementation,reviewed-segment,transcript-2026-05-01-1-26-AddAppleScriptSupport:segment-002,188,1.0,1.0,False,True,reviewed-include,,,plan-34-v1,Implementation/verification governed by Plan.,bbc56608eef3cdb1d80570a197a1fa77d4209098cc67641f1cc333841901d918,
plan,26,transcript,transcript-2026-05-01-1-26-AddAppleScriptSupport,implementation,reviewed-segment,transcript-2026-05-01-1-26-AddAppleScriptSupport:segment-003,235,1.0,1.0,False,True,reviewed-include,,,plan-34-v1,Implementation/verification governed by Plan.,bbc56608eef3cdb1d80570a197a1fa77d4209098cc67641f1cc333841901d918,
commit,063c138d4ad746588a85c0be70cc1c5c75854e87,transcript,transcript-2026-05-02-1-26-AddAppleScriptSupport,work,reviewed-segment,transcript-2026-05-02-1-26-AddAppleScriptSupport:segment-001,10,1.0,1.0,False,True,reviewed-include,,,plan-34-v1,Segment meaning matches 063c138: feat(applescript): expose diff tools settings,c021a1364c47ca19050515ea9bbf607e250e6cfc57d41b2098828f030ef67993,
plan,26,transcript,transcript-2026-05-02-1-26-AddAppleScriptSupport,implementation,reviewed-segment,transcript-2026-05-02-1-26-AddAppleScriptSupport:segment-001,10,1.0,1.0,False,True,reviewed-include,,,plan-34-v1,Implementation/verification governed by Plan.,c021a1364c47ca19050515ea9bbf607e250e6cfc57d41b2098828f030ef67993,
commit,7c15f6097d77ab2db98c6795b04474308f770536,transcript,transcript-2026-05-02-2-26-AddAppleScriptSupport,work,reviewed-segment,transcript-2026-05-02-2-26-AddAppleScriptSupport:segment-001,10,1.0,1.0,False,True,reviewed-include,,,plan-34-v1,Segment meaning matches 7c15f60: feat(applescript): expose scriptable window properties,b2d0ceb7c3e68aaeeee795459c69a715f29e9cb3e8b774feb81d513431dee054,
commit,7c15f6097d77ab2db98c6795b04474308f770536,transcript,transcript-2026-05-02-2-26-AddAppleScriptSupport,work,reviewed-segment,transcript-2026-05-02-2-26-AddAppleScriptSupport:segment-002,98,1.0,1.0,False,True,reviewed-include,,,plan-34-v1,Segment meaning matches 7c15f60: feat(applescript): expose scriptable window properties,b2d0ceb7c3e68aaeeee795459c69a715f29e9cb3e8b774feb81d513431dee054,
plan,26,transcript,transcript-2026-05-02-2-26-AddAppleScriptSupport,implementation,reviewed-segment,transcript-2026-05-02-2-26-AddAppleScriptSupport:segment-001,10,1.0,1.0,False,True,reviewed-include,,,plan-34-v1,Implementation/verification governed by Plan.,b2d0ceb7c3e68aaeeee795459c69a715f29e9cb3e8b774feb81d513431dee054,
plan,26,transcript,transcript-2026-05-02-2-26-AddAppleScriptSupport,implementation,reviewed-segment,transcript-2026-05-02-2-26-AddAppleScriptSupport:segment-002,98,1.0,1.0,False,True,reviewed-include,,,plan-34-v1,Implementation/verification governed by Plan.,b2d0ceb7c3e68aaeeee795459c69a715f29e9cb3e8b774feb81d513431dee054,
commit,d928e3bb438c8fa266b8700f3d4b2709c72bd7ee,transcript,transcript-2026-05-03-1-26-AddAppleScriptSupport,work,reviewed-segment,transcript-2026-05-03-1-26-AddAppleScriptSupport:segment-001,10,1.0,1.0,False,True,reviewed-include,,,plan-34-v1,Segment meaning matches d928e3b: feat(applescript): add settings window scripting support,ef76c87b03060ba299e64bb9fa06eb6378b31663193a1a526f2bcea41407dff2,
commit,d928e3bb438c8fa266b8700f3d4b2709c72bd7ee,transcript,transcript-2026-05-03-1-26-AddAppleScriptSupport,work,reviewed-segment,transcript-2026-05-03-1-26-AddAppleScriptSupport:segment-002,71,1.0,1.0,False,True,reviewed-include,,,plan-34-v1,Segment meaning matches d928e3b: feat(applescript): add settings window scripting support,ef76c87b03060ba299e64bb9fa06eb6378b31663193a1a526f2bcea41407dff2,
commit,d928e3bb438c8fa266b8700f3d4b2709c72bd7ee,transcript,transcript-2026-05-03-1-26-AddAppleScriptSupport,work,reviewed-segment,transcript-2026-05-03-1-26-AddAppleScriptSupport:segment-003,151,1.0,1.0,False,True,reviewed-include,,,plan-34-v1,Segment meaning matches d928e3b: feat(applescript): add settings window scripting support,ef76c87b03060ba299e64bb9fa06eb6378b31663193a1a526f2bcea41407dff2,
plan,26,transcript,transcript-2026-05-03-1-26-AddAppleScriptSupport,implementation,reviewed-segment,transcript-2026-05-03-1-26-AddAppleScriptSupport:segment-001,10,1.0,1.0,False,True,reviewed-include,,,plan-34-v1,Implementation/verification governed by Plan.,ef76c87b03060ba299e64bb9fa06eb6378b31663193a1a526f2bcea41407dff2,
plan,26,transcript,transcript-2026-05-03-1-26-AddAppleScriptSupport,implementation,reviewed-segment,transcript-2026-05-03-1-26-AddAppleScriptSupport:segment-002,71,1.0,1.0,False,True,reviewed-include,,,plan-34-v1,Implementation/verification governed by Plan.,ef76c87b03060ba299e64bb9fa06eb6378b31663193a1a526f2bcea41407dff2,
plan,26,transcript,transcript-2026-05-03-1-26-AddAppleScriptSupport,implementation,reviewed-segment,transcript-2026-05-03-1-26-AddAppleScriptSupport:segment-003,151,1.0,1.0,False,True,reviewed-include,,,plan-34-v1,Implementation/verification governed by Plan.,ef76c87b03060ba299e64bb9fa06eb6378b31663193a1a526f2bcea41407dff2,
commit,3fd6771aa6fbbc5afe81722f5d39ce0c171019cd,transcript,transcript-2026-05-03-2-26-AddAppleScriptSupport,work,reviewed-segment,transcript-2026-05-03-2-26-AddAppleScriptSupport:segment-001,10,1.0,1.0,False,True,reviewed-include,,,plan-34-v1,Segment meaning matches 3fd6771: feat(applescript): add locked track support to scripting commands,224d816f671b63b1246d048d3efe4094ff88709e7e653d5ccb3d70b487463a3a,
commit,3fd6771aa6fbbc5afe81722f5d39ce0c171019cd,transcript,transcript-2026-05-03-2-26-AddAppleScriptSupport,work,reviewed-segment,transcript-2026-05-03-2-26-AddAppleScriptSupport:segment-002,64,1.0,1.0,False,True,reviewed-include,,,plan-34-v1,Segment meaning matches 3fd6771: feat(applescript): add locked track support to scripting commands,224d816f671b63b1246d048d3efe4094ff88709e7e653d5ccb3d70b487463a3a,
plan,26,transcript,transcript-2026-05-03-2-26-AddAppleScriptSupport,implementation,reviewed-segment,transcript-2026-05-03-2-26-AddAppleScriptSupport:segment-001,10,1.0,1.0,False,True,reviewed-include,,,plan-34-v1,Implementation/verification governed by Plan.,224d816f671b63b1246d048d3efe4094ff88709e7e653d5ccb3d70b487463a3a,
plan,26,transcript,transcript-2026-05-03-2-26-AddAppleScriptSupport,implementation,reviewed-segment,transcript-2026-05-03-2-26-AddAppleScriptSupport:segment-002,64,1.0,1.0,False,True,reviewed-include,,,plan-34-v1,Implementation/verification governed by Plan.,224d816f671b63b1246d048d3efe4094ff88709e7e653d5ccb3d70b487463a3a,
commit,2e24923ec49954fa4d4b17f56f3d26c10265a51b,transcript,transcript-2026-05-04-1-26-AddAppleScriptSupport,work,reviewed-segment,transcript-2026-05-04-1-26-AddAppleScriptSupport:segment-001,10,1.0,1.0,False,True,reviewed-include,,,plan-34-v1,Segment meaning matches 2e24923: fix(applescript): support track file comparisons,cf95c63b79494e9275c14acc38e44402abea2176c11e7e30fea2e058254072ed,
commit,43b64835145b64f3346d6298de67754019b36df8,transcript,transcript-2026-05-04-1-26-AddAppleScriptSupport,work,reviewed-segment,transcript-2026-05-04-1-26-AddAppleScriptSupport:segment-002,108,1.0,1.0,False,True,reviewed-include,,,plan-34-v1,Segment meaning matches 43b6483: feat(applescript): support deleting tracks from editor windows,cf95c63b79494e9275c14acc38e44402abea2176c11e7e30fea2e058254072ed,
plan,26,transcript,transcript-2026-05-04-1-26-AddAppleScriptSupport,implementation,reviewed-segment,transcript-2026-05-04-1-26-AddAppleScriptSupport:segment-001,10,1.0,1.0,False,True,reviewed-include,,,plan-34-v1,Implementation/verification governed by Plan.,cf95c63b79494e9275c14acc38e44402abea2176c11e7e30fea2e058254072ed,
plan,26,transcript,transcript-2026-05-04-1-26-AddAppleScriptSupport,implementation,reviewed-segment,transcript-2026-05-04-1-26-AddAppleScriptSupport:segment-002,108,1.0,1.0,False,True,reviewed-include,,,plan-34-v1,Implementation/verification governed by Plan.,cf95c63b79494e9275c14acc38e44402abea2176c11e7e30fea2e058254072ed,
commit,fc120558109cc0d36c1bee5ae25bce69d4702311,transcript,transcript-2026-05-07-1-26-AddAppleScriptSupport,work,reviewed-segment,transcript-2026-05-07-1-26-AddAppleScriptSupport:segment-001,10,1.0,1.0,False,True,reviewed-include,,,plan-34-v1,Segment meaning matches fc12055: feat(applescript): expose picture identity properties,2a9998047e14e2d57fffd81f00c4c8ec4a47224e600d1c4aa048c33336fc2e6e,
commit,25fde2c3d0c01acd97eb967b5903f6336c57b6ae,transcript,transcript-2026-05-07-1-26-AddAppleScriptSupport,work,reviewed-segment,transcript-2026-05-07-1-26-AddAppleScriptSupport:segment-002,80,1.0,1.0,False,True,reviewed-include,,,plan-34-v1,Segment meaning matches 25fde2c: fix(applescript): preserve picture IDs after deleting same-type pictures,2a9998047e14e2d57fffd81f00c4c8ec4a47224e600d1c4aa048c33336fc2e6e,
commit,94c83a7fe23cb17431994dd0f02d5f38c321630b,transcript,transcript-2026-05-07-1-26-AddAppleScriptSupport,work,reviewed-segment,transcript-2026-05-07-1-26-AddAppleScriptSupport:segment-003,138,1.0,1.0,False,True,reviewed-include,,,plan-34-v1,Segment meaning matches 94c83a7: fix(applescript): close settings window from AppleScript,2a9998047e14e2d57fffd81f00c4c8ec4a47224e600d1c4aa048c33336fc2e6e,
commit,77e0dc1182db2bdd7d3a4d09b5c1a7b3b912191b,transcript,transcript-2026-05-07-1-26-AddAppleScriptSupport,work,reviewed-segment,transcript-2026-05-07-1-26-AddAppleScriptSupport:segment-004,196,1.0,1.0,False,True,reviewed-include,,,plan-34-v1,Segment meaning matches 77e0dc1: fix(applescript): return integer window coordinate records,2a9998047e14e2d57fffd81f00c4c8ec4a47224e600d1c4aa048c33336fc2e6e,
plan,26,transcript,transcript-2026-05-07-1-26-AddAppleScriptSupport,implementation,reviewed-segment,transcript-2026-05-07-1-26-AddAppleScriptSupport:segment-001,10,1.0,1.0,False,True,reviewed-include,,,plan-34-v1,Implementation/verification governed by Plan.,2a9998047e14e2d57fffd81f00c4c8ec4a47224e600d1c4aa048c33336fc2e6e,
plan,26,transcript,transcript-2026-05-07-1-26-AddAppleScriptSupport,implementation,reviewed-segment,transcript-2026-05-07-1-26-AddAppleScriptSupport:segment-002,80,1.0,1.0,False,True,reviewed-include,,,plan-34-v1,Implementation/verification governed by Plan.,2a9998047e14e2d57fffd81f00c4c8ec4a47224e600d1c4aa048c33336fc2e6e,
plan,26,transcript,transcript-2026-05-07-1-26-AddAppleScriptSupport,implementation,reviewed-segment,transcript-2026-05-07-1-26-AddAppleScriptSupport:segment-003,138,1.0,1.0,False,True,reviewed-include,,,plan-34-v1,Implementation/verification governed by Plan.,2a9998047e14e2d57fffd81f00c4c8ec4a47224e600d1c4aa048c33336fc2e6e,
plan,26,transcript,transcript-2026-05-07-1-26-AddAppleScriptSupport,implementation,reviewed-segment,transcript-2026-05-07-1-26-AddAppleScriptSupport:segment-004,196,1.0,1.0,False,True,reviewed-include,,,plan-34-v1,Implementation/verification governed by Plan.,2a9998047e14e2d57fffd81f00c4c8ec4a47224e600d1c4aa048c33336fc2e6e,
commit,f19906905ecd5db8ea9d65fc0a6d80dbd0f798cb,transcript,transcript-2026-05-10-1-26-AddAppleScriptSupport,work,reviewed-segment,transcript-2026-05-10-1-26-AddAppleScriptSupport:segment-001,10,1.0,1.0,False,True,reviewed-include,,,plan-34-v1,Segment meaning matches f199069: feat(applescript): expose editor window modified state,af354ce10846b2a2e4f13ca2833235076a141f30a7b565f5919bf59ea75250b5,
commit,82db5cd7599e76c1f0c6e8dda5f420865e32f4e7,transcript,transcript-2026-05-10-1-26-AddAppleScriptSupport,work,reviewed-segment,transcript-2026-05-10-1-26-AddAppleScriptSupport:segment-002,67,1.0,1.0,False,True,reviewed-include,,,plan-34-v1,Segment meaning matches 82db5cd: feat(applescript): expose track modified state,af354ce10846b2a2e4f13ca2833235076a141f30a7b565f5919bf59ea75250b5,
commit,2976159836a41160b0a462b26c952968c19a7923,transcript,transcript-2026-05-10-1-26-AddAppleScriptSupport,work,reviewed-segment,transcript-2026-05-10-1-26-AddAppleScriptSupport:segment-003,125,1.0,1.0,False,True,reviewed-include,,,plan-34-v1,Segment meaning matches 2976159: fix(applescript): refresh album-art state after picture imports,af354ce10846b2a2e4f13ca2833235076a141f30a7b565f5919bf59ea75250b5,
plan,26,transcript,transcript-2026-05-10-1-26-AddAppleScriptSupport,implementation,reviewed-segment,transcript-2026-05-10-1-26-AddAppleScriptSupport:segment-001,10,1.0,1.0,False,True,reviewed-include,,,plan-34-v1,Implementation/verification governed by Plan.,af354ce10846b2a2e4f13ca2833235076a141f30a7b565f5919bf59ea75250b5,
plan,26,transcript,transcript-2026-05-10-1-26-AddAppleScriptSupport,implementation,reviewed-segment,transcript-2026-05-10-1-26-AddAppleScriptSupport:segment-002,67,1.0,1.0,False,True,reviewed-include,,,plan-34-v1,Implementation/verification governed by Plan.,af354ce10846b2a2e4f13ca2833235076a141f30a7b565f5919bf59ea75250b5,
plan,26,transcript,transcript-2026-05-10-1-26-AddAppleScriptSupport,implementation,reviewed-segment,transcript-2026-05-10-1-26-AddAppleScriptSupport:segment-003,125,1.0,1.0,False,True,reviewed-include,,,plan-34-v1,Implementation/verification governed by Plan.,af354ce10846b2a2e4f13ca2833235076a141f30a7b565f5919bf59ea75250b5,
commit,452263137775f01b3d4877c28d37aad4dce7884d,transcript,transcript-2026-05-12-1-28-AddSwiftTagUseDocumentation,work,reviewed-segment,transcript-2026-05-12-1-28-AddSwiftTagUseDocumentation:segment-001,10,1.0,1.0,False,True,reviewed-include,,,plan-34-v1,Segment meaning matches 4522631: docs(user): add SwiftTag user documentation,d9ed673c327d4d5852c29935fdc871a9a133d40e0842c3dfa824509a46fa3937,
commit,452263137775f01b3d4877c28d37aad4dce7884d,transcript,transcript-2026-05-12-1-28-AddSwiftTagUseDocumentation,work,reviewed-segment,transcript-2026-05-12-1-28-AddSwiftTagUseDocumentation:segment-002,46,1.0,1.0,False,True,reviewed-include,,,plan-34-v1,Segment meaning matches 4522631: docs(user): add SwiftTag user documentation,d9ed673c327d4d5852c29935fdc871a9a133d40e0842c3dfa824509a46fa3937,
commit,452263137775f01b3d4877c28d37aad4dce7884d,transcript,transcript-2026-05-12-1-28-AddSwiftTagUseDocumentation,work,reviewed-segment,transcript-2026-05-12-1-28-AddSwiftTagUseDocumentation:segment-003,95,1.0,1.0,False,True,reviewed-include,,,plan-34-v1,Segment meaning matches 4522631: docs(user): add SwiftTag user documentation,d9ed673c327d4d5852c29935fdc871a9a133d40e0842c3dfa824509a46fa3937,
plan,28,transcript,transcript-2026-05-12-1-28-AddSwiftTagUseDocumentation,direct,reviewed-segment,transcript-2026-05-12-1-28-AddSwiftTagUseDocumentation:segment-001,10,1.0,1.0,True,False,reviewed-include,,,plan-34-v1,Plan authoring/decision work.,d9ed673c327d4d5852c29935fdc871a9a133d40e0842c3dfa824509a46fa3937,
plan,28,transcript,transcript-2026-05-12-1-28-AddSwiftTagUseDocumentation,implementation,reviewed-segment,transcript-2026-05-12-1-28-AddSwiftTagUseDocumentation:segment-002,46,1.0,1.0,False,True,reviewed-include,,,plan-34-v1,Implementation/verification governed by Plan.,d9ed673c327d4d5852c29935fdc871a9a133d40e0842c3dfa824509a46fa3937,
plan,28,transcript,transcript-2026-05-12-1-28-AddSwiftTagUseDocumentation,implementation,reviewed-segment,transcript-2026-05-12-1-28-AddSwiftTagUseDocumentation:segment-003,95,1.0,1.0,False,True,reviewed-include,,,plan-34-v1,Implementation/verification governed by Plan.,d9ed673c327d4d5852c29935fdc871a9a133d40e0842c3dfa824509a46fa3937,
commit,f156647a0d461ef4ed0ad7411cf1f1a4da51b3d4,transcript,transcript-2026-05-13-1-28-AddSwiftTagUseDocumentation,work,reviewed-segment,transcript-2026-05-13-1-28-AddSwiftTagUseDocumentation:segment-001,10,1.0,1.0,False,True,reviewed-include,,,plan-34-v1,"Segment meaning matches f156647: docs(user): status and diff expansion, emphasis and links",900e75c9241e88264c886808ff022cd70d7e8a47f73d767fba4cd40cf824a7be,
commit,9273900261be4959eb466c7c8dd5bce9283d6da8,transcript,transcript-2026-05-13-1-28-AddSwiftTagUseDocumentation,work,reviewed-segment,transcript-2026-05-13-1-28-AddSwiftTagUseDocumentation:segment-002,40,1.0,1.0,False,True,reviewed-include,,,plan-34-v1,Segment meaning matches 9273900: docs(user): more `tgas` info,900e75c9241e88264c886808ff022cd70d7e8a47f73d767fba4cd40cf824a7be,
commit,fdfa298ddbbdc77c6301d6f700b3f922d82f9d27,transcript,transcript-2026-05-13-1-28-AddSwiftTagUseDocumentation,work,reviewed-segment,transcript-2026-05-13-1-28-AddSwiftTagUseDocumentation:segment-003,62,1.0,1.0,False,True,reviewed-include,,,plan-34-v1,Segment meaning matches fdfa298: docs(user): more on album art,900e75c9241e88264c886808ff022cd70d7e8a47f73d767fba4cd40cf824a7be,
commit,fdfa298ddbbdc77c6301d6f700b3f922d82f9d27,transcript,transcript-2026-05-13-1-28-AddSwiftTagUseDocumentation,work,reviewed-segment,transcript-2026-05-13-1-28-AddSwiftTagUseDocumentation:segment-004,91,1.0,1.0,False,True,reviewed-include,,,plan-34-v1,Segment meaning matches fdfa298: docs(user): more on album art,900e75c9241e88264c886808ff022cd70d7e8a47f73d767fba4cd40cf824a7be,
commit,32babc084a6572ee51a860f636b385d6870c2b90,transcript,transcript-2026-05-13-1-28-AddSwiftTagUseDocumentation,work,reviewed-segment,transcript-2026-05-13-1-28-AddSwiftTagUseDocumentation:segment-005,107,1.0,1.0,False,True,reviewed-include,,,plan-34-v1,Segment meaning matches 32babc0: docs(user): .swifttag document updates,900e75c9241e88264c886808ff022cd70d7e8a47f73d767fba4cd40cf824a7be,
commit,11e4877420c3dc760f9be803b2734ea34a2031e0,transcript,transcript-2026-05-13-1-28-AddSwiftTagUseDocumentation,work,reviewed-segment,transcript-2026-05-13-1-28-AddSwiftTagUseDocumentation:segment-006,145,1.0,1.0,False,True,reviewed-include,,,plan-34-v1,Segment meaning matches 11e4877: docs(user): .swifttag document updates,900e75c9241e88264c886808ff022cd70d7e8a47f73d767fba4cd40cf824a7be,
plan,28,transcript,transcript-2026-05-13-1-28-AddSwiftTagUseDocumentation,implementation,reviewed-segment,transcript-2026-05-13-1-28-AddSwiftTagUseDocumentation:segment-001,10,1.0,1.0,False,True,reviewed-include,,,plan-34-v1,Implementation/verification governed by Plan.,900e75c9241e88264c886808ff022cd70d7e8a47f73d767fba4cd40cf824a7be,
plan,28,transcript,transcript-2026-05-13-1-28-AddSwiftTagUseDocumentation,implementation,reviewed-segment,transcript-2026-05-13-1-28-AddSwiftTagUseDocumentation:segment-002,40,1.0,1.0,False,True,reviewed-include,,,plan-34-v1,Implementation/verification governed by Plan.,900e75c9241e88264c886808ff022cd70d7e8a47f73d767fba4cd40cf824a7be,
plan,28,transcript,transcript-2026-05-13-1-28-AddSwiftTagUseDocumentation,implementation,reviewed-segment,transcript-2026-05-13-1-28-AddSwiftTagUseDocumentation:segment-003,62,1.0,1.0,False,True,reviewed-include,,,plan-34-v1,Implementation/verification governed by Plan.,900e75c9241e88264c886808ff022cd70d7e8a47f73d767fba4cd40cf824a7be,
plan,28,transcript,transcript-2026-05-13-1-28-AddSwiftTagUseDocumentation,implementation,reviewed-segment,transcript-2026-05-13-1-28-AddSwiftTagUseDocumentation:segment-004,91,1.0,1.0,False,True,reviewed-include,,,plan-34-v1,Implementation/verification governed by Plan.,900e75c9241e88264c886808ff022cd70d7e8a47f73d767fba4cd40cf824a7be,
plan,28,transcript,transcript-2026-05-13-1-28-AddSwiftTagUseDocumentation,implementation,reviewed-segment,transcript-2026-05-13-1-28-AddSwiftTagUseDocumentation:segment-005,107,1.0,1.0,False,True,reviewed-include,,,plan-34-v1,Implementation/verification governed by Plan.,900e75c9241e88264c886808ff022cd70d7e8a47f73d767fba4cd40cf824a7be,
plan,28,transcript,transcript-2026-05-13-1-28-AddSwiftTagUseDocumentation,implementation,reviewed-segment,transcript-2026-05-13-1-28-AddSwiftTagUseDocumentation:segment-006,145,1.0,1.0,False,True,reviewed-include,,,plan-34-v1,Implementation/verification governed by Plan.,900e75c9241e88264c886808ff022cd70d7e8a47f73d767fba4cd40cf824a7be,
commit,82c43c94fe7392a5e5551ef1a311c150006ab0f3,transcript,transcript-2026-05-15-1-29-AddSandboxSettings,work,reviewed-segment,transcript-2026-05-15-1-29-AddSandboxSettings:segment-001,10,1.0,1.0,False,True,reviewed-include,,,plan-34-v1,Segment meaning matches 82c43c9: feat(sandbox): add persisted sandbox path settings,396af45e512101654207954903284f9c6e521f1ef9d4afed9a3282ecb1215f7a,
commit,82c43c94fe7392a5e5551ef1a311c150006ab0f3,transcript,transcript-2026-05-15-1-29-AddSandboxSettings,work,reviewed-segment,transcript-2026-05-15-1-29-AddSandboxSettings:segment-002,47,1.0,1.0,False,True,reviewed-include,,,plan-34-v1,Segment meaning matches 82c43c9: feat(sandbox): add persisted sandbox path settings,396af45e512101654207954903284f9c6e521f1ef9d4afed9a3282ecb1215f7a,
commit,82c43c94fe7392a5e5551ef1a311c150006ab0f3,transcript,transcript-2026-05-15-1-29-AddSandboxSettings,work,reviewed-segment,transcript-2026-05-15-1-29-AddSandboxSettings:segment-003,79,1.0,1.0,False,True,reviewed-include,,,plan-34-v1,Segment meaning matches 82c43c9: feat(sandbox): add persisted sandbox path settings,396af45e512101654207954903284f9c6e521f1ef9d4afed9a3282ecb1215f7a,
commit,82c43c94fe7392a5e5551ef1a311c150006ab0f3,transcript,transcript-2026-05-15-1-29-AddSandboxSettings,work,reviewed-segment,transcript-2026-05-15-1-29-AddSandboxSettings:segment-004,143,1.0,1.0,False,True,reviewed-include,,,plan-34-v1,Segment meaning matches 82c43c9: feat(sandbox): add persisted sandbox path settings,396af45e512101654207954903284f9c6e521f1ef9d4afed9a3282ecb1215f7a,
commit,82c43c94fe7392a5e5551ef1a311c150006ab0f3,transcript,transcript-2026-05-15-1-29-AddSandboxSettings,work,reviewed-segment,transcript-2026-05-15-1-29-AddSandboxSettings:segment-005,170,1.0,1.0,False,True,reviewed-include,,,plan-34-v1,Segment meaning matches 82c43c9: feat(sandbox): add persisted sandbox path settings,396af45e512101654207954903284f9c6e521f1ef9d4afed9a3282ecb1215f7a,
commit,82c43c94fe7392a5e5551ef1a311c150006ab0f3,transcript,transcript-2026-05-15-1-29-AddSandboxSettings,work,reviewed-segment,transcript-2026-05-15-1-29-AddSandboxSettings:segment-006,199,1.0,1.0,False,True,reviewed-include,,,plan-34-v1,Segment meaning matches 82c43c9: feat(sandbox): add persisted sandbox path settings,396af45e512101654207954903284f9c6e521f1ef9d4afed9a3282ecb1215f7a,
plan,29,transcript,transcript-2026-05-15-1-29-AddSandboxSettings,direct,reviewed-segment,transcript-2026-05-15-1-29-AddSandboxSettings:segment-001,10,1.0,1.0,True,False,reviewed-include,,,plan-34-v1,Plan authoring/decision work.,396af45e512101654207954903284f9c6e521f1ef9d4afed9a3282ecb1215f7a,
plan,29,transcript,transcript-2026-05-15-1-29-AddSandboxSettings,direct,reviewed-segment,transcript-2026-05-15-1-29-AddSandboxSettings:segment-002,47,1.0,1.0,True,False,reviewed-include,,,plan-34-v1,Plan authoring/decision work.,396af45e512101654207954903284f9c6e521f1ef9d4afed9a3282ecb1215f7a,
plan,29,transcript,transcript-2026-05-15-1-29-AddSandboxSettings,implementation,reviewed-segment,transcript-2026-05-15-1-29-AddSandboxSettings:segment-003,79,1.0,1.0,False,True,reviewed-include,,,plan-34-v1,Implementation/verification governed by Plan.,396af45e512101654207954903284f9c6e521f1ef9d4afed9a3282ecb1215f7a,
plan,29,transcript,transcript-2026-05-15-1-29-AddSandboxSettings,implementation,reviewed-segment,transcript-2026-05-15-1-29-AddSandboxSettings:segment-004,143,1.0,1.0,False,True,reviewed-include,,,plan-34-v1,Implementation/verification governed by Plan.,396af45e512101654207954903284f9c6e521f1ef9d4afed9a3282ecb1215f7a,
plan,29,transcript,transcript-2026-05-15-1-29-AddSandboxSettings,implementation,reviewed-segment,transcript-2026-05-15-1-29-AddSandboxSettings:segment-005,170,1.0,1.0,False,True,reviewed-include,,,plan-34-v1,Implementation/verification governed by Plan.,396af45e512101654207954903284f9c6e521f1ef9d4afed9a3282ecb1215f7a,
plan,29,transcript,transcript-2026-05-15-1-29-AddSandboxSettings,implementation,reviewed-segment,transcript-2026-05-15-1-29-AddSandboxSettings:segment-006,199,1.0,1.0,False,True,reviewed-include,,,plan-34-v1,Implementation/verification governed by Plan.,396af45e512101654207954903284f9c6e521f1ef9d4afed9a3282ecb1215f7a,
commit,c2b2356f0f3b1143f444b6e8120567b343d729cc,transcript,transcript-2026-05-18-1-28-AddSwiftTagUseDocumentation,work,reviewed-segment,transcript-2026-05-18-1-28-AddSwiftTagUseDocumentation:segment-001,10,1.0,1.0,False,True,reviewed-include,,,plan-34-v1,Segment meaning matches c2b2356: fix(applescript): derive scriptable windows from live AppKit windows,1a772c6f9a16e1403e9e5ba1e61d5a8a1796d3ea0c9f8e6d2f0817b7e35a8172,
commit,969d6592c5cd201b256d15e2453193b8064126f1,transcript,transcript-2026-05-18-1-28-AddSwiftTagUseDocumentation,work,reviewed-segment,transcript-2026-05-18-1-28-AddSwiftTagUseDocumentation:segment-002,69,1.0,1.0,False,True,reviewed-include,,,plan-34-v1,Segment meaning matches 969d659: docs(user): applescript - document class and support commands,1a772c6f9a16e1403e9e5ba1e61d5a8a1796d3ea0c9f8e6d2f0817b7e35a8172,
commit,5cf9b48f0411fadf42905537294e7db841c6a628,transcript,transcript-2026-05-18-1-28-AddSwiftTagUseDocumentation,work,reviewed-segment,transcript-2026-05-18-1-28-AddSwiftTagUseDocumentation:segment-003,99,1.0,1.0,False,True,reviewed-include,,,plan-34-v1,Segment meaning matches 5cf9b48: docs(user): applescript - application class and support,1a772c6f9a16e1403e9e5ba1e61d5a8a1796d3ea0c9f8e6d2f0817b7e35a8172,
commit,50b8fd902d32fca1ed43570b89b6e097dd4e9fae,transcript,transcript-2026-05-18-1-28-AddSwiftTagUseDocumentation,work,reviewed-segment,transcript-2026-05-18-1-28-AddSwiftTagUseDocumentation:segment-004,138,1.0,1.0,False,True,reviewed-include,,,plan-34-v1,Segment meaning matches 50b8fd9: docs(user): settings - General settings update,1a772c6f9a16e1403e9e5ba1e61d5a8a1796d3ea0c9f8e6d2f0817b7e35a8172,
commit,50b8fd902d32fca1ed43570b89b6e097dd4e9fae,transcript,transcript-2026-05-18-1-28-AddSwiftTagUseDocumentation,work,reviewed-segment,transcript-2026-05-18-1-28-AddSwiftTagUseDocumentation:segment-005,158,1.0,1.0,False,True,reviewed-include,,,plan-34-v1,Segment meaning matches 50b8fd9: docs(user): settings - General settings update,1a772c6f9a16e1403e9e5ba1e61d5a8a1796d3ea0c9f8e6d2f0817b7e35a8172,
commit,50b8fd902d32fca1ed43570b89b6e097dd4e9fae,transcript,transcript-2026-05-18-1-28-AddSwiftTagUseDocumentation,work,reviewed-segment,transcript-2026-05-18-1-28-AddSwiftTagUseDocumentation:segment-006,176,1.0,1.0,False,True,reviewed-include,,,plan-34-v1,Segment meaning matches 50b8fd9: docs(user): settings - General settings update,1a772c6f9a16e1403e9e5ba1e61d5a8a1796d3ea0c9f8e6d2f0817b7e35a8172,
commit,50b8fd902d32fca1ed43570b89b6e097dd4e9fae,transcript,transcript-2026-05-18-1-28-AddSwiftTagUseDocumentation,work,reviewed-segment,transcript-2026-05-18-1-28-AddSwiftTagUseDocumentation:segment-007,192,1.0,1.0,False,True,reviewed-include,,,plan-34-v1,Segment meaning matches 50b8fd9: docs(user): settings - General settings update,1a772c6f9a16e1403e9e5ba1e61d5a8a1796d3ea0c9f8e6d2f0817b7e35a8172,
commit,50b8fd902d32fca1ed43570b89b6e097dd4e9fae,transcript,transcript-2026-05-18-1-28-AddSwiftTagUseDocumentation,work,reviewed-segment,transcript-2026-05-18-1-28-AddSwiftTagUseDocumentation:segment-008,208,1.0,1.0,False,True,reviewed-include,,,plan-34-v1,Segment meaning matches 50b8fd9: docs(user): settings - General settings update,1a772c6f9a16e1403e9e5ba1e61d5a8a1796d3ea0c9f8e6d2f0817b7e35a8172,
commit,50b8fd902d32fca1ed43570b89b6e097dd4e9fae,transcript,transcript-2026-05-18-1-28-AddSwiftTagUseDocumentation,work,reviewed-segment,transcript-2026-05-18-1-28-AddSwiftTagUseDocumentation:segment-009,224,1.0,1.0,False,True,reviewed-include,,,plan-34-v1,Segment meaning matches 50b8fd9: docs(user): settings - General settings update,1a772c6f9a16e1403e9e5ba1e61d5a8a1796d3ea0c9f8e6d2f0817b7e35a8172,
commit,50b8fd902d32fca1ed43570b89b6e097dd4e9fae,transcript,transcript-2026-05-18-1-28-AddSwiftTagUseDocumentation,work,reviewed-segment,transcript-2026-05-18-1-28-AddSwiftTagUseDocumentation:segment-010,242,1.0,1.0,False,True,reviewed-include,,,plan-34-v1,Segment meaning matches 50b8fd9: docs(user): settings - General settings update,1a772c6f9a16e1403e9e5ba1e61d5a8a1796d3ea0c9f8e6d2f0817b7e35a8172,
commit,44df34502dee4a2af0a264dfe0047ff8e82be4ab,transcript,transcript-2026-05-18-1-28-AddSwiftTagUseDocumentation,work,reviewed-segment,transcript-2026-05-18-1-28-AddSwiftTagUseDocumentation:segment-011,262,1.0,1.0,False,True,reviewed-include,,,plan-34-v1,Segment meaning matches 44df345: docs(user): applescript enumerations,1a772c6f9a16e1403e9e5ba1e61d5a8a1796d3ea0c9f8e6d2f0817b7e35a8172,
commit,14a623cc7cae72b22210b2f44a8b8a9d3f09e85f,transcript,transcript-2026-05-18-1-28-AddSwiftTagUseDocumentation,work,reviewed-segment,transcript-2026-05-18-1-28-AddSwiftTagUseDocumentation:segment-012,283,1.0,1.0,False,True,reviewed-include,,,plan-34-v1,Segment meaning matches 14a623c: docs(user): applescript record types,1a772c6f9a16e1403e9e5ba1e61d5a8a1796d3ea0c9f8e6d2f0817b7e35a8172,
commit,893289b52cf06c6f3c02548f549ebc68e4281380,transcript,transcript-2026-05-18-1-28-AddSwiftTagUseDocumentation,work,reviewed-segment,transcript-2026-05-18-1-28-AddSwiftTagUseDocumentation:segment-013,303,1.0,1.0,False,True,reviewed-include,,,plan-34-v1,Segment meaning matches 893289b: docs(user): applescript windows,1a772c6f9a16e1403e9e5ba1e61d5a8a1796d3ea0c9f8e6d2f0817b7e35a8172,
plan,26,transcript,transcript-2026-05-18-1-28-AddSwiftTagUseDocumentation,implementation,reviewed-segment,transcript-2026-05-18-1-28-AddSwiftTagUseDocumentation:segment-001,10,1.0,1.0,False,True,reviewed-include,,,plan-34-v1,Implementation/verification governed by Plan.,1a772c6f9a16e1403e9e5ba1e61d5a8a1796d3ea0c9f8e6d2f0817b7e35a8172,
plan,28,transcript,transcript-2026-05-18-1-28-AddSwiftTagUseDocumentation,implementation,reviewed-segment,transcript-2026-05-18-1-28-AddSwiftTagUseDocumentation:segment-002,69,1.0,1.0,False,True,reviewed-include,,,plan-34-v1,Implementation/verification governed by Plan.,1a772c6f9a16e1403e9e5ba1e61d5a8a1796d3ea0c9f8e6d2f0817b7e35a8172,
plan,28,transcript,transcript-2026-05-18-1-28-AddSwiftTagUseDocumentation,implementation,reviewed-segment,transcript-2026-05-18-1-28-AddSwiftTagUseDocumentation:segment-003,99,1.0,1.0,False,True,reviewed-include,,,plan-34-v1,Implementation/verification governed by Plan.,1a772c6f9a16e1403e9e5ba1e61d5a8a1796d3ea0c9f8e6d2f0817b7e35a8172,
plan,28,transcript,transcript-2026-05-18-1-28-AddSwiftTagUseDocumentation,implementation,reviewed-segment,transcript-2026-05-18-1-28-AddSwiftTagUseDocumentation:segment-004,138,1.0,1.0,False,True,reviewed-include,,,plan-34-v1,Implementation/verification governed by Plan.,1a772c6f9a16e1403e9e5ba1e61d5a8a1796d3ea0c9f8e6d2f0817b7e35a8172,
plan,28,transcript,transcript-2026-05-18-1-28-AddSwiftTagUseDocumentation,implementation,reviewed-segment,transcript-2026-05-18-1-28-AddSwiftTagUseDocumentation:segment-005,158,1.0,1.0,False,True,reviewed-include,,,plan-34-v1,Implementation/verification governed by Plan.,1a772c6f9a16e1403e9e5ba1e61d5a8a1796d3ea0c9f8e6d2f0817b7e35a8172,
plan,28,transcript,transcript-2026-05-18-1-28-AddSwiftTagUseDocumentation,implementation,reviewed-segment,transcript-2026-05-18-1-28-AddSwiftTagUseDocumentation:segment-006,176,1.0,1.0,False,True,reviewed-include,,,plan-34-v1,Implementation/verification governed by Plan.,1a772c6f9a16e1403e9e5ba1e61d5a8a1796d3ea0c9f8e6d2f0817b7e35a8172,
plan,28,transcript,transcript-2026-05-18-1-28-AddSwiftTagUseDocumentation,implementation,reviewed-segment,transcript-2026-05-18-1-28-AddSwiftTagUseDocumentation:segment-007,192,1.0,1.0,False,True,reviewed-include,,,plan-34-v1,Implementation/verification governed by Plan.,1a772c6f9a16e1403e9e5ba1e61d5a8a1796d3ea0c9f8e6d2f0817b7e35a8172,
plan,28,transcript,transcript-2026-05-18-1-28-AddSwiftTagUseDocumentation,implementation,reviewed-segment,transcript-2026-05-18-1-28-AddSwiftTagUseDocumentation:segment-008,208,1.0,1.0,False,True,reviewed-include,,,plan-34-v1,Implementation/verification governed by Plan.,1a772c6f9a16e1403e9e5ba1e61d5a8a1796d3ea0c9f8e6d2f0817b7e35a8172,
plan,28,transcript,transcript-2026-05-18-1-28-AddSwiftTagUseDocumentation,implementation,reviewed-segment,transcript-2026-05-18-1-28-AddSwiftTagUseDocumentation:segment-009,224,1.0,1.0,False,True,reviewed-include,,,plan-34-v1,Implementation/verification governed by Plan.,1a772c6f9a16e1403e9e5ba1e61d5a8a1796d3ea0c9f8e6d2f0817b7e35a8172,
plan,28,transcript,transcript-2026-05-18-1-28-AddSwiftTagUseDocumentation,implementation,reviewed-segment,transcript-2026-05-18-1-28-AddSwiftTagUseDocumentation:segment-010,242,1.0,1.0,False,True,reviewed-include,,,plan-34-v1,Implementation/verification governed by Plan.,1a772c6f9a16e1403e9e5ba1e61d5a8a1796d3ea0c9f8e6d2f0817b7e35a8172,
plan,28,transcript,transcript-2026-05-18-1-28-AddSwiftTagUseDocumentation,implementation,reviewed-segment,transcript-2026-05-18-1-28-AddSwiftTagUseDocumentation:segment-011,262,1.0,1.0,False,True,reviewed-include,,,plan-34-v1,Implementation/verification governed by Plan.,1a772c6f9a16e1403e9e5ba1e61d5a8a1796d3ea0c9f8e6d2f0817b7e35a8172,
plan,28,transcript,transcript-2026-05-18-1-28-AddSwiftTagUseDocumentation,implementation,reviewed-segment,transcript-2026-05-18-1-28-AddSwiftTagUseDocumentation:segment-012,283,1.0,1.0,False,True,reviewed-include,,,plan-34-v1,Implementation/verification governed by Plan.,1a772c6f9a16e1403e9e5ba1e61d5a8a1796d3ea0c9f8e6d2f0817b7e35a8172,
plan,28,transcript,transcript-2026-05-18-1-28-AddSwiftTagUseDocumentation,implementation,reviewed-segment,transcript-2026-05-18-1-28-AddSwiftTagUseDocumentation:segment-013,303,1.0,1.0,False,True,reviewed-include,,,plan-34-v1,Implementation/verification governed by Plan.,1a772c6f9a16e1403e9e5ba1e61d5a8a1796d3ea0c9f8e6d2f0817b7e35a8172,
commit,7602f5d2dbef63b01a09845e5f322ad810ce7431,transcript,transcript-2026-05-20-1-MakePictureFix,work,reviewed-segment,transcript-2026-05-20-1-MakePictureFix:segment-001,10,1.0,1.0,False,True,reviewed-include,,,plan-34-v1,Segment meaning matches 7602f5d: feat(applescript): accept base64 text when making pictures,9d4b25ef4a4d3d0b37d883cb7150a53ae8b32cc3547430ba107acda8a61c0e56,
commit,8053109fcb999ee4c2f8a060048b83dbfe4eed81,transcript,transcript-2026-05-20-1-MakePictureFix,work,reviewed-segment,transcript-2026-05-20-1-MakePictureFix:segment-002,90,1.0,1.0,False,True,reviewed-include,,,plan-34-v1,Segment meaning matches 8053109: refactor(applescript)!: remove custom import picture command (replaced by use of `make`),9d4b25ef4a4d3d0b37d883cb7150a53ae8b32cc3547430ba107acda8a61c0e56,
plan,26,transcript,transcript-2026-05-20-1-MakePictureFix,implementation,reviewed-segment,transcript-2026-05-20-1-MakePictureFix:segment-001,10,1.0,1.0,False,True,reviewed-include,,,plan-34-v1,Implementation/verification governed by Plan.,9d4b25ef4a4d3d0b37d883cb7150a53ae8b32cc3547430ba107acda8a61c0e56,
plan,26,transcript,transcript-2026-05-20-1-MakePictureFix,implementation,reviewed-segment,transcript-2026-05-20-1-MakePictureFix:segment-002,90,1.0,1.0,False,True,reviewed-include,,,plan-34-v1,Implementation/verification governed by Plan.,9d4b25ef4a4d3d0b37d883cb7150a53ae8b32cc3547430ba107acda8a61c0e56,
commit,604d139ad72b08a404092b8812a0130678f53984,transcript,transcript-2026-05-20-2-28-AddSwiftTagUseDocumentation,work,reviewed-segment,transcript-2026-05-20-2-28-AddSwiftTagUseDocumentation:segment-001,10,1.0,1.0,False,True,reviewed-include,,,plan-34-v1,Segment meaning matches 604d139: docs(user): applescript track,cab763913bb2197bd4760481a4f745fb4aa020a579ba02d635f221c368b86616,
commit,e096ded126a62938d4627bd1205b32a0e30c77b0,transcript,transcript-2026-05-20-2-28-AddSwiftTagUseDocumentation,work,reviewed-segment,transcript-2026-05-20-2-28-AddSwiftTagUseDocumentation:segment-002,34,1.0,1.0,False,True,reviewed-include,,,plan-34-v1,Segment meaning matches e096ded: docs(user): applescript delete command,cab763913bb2197bd4760481a4f745fb4aa020a579ba02d635f221c368b86616,
commit,c1df562489d39bf6608f3053706fc038844b482c,transcript,transcript-2026-05-20-2-28-AddSwiftTagUseDocumentation,work,reviewed-segment,transcript-2026-05-20-2-28-AddSwiftTagUseDocumentation:segment-003,56,1.0,1.0,False,True,reviewed-include,,,plan-34-v1,Segment meaning matches c1df562: docs(user): applescript tag class,cab763913bb2197bd4760481a4f745fb4aa020a579ba02d635f221c368b86616,
commit,5c2ab0a3ba722d5fdc139615b6eb55902237162d,transcript,transcript-2026-05-20-2-28-AddSwiftTagUseDocumentation,work,reviewed-segment,transcript-2026-05-20-2-28-AddSwiftTagUseDocumentation:segment-004,74,1.0,1.0,False,True,reviewed-include,,,plan-34-v1,Segment meaning matches 5c2ab0a: docs(user): applescript picture class,cab763913bb2197bd4760481a4f745fb4aa020a579ba02d635f221c368b86616,
plan,28,transcript,transcript-2026-05-20-2-28-AddSwiftTagUseDocumentation,implementation,reviewed-segment,transcript-2026-05-20-2-28-AddSwiftTagUseDocumentation:segment-001,10,1.0,1.0,False,True,reviewed-include,,,plan-34-v1,Implementation/verification governed by Plan.,cab763913bb2197bd4760481a4f745fb4aa020a579ba02d635f221c368b86616,
plan,28,transcript,transcript-2026-05-20-2-28-AddSwiftTagUseDocumentation,implementation,reviewed-segment,transcript-2026-05-20-2-28-AddSwiftTagUseDocumentation:segment-002,34,1.0,1.0,False,True,reviewed-include,,,plan-34-v1,Implementation/verification governed by Plan.,cab763913bb2197bd4760481a4f745fb4aa020a579ba02d635f221c368b86616,
plan,28,transcript,transcript-2026-05-20-2-28-AddSwiftTagUseDocumentation,implementation,reviewed-segment,transcript-2026-05-20-2-28-AddSwiftTagUseDocumentation:segment-003,56,1.0,1.0,False,True,reviewed-include,,,plan-34-v1,Implementation/verification governed by Plan.,cab763913bb2197bd4760481a4f745fb4aa020a579ba02d635f221c368b86616,
plan,28,transcript,transcript-2026-05-20-2-28-AddSwiftTagUseDocumentation,implementation,reviewed-segment,transcript-2026-05-20-2-28-AddSwiftTagUseDocumentation:segment-004,74,1.0,1.0,False,True,reviewed-include,,,plan-34-v1,Implementation/verification governed by Plan.,cab763913bb2197bd4760481a4f745fb4aa020a579ba02d635f221c368b86616,
commit,486b13c723b2fac0220854d9ea7269a09442e7ce,transcript,transcript-2026-05-26-1-MiscCleanupAndDocs,work,reviewed-segment,transcript-2026-05-26-1-MiscCleanupAndDocs:segment-001,10,1.0,1.0,False,True,reviewed-include,,,plan-34-v1,Segment meaning matches 486b13c: feat(quicklook): show audio summary in document previews,185baecbb77c9d1ef352802e8fe4c65f172357dc07ca10a03693e2a9f3af3768,
commit,e8c7dcb8fa1bcfe202e061807bb6873d2e1e0473,transcript,transcript-2026-05-26-1-MiscCleanupAndDocs,work,reviewed-segment,transcript-2026-05-26-1-MiscCleanupAndDocs:segment-002,41,1.0,1.0,False,True,reviewed-include,,,plan-34-v1,Segment meaning matches e8c7dcb: feat(tag-editor): remove Show TOML feature,185baecbb77c9d1ef352802e8fe4c65f172357dc07ca10a03693e2a9f3af3768,
commit,65538b7f93d2246cfc37625f018af76640c6aa40,transcript,transcript-2026-05-26-1-MiscCleanupAndDocs,work,reviewed-segment,transcript-2026-05-26-1-MiscCleanupAndDocs:segment-003,74,1.0,1.0,False,True,reviewed-include,,,plan-34-v1,Segment meaning matches 65538b7: docs(readme): update README to reflect latest feature set,185baecbb77c9d1ef352802e8fe4c65f172357dc07ca10a03693e2a9f3af3768,
commit,716c54c01f81ac69fb1c6e5252727cbd5dd10310,transcript,transcript-2026-05-26-1-MiscCleanupAndDocs,work,reviewed-segment,transcript-2026-05-26-1-MiscCleanupAndDocs:segment-004,102,1.0,1.0,False,True,reviewed-include,,,plan-34-v1,Segment meaning matches 716c54c: docs: update project README and add session transcript,185baecbb77c9d1ef352802e8fe4c65f172357dc07ca10a03693e2a9f3af3768,
commit,fcee05c29e0d15314bee932ee8b1e48cc7ca7276,transcript,transcript-2026-05-30-1-DiffFormatAndTestFix,work,reviewed-segment,transcript-2026-05-30-1-DiffFormatAndTestFix:segment-001,10,1.0,1.0,False,True,reviewed-include,,,plan-34-v1,Segment meaning matches fcee05c: fix(tag-editor): keep unsaved album edits as internal diffs,b381b7ac9aeafde8a03da884594992f93195a1da0374a8d1a3625872d9591d14,
commit,03227c22ec04d4a16f48e8159bca42426af9eac7,transcript,transcript-2026-05-30-1-DiffFormatAndTestFix,work,reviewed-segment,transcript-2026-05-30-1-DiffFormatAndTestFix:segment-002,97,1.0,1.0,False,True,reviewed-include,,,plan-34-v1,Segment meaning matches 03227c2: fix(tags): treat total count aliases as equivalent,b381b7ac9aeafde8a03da884594992f93195a1da0374a8d1a3625872d9591d14,
commit,48fd612594d6a6ae7f88cfe82807c8c31823b63d,transcript,transcript-2026-05-30-1-DiffFormatAndTestFix,work,reviewed-segment,transcript-2026-05-30-1-DiffFormatAndTestFix:segment-003,159,1.0,1.0,False,True,reviewed-include,,,plan-34-v1,Segment meaning matches 48fd612: fix(date): preserve partial DATE tag text,b381b7ac9aeafde8a03da884594992f93195a1da0374a8d1a3625872d9591d14,
commit,36789f5d0b7a89231ac47b62ca91d92c8b537df8,transcript,transcript-2026-05-30-1-DiffFormatAndTestFix,work,reviewed-segment,transcript-2026-05-30-1-DiffFormatAndTestFix:segment-004,202,1.0,1.0,False,True,reviewed-include,,,plan-34-v1,Segment meaning matches 36789f5: fix(album-art): require explicit import actions for picture picker,b381b7ac9aeafde8a03da884594992f93195a1da0374a8d1a3625872d9591d14,
commit,b5795c22e58a84982d07d6846e1929f9eba2166f,transcript,transcript-2026-05-30-1-DiffFormatAndTestFix,work,reviewed-segment,transcript-2026-05-30-1-DiffFormatAndTestFix:segment-005,235,1.0,1.0,False,True,reviewed-include,,,plan-34-v1,Segment meaning matches b5795c2: build(xcode): set development team for SwiftTag targets,b381b7ac9aeafde8a03da884594992f93195a1da0374a8d1a3625872d9591d14,
commit,5c58b2c352709f9b9c609c1e60a15c4ebf49062c,transcript,transcript-2026-05-30-1-DiffFormatAndTestFix,work,reviewed-segment,transcript-2026-05-30-1-DiffFormatAndTestFix:segment-006,262,1.0,1.0,False,True,reviewed-include,,,plan-34-v1,Segment meaning matches 5c58b2c: test(picture): fix no tap gesture on picture browser well test,b381b7ac9aeafde8a03da884594992f93195a1da0374a8d1a3625872d9591d14,
commit,5b2392f98b7d9b0680edf4fdfb6966ed9a44d9bc,transcript,transcript-2026-05-30-1-DiffFormatAndTestFix,work,reviewed-segment,transcript-2026-05-30-1-DiffFormatAndTestFix:segment-007,289,1.0,1.0,False,True,reviewed-include,,,plan-34-v1,Segment meaning matches 5b2392f: test(settings): update sandbox path source expectations,b381b7ac9aeafde8a03da884594992f93195a1da0374a8d1a3625872d9591d14,
commit,5f406d41dab292e9d24be77a40a86053fba4e075,transcript,transcript-2026-06-03-1-UpdatesForRelease-1-0-2,work,reviewed-segment,transcript-2026-06-03-1-UpdatesForRelease-1-0-2:segment-001,10,1.0,1.0,False,True,reviewed-include,,,plan-34-v1,Segment meaning matches 5f406d4: fix(editor): mark swifttag documents dirty for editor differences,7eafdb37e42ed8ba6017f99b4dc58862886a5446093b6e7bd6a80f704fc3a1ea,
commit,58c447d0c8f8d603db83117199143fea38de98fb,transcript,transcript-2026-06-03-1-UpdatesForRelease-1-0-2,work,reviewed-segment,transcript-2026-06-03-1-UpdatesForRelease-1-0-2:segment-002,56,1.0,1.0,False,True,reviewed-include,,,plan-34-v1,Segment meaning matches 58c447d: feat(swifttag-document): add Save As command for session documents,7eafdb37e42ed8ba6017f99b4dc58862886a5446093b6e7bd6a80f704fc3a1ea,
commit,a19bccf7a97c76901ba27f942e9cae26a5642edc,transcript,transcript-2026-06-03-1-UpdatesForRelease-1-0-2,work,reviewed-segment,transcript-2026-06-03-1-UpdatesForRelease-1-0-2:segment-003,135,1.0,1.0,False,True,reviewed-include,,,plan-34-v1,Segment meaning matches a19bccf: feat(settings): add last-window close quit preference,7eafdb37e42ed8ba6017f99b4dc58862886a5446093b6e7bd6a80f704fc3a1ea,
commit,d4616ef79d1f5f6f9afe47e139aa7a092e4b3085,transcript,transcript-2026-06-03-1-UpdatesForRelease-1-0-2,work,reviewed-segment,transcript-2026-06-03-1-UpdatesForRelease-1-0-2:segment-004,211,1.0,1.0,False,True,reviewed-include,,,plan-34-v1,Segment meaning matches d4616ef: feat(applescript): expose quit-on-last-window-close setting,7eafdb37e42ed8ba6017f99b4dc58862886a5446093b6e7bd6a80f704fc3a1ea,
commit,798de55dcbb0a4e26d499cec324224070b108b19,transcript,transcript-2026-06-03-1-UpdatesForRelease-1-0-2,work,reviewed-segment,transcript-2026-06-03-1-UpdatesForRelease-1-0-2:segment-005,282,1.0,1.0,False,True,reviewed-include,,,plan-34-v1,Segment meaning matches 798de55: feat(tag-editor): add COMMENT tag editor support,7eafdb37e42ed8ba6017f99b4dc58862886a5446093b6e7bd6a80f704fc3a1ea,
commit,a0be45da0d49c7dfb87bef36da1afed83c46ba4d,transcript,transcript-2026-06-03-1-UpdatesForRelease-1-0-2,work,reviewed-segment,transcript-2026-06-03-1-UpdatesForRelease-1-0-2:segment-006,347,1.0,1.0,False,True,reviewed-include,,,plan-34-v1,Segment meaning matches a0be45d: feat(tag-editor): scroll new misc tag rows into view,7eafdb37e42ed8ba6017f99b4dc58862886a5446093b6e7bd6a80f704fc3a1ea,
commit,a0be45da0d49c7dfb87bef36da1afed83c46ba4d,transcript,transcript-2026-06-03-1-UpdatesForRelease-1-0-2,work,reviewed-segment,transcript-2026-06-03-1-UpdatesForRelease-1-0-2:segment-007,397,1.0,1.0,False,True,reviewed-include,,,plan-34-v1,Segment meaning matches a0be45d: feat(tag-editor): scroll new misc tag rows into view,7eafdb37e42ed8ba6017f99b4dc58862886a5446093b6e7bd6a80f704fc3a1ea,
commit,a0be45da0d49c7dfb87bef36da1afed83c46ba4d,transcript,transcript-2026-06-03-1-UpdatesForRelease-1-0-2,work,reviewed-segment,transcript-2026-06-03-1-UpdatesForRelease-1-0-2:segment-008,427,1.0,1.0,False,True,reviewed-include,,,plan-34-v1,Segment meaning matches a0be45d: feat(tag-editor): scroll new misc tag rows into view,7eafdb37e42ed8ba6017f99b4dc58862886a5446093b6e7bd6a80f704fc3a1ea,
commit,d2843d58d7c77e0470d1b467eacf8a956665e2c9,transcript,transcript-2026-06-15-1-30-AutoUpdateTrackTotalByDisc,work,reviewed-segment,transcript-2026-06-15-1-30-AutoUpdateTrackTotalByDisc:segment-001,10,1.0,1.0,False,True,reviewed-include,,,plan-34-v1,Segment meaning matches d2843d5: feat(tags): add per-disc track total update mode,34a2bde7fdb7125aaf7fd4d94fc40302dcee410bba04f7774b1ec6533d9e676f,
commit,d2843d58d7c77e0470d1b467eacf8a956665e2c9,transcript,transcript-2026-06-15-1-30-AutoUpdateTrackTotalByDisc,work,reviewed-segment,transcript-2026-06-15-1-30-AutoUpdateTrackTotalByDisc:segment-002,64,1.0,1.0,False,True,reviewed-include,,,plan-34-v1,Segment meaning matches d2843d5: feat(tags): add per-disc track total update mode,34a2bde7fdb7125aaf7fd4d94fc40302dcee410bba04f7774b1ec6533d9e676f,
commit,d2843d58d7c77e0470d1b467eacf8a956665e2c9,transcript,transcript-2026-06-15-1-30-AutoUpdateTrackTotalByDisc,work,reviewed-segment,transcript-2026-06-15-1-30-AutoUpdateTrackTotalByDisc:segment-003,100,1.0,1.0,False,True,reviewed-include,,,plan-34-v1,Segment meaning matches d2843d5: feat(tags): add per-disc track total update mode,34a2bde7fdb7125aaf7fd4d94fc40302dcee410bba04f7774b1ec6533d9e676f,
commit,d2843d58d7c77e0470d1b467eacf8a956665e2c9,transcript,transcript-2026-06-15-1-30-AutoUpdateTrackTotalByDisc,work,reviewed-segment,transcript-2026-06-15-1-30-AutoUpdateTrackTotalByDisc:segment-004,123,1.0,1.0,False,True,reviewed-include,,,plan-34-v1,Segment meaning matches d2843d5: feat(tags): add per-disc track total update mode,34a2bde7fdb7125aaf7fd4d94fc40302dcee410bba04f7774b1ec6533d9e676f,
commit,d2843d58d7c77e0470d1b467eacf8a956665e2c9,transcript,transcript-2026-06-15-1-30-AutoUpdateTrackTotalByDisc,work,reviewed-segment,transcript-2026-06-15-1-30-AutoUpdateTrackTotalByDisc:segment-005,230,1.0,1.0,False,True,reviewed-include,,,plan-34-v1,Segment meaning matches d2843d5: feat(tags): add per-disc track total update mode,34a2bde7fdb7125aaf7fd4d94fc40302dcee410bba04f7774b1ec6533d9e676f,
commit,d2843d58d7c77e0470d1b467eacf8a956665e2c9,transcript,transcript-2026-06-15-1-30-AutoUpdateTrackTotalByDisc,work,reviewed-segment,transcript-2026-06-15-1-30-AutoUpdateTrackTotalByDisc:segment-006,259,1.0,1.0,False,True,reviewed-include,,,plan-34-v1,Segment meaning matches d2843d5: feat(tags): add per-disc track total update mode,34a2bde7fdb7125aaf7fd4d94fc40302dcee410bba04f7774b1ec6533d9e676f,
plan,30,transcript,transcript-2026-06-15-1-30-AutoUpdateTrackTotalByDisc,direct,reviewed-segment,transcript-2026-06-15-1-30-AutoUpdateTrackTotalByDisc:segment-001,10,1.0,1.0,True,False,reviewed-include,,,plan-34-v1,Plan authoring/decision work.,34a2bde7fdb7125aaf7fd4d94fc40302dcee410bba04f7774b1ec6533d9e676f,
plan,30,transcript,transcript-2026-06-15-1-30-AutoUpdateTrackTotalByDisc,direct,reviewed-segment,transcript-2026-06-15-1-30-AutoUpdateTrackTotalByDisc:segment-002,64,1.0,1.0,True,False,reviewed-include,,,plan-34-v1,Plan authoring/decision work.,34a2bde7fdb7125aaf7fd4d94fc40302dcee410bba04f7774b1ec6533d9e676f,
plan,30,transcript,transcript-2026-06-15-1-30-AutoUpdateTrackTotalByDisc,direct,reviewed-segment,transcript-2026-06-15-1-30-AutoUpdateTrackTotalByDisc:segment-003,100,1.0,1.0,True,False,reviewed-include,,,plan-34-v1,Plan authoring/decision work.,34a2bde7fdb7125aaf7fd4d94fc40302dcee410bba04f7774b1ec6533d9e676f,
plan,30,transcript,transcript-2026-06-15-1-30-AutoUpdateTrackTotalByDisc,implementation,reviewed-segment,transcript-2026-06-15-1-30-AutoUpdateTrackTotalByDisc:segment-004,123,1.0,1.0,False,True,reviewed-include,,,plan-34-v1,Implementation/verification governed by Plan.,34a2bde7fdb7125aaf7fd4d94fc40302dcee410bba04f7774b1ec6533d9e676f,
plan,30,transcript,transcript-2026-06-15-1-30-AutoUpdateTrackTotalByDisc,implementation,reviewed-segment,transcript-2026-06-15-1-30-AutoUpdateTrackTotalByDisc:segment-005,230,1.0,1.0,False,True,reviewed-include,,,plan-34-v1,Implementation/verification governed by Plan.,34a2bde7fdb7125aaf7fd4d94fc40302dcee410bba04f7774b1ec6533d9e676f,
plan,30,transcript,transcript-2026-06-15-1-30-AutoUpdateTrackTotalByDisc,implementation,reviewed-segment,transcript-2026-06-15-1-30-AutoUpdateTrackTotalByDisc:segment-006,259,1.0,1.0,False,True,reviewed-include,,,plan-34-v1,Implementation/verification governed by Plan.,34a2bde7fdb7125aaf7fd4d94fc40302dcee410bba04f7774b1ec6533d9e676f,
commit,7228297fdfbf05a87af30e5330fdcdd1e908dd84,transcript,transcript-2026-06-16-1-31-AddTrackSortAndNumbering,work,reviewed-segment,transcript-2026-06-16-1-31-AddTrackSortAndNumbering:segment-001,10,1.0,1.0,False,True,reviewed-include,,,plan-34-v1,Segment meaning matches 7228297: feat(tracks): add sort order and track numbering controls,b99d35bfa582211c2019cc43f6c8535a0e6fb29f21b36f82dfa55492b0b7e936,
commit,7228297fdfbf05a87af30e5330fdcdd1e908dd84,transcript,transcript-2026-06-16-1-31-AddTrackSortAndNumbering,work,reviewed-segment,transcript-2026-06-16-1-31-AddTrackSortAndNumbering:segment-002,90,1.0,1.0,False,True,reviewed-include,,,plan-34-v1,Segment meaning matches 7228297: feat(tracks): add sort order and track numbering controls,b99d35bfa582211c2019cc43f6c8535a0e6fb29f21b36f82dfa55492b0b7e936,
commit,7228297fdfbf05a87af30e5330fdcdd1e908dd84,transcript,transcript-2026-06-16-1-31-AddTrackSortAndNumbering,work,reviewed-segment,transcript-2026-06-16-1-31-AddTrackSortAndNumbering:segment-003,109,1.0,1.0,False,True,reviewed-include,,,plan-34-v1,Segment meaning matches 7228297: feat(tracks): add sort order and track numbering controls,b99d35bfa582211c2019cc43f6c8535a0e6fb29f21b36f82dfa55492b0b7e936,
commit,7228297fdfbf05a87af30e5330fdcdd1e908dd84,transcript,transcript-2026-06-16-1-31-AddTrackSortAndNumbering,work,reviewed-segment,transcript-2026-06-16-1-31-AddTrackSortAndNumbering:segment-004,150,1.0,1.0,False,True,reviewed-include,,,plan-34-v1,Segment meaning matches 7228297: feat(tracks): add sort order and track numbering controls,b99d35bfa582211c2019cc43f6c8535a0e6fb29f21b36f82dfa55492b0b7e936,
plan,31,transcript,transcript-2026-06-16-1-31-AddTrackSortAndNumbering,direct,reviewed-segment,transcript-2026-06-16-1-31-AddTrackSortAndNumbering:segment-001,10,1.0,1.0,True,False,reviewed-include,,,plan-34-v1,Plan authoring/decision work.,b99d35bfa582211c2019cc43f6c8535a0e6fb29f21b36f82dfa55492b0b7e936,
plan,31,transcript,transcript-2026-06-16-1-31-AddTrackSortAndNumbering,direct,reviewed-segment,transcript-2026-06-16-1-31-AddTrackSortAndNumbering:segment-002,90,1.0,1.0,True,False,reviewed-include,,,plan-34-v1,Plan authoring/decision work.,b99d35bfa582211c2019cc43f6c8535a0e6fb29f21b36f82dfa55492b0b7e936,
plan,31,transcript,transcript-2026-06-16-1-31-AddTrackSortAndNumbering,implementation,reviewed-segment,transcript-2026-06-16-1-31-AddTrackSortAndNumbering:segment-003,109,1.0,1.0,False,True,reviewed-include,,,plan-34-v1,Implementation/verification governed by Plan.,b99d35bfa582211c2019cc43f6c8535a0e6fb29f21b36f82dfa55492b0b7e936,
plan,31,transcript,transcript-2026-06-16-1-31-AddTrackSortAndNumbering,implementation,reviewed-segment,transcript-2026-06-16-1-31-AddTrackSortAndNumbering:segment-004,150,1.0,1.0,False,True,reviewed-include,,,plan-34-v1,Implementation/verification governed by Plan.,b99d35bfa582211c2019cc43f6c8535a0e6fb29f21b36f82dfa55492b0b7e936,
commit,88d09498e62eed6f088450eb0cf1ec3129a7ad34,transcript,transcript-2026-06-17-1-32-AutoUpdateDiscTotal,work,reviewed-segment,transcript-2026-06-17-1-32-AutoUpdateDiscTotal:segment-001,10,1.0,1.0,False,True,reviewed-include,,,plan-34-v1,Segment meaning matches 88d0949: feat(tags): add auto disc total setting and command,255272cdaf645705fc6eb6225e436f19a62878322e95f0db9136424561616d9e,
commit,88d09498e62eed6f088450eb0cf1ec3129a7ad34,transcript,transcript-2026-06-17-1-32-AutoUpdateDiscTotal,work,reviewed-segment,transcript-2026-06-17-1-32-AutoUpdateDiscTotal:segment-002,61,1.0,1.0,False,True,reviewed-include,,,plan-34-v1,Segment meaning matches 88d0949: feat(tags): add auto disc total setting and command,255272cdaf645705fc6eb6225e436f19a62878322e95f0db9136424561616d9e,
commit,88d09498e62eed6f088450eb0cf1ec3129a7ad34,transcript,transcript-2026-06-17-1-32-AutoUpdateDiscTotal,work,reviewed-segment,transcript-2026-06-17-1-32-AutoUpdateDiscTotal:segment-003,92,1.0,1.0,False,True,reviewed-include,,,plan-34-v1,Segment meaning matches 88d0949: feat(tags): add auto disc total setting and command,255272cdaf645705fc6eb6225e436f19a62878322e95f0db9136424561616d9e,
commit,88d09498e62eed6f088450eb0cf1ec3129a7ad34,transcript,transcript-2026-06-17-1-32-AutoUpdateDiscTotal,work,reviewed-segment,transcript-2026-06-17-1-32-AutoUpdateDiscTotal:segment-004,187,1.0,1.0,False,True,reviewed-include,,,plan-34-v1,Segment meaning matches 88d0949: feat(tags): add auto disc total setting and command,255272cdaf645705fc6eb6225e436f19a62878322e95f0db9136424561616d9e,
commit,88d09498e62eed6f088450eb0cf1ec3129a7ad34,transcript,transcript-2026-06-17-1-32-AutoUpdateDiscTotal,work,reviewed-segment,transcript-2026-06-17-1-32-AutoUpdateDiscTotal:segment-005,231,1.0,1.0,False,True,reviewed-include,,,plan-34-v1,Segment meaning matches 88d0949: feat(tags): add auto disc total setting and command,255272cdaf645705fc6eb6225e436f19a62878322e95f0db9136424561616d9e,
plan,32,transcript,transcript-2026-06-17-1-32-AutoUpdateDiscTotal,direct,reviewed-segment,transcript-2026-06-17-1-32-AutoUpdateDiscTotal:segment-001,10,1.0,1.0,True,False,reviewed-include,,,plan-34-v1,Plan authoring/decision work.,255272cdaf645705fc6eb6225e436f19a62878322e95f0db9136424561616d9e,
plan,32,transcript,transcript-2026-06-17-1-32-AutoUpdateDiscTotal,direct,reviewed-segment,transcript-2026-06-17-1-32-AutoUpdateDiscTotal:segment-002,61,1.0,1.0,True,False,reviewed-include,,,plan-34-v1,Plan authoring/decision work.,255272cdaf645705fc6eb6225e436f19a62878322e95f0db9136424561616d9e,
plan,32,transcript,transcript-2026-06-17-1-32-AutoUpdateDiscTotal,implementation,reviewed-segment,transcript-2026-06-17-1-32-AutoUpdateDiscTotal:segment-003,92,1.0,1.0,False,True,reviewed-include,,,plan-34-v1,Implementation/verification governed by Plan.,255272cdaf645705fc6eb6225e436f19a62878322e95f0db9136424561616d9e,
plan,32,transcript,transcript-2026-06-17-1-32-AutoUpdateDiscTotal,implementation,reviewed-segment,transcript-2026-06-17-1-32-AutoUpdateDiscTotal:segment-004,187,1.0,1.0,False,True,reviewed-include,,,plan-34-v1,Implementation/verification governed by Plan.,255272cdaf645705fc6eb6225e436f19a62878322e95f0db9136424561616d9e,
plan,32,transcript,transcript-2026-06-17-1-32-AutoUpdateDiscTotal,implementation,reviewed-segment,transcript-2026-06-17-1-32-AutoUpdateDiscTotal:segment-005,231,1.0,1.0,False,True,reviewed-include,,,plan-34-v1,Implementation/verification governed by Plan.,255272cdaf645705fc6eb6225e436f19a62878322e95f0db9136424561616d9e,
commit,29444d740b06ee147a5690f1070d56abfa8be162,transcript,transcript-2026-06-18-1-33-AddTrackFileRename,work,reviewed-segment,transcript-2026-06-18-1-33-AddTrackFileRename:segment-001,10,1.0,1.0,False,True,reviewed-include,,,plan-34-v1,Segment meaning matches 29444d7: feat(tag-editor): add track file rename workflow,85ca175334dbf0b0854e9d46e3f6557fb12785232e608fd748c788e4d6554e95,
commit,29444d740b06ee147a5690f1070d56abfa8be162,transcript,transcript-2026-06-18-1-33-AddTrackFileRename,work,reviewed-segment,transcript-2026-06-18-1-33-AddTrackFileRename:segment-002,62,1.0,1.0,False,True,reviewed-include,,,plan-34-v1,Segment meaning matches 29444d7: feat(tag-editor): add track file rename workflow,85ca175334dbf0b0854e9d46e3f6557fb12785232e608fd748c788e4d6554e95,
commit,29444d740b06ee147a5690f1070d56abfa8be162,transcript,transcript-2026-06-18-1-33-AddTrackFileRename,work,reviewed-segment,transcript-2026-06-18-1-33-AddTrackFileRename:segment-003,108,1.0,1.0,False,True,reviewed-include,,,plan-34-v1,Segment meaning matches 29444d7: feat(tag-editor): add track file rename workflow,85ca175334dbf0b0854e9d46e3f6557fb12785232e608fd748c788e4d6554e95,
commit,29444d740b06ee147a5690f1070d56abfa8be162,transcript,transcript-2026-06-18-1-33-AddTrackFileRename,work,reviewed-segment,transcript-2026-06-18-1-33-AddTrackFileRename:segment-004,145,1.0,1.0,False,True,reviewed-include,,,plan-34-v1,Segment meaning matches 29444d7: feat(tag-editor): add track file rename workflow,85ca175334dbf0b0854e9d46e3f6557fb12785232e608fd748c788e4d6554e95,
commit,29444d740b06ee147a5690f1070d56abfa8be162,transcript,transcript-2026-06-18-1-33-AddTrackFileRename,work,reviewed-segment,transcript-2026-06-18-1-33-AddTrackFileRename:segment-005,260,1.0,1.0,False,True,reviewed-include,,,plan-34-v1,Segment meaning matches 29444d7: feat(tag-editor): add track file rename workflow,85ca175334dbf0b0854e9d46e3f6557fb12785232e608fd748c788e4d6554e95,
commit,29444d740b06ee147a5690f1070d56abfa8be162,transcript,transcript-2026-06-18-1-33-AddTrackFileRename,work,reviewed-segment,transcript-2026-06-18-1-33-AddTrackFileRename:segment-006,300,1.0,1.0,False,True,reviewed-include,,,plan-34-v1,Segment meaning matches 29444d7: feat(tag-editor): add track file rename workflow,85ca175334dbf0b0854e9d46e3f6557fb12785232e608fd748c788e4d6554e95,
commit,29444d740b06ee147a5690f1070d56abfa8be162,transcript,transcript-2026-06-18-1-33-AddTrackFileRename,work,reviewed-segment,transcript-2026-06-18-1-33-AddTrackFileRename:segment-007,511,1.0,1.0,False,True,reviewed-include,,,plan-34-v1,Segment meaning matches 29444d7: feat(tag-editor): add track file rename workflow,85ca175334dbf0b0854e9d46e3f6557fb12785232e608fd748c788e4d6554e95,
commit,29444d740b06ee147a5690f1070d56abfa8be162,transcript,transcript-2026-06-18-1-33-AddTrackFileRename,work,reviewed-segment,transcript-2026-06-18-1-33-AddTrackFileRename:segment-008,550,1.0,1.0,False,True,reviewed-include,,,plan-34-v1,Segment meaning matches 29444d7: feat(tag-editor): add track file rename workflow,85ca175334dbf0b0854e9d46e3f6557fb12785232e608fd748c788e4d6554e95,
commit,29444d740b06ee147a5690f1070d56abfa8be162,transcript,transcript-2026-06-18-1-33-AddTrackFileRename,work,reviewed-segment,transcript-2026-06-18-1-33-AddTrackFileRename:segment-009,592,1.0,1.0,False,True,reviewed-include,,,plan-34-v1,Segment meaning matches 29444d7: feat(tag-editor): add track file rename workflow,85ca175334dbf0b0854e9d46e3f6557fb12785232e608fd748c788e4d6554e95,
commit,29444d740b06ee147a5690f1070d56abfa8be162,transcript,transcript-2026-06-18-1-33-AddTrackFileRename,work,reviewed-segment,transcript-2026-06-18-1-33-AddTrackFileRename:segment-010,671,1.0,1.0,False,True,reviewed-include,,,plan-34-v1,Segment meaning matches 29444d7: feat(tag-editor): add track file rename workflow,85ca175334dbf0b0854e9d46e3f6557fb12785232e608fd748c788e4d6554e95,
plan,33,transcript,transcript-2026-06-18-1-33-AddTrackFileRename,direct,reviewed-segment,transcript-2026-06-18-1-33-AddTrackFileRename:segment-001,10,1.0,1.0,True,False,reviewed-include,,,plan-34-v1,Plan authoring/decision work.,85ca175334dbf0b0854e9d46e3f6557fb12785232e608fd748c788e4d6554e95,
plan,33,transcript,transcript-2026-06-18-1-33-AddTrackFileRename,direct,reviewed-segment,transcript-2026-06-18-1-33-AddTrackFileRename:segment-002,62,1.0,1.0,True,False,reviewed-include,,,plan-34-v1,Plan authoring/decision work.,85ca175334dbf0b0854e9d46e3f6557fb12785232e608fd748c788e4d6554e95,
plan,33,transcript,transcript-2026-06-18-1-33-AddTrackFileRename,direct,reviewed-segment,transcript-2026-06-18-1-33-AddTrackFileRename:segment-003,108,1.0,1.0,True,False,reviewed-include,,,plan-34-v1,Plan authoring/decision work.,85ca175334dbf0b0854e9d46e3f6557fb12785232e608fd748c788e4d6554e95,
plan,33,transcript,transcript-2026-06-18-1-33-AddTrackFileRename,implementation,reviewed-segment,transcript-2026-06-18-1-33-AddTrackFileRename:segment-004,145,1.0,1.0,False,True,reviewed-include,,,plan-34-v1,Implementation/verification governed by Plan.,85ca175334dbf0b0854e9d46e3f6557fb12785232e608fd748c788e4d6554e95,
plan,33,transcript,transcript-2026-06-18-1-33-AddTrackFileRename,implementation,reviewed-segment,transcript-2026-06-18-1-33-AddTrackFileRename:segment-005,260,1.0,1.0,False,True,reviewed-include,,,plan-34-v1,Implementation/verification governed by Plan.,85ca175334dbf0b0854e9d46e3f6557fb12785232e608fd748c788e4d6554e95,
plan,33,transcript,transcript-2026-06-18-1-33-AddTrackFileRename,implementation,reviewed-segment,transcript-2026-06-18-1-33-AddTrackFileRename:segment-006,300,1.0,1.0,False,True,reviewed-include,,,plan-34-v1,Implementation/verification governed by Plan.,85ca175334dbf0b0854e9d46e3f6557fb12785232e608fd748c788e4d6554e95,
plan,33,transcript,transcript-2026-06-18-1-33-AddTrackFileRename,implementation,reviewed-segment,transcript-2026-06-18-1-33-AddTrackFileRename:segment-007,511,1.0,1.0,False,True,reviewed-include,,,plan-34-v1,Implementation/verification governed by Plan.,85ca175334dbf0b0854e9d46e3f6557fb12785232e608fd748c788e4d6554e95,
plan,33,transcript,transcript-2026-06-18-1-33-AddTrackFileRename,implementation,reviewed-segment,transcript-2026-06-18-1-33-AddTrackFileRename:segment-008,550,1.0,1.0,False,True,reviewed-include,,,plan-34-v1,Implementation/verification governed by Plan.,85ca175334dbf0b0854e9d46e3f6557fb12785232e608fd748c788e4d6554e95,
plan,33,transcript,transcript-2026-06-18-1-33-AddTrackFileRename,implementation,reviewed-segment,transcript-2026-06-18-1-33-AddTrackFileRename:segment-009,592,1.0,1.0,False,True,reviewed-include,,,plan-34-v1,Implementation/verification governed by Plan.,85ca175334dbf0b0854e9d46e3f6557fb12785232e608fd748c788e4d6554e95,
plan,33,transcript,transcript-2026-06-18-1-33-AddTrackFileRename,implementation,reviewed-segment,transcript-2026-06-18-1-33-AddTrackFileRename:segment-010,671,1.0,1.0,False,True,reviewed-include,,,plan-34-v1,Implementation/verification governed by Plan.,85ca175334dbf0b0854e9d46e3f6557fb12785232e608fd748c788e4d6554e95,
