transcript_id,segment_id,entity_type,entity_id,role,allocation_weight,source_line_start,source_line_end,allocated_source_lines,allocated_assistant_processing_seconds,allocated_user_response_seconds,allocated_visible_elapsed_seconds,allocated_back_and_forth_count,allocated_turn_count,review_status,reviewed_config_entry_id,confidence,evidence_note,included_in_direct_totals,included_in_rollup_totals
transcript-2026-02-27-1-1-FLACBridgeExecution,transcript-2026-02-27-1-1-FLACBridgeExecution:segment-001,commit,6cf4772cd3482a0a7ca38f2f613ca64a86da22a1,work,0.6585365854,10,89,59.9268292714,,,,0.6585365854,1.9756097562000001,reviewed,,1.0,semantic match,False,True
transcript-2026-02-27-1-1-FLACBridgeExecution,transcript-2026-02-27-1-1-FLACBridgeExecution:segment-001,commit,1fcd08274065e59e148cb05d16e592e98f02bced,work,0.3414634146,10,89,31.0731707286,,,,0.3414634146,1.0243902438,reviewed,,1.0,semantic match,False,True
transcript-2026-02-27-1-1-FLACBridgeExecution,transcript-2026-02-27-1-1-FLACBridgeExecution:segment-001,plan,1,direct,0.6585365854,10,89,59.9268292714,,,,0.6585365854,1.9756097562000001,reviewed,,1.0,semantic match,True,False
transcript-2026-02-27-1-1-FLACBridgeExecution,transcript-2026-02-27-1-1-FLACBridgeExecution:segment-001,plan,1,implementation,0.3414634146,10,89,31.0731707286,,,,0.3414634146,1.0243902438,reviewed,,1.0,semantic match,False,True
transcript-2026-03-02-1-MiscTagEditorDev,transcript-2026-03-02-1-MiscTagEditorDev:segment-001,commit,c965c3feb354452704670af683ab541da3c43f71,work,1.0,12,30,20.82962962962963,,,,1.0,2.0,reviewed,,1.0,semantic match,False,True
transcript-2026-03-02-1-MiscTagEditorDev,transcript-2026-03-02-1-MiscTagEditorDev:segment-002,commit,c965c3feb354452704670af683ab541da3c43f71,work,1.0,31,41,12.05925925925926,,,,1.0,2.0,reviewed,,1.0,semantic match,False,True
transcript-2026-03-02-1-MiscTagEditorDev,transcript-2026-03-02-1-MiscTagEditorDev:segment-003,commit,c965c3feb354452704670af683ab541da3c43f71,work,1.0,42,55,15.348148148148148,,,,1.0,2.0,reviewed,,1.0,semantic match,False,True
transcript-2026-03-02-1-MiscTagEditorDev,transcript-2026-03-02-1-MiscTagEditorDev:segment-004,commit,c965c3feb354452704670af683ab541da3c43f71,work,1.0,56,61,6.5777777777777775,,,,0.0,1.0,reviewed,,1.0,semantic match,False,True
transcript-2026-03-02-1-MiscTagEditorDev,transcript-2026-03-02-1-MiscTagEditorDev:segment-005,commit,c965c3feb354452704670af683ab541da3c43f71,work,1.0,62,86,27.40740740740741,,,,1.0,2.0,reviewed,,1.0,semantic match,False,True
transcript-2026-03-02-1-MiscTagEditorDev,transcript-2026-03-02-1-MiscTagEditorDev:segment-006,commit,c965c3feb354452704670af683ab541da3c43f71,work,1.0,87,101,16.444444444444446,,,,1.0,2.0,reviewed,,1.0,semantic match,False,True
transcript-2026-03-02-1-MiscTagEditorDev,transcript-2026-03-02-1-MiscTagEditorDev:segment-007,commit,c965c3feb354452704670af683ab541da3c43f71,work,1.0,102,124,25.214814814814815,,,,1.0,2.0,reviewed,,1.0,semantic match,False,True
transcript-2026-03-02-1-MiscTagEditorDev,transcript-2026-03-02-1-MiscTagEditorDev:segment-008,commit,c965c3feb354452704670af683ab541da3c43f71,work,1.0,125,146,24.11851851851852,,,,1.0,2.0,reviewed,,1.0,semantic match,False,True
transcript-2026-03-03-1-MiscTagEditorDev,transcript-2026-03-03-1-MiscTagEditorDev:segment-001,commit,2302109d0c43a41cb71c36e47cf2b4b8973a63d6,work,1.0,12,36,26.282051282051285,,,,1.0,2.0,reviewed,,1.0,semantic match,False,True
transcript-2026-03-03-1-MiscTagEditorDev,transcript-2026-03-03-1-MiscTagEditorDev:segment-002,commit,2302109d0c43a41cb71c36e47cf2b4b8973a63d6,work,1.0,37,71,36.794871794871796,,,,1.0,2.0,reviewed,,1.0,semantic match,False,True
transcript-2026-03-03-1-MiscTagEditorDev,transcript-2026-03-03-1-MiscTagEditorDev:segment-003,commit,2302109d0c43a41cb71c36e47cf2b4b8973a63d6,work,1.0,72,88,17.871794871794872,,,,1.0,2.0,reviewed,,1.0,semantic match,False,True
transcript-2026-03-03-1-MiscTagEditorDev,transcript-2026-03-03-1-MiscTagEditorDev:segment-004,commit,b5b4f12719bcc1df96078cbbc79157c47985e637,work,1.0,89,108,21.025641025641026,,,,1.0,2.0,reviewed,,1.0,semantic match,False,True
transcript-2026-03-03-1-MiscTagEditorDev,transcript-2026-03-03-1-MiscTagEditorDev:segment-005,commit,b5b4f12719bcc1df96078cbbc79157c47985e637,work,1.0,109,119,11.564102564102564,,,,1.0,2.0,reviewed,,1.0,semantic match,False,True
transcript-2026-03-03-1-MiscTagEditorDev,transcript-2026-03-03-1-MiscTagEditorDev:segment-006,commit,f400158d420b3d62590a7863231b3f4fe603006b,work,1.0,120,132,13.666666666666668,,,,1.0,2.0,reviewed,,1.0,semantic match,False,True
transcript-2026-03-03-1-MiscTagEditorDev,transcript-2026-03-03-1-MiscTagEditorDev:segment-007,commit,f400158d420b3d62590a7863231b3f4fe603006b,work,1.0,133,143,11.564102564102564,,,,1.0,2.0,reviewed,,1.0,semantic match,False,True
transcript-2026-03-03-1-MiscTagEditorDev,transcript-2026-03-03-1-MiscTagEditorDev:segment-008,commit,f400158d420b3d62590a7863231b3f4fe603006b,work,1.0,144,163,21.025641025641026,,,,1.0,2.0,reviewed,,1.0,semantic match,False,True
transcript-2026-03-03-1-MiscTagEditorDev,transcript-2026-03-03-1-MiscTagEditorDev:segment-009,commit,f400158d420b3d62590a7863231b3f4fe603006b,work,1.0,164,181,18.923076923076923,,,,1.0,2.0,reviewed,,1.0,semantic match,False,True
transcript-2026-03-03-1-MiscTagEditorDev,transcript-2026-03-03-1-MiscTagEditorDev:segment-010,commit,f400158d420b3d62590a7863231b3f4fe603006b,work,1.0,182,203,23.128205128205128,,,,1.0,2.0,reviewed,,1.0,semantic match,False,True
transcript-2026-03-03-1-MiscTagEditorDev,transcript-2026-03-03-1-MiscTagEditorDev:segment-011,commit,f400158d420b3d62590a7863231b3f4fe603006b,work,1.0,204,227,25.230769230769234,,,,1.0,2.0,reviewed,,1.0,semantic match,False,True
transcript-2026-03-03-1-MiscTagEditorDev,transcript-2026-03-03-1-MiscTagEditorDev:segment-012,commit,f400158d420b3d62590a7863231b3f4fe603006b,work,1.0,228,245,18.923076923076923,,,,1.0,2.0,reviewed,,1.0,semantic match,False,True
transcript-2026-03-04-1-2-ContentViewReorganizationPlan.md,transcript-2026-03-04-1-2-ContentViewReorganizationPlan.md:segment-001,commit,a76f2110c364943a6a2b000cd575807b8f75a6e6,work,1.0,12,50,41.166666666666664,,,,1.0,2.0,reviewed,,1.0,semantic match,False,True
transcript-2026-03-04-1-2-ContentViewReorganizationPlan.md,transcript-2026-03-04-1-2-ContentViewReorganizationPlan.md:segment-002,commit,a76f2110c364943a6a2b000cd575807b8f75a6e6,work,0.9415204678,51,221,169.9444444379,,,,0.9415204678,1.8830409356,reviewed,,1.0,semantic match,False,True
transcript-2026-03-04-1-2-ContentViewReorganizationPlan.md,transcript-2026-03-04-1-2-ContentViewReorganizationPlan.md:segment-002,commit,6c669809df69c8e7566517df27f84cd4ac85cb37,work,0.0584795322,51,221,10.5555555621,,,,0.0584795322,0.1169590644,reviewed,,1.0,semantic match,False,True
transcript-2026-03-04-1-2-ContentViewReorganizationPlan.md,transcript-2026-03-04-1-2-ContentViewReorganizationPlan.md:segment-003,commit,bae266f0f97e4d7e264cc54628bfaf3cc70a78f7,work,1.0,222,245,25.333333333333336,,,,1.0,2.0,reviewed,,1.0,semantic match,False,True
transcript-2026-03-04-1-2-ContentViewReorganizationPlan.md,transcript-2026-03-04-1-2-ContentViewReorganizationPlan.md:segment-001,plan,2,direct,1.0,12,50,41.166666666666664,,,,1.0,2.0,reviewed,,1.0,semantic match,True,False
transcript-2026-03-04-1-2-ContentViewReorganizationPlan.md,transcript-2026-03-04-1-2-ContentViewReorganizationPlan.md:segment-002,plan,2,implementation,1.0,51,221,180.5,,,,1.0,2.0,reviewed,,1.0,semantic match,False,True
transcript-2026-03-04-1-2-ContentViewReorganizationPlan.md,transcript-2026-03-04-1-2-ContentViewReorganizationPlan.md:segment-003,plan,3,direct,0.2307692308,222,245,5.846153846933334,,,,0.2307692308,0.4615384616,reviewed,,1.0,semantic match,True,False
transcript-2026-03-04-1-2-ContentViewReorganizationPlan.md,transcript-2026-03-04-1-2-ContentViewReorganizationPlan.md:segment-003,plan,3,implementation,0.7692307692,222,245,19.487179486400002,,,,0.7692307692,1.5384615384,reviewed,,1.0,semantic match,False,True
transcript-2026-03-06-1-4-FlacWriteTagsAndPicturesPlan,transcript-2026-03-06-1-4-FlacWriteTagsAndPicturesPlan:segment-001,commit,27b32d888ac16fcaa31f6735b29d960131a8315c,work,1.0,13,62,51.44329896907216,,,,1.0,2.0,reviewed,,1.0,semantic match,False,True
transcript-2026-03-06-1-4-FlacWriteTagsAndPicturesPlan,transcript-2026-03-06-1-4-FlacWriteTagsAndPicturesPlan:segment-002,commit,27b32d888ac16fcaa31f6735b29d960131a8315c,work,1.0,63,86,24.692783505154637,,,,1.0,2.0,reviewed,,1.0,semantic match,False,True
transcript-2026-03-06-1-4-FlacWriteTagsAndPicturesPlan,transcript-2026-03-06-1-4-FlacWriteTagsAndPicturesPlan:segment-003,commit,27b32d888ac16fcaa31f6735b29d960131a8315c,work,1.0,87,104,18.519587628865978,,,,1.0,2.0,reviewed,,1.0,semantic match,False,True
transcript-2026-03-06-1-4-FlacWriteTagsAndPicturesPlan,transcript-2026-03-06-1-4-FlacWriteTagsAndPicturesPlan:segment-004,commit,27b32d888ac16fcaa31f6735b29d960131a8315c,work,1.0,105,127,23.663917525773194,,,,1.0,2.0,reviewed,,1.0,semantic match,False,True
transcript-2026-03-06-1-4-FlacWriteTagsAndPicturesPlan,transcript-2026-03-06-1-4-FlacWriteTagsAndPicturesPlan:segment-005,commit,27b32d888ac16fcaa31f6735b29d960131a8315c,work,1.0,128,267,144.04123711340205,,,,1.0,2.0,reviewed,,1.0,semantic match,False,True
transcript-2026-03-06-1-4-FlacWriteTagsAndPicturesPlan,transcript-2026-03-06-1-4-FlacWriteTagsAndPicturesPlan:segment-006,commit,27b32d888ac16fcaa31f6735b29d960131a8315c,work,1.0,268,309,43.212371134020614,,,,1.0,2.0,reviewed,,1.0,semantic match,False,True
transcript-2026-03-06-1-4-FlacWriteTagsAndPicturesPlan,transcript-2026-03-06-1-4-FlacWriteTagsAndPicturesPlan:segment-007,commit,27b32d888ac16fcaa31f6735b29d960131a8315c,work,1.0,310,315,6.173195876288659,,,,1.0,2.0,reviewed,,1.0,semantic match,False,True
transcript-2026-03-06-1-4-FlacWriteTagsAndPicturesPlan,transcript-2026-03-06-1-4-FlacWriteTagsAndPicturesPlan:segment-008,commit,27b32d888ac16fcaa31f6735b29d960131a8315c,work,1.0,316,329,14.404123711340205,,,,1.0,2.0,reviewed,,1.0,semantic match,False,True
transcript-2026-03-06-1-4-FlacWriteTagsAndPicturesPlan,transcript-2026-03-06-1-4-FlacWriteTagsAndPicturesPlan:segment-009,commit,27b32d888ac16fcaa31f6735b29d960131a8315c,work,1.0,330,356,27.779381443298966,,,,1.0,2.0,reviewed,,1.0,semantic match,False,True
transcript-2026-03-06-1-4-FlacWriteTagsAndPicturesPlan,transcript-2026-03-06-1-4-FlacWriteTagsAndPicturesPlan:segment-010,commit,27b32d888ac16fcaa31f6735b29d960131a8315c,work,1.0,357,394,39.09690721649484,,,,1.0,2.0,reviewed,,1.0,semantic match,False,True
transcript-2026-03-06-1-4-FlacWriteTagsAndPicturesPlan,transcript-2026-03-06-1-4-FlacWriteTagsAndPicturesPlan:segment-011,commit,27b32d888ac16fcaa31f6735b29d960131a8315c,work,1.0,395,410,16.46185567010309,,,,1.0,2.0,reviewed,,1.0,semantic match,False,True
transcript-2026-03-06-1-4-FlacWriteTagsAndPicturesPlan,transcript-2026-03-06-1-4-FlacWriteTagsAndPicturesPlan:segment-012,commit,27b32d888ac16fcaa31f6735b29d960131a8315c,work,1.0,411,438,28.80824742268041,,,,1.0,2.0,reviewed,,1.0,semantic match,False,True
transcript-2026-03-06-1-4-FlacWriteTagsAndPicturesPlan,transcript-2026-03-06-1-4-FlacWriteTagsAndPicturesPlan:segment-013,commit,27b32d888ac16fcaa31f6735b29d960131a8315c,work,1.0,439,463,25.72164948453608,,,,1.0,2.0,reviewed,,1.0,semantic match,False,True
transcript-2026-03-06-1-4-FlacWriteTagsAndPicturesPlan,transcript-2026-03-06-1-4-FlacWriteTagsAndPicturesPlan:segment-014,commit,27b32d888ac16fcaa31f6735b29d960131a8315c,work,1.0,464,488,25.72164948453608,,,,1.0,2.0,reviewed,,1.0,semantic match,False,True
transcript-2026-03-06-1-4-FlacWriteTagsAndPicturesPlan,transcript-2026-03-06-1-4-FlacWriteTagsAndPicturesPlan:segment-015,commit,27b32d888ac16fcaa31f6735b29d960131a8315c,work,1.0,489,497,9.259793814432989,,,,1.0,2.0,reviewed,,1.0,semantic match,False,True
transcript-2026-03-06-1-4-FlacWriteTagsAndPicturesPlan,transcript-2026-03-06-1-4-FlacWriteTagsAndPicturesPlan:segment-001,plan,4,direct,1.0,13,62,51.44329896907216,,,,1.0,2.0,reviewed,,1.0,semantic match,True,False
transcript-2026-03-06-1-4-FlacWriteTagsAndPicturesPlan,transcript-2026-03-06-1-4-FlacWriteTagsAndPicturesPlan:segment-002,plan,4,direct,1.0,63,86,24.692783505154637,,,,1.0,2.0,reviewed,,1.0,semantic match,True,False
transcript-2026-03-06-1-4-FlacWriteTagsAndPicturesPlan,transcript-2026-03-06-1-4-FlacWriteTagsAndPicturesPlan:segment-003,plan,4,direct,1.0,87,104,18.519587628865978,,,,1.0,2.0,reviewed,,1.0,semantic match,True,False
transcript-2026-03-06-1-4-FlacWriteTagsAndPicturesPlan,transcript-2026-03-06-1-4-FlacWriteTagsAndPicturesPlan:segment-004,plan,4,direct,1.0,105,127,23.663917525773194,,,,1.0,2.0,reviewed,,1.0,semantic match,True,False
transcript-2026-03-06-1-4-FlacWriteTagsAndPicturesPlan,transcript-2026-03-06-1-4-FlacWriteTagsAndPicturesPlan:segment-005,plan,4,implementation,1.0,128,267,144.04123711340205,,,,1.0,2.0,reviewed,,1.0,semantic match,False,True
transcript-2026-03-06-1-4-FlacWriteTagsAndPicturesPlan,transcript-2026-03-06-1-4-FlacWriteTagsAndPicturesPlan:segment-006,plan,4,implementation,1.0,268,309,43.212371134020614,,,,1.0,2.0,reviewed,,1.0,semantic match,False,True
transcript-2026-03-06-1-4-FlacWriteTagsAndPicturesPlan,transcript-2026-03-06-1-4-FlacWriteTagsAndPicturesPlan:segment-007,plan,4,implementation,1.0,310,315,6.173195876288659,,,,1.0,2.0,reviewed,,1.0,semantic match,False,True
transcript-2026-03-06-1-4-FlacWriteTagsAndPicturesPlan,transcript-2026-03-06-1-4-FlacWriteTagsAndPicturesPlan:segment-008,plan,4,implementation,1.0,316,329,14.404123711340205,,,,1.0,2.0,reviewed,,1.0,semantic match,False,True
transcript-2026-03-06-1-4-FlacWriteTagsAndPicturesPlan,transcript-2026-03-06-1-4-FlacWriteTagsAndPicturesPlan:segment-009,plan,4,implementation,1.0,330,356,27.779381443298966,,,,1.0,2.0,reviewed,,1.0,semantic match,False,True
transcript-2026-03-06-1-4-FlacWriteTagsAndPicturesPlan,transcript-2026-03-06-1-4-FlacWriteTagsAndPicturesPlan:segment-010,plan,4,implementation,1.0,357,394,39.09690721649484,,,,1.0,2.0,reviewed,,1.0,semantic match,False,True
transcript-2026-03-06-1-4-FlacWriteTagsAndPicturesPlan,transcript-2026-03-06-1-4-FlacWriteTagsAndPicturesPlan:segment-011,plan,4,direct,1.0,395,410,16.46185567010309,,,,1.0,2.0,reviewed,,1.0,semantic match,True,False
transcript-2026-03-06-1-4-FlacWriteTagsAndPicturesPlan,transcript-2026-03-06-1-4-FlacWriteTagsAndPicturesPlan:segment-012,plan,4,implementation,1.0,411,438,28.80824742268041,,,,1.0,2.0,reviewed,,1.0,semantic match,False,True
transcript-2026-03-06-1-4-FlacWriteTagsAndPicturesPlan,transcript-2026-03-06-1-4-FlacWriteTagsAndPicturesPlan:segment-013,plan,4,implementation,1.0,439,463,25.72164948453608,,,,1.0,2.0,reviewed,,1.0,semantic match,False,True
transcript-2026-03-06-1-4-FlacWriteTagsAndPicturesPlan,transcript-2026-03-06-1-4-FlacWriteTagsAndPicturesPlan:segment-014,plan,4,implementation,1.0,464,488,25.72164948453608,,,,1.0,2.0,reviewed,,1.0,semantic match,False,True
transcript-2026-03-06-1-4-FlacWriteTagsAndPicturesPlan,transcript-2026-03-06-1-4-FlacWriteTagsAndPicturesPlan:segment-015,plan,4,implementation,1.0,489,497,9.259793814432989,,,,1.0,2.0,reviewed,,1.0,semantic match,False,True
transcript-2026-03-07-1-5-AddSaveNotificationsPlan,transcript-2026-03-07-1-5-AddSaveNotificationsPlan:segment-001,commit,80b722ee0e77887149ebfd307538cac12a5907c3,work,1.0,13,34,22.39793281653747,,,,1.0,2.0,reviewed,,1.0,semantic match,False,True
transcript-2026-03-07-1-5-AddSaveNotificationsPlan,transcript-2026-03-07-1-5-AddSaveNotificationsPlan:segment-002,commit,80b722ee0e77887149ebfd307538cac12a5907c3,work,1.0,35,128,95.70025839793283,,,,1.0,2.0,reviewed,,1.0,semantic match,False,True
transcript-2026-03-07-1-5-AddSaveNotificationsPlan,transcript-2026-03-07-1-5-AddSaveNotificationsPlan:segment-003,commit,80b722ee0e77887149ebfd307538cac12a5907c3,work,1.0,129,172,44.79586563307494,,,,1.0,2.0,reviewed,,1.0,semantic match,False,True
transcript-2026-03-07-1-5-AddSaveNotificationsPlan,transcript-2026-03-07-1-5-AddSaveNotificationsPlan:segment-004,commit,80b722ee0e77887149ebfd307538cac12a5907c3,work,1.0,173,196,24.434108527131784,,,,1.0,2.0,reviewed,,1.0,semantic match,False,True
transcript-2026-03-07-1-5-AddSaveNotificationsPlan,transcript-2026-03-07-1-5-AddSaveNotificationsPlan:segment-005,commit,80b722ee0e77887149ebfd307538cac12a5907c3,work,1.0,197,210,14.253229974160208,,,,1.0,2.0,reviewed,,1.0,semantic match,False,True
transcript-2026-03-07-1-5-AddSaveNotificationsPlan,transcript-2026-03-07-1-5-AddSaveNotificationsPlan:segment-006,commit,80b722ee0e77887149ebfd307538cac12a5907c3,work,1.0,211,292,83.48320413436693,,,,1.0,2.0,reviewed,,1.0,semantic match,False,True
transcript-2026-03-07-1-5-AddSaveNotificationsPlan,transcript-2026-03-07-1-5-AddSaveNotificationsPlan:segment-007,commit,80b722ee0e77887149ebfd307538cac12a5907c3,work,1.0,293,304,12.217054263565892,,,,1.0,2.0,reviewed,,1.0,semantic match,False,True
transcript-2026-03-07-1-5-AddSaveNotificationsPlan,transcript-2026-03-07-1-5-AddSaveNotificationsPlan:segment-008,commit,80b722ee0e77887149ebfd307538cac12a5907c3,work,1.0,305,380,77.374677002584,,,,1.0,2.0,reviewed,,1.0,semantic match,False,True
transcript-2026-03-07-1-5-AddSaveNotificationsPlan,transcript-2026-03-07-1-5-AddSaveNotificationsPlan:segment-009,commit,80b722ee0e77887149ebfd307538cac12a5907c3,work,1.0,381,432,52.9405684754522,,,,1.0,2.0,reviewed,,1.0,semantic match,False,True
transcript-2026-03-07-1-5-AddSaveNotificationsPlan,transcript-2026-03-07-1-5-AddSaveNotificationsPlan:segment-010,commit,80b722ee0e77887149ebfd307538cac12a5907c3,work,1.0,433,440,8.144702842377262,,,,1.0,2.0,reviewed,,1.0,semantic match,False,True
transcript-2026-03-07-1-5-AddSaveNotificationsPlan,transcript-2026-03-07-1-5-AddSaveNotificationsPlan:segment-011,commit,80b722ee0e77887149ebfd307538cac12a5907c3,work,1.0,441,522,83.48320413436693,,,,1.0,2.0,reviewed,,1.0,semantic match,False,True
transcript-2026-03-07-1-5-AddSaveNotificationsPlan,transcript-2026-03-07-1-5-AddSaveNotificationsPlan:segment-012,commit,80b722ee0e77887149ebfd307538cac12a5907c3,work,1.0,523,542,20.361757105943155,,,,1.0,2.0,reviewed,,1.0,semantic match,False,True
transcript-2026-03-07-1-5-AddSaveNotificationsPlan,transcript-2026-03-07-1-5-AddSaveNotificationsPlan:segment-013,commit,80b722ee0e77887149ebfd307538cac12a5907c3,work,1.0,543,550,8.144702842377262,,,,1.0,2.0,reviewed,,1.0,semantic match,False,True
transcript-2026-03-07-1-5-AddSaveNotificationsPlan,transcript-2026-03-07-1-5-AddSaveNotificationsPlan:segment-014,commit,80b722ee0e77887149ebfd307538cac12a5907c3,work,1.0,551,582,32.57881136950905,,,,1.0,2.0,reviewed,,1.0,semantic match,False,True
transcript-2026-03-07-1-5-AddSaveNotificationsPlan,transcript-2026-03-07-1-5-AddSaveNotificationsPlan:segment-015,commit,80b722ee0e77887149ebfd307538cac12a5907c3,work,1.0,583,596,14.253229974160208,,,,1.0,2.0,reviewed,,1.0,semantic match,False,True
transcript-2026-03-07-1-5-AddSaveNotificationsPlan,transcript-2026-03-07-1-5-AddSaveNotificationsPlan:segment-016,commit,80b722ee0e77887149ebfd307538cac12a5907c3,work,1.0,597,614,18.325581395348838,,,,1.0,2.0,reviewed,,1.0,semantic match,False,True
transcript-2026-03-07-1-5-AddSaveNotificationsPlan,transcript-2026-03-07-1-5-AddSaveNotificationsPlan:segment-017,commit,80b722ee0e77887149ebfd307538cac12a5907c3,work,1.0,615,635,21.379844961240313,,,,1.0,2.0,reviewed,,1.0,semantic match,False,True
transcript-2026-03-07-1-5-AddSaveNotificationsPlan,transcript-2026-03-07-1-5-AddSaveNotificationsPlan:segment-018,commit,80b722ee0e77887149ebfd307538cac12a5907c3,work,1.0,636,674,39.70542635658915,,,,1.0,2.0,reviewed,,1.0,semantic match,False,True
transcript-2026-03-07-1-5-AddSaveNotificationsPlan,transcript-2026-03-07-1-5-AddSaveNotificationsPlan:segment-019,commit,80b722ee0e77887149ebfd307538cac12a5907c3,work,1.0,675,731,58.03100775193799,,,,1.0,2.0,reviewed,,1.0,semantic match,False,True
transcript-2026-03-07-1-5-AddSaveNotificationsPlan,transcript-2026-03-07-1-5-AddSaveNotificationsPlan:segment-020,commit,80b722ee0e77887149ebfd307538cac12a5907c3,work,1.0,732,786,55.99483204134368,,,,1.0,2.0,reviewed,,1.0,semantic match,False,True
transcript-2026-03-07-1-5-AddSaveNotificationsPlan,transcript-2026-03-07-1-5-AddSaveNotificationsPlan:segment-001,plan,5,direct,1.0,13,34,22.39793281653747,,,,1.0,2.0,reviewed,,1.0,semantic match,True,False
transcript-2026-03-07-1-5-AddSaveNotificationsPlan,transcript-2026-03-07-1-5-AddSaveNotificationsPlan:segment-002,plan,5,implementation,1.0,35,128,95.70025839793283,,,,1.0,2.0,reviewed,,1.0,semantic match,False,True
transcript-2026-03-07-1-5-AddSaveNotificationsPlan,transcript-2026-03-07-1-5-AddSaveNotificationsPlan:segment-003,plan,5,implementation,1.0,129,172,44.79586563307494,,,,1.0,2.0,reviewed,,1.0,semantic match,False,True
transcript-2026-03-07-1-5-AddSaveNotificationsPlan,transcript-2026-03-07-1-5-AddSaveNotificationsPlan:segment-004,plan,5,implementation,1.0,173,196,24.434108527131784,,,,1.0,2.0,reviewed,,1.0,semantic match,False,True
transcript-2026-03-07-1-5-AddSaveNotificationsPlan,transcript-2026-03-07-1-5-AddSaveNotificationsPlan:segment-005,plan,5,implementation,1.0,197,210,14.253229974160208,,,,1.0,2.0,reviewed,,1.0,semantic match,False,True
transcript-2026-03-07-1-5-AddSaveNotificationsPlan,transcript-2026-03-07-1-5-AddSaveNotificationsPlan:segment-006,plan,5,implementation,1.0,211,292,83.48320413436693,,,,1.0,2.0,reviewed,,1.0,semantic match,False,True
transcript-2026-03-07-1-5-AddSaveNotificationsPlan,transcript-2026-03-07-1-5-AddSaveNotificationsPlan:segment-007,plan,5,implementation,1.0,293,304,12.217054263565892,,,,1.0,2.0,reviewed,,1.0,semantic match,False,True
transcript-2026-03-07-1-5-AddSaveNotificationsPlan,transcript-2026-03-07-1-5-AddSaveNotificationsPlan:segment-008,plan,5,implementation,1.0,305,380,77.374677002584,,,,1.0,2.0,reviewed,,1.0,semantic match,False,True
transcript-2026-03-07-1-5-AddSaveNotificationsPlan,transcript-2026-03-07-1-5-AddSaveNotificationsPlan:segment-009,plan,5,implementation,1.0,381,432,52.9405684754522,,,,1.0,2.0,reviewed,,1.0,semantic match,False,True
transcript-2026-03-07-1-5-AddSaveNotificationsPlan,transcript-2026-03-07-1-5-AddSaveNotificationsPlan:segment-010,plan,5,implementation,1.0,433,440,8.144702842377262,,,,1.0,2.0,reviewed,,1.0,semantic match,False,True
transcript-2026-03-07-1-5-AddSaveNotificationsPlan,transcript-2026-03-07-1-5-AddSaveNotificationsPlan:segment-011,plan,5,implementation,1.0,441,522,83.48320413436693,,,,1.0,2.0,reviewed,,1.0,semantic match,False,True
transcript-2026-03-07-1-5-AddSaveNotificationsPlan,transcript-2026-03-07-1-5-AddSaveNotificationsPlan:segment-012,plan,5,implementation,1.0,523,542,20.361757105943155,,,,1.0,2.0,reviewed,,1.0,semantic match,False,True
transcript-2026-03-07-1-5-AddSaveNotificationsPlan,transcript-2026-03-07-1-5-AddSaveNotificationsPlan:segment-013,plan,5,implementation,1.0,543,550,8.144702842377262,,,,1.0,2.0,reviewed,,1.0,semantic match,False,True
transcript-2026-03-07-1-5-AddSaveNotificationsPlan,transcript-2026-03-07-1-5-AddSaveNotificationsPlan:segment-014,plan,5,implementation,1.0,551,582,32.57881136950905,,,,1.0,2.0,reviewed,,1.0,semantic match,False,True
transcript-2026-03-07-1-5-AddSaveNotificationsPlan,transcript-2026-03-07-1-5-AddSaveNotificationsPlan:segment-015,plan,5,implementation,1.0,583,596,14.253229974160208,,,,1.0,2.0,reviewed,,1.0,semantic match,False,True
transcript-2026-03-07-1-5-AddSaveNotificationsPlan,transcript-2026-03-07-1-5-AddSaveNotificationsPlan:segment-016,plan,5,implementation,1.0,597,614,18.325581395348838,,,,1.0,2.0,reviewed,,1.0,semantic match,False,True
transcript-2026-03-07-1-5-AddSaveNotificationsPlan,transcript-2026-03-07-1-5-AddSaveNotificationsPlan:segment-017,plan,5,implementation,1.0,615,635,21.379844961240313,,,,1.0,2.0,reviewed,,1.0,semantic match,False,True
transcript-2026-03-07-1-5-AddSaveNotificationsPlan,transcript-2026-03-07-1-5-AddSaveNotificationsPlan:segment-018,plan,5,implementation,1.0,636,674,39.70542635658915,,,,1.0,2.0,reviewed,,1.0,semantic match,False,True
transcript-2026-03-07-1-5-AddSaveNotificationsPlan,transcript-2026-03-07-1-5-AddSaveNotificationsPlan:segment-019,plan,5,implementation,1.0,675,731,58.03100775193799,,,,1.0,2.0,reviewed,,1.0,semantic match,False,True
transcript-2026-03-07-1-5-AddSaveNotificationsPlan,transcript-2026-03-07-1-5-AddSaveNotificationsPlan:segment-020,plan,5,implementation,1.0,732,786,55.99483204134368,,,,1.0,2.0,reviewed,,1.0,semantic match,False,True
transcript-2026-03-07-2-6-AgentsTranscriptSkillPlan,transcript-2026-03-07-2-6-AgentsTranscriptSkillPlan:segment-001,commit,80b722ee0e77887149ebfd307538cac12a5907c3,work,1.0,13,50,40.075630252100844,,,,1.0,2.0,reviewed,,1.0,semantic match,False,True
transcript-2026-03-07-2-6-AgentsTranscriptSkillPlan,transcript-2026-03-07-2-6-AgentsTranscriptSkillPlan:segment-002,commit,80b722ee0e77887149ebfd307538cac12a5907c3,work,1.0,51,70,21.092436974789916,,,,1.0,2.0,reviewed,,1.0,semantic match,False,True
transcript-2026-03-07-2-6-AgentsTranscriptSkillPlan,transcript-2026-03-07-2-6-AgentsTranscriptSkillPlan:segment-003,commit,80b722ee0e77887149ebfd307538cac12a5907c3,work,1.0,71,92,23.201680672268907,,,,1.0,2.0,reviewed,,1.0,semantic match,False,True
transcript-2026-03-07-2-6-AgentsTranscriptSkillPlan,transcript-2026-03-07-2-6-AgentsTranscriptSkillPlan:segment-004,commit,e031a26f031d038fcc430fb7057600f67102ccbe,work,1.0,93,132,42.18487394957983,,,,1.0,2.0,reviewed,,1.0,semantic match,False,True
transcript-2026-03-07-2-6-AgentsTranscriptSkillPlan,transcript-2026-03-07-2-6-AgentsTranscriptSkillPlan:segment-005,commit,80b722ee0e77887149ebfd307538cac12a5907c3,work,1.0,133,176,46.403361344537814,,,,1.0,2.0,reviewed,,1.0,semantic match,False,True
transcript-2026-03-07-2-6-AgentsTranscriptSkillPlan,transcript-2026-03-07-2-6-AgentsTranscriptSkillPlan:segment-006,commit,e031a26f031d038fcc430fb7057600f67102ccbe,work,1.0,177,220,46.403361344537814,,,,1.0,2.0,reviewed,,1.0,semantic match,False,True
transcript-2026-03-07-2-6-AgentsTranscriptSkillPlan,transcript-2026-03-07-2-6-AgentsTranscriptSkillPlan:segment-007,commit,e031a26f031d038fcc430fb7057600f67102ccbe,work,1.0,221,238,18.983193277310924,,,,1.0,2.0,reviewed,,1.0,semantic match,False,True
transcript-2026-03-07-2-6-AgentsTranscriptSkillPlan,transcript-2026-03-07-2-6-AgentsTranscriptSkillPlan:segment-008,commit,80b722ee0e77887149ebfd307538cac12a5907c3,work,1.0,239,250,12.65546218487395,,,,1.0,2.0,reviewed,,1.0,semantic match,False,True
transcript-2026-03-07-2-6-AgentsTranscriptSkillPlan,transcript-2026-03-07-2-6-AgentsTranscriptSkillPlan:segment-001,plan,6,direct,1.0,13,50,40.075630252100844,,,,1.0,2.0,reviewed,,1.0,semantic match,True,False
transcript-2026-03-07-2-6-AgentsTranscriptSkillPlan,transcript-2026-03-07-2-6-AgentsTranscriptSkillPlan:segment-002,plan,6,direct,1.0,51,70,21.092436974789916,,,,1.0,2.0,reviewed,,1.0,semantic match,True,False
transcript-2026-03-07-2-6-AgentsTranscriptSkillPlan,transcript-2026-03-07-2-6-AgentsTranscriptSkillPlan:segment-003,plan,6,direct,1.0,71,92,23.201680672268907,,,,1.0,2.0,reviewed,,1.0,semantic match,True,False
transcript-2026-03-07-2-6-AgentsTranscriptSkillPlan,transcript-2026-03-07-2-6-AgentsTranscriptSkillPlan:segment-004,plan,6,implementation,1.0,93,132,42.18487394957983,,,,1.0,2.0,reviewed,,1.0,semantic match,False,True
transcript-2026-03-07-2-6-AgentsTranscriptSkillPlan,transcript-2026-03-07-2-6-AgentsTranscriptSkillPlan:segment-005,plan,6,implementation,1.0,133,176,46.403361344537814,,,,1.0,2.0,reviewed,,1.0,semantic match,False,True
transcript-2026-03-07-2-6-AgentsTranscriptSkillPlan,transcript-2026-03-07-2-6-AgentsTranscriptSkillPlan:segment-006,plan,6,implementation,1.0,177,220,46.403361344537814,,,,1.0,2.0,reviewed,,1.0,semantic match,False,True
transcript-2026-03-07-2-6-AgentsTranscriptSkillPlan,transcript-2026-03-07-2-6-AgentsTranscriptSkillPlan:segment-007,plan,6,implementation,1.0,221,238,18.983193277310924,,,,1.0,2.0,reviewed,,1.0,semantic match,False,True
transcript-2026-03-07-2-6-AgentsTranscriptSkillPlan,transcript-2026-03-07-2-6-AgentsTranscriptSkillPlan:segment-008,plan,6,implementation,1.0,239,250,12.65546218487395,,,,1.0,2.0,reviewed,,1.0,semantic match,False,True
transcript-2026-03-12-1-7-AddSaveStatusViewPlan,transcript-2026-03-12-1-7-AddSaveStatusViewPlan:segment-001,commit,e0cd7da70c303f9524054cf6e150d7fbfca3d9d1,work,1.0,13,32,20.497131931166347,,,,1.0,2.0,reviewed,,1.0,semantic match,False,True
transcript-2026-03-12-1-7-AddSaveStatusViewPlan,transcript-2026-03-12-1-7-AddSaveStatusViewPlan:segment-002,commit,e0cd7da70c303f9524054cf6e150d7fbfca3d9d1,work,1.0,33,46,14.347992351816444,,,,1.0,2.0,reviewed,,1.0,semantic match,False,True
transcript-2026-03-12-1-7-AddSaveStatusViewPlan,transcript-2026-03-12-1-7-AddSaveStatusViewPlan:segment-003,commit,e0cd7da70c303f9524054cf6e150d7fbfca3d9d1,work,1.0,47,72,26.646271510516254,,,,1.0,2.0,reviewed,,1.0,semantic match,False,True
transcript-2026-03-12-1-7-AddSaveStatusViewPlan,transcript-2026-03-12-1-7-AddSaveStatusViewPlan:segment-004,commit,e0cd7da70c303f9524054cf6e150d7fbfca3d9d1,work,1.0,73,86,14.347992351816444,,,,1.0,2.0,reviewed,,1.0,semantic match,False,True
transcript-2026-03-12-1-7-AddSaveStatusViewPlan,transcript-2026-03-12-1-7-AddSaveStatusViewPlan:segment-005,commit,e0cd7da70c303f9524054cf6e150d7fbfca3d9d1,work,1.0,87,98,12.29827915869981,,,,1.0,2.0,reviewed,,1.0,semantic match,False,True
transcript-2026-03-12-1-7-AddSaveStatusViewPlan,transcript-2026-03-12-1-7-AddSaveStatusViewPlan:segment-006,commit,e0cd7da70c303f9524054cf6e150d7fbfca3d9d1,work,1.0,99,114,16.39770554493308,,,,1.0,2.0,reviewed,,1.0,semantic match,False,True
transcript-2026-03-12-1-7-AddSaveStatusViewPlan,transcript-2026-03-12-1-7-AddSaveStatusViewPlan:segment-007,commit,e0cd7da70c303f9524054cf6e150d7fbfca3d9d1,work,1.0,115,140,26.646271510516254,,,,1.0,2.0,reviewed,,1.0,semantic match,False,True
transcript-2026-03-12-1-7-AddSaveStatusViewPlan,transcript-2026-03-12-1-7-AddSaveStatusViewPlan:segment-008,commit,e0cd7da70c303f9524054cf6e150d7fbfca3d9d1,work,1.0,141,159,19.47227533460803,,,,1.0,2.0,reviewed,,1.0,semantic match,False,True
transcript-2026-03-12-1-7-AddSaveStatusViewPlan,transcript-2026-03-12-1-7-AddSaveStatusViewPlan:segment-009,commit,e0cd7da70c303f9524054cf6e150d7fbfca3d9d1,work,1.0,160,209,51.24282982791587,,,,1.0,2.0,reviewed,,1.0,semantic match,False,True
transcript-2026-03-12-1-7-AddSaveStatusViewPlan,transcript-2026-03-12-1-7-AddSaveStatusViewPlan:segment-010,commit,e0cd7da70c303f9524054cf6e150d7fbfca3d9d1,work,1.0,210,233,24.59655831739962,,,,1.0,2.0,reviewed,,1.0,semantic match,False,True
transcript-2026-03-12-1-7-AddSaveStatusViewPlan,transcript-2026-03-12-1-7-AddSaveStatusViewPlan:segment-011,commit,e0cd7da70c303f9524054cf6e150d7fbfca3d9d1,work,1.0,234,243,10.248565965583174,,,,1.0,2.0,reviewed,,1.0,semantic match,False,True
transcript-2026-03-12-1-7-AddSaveStatusViewPlan,transcript-2026-03-12-1-7-AddSaveStatusViewPlan:segment-012,commit,e0cd7da70c303f9524054cf6e150d7fbfca3d9d1,work,1.0,244,255,12.29827915869981,,,,1.0,2.0,reviewed,,1.0,semantic match,False,True
transcript-2026-03-12-1-7-AddSaveStatusViewPlan,transcript-2026-03-12-1-7-AddSaveStatusViewPlan:segment-013,commit,e0cd7da70c303f9524054cf6e150d7fbfca3d9d1,work,1.0,256,275,20.497131931166347,,,,1.0,2.0,reviewed,,1.0,semantic match,False,True
transcript-2026-03-12-1-7-AddSaveStatusViewPlan,transcript-2026-03-12-1-7-AddSaveStatusViewPlan:segment-014,commit,e0cd7da70c303f9524054cf6e150d7fbfca3d9d1,work,1.0,276,297,22.54684512428298,,,,1.0,2.0,reviewed,,1.0,semantic match,False,True
transcript-2026-03-12-1-7-AddSaveStatusViewPlan,transcript-2026-03-12-1-7-AddSaveStatusViewPlan:segment-015,commit,e0cd7da70c303f9524054cf6e150d7fbfca3d9d1,work,1.0,298,343,47.1434034416826,,,,1.0,2.0,reviewed,,1.0,semantic match,False,True
transcript-2026-03-12-1-7-AddSaveStatusViewPlan,transcript-2026-03-12-1-7-AddSaveStatusViewPlan:segment-016,commit,e0cd7da70c303f9524054cf6e150d7fbfca3d9d1,work,1.0,344,377,34.845124282982795,,,,1.0,2.0,reviewed,,1.0,semantic match,False,True
transcript-2026-03-12-1-7-AddSaveStatusViewPlan,transcript-2026-03-12-1-7-AddSaveStatusViewPlan:segment-017,commit,e0cd7da70c303f9524054cf6e150d7fbfca3d9d1,work,1.0,378,440,64.56596558317399,,,,1.0,2.0,reviewed,,1.0,semantic match,False,True
transcript-2026-03-12-1-7-AddSaveStatusViewPlan,transcript-2026-03-12-1-7-AddSaveStatusViewPlan:segment-018,commit,e0cd7da70c303f9524054cf6e150d7fbfca3d9d1,work,1.0,441,465,25.621414913957935,,,,1.0,2.0,reviewed,,1.0,semantic match,False,True
transcript-2026-03-12-1-7-AddSaveStatusViewPlan,transcript-2026-03-12-1-7-AddSaveStatusViewPlan:segment-019,commit,e0cd7da70c303f9524054cf6e150d7fbfca3d9d1,work,1.0,466,497,32.79541108986616,,,,1.0,2.0,reviewed,,1.0,semantic match,False,True
transcript-2026-03-12-1-7-AddSaveStatusViewPlan,transcript-2026-03-12-1-7-AddSaveStatusViewPlan:segment-020,commit,e0cd7da70c303f9524054cf6e150d7fbfca3d9d1,work,1.0,498,519,22.54684512428298,,,,1.0,2.0,reviewed,,1.0,semantic match,False,True
transcript-2026-03-12-1-7-AddSaveStatusViewPlan,transcript-2026-03-12-1-7-AddSaveStatusViewPlan:segment-021,commit,e0cd7da70c303f9524054cf6e150d7fbfca3d9d1,work,1.0,520,535,16.39770554493308,,,,1.0,2.0,reviewed,,1.0,semantic match,False,True
transcript-2026-03-12-1-7-AddSaveStatusViewPlan,transcript-2026-03-12-1-7-AddSaveStatusViewPlan:segment-001,plan,7,direct,1.0,13,32,20.497131931166347,,,,1.0,2.0,reviewed,,1.0,semantic match,True,False
transcript-2026-03-12-1-7-AddSaveStatusViewPlan,transcript-2026-03-12-1-7-AddSaveStatusViewPlan:segment-002,plan,7,direct,1.0,33,46,14.347992351816444,,,,1.0,2.0,reviewed,,1.0,semantic match,True,False
transcript-2026-03-12-1-7-AddSaveStatusViewPlan,transcript-2026-03-12-1-7-AddSaveStatusViewPlan:segment-003,plan,7,implementation,1.0,47,72,26.646271510516254,,,,1.0,2.0,reviewed,,1.0,semantic match,False,True
transcript-2026-03-12-1-7-AddSaveStatusViewPlan,transcript-2026-03-12-1-7-AddSaveStatusViewPlan:segment-004,plan,7,implementation,1.0,73,86,14.347992351816444,,,,1.0,2.0,reviewed,,1.0,semantic match,False,True
transcript-2026-03-12-1-7-AddSaveStatusViewPlan,transcript-2026-03-12-1-7-AddSaveStatusViewPlan:segment-005,plan,7,implementation,1.0,87,98,12.29827915869981,,,,1.0,2.0,reviewed,,1.0,semantic match,False,True
transcript-2026-03-12-1-7-AddSaveStatusViewPlan,transcript-2026-03-12-1-7-AddSaveStatusViewPlan:segment-006,plan,7,implementation,1.0,99,114,16.39770554493308,,,,1.0,2.0,reviewed,,1.0,semantic match,False,True
transcript-2026-03-12-1-7-AddSaveStatusViewPlan,transcript-2026-03-12-1-7-AddSaveStatusViewPlan:segment-007,plan,7,implementation,1.0,115,140,26.646271510516254,,,,1.0,2.0,reviewed,,1.0,semantic match,False,True
transcript-2026-03-12-1-7-AddSaveStatusViewPlan,transcript-2026-03-12-1-7-AddSaveStatusViewPlan:segment-008,plan,7,implementation,1.0,141,159,19.47227533460803,,,,1.0,2.0,reviewed,,1.0,semantic match,False,True
transcript-2026-03-12-1-7-AddSaveStatusViewPlan,transcript-2026-03-12-1-7-AddSaveStatusViewPlan:segment-009,plan,7,implementation,1.0,160,209,51.24282982791587,,,,1.0,2.0,reviewed,,1.0,semantic match,False,True
transcript-2026-03-12-1-7-AddSaveStatusViewPlan,transcript-2026-03-12-1-7-AddSaveStatusViewPlan:segment-010,plan,7,implementation,1.0,210,233,24.59655831739962,,,,1.0,2.0,reviewed,,1.0,semantic match,False,True
transcript-2026-03-12-1-7-AddSaveStatusViewPlan,transcript-2026-03-12-1-7-AddSaveStatusViewPlan:segment-011,plan,7,implementation,1.0,234,243,10.248565965583174,,,,1.0,2.0,reviewed,,1.0,semantic match,False,True
transcript-2026-03-12-1-7-AddSaveStatusViewPlan,transcript-2026-03-12-1-7-AddSaveStatusViewPlan:segment-012,plan,7,implementation,1.0,244,255,12.29827915869981,,,,1.0,2.0,reviewed,,1.0,semantic match,False,True
transcript-2026-03-12-1-7-AddSaveStatusViewPlan,transcript-2026-03-12-1-7-AddSaveStatusViewPlan:segment-013,plan,7,direct,1.0,256,275,20.497131931166347,,,,1.0,2.0,reviewed,,1.0,semantic match,True,False
transcript-2026-03-12-1-7-AddSaveStatusViewPlan,transcript-2026-03-12-1-7-AddSaveStatusViewPlan:segment-014,plan,7,direct,1.0,276,297,22.54684512428298,,,,1.0,2.0,reviewed,,1.0,semantic match,True,False
transcript-2026-03-12-1-7-AddSaveStatusViewPlan,transcript-2026-03-12-1-7-AddSaveStatusViewPlan:segment-015,plan,7,implementation,1.0,298,343,47.1434034416826,,,,1.0,2.0,reviewed,,1.0,semantic match,False,True
transcript-2026-03-12-1-7-AddSaveStatusViewPlan,transcript-2026-03-12-1-7-AddSaveStatusViewPlan:segment-016,plan,7,direct,1.0,344,377,34.845124282982795,,,,1.0,2.0,reviewed,,1.0,semantic match,True,False
transcript-2026-03-12-1-7-AddSaveStatusViewPlan,transcript-2026-03-12-1-7-AddSaveStatusViewPlan:segment-017,plan,7,implementation,1.0,378,440,64.56596558317399,,,,1.0,2.0,reviewed,,1.0,semantic match,False,True
transcript-2026-03-12-1-7-AddSaveStatusViewPlan,transcript-2026-03-12-1-7-AddSaveStatusViewPlan:segment-018,plan,7,implementation,1.0,441,465,25.621414913957935,,,,1.0,2.0,reviewed,,1.0,semantic match,False,True
transcript-2026-03-12-1-7-AddSaveStatusViewPlan,transcript-2026-03-12-1-7-AddSaveStatusViewPlan:segment-019,plan,7,direct,1.0,466,497,32.79541108986616,,,,1.0,2.0,reviewed,,1.0,semantic match,True,False
transcript-2026-03-12-1-7-AddSaveStatusViewPlan,transcript-2026-03-12-1-7-AddSaveStatusViewPlan:segment-020,plan,7,direct,1.0,498,519,22.54684512428298,,,,1.0,2.0,reviewed,,1.0,semantic match,True,False
transcript-2026-03-12-1-7-AddSaveStatusViewPlan,transcript-2026-03-12-1-7-AddSaveStatusViewPlan:segment-021,plan,7,implementation,1.0,520,535,16.39770554493308,,,,1.0,2.0,reviewed,,1.0,semantic match,False,True
transcript-2026-03-13-1-8-AddTrackStatusPlan,transcript-2026-03-13-1-8-AddTrackStatusPlan:segment-001,commit,c56695645a5579bac37f1f716650754ccc5750a1,work,1.0,12,39,28.658823529411762,72.0,3597.0,3669.0,1.0,2.0,reviewed,,1.0,semantic match,False,True
transcript-2026-03-13-1-8-AddTrackStatusPlan,transcript-2026-03-13-1-8-AddTrackStatusPlan:segment-002,commit,c56695645a5579bac37f1f716650754ccc5750a1,work,1.0,40,74,35.8235294117647,182.0,5853.0,6035.0,1.0,2.0,reviewed,,1.0,semantic match,False,True
transcript-2026-03-13-1-8-AddTrackStatusPlan,transcript-2026-03-13-1-8-AddTrackStatusPlan:segment-003,commit,c56695645a5579bac37f1f716650754ccc5750a1,work,1.0,75,102,28.658823529411762,126.0,288.0,414.0,1.0,2.0,reviewed,,1.0,semantic match,False,True
transcript-2026-03-13-1-8-AddTrackStatusPlan,transcript-2026-03-13-1-8-AddTrackStatusPlan:segment-004,commit,c56695645a5579bac37f1f716650754ccc5750a1,work,1.0,103,155,54.24705882352941,1254.0,7883.0,9137.0,1.0,2.0,reviewed,,1.0,semantic match,False,True
transcript-2026-03-13-1-8-AddTrackStatusPlan,transcript-2026-03-13-1-8-AddTrackStatusPlan:segment-005,commit,c56695645a5579bac37f1f716650754ccc5750a1,work,1.0,156,188,33.77647058823529,281.0,1795.0,2076.0,1.0,2.0,reviewed,,1.0,semantic match,False,True
transcript-2026-03-13-1-8-AddTrackStatusPlan,transcript-2026-03-13-1-8-AddTrackStatusPlan:segment-006,commit,c56695645a5579bac37f1f716650754ccc5750a1,work,1.0,189,204,16.376470588235293,42.0,459.0,501.0,1.0,2.0,reviewed,,1.0,semantic match,False,True
transcript-2026-03-13-1-8-AddTrackStatusPlan,transcript-2026-03-13-1-8-AddTrackStatusPlan:segment-007,commit,c56695645a5579bac37f1f716650754ccc5750a1,work,1.0,205,252,49.12941176470588,533.0,2121.0,2654.0,1.0,2.0,reviewed,,1.0,semantic match,False,True
transcript-2026-03-13-1-8-AddTrackStatusPlan,transcript-2026-03-13-1-8-AddTrackStatusPlan:segment-008,commit,c56695645a5579bac37f1f716650754ccc5750a1,work,1.0,253,281,29.682352941176468,164.0,4777.0,4941.0,1.0,2.0,reviewed,,1.0,semantic match,False,True
transcript-2026-03-13-1-8-AddTrackStatusPlan,transcript-2026-03-13-1-8-AddTrackStatusPlan:segment-009,commit,c56695645a5579bac37f1f716650754ccc5750a1,work,1.0,282,305,24.56470588235294,134.0,3280.0,3414.0,1.0,2.0,reviewed,,1.0,semantic match,False,True
transcript-2026-03-13-1-8-AddTrackStatusPlan,transcript-2026-03-13-1-8-AddTrackStatusPlan:segment-010,commit,c56695645a5579bac37f1f716650754ccc5750a1,work,1.0,306,325,20.470588235294116,102.0,940.0,1042.0,1.0,2.0,reviewed,,1.0,semantic match,False,True
transcript-2026-03-13-1-8-AddTrackStatusPlan,transcript-2026-03-13-1-8-AddTrackStatusPlan:segment-011,commit,c56695645a5579bac37f1f716650754ccc5750a1,work,1.0,326,348,23.541176470588233,175.0,363.0,538.0,1.0,2.0,reviewed,,1.0,semantic match,False,True
transcript-2026-03-13-1-8-AddTrackStatusPlan,transcript-2026-03-13-1-8-AddTrackStatusPlan:segment-012,commit,c56695645a5579bac37f1f716650754ccc5750a1,work,1.0,349,379,31.72941176470588,158.0,195.0,353.0,1.0,2.0,reviewed,,1.0,semantic match,False,True
transcript-2026-03-13-1-8-AddTrackStatusPlan,transcript-2026-03-13-1-8-AddTrackStatusPlan:segment-013,commit,c56695645a5579bac37f1f716650754ccc5750a1,work,1.0,380,405,26.61176470588235,159.0,705.0,864.0,1.0,2.0,reviewed,,1.0,semantic match,False,True
transcript-2026-03-13-1-8-AddTrackStatusPlan,transcript-2026-03-13-1-8-AddTrackStatusPlan:segment-014,commit,c56695645a5579bac37f1f716650754ccc5750a1,work,1.0,406,446,41.96470588235294,119.0,495.0,614.0,1.0,2.0,reviewed,,1.0,semantic match,False,True
transcript-2026-03-13-1-8-AddTrackStatusPlan,transcript-2026-03-13-1-8-AddTrackStatusPlan:segment-015,commit,c56695645a5579bac37f1f716650754ccc5750a1,work,1.0,447,479,33.77647058823529,118.0,1388.0,1506.0,1.0,2.0,reviewed,,1.0,semantic match,False,True
transcript-2026-03-13-1-8-AddTrackStatusPlan,transcript-2026-03-13-1-8-AddTrackStatusPlan:segment-016,commit,c56695645a5579bac37f1f716650754ccc5750a1,work,1.0,480,521,42.98823529411764,135.0,0.0,135.0,1.0,2.0,reviewed,,1.0,semantic match,False,True
transcript-2026-03-13-1-8-AddTrackStatusPlan,transcript-2026-03-13-1-8-AddTrackStatusPlan:segment-001,plan,8,direct,1.0,12,39,28.658823529411762,72.0,3597.0,3669.0,1.0,2.0,reviewed,,1.0,semantic match,True,False
transcript-2026-03-13-1-8-AddTrackStatusPlan,transcript-2026-03-13-1-8-AddTrackStatusPlan:segment-002,plan,8,direct,1.0,40,74,35.8235294117647,182.0,5853.0,6035.0,1.0,2.0,reviewed,,1.0,semantic match,True,False
transcript-2026-03-13-1-8-AddTrackStatusPlan,transcript-2026-03-13-1-8-AddTrackStatusPlan:segment-003,plan,8,direct,1.0,75,102,28.658823529411762,126.0,288.0,414.0,1.0,2.0,reviewed,,1.0,semantic match,True,False
transcript-2026-03-13-1-8-AddTrackStatusPlan,transcript-2026-03-13-1-8-AddTrackStatusPlan:segment-004,plan,8,implementation,1.0,103,155,54.24705882352941,1254.0,7883.0,9137.0,1.0,2.0,reviewed,,1.0,semantic match,False,True
transcript-2026-03-13-1-8-AddTrackStatusPlan,transcript-2026-03-13-1-8-AddTrackStatusPlan:segment-005,plan,8,implementation,1.0,156,188,33.77647058823529,281.0,1795.0,2076.0,1.0,2.0,reviewed,,1.0,semantic match,False,True
transcript-2026-03-13-1-8-AddTrackStatusPlan,transcript-2026-03-13-1-8-AddTrackStatusPlan:segment-006,plan,8,implementation,1.0,189,204,16.376470588235293,42.0,459.0,501.0,1.0,2.0,reviewed,,1.0,semantic match,False,True
transcript-2026-03-13-1-8-AddTrackStatusPlan,transcript-2026-03-13-1-8-AddTrackStatusPlan:segment-007,plan,8,implementation,1.0,205,252,49.12941176470588,533.0,2121.0,2654.0,1.0,2.0,reviewed,,1.0,semantic match,False,True
transcript-2026-03-13-1-8-AddTrackStatusPlan,transcript-2026-03-13-1-8-AddTrackStatusPlan:segment-008,plan,8,implementation,1.0,253,281,29.682352941176468,164.0,4777.0,4941.0,1.0,2.0,reviewed,,1.0,semantic match,False,True
transcript-2026-03-13-1-8-AddTrackStatusPlan,transcript-2026-03-13-1-8-AddTrackStatusPlan:segment-009,plan,8,implementation,1.0,282,305,24.56470588235294,134.0,3280.0,3414.0,1.0,2.0,reviewed,,1.0,semantic match,False,True
transcript-2026-03-13-1-8-AddTrackStatusPlan,transcript-2026-03-13-1-8-AddTrackStatusPlan:segment-010,plan,8,implementation,1.0,306,325,20.470588235294116,102.0,940.0,1042.0,1.0,2.0,reviewed,,1.0,semantic match,False,True
transcript-2026-03-13-1-8-AddTrackStatusPlan,transcript-2026-03-13-1-8-AddTrackStatusPlan:segment-011,plan,8,implementation,1.0,326,348,23.541176470588233,175.0,363.0,538.0,1.0,2.0,reviewed,,1.0,semantic match,False,True
transcript-2026-03-13-1-8-AddTrackStatusPlan,transcript-2026-03-13-1-8-AddTrackStatusPlan:segment-012,plan,8,implementation,1.0,349,379,31.72941176470588,158.0,195.0,353.0,1.0,2.0,reviewed,,1.0,semantic match,False,True
transcript-2026-03-13-1-8-AddTrackStatusPlan,transcript-2026-03-13-1-8-AddTrackStatusPlan:segment-013,plan,8,implementation,1.0,380,405,26.61176470588235,159.0,705.0,864.0,1.0,2.0,reviewed,,1.0,semantic match,False,True
transcript-2026-03-13-1-8-AddTrackStatusPlan,transcript-2026-03-13-1-8-AddTrackStatusPlan:segment-014,plan,8,implementation,1.0,406,446,41.96470588235294,119.0,495.0,614.0,1.0,2.0,reviewed,,1.0,semantic match,False,True
transcript-2026-03-13-1-8-AddTrackStatusPlan,transcript-2026-03-13-1-8-AddTrackStatusPlan:segment-015,plan,8,implementation,1.0,447,479,33.77647058823529,118.0,1388.0,1506.0,1.0,2.0,reviewed,,1.0,semantic match,False,True
transcript-2026-03-13-1-8-AddTrackStatusPlan,transcript-2026-03-13-1-8-AddTrackStatusPlan:segment-016,plan,8,implementation,1.0,480,521,42.98823529411764,135.0,0.0,135.0,1.0,2.0,reviewed,,1.0,semantic match,False,True
transcript-2026-03-14-1-8-AddTrackStatusPlan,transcript-2026-03-14-1-8-AddTrackStatusPlan:segment-001,commit,2d3e003b9689d477939ba8543f037de2cf8068c5,work,1.0,12,40,30.000000000000004,110.0,577.0,687.0,1.0,2.0,reviewed,,1.0,semantic match,False,True
transcript-2026-03-14-1-8-AddTrackStatusPlan,transcript-2026-03-14-1-8-AddTrackStatusPlan:segment-002,commit,2d3e003b9689d477939ba8543f037de2cf8068c5,work,1.0,41,64,24.827586206896555,165.0,774.0,939.0,1.0,2.0,reviewed,,1.0,semantic match,False,True
transcript-2026-03-14-1-8-AddTrackStatusPlan,transcript-2026-03-14-1-8-AddTrackStatusPlan:segment-003,commit,ae13badc1a2a880e7b374fa67010992d398fa737,work,1.0,65,80,16.551724137931036,21.0,1493.0,1514.0,1.0,2.0,reviewed,,1.0,semantic match,False,True
transcript-2026-03-14-1-8-AddTrackStatusPlan,transcript-2026-03-14-1-8-AddTrackStatusPlan:segment-004,commit,ae13badc1a2a880e7b374fa67010992d398fa737,work,1.0,81,102,22.758620689655174,90.0,553.0,643.0,1.0,2.0,reviewed,,1.0,semantic match,False,True
transcript-2026-03-14-1-8-AddTrackStatusPlan,transcript-2026-03-14-1-8-AddTrackStatusPlan:segment-005,commit,ae13badc1a2a880e7b374fa67010992d398fa737,work,1.0,103,171,71.37931034482759,492.0,1479.0,1971.0,1.0,2.0,reviewed,,1.0,semantic match,False,True
transcript-2026-03-14-1-8-AddTrackStatusPlan,transcript-2026-03-14-1-8-AddTrackStatusPlan:segment-006,commit,ae13badc1a2a880e7b374fa67010992d398fa737,work,1.0,172,211,41.37931034482759,121.0,225.0,346.0,1.0,2.0,reviewed,,1.0,semantic match,False,True
transcript-2026-03-14-1-8-AddTrackStatusPlan,transcript-2026-03-14-1-8-AddTrackStatusPlan:segment-007,commit,ae13badc1a2a880e7b374fa67010992d398fa737,work,1.0,212,232,21.724137931034484,21.0,256.0,277.0,1.0,2.0,reviewed,,1.0,semantic match,False,True
transcript-2026-03-14-1-8-AddTrackStatusPlan,transcript-2026-03-14-1-8-AddTrackStatusPlan:segment-008,commit,ae13badc1a2a880e7b374fa67010992d398fa737,work,1.0,233,284,53.793103448275865,194.0,623.0,817.0,1.0,2.0,reviewed,,1.0,semantic match,False,True
transcript-2026-03-14-1-8-AddTrackStatusPlan,transcript-2026-03-14-1-8-AddTrackStatusPlan:segment-009,commit,ae13badc1a2a880e7b374fa67010992d398fa737,work,1.0,285,303,19.655172413793103,28.0,550.0,578.0,1.0,2.0,reviewed,,1.0,semantic match,False,True
transcript-2026-03-14-1-8-AddTrackStatusPlan,transcript-2026-03-14-1-8-AddTrackStatusPlan:segment-010,commit,ae13badc1a2a880e7b374fa67010992d398fa737,work,1.0,304,359,57.931034482758626,146.0,0.0,146.0,1.0,2.0,reviewed,,1.0,semantic match,False,True
transcript-2026-03-14-1-8-AddTrackStatusPlan,transcript-2026-03-14-1-8-AddTrackStatusPlan:segment-001,plan,8,direct,1.0,12,40,30.000000000000004,110.0,577.0,687.0,1.0,2.0,reviewed,,1.0,semantic match,True,False
transcript-2026-03-14-1-8-AddTrackStatusPlan,transcript-2026-03-14-1-8-AddTrackStatusPlan:segment-002,plan,8,direct,1.0,41,64,24.827586206896555,165.0,774.0,939.0,1.0,2.0,reviewed,,1.0,semantic match,True,False
transcript-2026-03-14-1-8-AddTrackStatusPlan,transcript-2026-03-14-1-8-AddTrackStatusPlan:segment-003,plan,8,implementation,1.0,65,80,16.551724137931036,21.0,1493.0,1514.0,1.0,2.0,reviewed,,1.0,semantic match,False,True
transcript-2026-03-14-1-8-AddTrackStatusPlan,transcript-2026-03-14-1-8-AddTrackStatusPlan:segment-004,plan,8,implementation,1.0,81,102,22.758620689655174,90.0,553.0,643.0,1.0,2.0,reviewed,,1.0,semantic match,False,True
transcript-2026-03-14-1-8-AddTrackStatusPlan,transcript-2026-03-14-1-8-AddTrackStatusPlan:segment-005,plan,8,implementation,1.0,103,171,71.37931034482759,492.0,1479.0,1971.0,1.0,2.0,reviewed,,1.0,semantic match,False,True
transcript-2026-03-14-1-8-AddTrackStatusPlan,transcript-2026-03-14-1-8-AddTrackStatusPlan:segment-006,plan,8,implementation,1.0,172,211,41.37931034482759,121.0,225.0,346.0,1.0,2.0,reviewed,,1.0,semantic match,False,True
transcript-2026-03-14-1-8-AddTrackStatusPlan,transcript-2026-03-14-1-8-AddTrackStatusPlan:segment-007,plan,8,implementation,1.0,212,232,21.724137931034484,21.0,256.0,277.0,1.0,2.0,reviewed,,1.0,semantic match,False,True
transcript-2026-03-14-1-8-AddTrackStatusPlan,transcript-2026-03-14-1-8-AddTrackStatusPlan:segment-008,plan,8,implementation,1.0,233,284,53.793103448275865,194.0,623.0,817.0,1.0,2.0,reviewed,,1.0,semantic match,False,True
transcript-2026-03-14-1-8-AddTrackStatusPlan,transcript-2026-03-14-1-8-AddTrackStatusPlan:segment-009,plan,8,implementation,1.0,285,303,19.655172413793103,28.0,550.0,578.0,1.0,2.0,reviewed,,1.0,semantic match,False,True
transcript-2026-03-14-1-8-AddTrackStatusPlan,transcript-2026-03-14-1-8-AddTrackStatusPlan:segment-010,plan,8,implementation,1.0,304,359,57.931034482758626,146.0,0.0,146.0,1.0,2.0,reviewed,,1.0,semantic match,False,True
transcript-2026-03-17-1-9-AddUIFeedbackSettings,transcript-2026-03-17-1-9-AddUIFeedbackSettings:segment-001,commit,ac28a73112d2a5170ee56f4f05fe6081f4376eb6,work,1.0,12,67,60.450331125827816,211.0,2909.0,3120.0,1.0,2.0,reviewed,,1.0,semantic match,False,True
transcript-2026-03-17-1-9-AddUIFeedbackSettings,transcript-2026-03-17-1-9-AddUIFeedbackSettings:segment-002,commit,ac28a73112d2a5170ee56f4f05fe6081f4376eb6,work,1.0,68,103,38.86092715231788,144.0,341.0,485.0,1.0,2.0,reviewed,,1.0,semantic match,False,True
transcript-2026-03-17-1-9-AddUIFeedbackSettings,transcript-2026-03-17-1-9-AddUIFeedbackSettings:segment-003,commit,ac28a73112d2a5170ee56f4f05fe6081f4376eb6,work,1.0,104,117,15.112582781456954,39.0,134.0,173.0,1.0,2.0,reviewed,,1.0,semantic match,False,True
transcript-2026-03-17-1-9-AddUIFeedbackSettings,transcript-2026-03-17-1-9-AddUIFeedbackSettings:segment-004,commit,ac28a73112d2a5170ee56f4f05fe6081f4376eb6,work,1.0,118,162,48.57615894039735,1137.0,0.0,1137.0,1.0,2.0,reviewed,,1.0,semantic match,False,True
transcript-2026-03-17-1-9-AddUIFeedbackSettings,transcript-2026-03-17-1-9-AddUIFeedbackSettings:segment-001,plan,9,direct,1.0,12,67,60.450331125827816,211.0,2909.0,3120.0,1.0,2.0,reviewed,,1.0,semantic match,True,False
transcript-2026-03-17-1-9-AddUIFeedbackSettings,transcript-2026-03-17-1-9-AddUIFeedbackSettings:segment-002,plan,9,direct,1.0,68,103,38.86092715231788,144.0,341.0,485.0,1.0,2.0,reviewed,,1.0,semantic match,True,False
transcript-2026-03-17-1-9-AddUIFeedbackSettings,transcript-2026-03-17-1-9-AddUIFeedbackSettings:segment-003,plan,9,direct,1.0,104,117,15.112582781456954,39.0,134.0,173.0,1.0,2.0,reviewed,,1.0,semantic match,True,False
transcript-2026-03-17-1-9-AddUIFeedbackSettings,transcript-2026-03-17-1-9-AddUIFeedbackSettings:segment-004,plan,9,implementation,1.0,118,162,48.57615894039735,1137.0,0.0,1137.0,1.0,2.0,reviewed,,1.0,semantic match,False,True
transcript-2026-03-17-2-9-AddUIFeedbackSettings,transcript-2026-03-17-2-9-AddUIFeedbackSettings:segment-001,commit,ac28a73112d2a5170ee56f4f05fe6081f4376eb6,work,1.0,12,53,43.00598802395209,390.0,532.0,922.0,1.0,2.0,reviewed,,1.0,semantic match,False,True
transcript-2026-03-17-2-9-AddUIFeedbackSettings,transcript-2026-03-17-2-9-AddUIFeedbackSettings:segment-002,commit,ac28a73112d2a5170ee56f4f05fe6081f4376eb6,work,1.0,54,93,40.958083832335326,241.0,186.0,427.0,1.0,2.0,reviewed,,1.0,semantic match,False,True
transcript-2026-03-17-2-9-AddUIFeedbackSettings,transcript-2026-03-17-2-9-AddUIFeedbackSettings:segment-003,commit,ac28a73112d2a5170ee56f4f05fe6081f4376eb6,work,1.0,94,124,31.74251497005988,321.0,226.0,547.0,1.0,2.0,reviewed,,1.0,semantic match,False,True
transcript-2026-03-17-2-9-AddUIFeedbackSettings,transcript-2026-03-17-2-9-AddUIFeedbackSettings:segment-004,commit,ac28a73112d2a5170ee56f4f05fe6081f4376eb6,work,1.0,125,154,30.718562874251496,104.0,192.0,296.0,1.0,2.0,reviewed,,1.0,semantic match,False,True
transcript-2026-03-17-2-9-AddUIFeedbackSettings,transcript-2026-03-17-2-9-AddUIFeedbackSettings:segment-005,commit,ac28a73112d2a5170ee56f4f05fe6081f4376eb6,work,1.0,155,176,22.52694610778443,651.0,360.0,1011.0,1.0,2.0,reviewed,,1.0,semantic match,False,True
transcript-2026-03-17-2-9-AddUIFeedbackSettings,transcript-2026-03-17-2-9-AddUIFeedbackSettings:segment-006,commit,ac28a73112d2a5170ee56f4f05fe6081f4376eb6,work,1.0,177,216,40.958083832335326,408.0,770.0,1178.0,1.0,2.0,reviewed,,1.0,semantic match,False,True
transcript-2026-03-17-2-9-AddUIFeedbackSettings,transcript-2026-03-17-2-9-AddUIFeedbackSettings:segment-007,commit,ac28a73112d2a5170ee56f4f05fe6081f4376eb6,work,1.0,217,251,35.83832335329341,78.0,2205.0,2283.0,1.0,2.0,reviewed,,1.0,semantic match,False,True
transcript-2026-03-17-2-9-AddUIFeedbackSettings,transcript-2026-03-17-2-9-AddUIFeedbackSettings:segment-008,commit,ac28a73112d2a5170ee56f4f05fe6081f4376eb6,work,1.0,252,283,32.76646706586826,140.0,9620.0,9760.0,1.0,2.0,reviewed,,1.0,semantic match,False,True
transcript-2026-03-17-2-9-AddUIFeedbackSettings,transcript-2026-03-17-2-9-AddUIFeedbackSettings:segment-009,commit,ac28a73112d2a5170ee56f4f05fe6081f4376eb6,work,1.0,284,312,29.694610778443113,20.0,1677.0,1697.0,1.0,2.0,reviewed,,1.0,semantic match,False,True
transcript-2026-03-17-2-9-AddUIFeedbackSettings,transcript-2026-03-17-2-9-AddUIFeedbackSettings:segment-010,commit,ac28a73112d2a5170ee56f4f05fe6081f4376eb6,work,1.0,313,354,43.00598802395209,52.0,363.0,415.0,1.0,2.0,reviewed,,1.0,semantic match,False,True
transcript-2026-03-17-2-9-AddUIFeedbackSettings,transcript-2026-03-17-2-9-AddUIFeedbackSettings:segment-011,commit,ac28a73112d2a5170ee56f4f05fe6081f4376eb6,work,1.0,355,433,80.89221556886227,842.0,5266.0,6108.0,1.0,2.0,reviewed,,1.0,semantic match,False,True
transcript-2026-03-17-2-9-AddUIFeedbackSettings,transcript-2026-03-17-2-9-AddUIFeedbackSettings:segment-012,commit,ac28a73112d2a5170ee56f4f05fe6081f4376eb6,work,1.0,434,491,59.38922155688623,295.0,1453.0,1748.0,1.0,2.0,reviewed,,1.0,semantic match,False,True
transcript-2026-03-17-2-9-AddUIFeedbackSettings,transcript-2026-03-17-2-9-AddUIFeedbackSettings:segment-013,commit,ac28a73112d2a5170ee56f4f05fe6081f4376eb6,work,1.0,492,512,21.502994011976046,30.0,0.0,30.0,1.0,2.0,reviewed,,1.0,semantic match,False,True
transcript-2026-03-17-2-9-AddUIFeedbackSettings,transcript-2026-03-17-2-9-AddUIFeedbackSettings:segment-001,plan,9,direct,1.0,12,53,43.00598802395209,390.0,532.0,922.0,1.0,2.0,reviewed,,1.0,semantic match,True,False
transcript-2026-03-17-2-9-AddUIFeedbackSettings,transcript-2026-03-17-2-9-AddUIFeedbackSettings:segment-002,plan,9,implementation,1.0,54,93,40.958083832335326,241.0,186.0,427.0,1.0,2.0,reviewed,,1.0,semantic match,False,True
transcript-2026-03-17-2-9-AddUIFeedbackSettings,transcript-2026-03-17-2-9-AddUIFeedbackSettings:segment-003,plan,9,implementation,1.0,94,124,31.74251497005988,321.0,226.0,547.0,1.0,2.0,reviewed,,1.0,semantic match,False,True
transcript-2026-03-17-2-9-AddUIFeedbackSettings,transcript-2026-03-17-2-9-AddUIFeedbackSettings:segment-004,plan,9,implementation,1.0,125,154,30.718562874251496,104.0,192.0,296.0,1.0,2.0,reviewed,,1.0,semantic match,False,True
transcript-2026-03-17-2-9-AddUIFeedbackSettings,transcript-2026-03-17-2-9-AddUIFeedbackSettings:segment-005,plan,9,implementation,1.0,155,176,22.52694610778443,651.0,360.0,1011.0,1.0,2.0,reviewed,,1.0,semantic match,False,True
transcript-2026-03-17-2-9-AddUIFeedbackSettings,transcript-2026-03-17-2-9-AddUIFeedbackSettings:segment-006,plan,9,implementation,1.0,177,216,40.958083832335326,408.0,770.0,1178.0,1.0,2.0,reviewed,,1.0,semantic match,False,True
transcript-2026-03-17-2-9-AddUIFeedbackSettings,transcript-2026-03-17-2-9-AddUIFeedbackSettings:segment-007,plan,9,implementation,1.0,217,251,35.83832335329341,78.0,2205.0,2283.0,1.0,2.0,reviewed,,1.0,semantic match,False,True
transcript-2026-03-17-2-9-AddUIFeedbackSettings,transcript-2026-03-17-2-9-AddUIFeedbackSettings:segment-008,plan,9,direct,1.0,252,283,32.76646706586826,140.0,9620.0,9760.0,1.0,2.0,reviewed,,1.0,semantic match,True,False
transcript-2026-03-17-2-9-AddUIFeedbackSettings,transcript-2026-03-17-2-9-AddUIFeedbackSettings:segment-009,plan,9,direct,1.0,284,312,29.694610778443113,20.0,1677.0,1697.0,1.0,2.0,reviewed,,1.0,semantic match,True,False
transcript-2026-03-17-2-9-AddUIFeedbackSettings,transcript-2026-03-17-2-9-AddUIFeedbackSettings:segment-010,plan,9,direct,1.0,313,354,43.00598802395209,52.0,363.0,415.0,1.0,2.0,reviewed,,1.0,semantic match,True,False
transcript-2026-03-17-2-9-AddUIFeedbackSettings,transcript-2026-03-17-2-9-AddUIFeedbackSettings:segment-011,plan,9,implementation,1.0,355,433,80.89221556886227,842.0,5266.0,6108.0,1.0,2.0,reviewed,,1.0,semantic match,False,True
transcript-2026-03-17-2-9-AddUIFeedbackSettings,transcript-2026-03-17-2-9-AddUIFeedbackSettings:segment-012,plan,9,implementation,1.0,434,491,59.38922155688623,295.0,1453.0,1748.0,1.0,2.0,reviewed,,1.0,semantic match,False,True
transcript-2026-03-17-2-9-AddUIFeedbackSettings,transcript-2026-03-17-2-9-AddUIFeedbackSettings:segment-013,plan,9,implementation,1.0,492,512,21.502994011976046,30.0,0.0,30.0,1.0,2.0,reviewed,,1.0,semantic match,False,True
transcript-2026-03-18-1-9-AddUIFeedbackSettings,transcript-2026-03-18-1-9-AddUIFeedbackSettings:segment-001,commit,83083cbcdf9667c18e3a5c3c11c66d2cfa24f4a6,work,1.0,12,44,35.65771812080537,114.0,279.0,393.0,1.0,2.0,reviewed,,1.0,semantic match,False,True
transcript-2026-03-18-1-9-AddUIFeedbackSettings,transcript-2026-03-18-1-9-AddUIFeedbackSettings:segment-002,commit,83083cbcdf9667c18e3a5c3c11c66d2cfa24f4a6,work,1.0,45,71,29.174496644295306,67.0,890.0,957.0,1.0,2.0,reviewed,,1.0,semantic match,False,True
transcript-2026-03-18-1-9-AddUIFeedbackSettings,transcript-2026-03-18-1-9-AddUIFeedbackSettings:segment-003,commit,83083cbcdf9667c18e3a5c3c11c66d2cfa24f4a6,work,1.0,72,116,48.624161073825505,309.0,222.0,531.0,1.0,2.0,reviewed,,1.0,semantic match,False,True
transcript-2026-03-18-1-9-AddUIFeedbackSettings,transcript-2026-03-18-1-9-AddUIFeedbackSettings:segment-004,commit,83083cbcdf9667c18e3a5c3c11c66d2cfa24f4a6,work,1.0,117,126,10.80536912751678,120.0,2139.0,2259.0,1.0,2.0,reviewed,,1.0,semantic match,False,True
transcript-2026-03-18-1-9-AddUIFeedbackSettings,transcript-2026-03-18-1-9-AddUIFeedbackSettings:segment-005,commit,0d268f9dbda719319837ad31711eb87f9f166499,work,1.0,127,160,36.73825503355705,132.0,0.0,132.0,1.0,2.0,reviewed,,1.0,semantic match,False,True
transcript-2026-03-18-1-9-AddUIFeedbackSettings,transcript-2026-03-18-1-9-AddUIFeedbackSettings:segment-001,plan,9,implementation,1.0,12,44,35.65771812080537,114.0,279.0,393.0,1.0,2.0,reviewed,,1.0,semantic match,False,True
transcript-2026-03-18-1-9-AddUIFeedbackSettings,transcript-2026-03-18-1-9-AddUIFeedbackSettings:segment-002,plan,9,direct,1.0,45,71,29.174496644295306,67.0,890.0,957.0,1.0,2.0,reviewed,,1.0,semantic match,True,False
transcript-2026-03-18-1-9-AddUIFeedbackSettings,transcript-2026-03-18-1-9-AddUIFeedbackSettings:segment-003,plan,9,implementation,1.0,72,116,48.624161073825505,309.0,222.0,531.0,1.0,2.0,reviewed,,1.0,semantic match,False,True
transcript-2026-03-18-1-9-AddUIFeedbackSettings,transcript-2026-03-18-1-9-AddUIFeedbackSettings:segment-004,plan,9,direct,1.0,117,126,10.80536912751678,120.0,2139.0,2259.0,1.0,2.0,reviewed,,1.0,semantic match,True,False
transcript-2026-03-18-1-9-AddUIFeedbackSettings,transcript-2026-03-18-1-9-AddUIFeedbackSettings:segment-005,plan,9,implementation,1.0,127,160,36.73825503355705,132.0,0.0,132.0,1.0,2.0,reviewed,,1.0,semantic match,False,True
transcript-2026-03-19-1-10-AddTrackManagement,transcript-2026-03-19-1-10-AddTrackManagement:segment-001,commit,68f7c7b1c66c1a7acd0564610efe03ceff89180b,work,1.0,12,51,41.58940397350993,159.0,3429.0,3588.0,1.0,2.0,reviewed,,1.0,semantic match,False,True
transcript-2026-03-19-1-10-AddTrackManagement,transcript-2026-03-19-1-10-AddTrackManagement:segment-002,commit,68f7c7b1c66c1a7acd0564610efe03ceff89180b,work,1.0,52,86,36.39072847682119,114.0,837.0,951.0,1.0,2.0,reviewed,,1.0,semantic match,False,True
transcript-2026-03-19-1-10-AddTrackManagement,transcript-2026-03-19-1-10-AddTrackManagement:segment-003,commit,68f7c7b1c66c1a7acd0564610efe03ceff89180b,work,1.0,87,184,101.89403973509934,990.0,3653.0,4643.0,1.0,2.0,reviewed,,1.0,semantic match,False,True
transcript-2026-03-19-1-10-AddTrackManagement,transcript-2026-03-19-1-10-AddTrackManagement:segment-004,commit,68f7c7b1c66c1a7acd0564610efe03ceff89180b,work,1.0,185,220,37.43046357615894,213.0,1725.0,1938.0,1.0,2.0,reviewed,,1.0,semantic match,False,True
transcript-2026-03-19-1-10-AddTrackManagement,transcript-2026-03-19-1-10-AddTrackManagement:segment-005,commit,68f7c7b1c66c1a7acd0564610efe03ceff89180b,work,1.0,221,248,29.112582781456954,56.0,5711.0,5767.0,1.0,2.0,reviewed,,1.0,semantic match,False,True
transcript-2026-03-19-1-10-AddTrackManagement,transcript-2026-03-19-1-10-AddTrackManagement:segment-006,commit,68f7c7b1c66c1a7acd0564610efe03ceff89180b,work,1.0,249,277,30.1523178807947,243.0,1624.0,1867.0,1.0,2.0,reviewed,,1.0,semantic match,False,True
transcript-2026-03-19-1-10-AddTrackManagement,transcript-2026-03-19-1-10-AddTrackManagement:segment-007,commit,68f7c7b1c66c1a7acd0564610efe03ceff89180b,work,1.0,278,313,37.43046357615894,323.0,0.0,323.0,1.0,2.0,reviewed,,1.0,semantic match,False,True
transcript-2026-03-19-1-10-AddTrackManagement,transcript-2026-03-19-1-10-AddTrackManagement:segment-001,plan,10,direct,1.0,12,51,41.58940397350993,159.0,3429.0,3588.0,1.0,2.0,reviewed,,1.0,semantic match,True,False
transcript-2026-03-19-1-10-AddTrackManagement,transcript-2026-03-19-1-10-AddTrackManagement:segment-002,plan,10,direct,1.0,52,86,36.39072847682119,114.0,837.0,951.0,1.0,2.0,reviewed,,1.0,semantic match,True,False
transcript-2026-03-19-1-10-AddTrackManagement,transcript-2026-03-19-1-10-AddTrackManagement:segment-003,plan,10,implementation,1.0,87,184,101.89403973509934,990.0,3653.0,4643.0,1.0,2.0,reviewed,,1.0,semantic match,False,True
transcript-2026-03-19-1-10-AddTrackManagement,transcript-2026-03-19-1-10-AddTrackManagement:segment-004,plan,10,implementation,1.0,185,220,37.43046357615894,213.0,1725.0,1938.0,1.0,2.0,reviewed,,1.0,semantic match,False,True
transcript-2026-03-19-1-10-AddTrackManagement,transcript-2026-03-19-1-10-AddTrackManagement:segment-005,plan,10,implementation,1.0,221,248,29.112582781456954,56.0,5711.0,5767.0,1.0,2.0,reviewed,,1.0,semantic match,False,True
transcript-2026-03-19-1-10-AddTrackManagement,transcript-2026-03-19-1-10-AddTrackManagement:segment-006,plan,10,implementation,1.0,249,277,30.1523178807947,243.0,1624.0,1867.0,1.0,2.0,reviewed,,1.0,semantic match,False,True
transcript-2026-03-19-1-10-AddTrackManagement,transcript-2026-03-19-1-10-AddTrackManagement:segment-007,plan,10,implementation,1.0,278,313,37.43046357615894,323.0,0.0,323.0,1.0,2.0,reviewed,,1.0,semantic match,False,True
transcript-2026-03-21-1-11-AddMultiPicturePerTrackSupport,transcript-2026-03-21-1-11-AddMultiPicturePerTrackSupport:segment-001,commit,9e1ce62bf296678be8aa16075285d1f9e0cb453c,work,1.0,12,91,81.83206106870229,1122.0,8001.0,9123.0,1.0,2.0,reviewed,,1.0,semantic match,False,True
transcript-2026-03-21-1-11-AddMultiPicturePerTrackSupport,transcript-2026-03-21-1-11-AddMultiPicturePerTrackSupport:segment-002,commit,9e1ce62bf296678be8aa16075285d1f9e0cb453c,work,1.0,92,121,30.687022900763356,52.0,615.0,667.0,1.0,2.0,reviewed,,1.0,semantic match,False,True
transcript-2026-03-21-1-11-AddMultiPicturePerTrackSupport,transcript-2026-03-21-1-11-AddMultiPicturePerTrackSupport:segment-003,commit,9e1ce62bf296678be8aa16075285d1f9e0cb453c,work,1.0,122,141,20.458015267175572,27.0,7646.0,7673.0,1.0,2.0,reviewed,,1.0,semantic match,False,True
transcript-2026-03-21-1-11-AddMultiPicturePerTrackSupport,transcript-2026-03-21-1-11-AddMultiPicturePerTrackSupport:segment-004,commit,9e1ce62bf296678be8aa16075285d1f9e0cb453c,work,1.0,142,165,24.549618320610683,25.0,714.0,739.0,1.0,2.0,reviewed,,1.0,semantic match,False,True
transcript-2026-03-21-1-11-AddMultiPicturePerTrackSupport,transcript-2026-03-21-1-11-AddMultiPicturePerTrackSupport:segment-005,commit,9e1ce62bf296678be8aa16075285d1f9e0cb453c,work,1.0,166,183,18.412213740458014,32.0,659.0,691.0,1.0,2.0,reviewed,,1.0,semantic match,False,True
transcript-2026-03-21-1-11-AddMultiPicturePerTrackSupport,transcript-2026-03-21-1-11-AddMultiPicturePerTrackSupport:segment-006,commit,9e1ce62bf296678be8aa16075285d1f9e0cb453c,work,1.0,184,261,79.78625954198473,903.0,1266.0,2169.0,1.0,2.0,reviewed,,1.0,semantic match,False,True
transcript-2026-03-21-1-11-AddMultiPicturePerTrackSupport,transcript-2026-03-21-1-11-AddMultiPicturePerTrackSupport:segment-007,commit,9e1ce62bf296678be8aa16075285d1f9e0cb453c,work,1.0,262,325,65.46564885496183,461.0,678.0,1139.0,1.0,2.0,reviewed,,1.0,semantic match,False,True
transcript-2026-03-21-1-11-AddMultiPicturePerTrackSupport,transcript-2026-03-21-1-11-AddMultiPicturePerTrackSupport:segment-008,commit,9e1ce62bf296678be8aa16075285d1f9e0cb453c,work,1.0,326,363,38.87022900763358,93.0,790.0,883.0,1.0,2.0,reviewed,,1.0,semantic match,False,True
transcript-2026-03-21-1-11-AddMultiPicturePerTrackSupport,transcript-2026-03-21-1-11-AddMultiPicturePerTrackSupport:segment-009,commit,9e1ce62bf296678be8aa16075285d1f9e0cb453c,work,1.0,364,395,32.732824427480914,117.0,558.0,675.0,1.0,2.0,reviewed,,1.0,semantic match,False,True
transcript-2026-03-21-1-11-AddMultiPicturePerTrackSupport,transcript-2026-03-21-1-11-AddMultiPicturePerTrackSupport:segment-010,commit,9e1ce62bf296678be8aa16075285d1f9e0cb453c,work,1.0,396,422,27.61832061068702,60.0,1341.0,1401.0,1.0,2.0,reviewed,,1.0,semantic match,False,True
transcript-2026-03-21-1-11-AddMultiPicturePerTrackSupport,transcript-2026-03-21-1-11-AddMultiPicturePerTrackSupport:segment-011,commit,9e1ce62bf296678be8aa16075285d1f9e0cb453c,work,1.0,423,457,35.80152671755725,179.0,20186.0,20365.0,1.0,2.0,reviewed,,1.0,semantic match,False,True
transcript-2026-03-21-1-11-AddMultiPicturePerTrackSupport,transcript-2026-03-21-1-11-AddMultiPicturePerTrackSupport:segment-012,commit,9e1ce62bf296678be8aa16075285d1f9e0cb453c,work,1.0,458,500,43.984732824427475,141.0,896.0,1037.0,1.0,2.0,reviewed,,1.0,semantic match,False,True
transcript-2026-03-21-1-11-AddMultiPicturePerTrackSupport,transcript-2026-03-21-1-11-AddMultiPicturePerTrackSupport:segment-013,commit,9e1ce62bf296678be8aa16075285d1f9e0cb453c,work,1.0,501,535,35.80152671755725,106.0,0.0,106.0,1.0,2.0,reviewed,,1.0,semantic match,False,True
transcript-2026-03-21-1-11-AddMultiPicturePerTrackSupport,transcript-2026-03-21-1-11-AddMultiPicturePerTrackSupport:segment-001,plan,11,direct,1.0,12,91,81.83206106870229,1122.0,8001.0,9123.0,1.0,2.0,reviewed,,1.0,semantic match,True,False
transcript-2026-03-21-1-11-AddMultiPicturePerTrackSupport,transcript-2026-03-21-1-11-AddMultiPicturePerTrackSupport:segment-002,plan,11,direct,1.0,92,121,30.687022900763356,52.0,615.0,667.0,1.0,2.0,reviewed,,1.0,semantic match,True,False
transcript-2026-03-21-1-11-AddMultiPicturePerTrackSupport,transcript-2026-03-21-1-11-AddMultiPicturePerTrackSupport:segment-003,plan,11,direct,1.0,122,141,20.458015267175572,27.0,7646.0,7673.0,1.0,2.0,reviewed,,1.0,semantic match,True,False
transcript-2026-03-21-1-11-AddMultiPicturePerTrackSupport,transcript-2026-03-21-1-11-AddMultiPicturePerTrackSupport:segment-004,plan,11,direct,1.0,142,165,24.549618320610683,25.0,714.0,739.0,1.0,2.0,reviewed,,1.0,semantic match,True,False
transcript-2026-03-21-1-11-AddMultiPicturePerTrackSupport,transcript-2026-03-21-1-11-AddMultiPicturePerTrackSupport:segment-005,plan,11,direct,1.0,166,183,18.412213740458014,32.0,659.0,691.0,1.0,2.0,reviewed,,1.0,semantic match,True,False
transcript-2026-03-21-1-11-AddMultiPicturePerTrackSupport,transcript-2026-03-21-1-11-AddMultiPicturePerTrackSupport:segment-006,plan,11,implementation,1.0,184,261,79.78625954198473,903.0,1266.0,2169.0,1.0,2.0,reviewed,,1.0,semantic match,False,True
transcript-2026-03-21-1-11-AddMultiPicturePerTrackSupport,transcript-2026-03-21-1-11-AddMultiPicturePerTrackSupport:segment-007,plan,11,implementation,1.0,262,325,65.46564885496183,461.0,678.0,1139.0,1.0,2.0,reviewed,,1.0,semantic match,False,True
transcript-2026-03-21-1-11-AddMultiPicturePerTrackSupport,transcript-2026-03-21-1-11-AddMultiPicturePerTrackSupport:segment-008,plan,11,implementation,1.0,326,363,38.87022900763358,93.0,790.0,883.0,1.0,2.0,reviewed,,1.0,semantic match,False,True
transcript-2026-03-21-1-11-AddMultiPicturePerTrackSupport,transcript-2026-03-21-1-11-AddMultiPicturePerTrackSupport:segment-009,plan,11,implementation,1.0,364,395,32.732824427480914,117.0,558.0,675.0,1.0,2.0,reviewed,,1.0,semantic match,False,True
transcript-2026-03-21-1-11-AddMultiPicturePerTrackSupport,transcript-2026-03-21-1-11-AddMultiPicturePerTrackSupport:segment-010,plan,11,implementation,1.0,396,422,27.61832061068702,60.0,1341.0,1401.0,1.0,2.0,reviewed,,1.0,semantic match,False,True
transcript-2026-03-21-1-11-AddMultiPicturePerTrackSupport,transcript-2026-03-21-1-11-AddMultiPicturePerTrackSupport:segment-011,plan,11,implementation,1.0,423,457,35.80152671755725,179.0,20186.0,20365.0,1.0,2.0,reviewed,,1.0,semantic match,False,True
transcript-2026-03-21-1-11-AddMultiPicturePerTrackSupport,transcript-2026-03-21-1-11-AddMultiPicturePerTrackSupport:segment-012,plan,11,implementation,1.0,458,500,43.984732824427475,141.0,896.0,1037.0,1.0,2.0,reviewed,,1.0,semantic match,False,True
transcript-2026-03-21-1-11-AddMultiPicturePerTrackSupport,transcript-2026-03-21-1-11-AddMultiPicturePerTrackSupport:segment-013,plan,11,implementation,1.0,501,535,35.80152671755725,106.0,0.0,106.0,1.0,2.0,reviewed,,1.0,semantic match,False,True
transcript-2026-03-22-1-11-AddMultiPicturePerTrackSupport,transcript-2026-03-22-1-11-AddMultiPicturePerTrackSupport:segment-001,commit,9e1ce62bf296678be8aa16075285d1f9e0cb453c,work,1.0,12,48,38.20980926430518,319.0,730.0,1049.0,1.0,2.0,reviewed,,1.0,semantic match,False,True
transcript-2026-03-22-1-11-AddMultiPicturePerTrackSupport,transcript-2026-03-22-1-11-AddMultiPicturePerTrackSupport:segment-002,commit,9e1ce62bf296678be8aa16075285d1f9e0cb453c,work,1.0,49,67,19.62125340599455,48.0,1371.0,1419.0,1.0,2.0,reviewed,,1.0,semantic match,False,True
transcript-2026-03-22-1-11-AddMultiPicturePerTrackSupport,transcript-2026-03-22-1-11-AddMultiPicturePerTrackSupport:segment-003,commit,9e1ce62bf296678be8aa16075285d1f9e0cb453c,work,1.0,68,99,33.04632152588556,305.0,2186.0,2491.0,1.0,2.0,reviewed,,1.0,semantic match,False,True
transcript-2026-03-22-1-11-AddMultiPicturePerTrackSupport,transcript-2026-03-22-1-11-AddMultiPicturePerTrackSupport:segment-004,commit,9e1ce62bf296678be8aa16075285d1f9e0cb453c,work,1.0,100,119,20.653950953678475,41.0,40278.0,40319.0,1.0,2.0,reviewed,,1.0,semantic match,False,True
transcript-2026-03-22-1-11-AddMultiPicturePerTrackSupport,transcript-2026-03-22-1-11-AddMultiPicturePerTrackSupport:segment-005,commit,9e1ce62bf296678be8aa16075285d1f9e0cb453c,work,1.0,120,165,47.50408719346049,248.0,850.0,1098.0,1.0,2.0,reviewed,,1.0,semantic match,False,True
transcript-2026-03-22-1-11-AddMultiPicturePerTrackSupport,transcript-2026-03-22-1-11-AddMultiPicturePerTrackSupport:segment-006,commit,9e1ce62bf296678be8aa16075285d1f9e0cb453c,work,1.0,166,190,25.817438692098094,110.0,2659.0,2769.0,1.0,2.0,reviewed,,1.0,semantic match,False,True
transcript-2026-03-22-1-11-AddMultiPicturePerTrackSupport,transcript-2026-03-22-1-11-AddMultiPicturePerTrackSupport:segment-007,commit,9e1ce62bf296678be8aa16075285d1f9e0cb453c,work,1.0,191,224,35.11171662125341,540.0,8107.0,8647.0,1.0,2.0,reviewed,,1.0,semantic match,False,True
transcript-2026-03-22-1-11-AddMultiPicturePerTrackSupport,transcript-2026-03-22-1-11-AddMultiPicturePerTrackSupport:segment-008,commit,9e1ce62bf296678be8aa16075285d1f9e0cb453c,work,1.0,225,250,26.850136239782017,2305.0,23754.0,26059.0,1.0,2.0,reviewed,,1.0,semantic match,False,True
transcript-2026-03-22-1-11-AddMultiPicturePerTrackSupport,transcript-2026-03-22-1-11-AddMultiPicturePerTrackSupport:segment-009,commit,9e1ce62bf296678be8aa16075285d1f9e0cb453c,work,1.0,251,297,48.536784741144416,449.0,35267.0,35716.0,1.0,2.0,reviewed,,1.0,semantic match,False,True
transcript-2026-03-22-1-11-AddMultiPicturePerTrackSupport,transcript-2026-03-22-1-11-AddMultiPicturePerTrackSupport:segment-010,commit,9e1ce62bf296678be8aa16075285d1f9e0cb453c,work,1.0,298,328,32.013623978201636,152.0,2340.0,2492.0,1.0,2.0,reviewed,,1.0,semantic match,False,True
transcript-2026-03-22-1-11-AddMultiPicturePerTrackSupport,transcript-2026-03-22-1-11-AddMultiPicturePerTrackSupport:segment-011,commit,9e1ce62bf296678be8aa16075285d1f9e0cb453c,work,1.0,329,350,22.719346049046322,71.0,102.0,173.0,1.0,2.0,reviewed,,1.0,semantic match,False,True
transcript-2026-03-22-1-11-AddMultiPicturePerTrackSupport,transcript-2026-03-22-1-11-AddMultiPicturePerTrackSupport:segment-012,commit,9e1ce62bf296678be8aa16075285d1f9e0cb453c,work,1.0,351,378,28.915531335149865,237.0,0.0,237.0,1.0,2.0,reviewed,,1.0,semantic match,False,True
transcript-2026-03-22-1-11-AddMultiPicturePerTrackSupport,transcript-2026-03-22-1-11-AddMultiPicturePerTrackSupport:segment-001,plan,11,implementation,1.0,12,48,38.20980926430518,319.0,730.0,1049.0,1.0,2.0,reviewed,,1.0,semantic match,False,True
transcript-2026-03-22-1-11-AddMultiPicturePerTrackSupport,transcript-2026-03-22-1-11-AddMultiPicturePerTrackSupport:segment-002,plan,11,implementation,1.0,49,67,19.62125340599455,48.0,1371.0,1419.0,1.0,2.0,reviewed,,1.0,semantic match,False,True
transcript-2026-03-22-1-11-AddMultiPicturePerTrackSupport,transcript-2026-03-22-1-11-AddMultiPicturePerTrackSupport:segment-003,plan,11,implementation,1.0,68,99,33.04632152588556,305.0,2186.0,2491.0,1.0,2.0,reviewed,,1.0,semantic match,False,True
transcript-2026-03-22-1-11-AddMultiPicturePerTrackSupport,transcript-2026-03-22-1-11-AddMultiPicturePerTrackSupport:segment-004,plan,11,implementation,1.0,100,119,20.653950953678475,41.0,40278.0,40319.0,1.0,2.0,reviewed,,1.0,semantic match,False,True
transcript-2026-03-22-1-11-AddMultiPicturePerTrackSupport,transcript-2026-03-22-1-11-AddMultiPicturePerTrackSupport:segment-005,plan,11,direct,1.0,120,165,47.50408719346049,248.0,850.0,1098.0,1.0,2.0,reviewed,,1.0,semantic match,True,False
transcript-2026-03-22-1-11-AddMultiPicturePerTrackSupport,transcript-2026-03-22-1-11-AddMultiPicturePerTrackSupport:segment-006,plan,11,direct,1.0,166,190,25.817438692098094,110.0,2659.0,2769.0,1.0,2.0,reviewed,,1.0,semantic match,True,False
transcript-2026-03-22-1-11-AddMultiPicturePerTrackSupport,transcript-2026-03-22-1-11-AddMultiPicturePerTrackSupport:segment-007,plan,11,implementation,1.0,191,224,35.11171662125341,540.0,8107.0,8647.0,1.0,2.0,reviewed,,1.0,semantic match,False,True
transcript-2026-03-22-1-11-AddMultiPicturePerTrackSupport,transcript-2026-03-22-1-11-AddMultiPicturePerTrackSupport:segment-008,plan,11,implementation,1.0,225,250,26.850136239782017,2305.0,23754.0,26059.0,1.0,2.0,reviewed,,1.0,semantic match,False,True
transcript-2026-03-22-1-11-AddMultiPicturePerTrackSupport,transcript-2026-03-22-1-11-AddMultiPicturePerTrackSupport:segment-009,plan,11,implementation,1.0,251,297,48.536784741144416,449.0,35267.0,35716.0,1.0,2.0,reviewed,,1.0,semantic match,False,True
transcript-2026-03-22-1-11-AddMultiPicturePerTrackSupport,transcript-2026-03-22-1-11-AddMultiPicturePerTrackSupport:segment-010,plan,11,implementation,1.0,298,328,32.013623978201636,152.0,2340.0,2492.0,1.0,2.0,reviewed,,1.0,semantic match,False,True
transcript-2026-03-22-1-11-AddMultiPicturePerTrackSupport,transcript-2026-03-22-1-11-AddMultiPicturePerTrackSupport:segment-011,plan,11,direct,1.0,329,350,22.719346049046322,71.0,102.0,173.0,1.0,2.0,reviewed,,1.0,semantic match,True,False
transcript-2026-03-22-1-11-AddMultiPicturePerTrackSupport,transcript-2026-03-22-1-11-AddMultiPicturePerTrackSupport:segment-012,plan,11,implementation,1.0,351,378,28.915531335149865,237.0,0.0,237.0,1.0,2.0,reviewed,,1.0,semantic match,False,True
transcript-2026-03-23-1-11-AddMultiPicturePerTrackSupport,transcript-2026-03-23-1-11-AddMultiPicturePerTrackSupport:segment-001,commit,1e4ea8e60ed212c41a1f3f43a972ccad5855a07a,work,1.0,12,48,37.68518518518519,236.0,489.0,725.0,1.0,2.0,reviewed,,1.0,semantic match,False,True
transcript-2026-03-23-1-11-AddMultiPicturePerTrackSupport,transcript-2026-03-23-1-11-AddMultiPicturePerTrackSupport:segment-002,commit,1e4ea8e60ed212c41a1f3f43a972ccad5855a07a,work,1.0,49,64,16.296296296296298,28.0,3219.0,3247.0,1.0,2.0,reviewed,,1.0,semantic match,False,True
transcript-2026-03-23-1-11-AddMultiPicturePerTrackSupport,transcript-2026-03-23-1-11-AddMultiPicturePerTrackSupport:segment-003,commit,1e4ea8e60ed212c41a1f3f43a972ccad5855a07a,work,1.0,65,98,34.62962962962963,26.0,2004.0,2030.0,1.0,2.0,reviewed,,1.0,semantic match,False,True
transcript-2026-03-23-1-11-AddMultiPicturePerTrackSupport,transcript-2026-03-23-1-11-AddMultiPicturePerTrackSupport:segment-004,commit,1e4ea8e60ed212c41a1f3f43a972ccad5855a07a,work,1.0,99,147,49.90740740740741,252.0,3494.0,3746.0,1.0,2.0,reviewed,,1.0,semantic match,False,True
transcript-2026-03-23-1-11-AddMultiPicturePerTrackSupport,transcript-2026-03-23-1-11-AddMultiPicturePerTrackSupport:segment-005,commit,1e4ea8e60ed212c41a1f3f43a972ccad5855a07a,work,1.0,148,177,30.555555555555557,156.0,3574.0,3730.0,1.0,2.0,reviewed,,1.0,semantic match,False,True
transcript-2026-03-23-1-11-AddMultiPicturePerTrackSupport,transcript-2026-03-23-1-11-AddMultiPicturePerTrackSupport:segment-006,commit,1e4ea8e60ed212c41a1f3f43a972ccad5855a07a,work,1.0,178,207,30.555555555555557,151.0,2491.0,2642.0,1.0,2.0,reviewed,,1.0,semantic match,False,True
transcript-2026-03-23-1-11-AddMultiPicturePerTrackSupport,transcript-2026-03-23-1-11-AddMultiPicturePerTrackSupport:segment-007,commit,1e4ea8e60ed212c41a1f3f43a972ccad5855a07a,work,1.0,208,247,40.74074074074075,277.0,535.0,812.0,1.0,2.0,reviewed,,1.0,semantic match,False,True
transcript-2026-03-23-1-11-AddMultiPicturePerTrackSupport,transcript-2026-03-23-1-11-AddMultiPicturePerTrackSupport:segment-008,commit,1e4ea8e60ed212c41a1f3f43a972ccad5855a07a,work,1.0,248,272,25.462962962962965,26.0,1673.0,1699.0,1.0,2.0,reviewed,,1.0,semantic match,False,True
transcript-2026-03-23-1-11-AddMultiPicturePerTrackSupport,transcript-2026-03-23-1-11-AddMultiPicturePerTrackSupport:segment-011,commit,68e340f508e0f0f5b0ac2fbbcae259abf6155b6e,work,1.0,352,386,35.64814814814815,108.0,2372.0,2480.0,1.0,2.0,reviewed,,1.0,semantic match,False,True
transcript-2026-03-23-1-11-AddMultiPicturePerTrackSupport,transcript-2026-03-23-1-11-AddMultiPicturePerTrackSupport:segment-012,commit,68e340f508e0f0f5b0ac2fbbcae259abf6155b6e,work,1.0,387,409,23.425925925925927,55.0,823.0,878.0,1.0,2.0,reviewed,,1.0,semantic match,False,True
transcript-2026-03-23-1-11-AddMultiPicturePerTrackSupport,transcript-2026-03-23-1-11-AddMultiPicturePerTrackSupport:segment-013,commit,68e340f508e0f0f5b0ac2fbbcae259abf6155b6e,work,1.0,410,425,16.296296296296298,25.0,1233.0,1258.0,1.0,2.0,reviewed,,1.0,semantic match,False,True
transcript-2026-03-23-1-11-AddMultiPicturePerTrackSupport,transcript-2026-03-23-1-11-AddMultiPicturePerTrackSupport:segment-014,commit,68e340f508e0f0f5b0ac2fbbcae259abf6155b6e,work,1.0,426,460,35.64814814814815,661.0,1267.0,1928.0,1.0,2.0,reviewed,,1.0,semantic match,False,True
transcript-2026-03-23-1-11-AddMultiPicturePerTrackSupport,transcript-2026-03-23-1-11-AddMultiPicturePerTrackSupport:segment-015,commit,68e340f508e0f0f5b0ac2fbbcae259abf6155b6e,work,1.0,461,488,28.51851851851852,904.0,202.0,1106.0,1.0,2.0,reviewed,,1.0,semantic match,False,True
transcript-2026-03-23-1-11-AddMultiPicturePerTrackSupport,transcript-2026-03-23-1-11-AddMultiPicturePerTrackSupport:segment-016,commit,68e340f508e0f0f5b0ac2fbbcae259abf6155b6e,work,1.0,489,518,30.555555555555557,550.0,2152.0,2702.0,1.0,2.0,reviewed,,1.0,semantic match,False,True
transcript-2026-03-23-1-11-AddMultiPicturePerTrackSupport,transcript-2026-03-23-1-11-AddMultiPicturePerTrackSupport:segment-017,commit,68e340f508e0f0f5b0ac2fbbcae259abf6155b6e,work,1.0,519,546,28.51851851851852,225.0,821.0,1046.0,1.0,2.0,reviewed,,1.0,semantic match,False,True
transcript-2026-03-23-1-11-AddMultiPicturePerTrackSupport,transcript-2026-03-23-1-11-AddMultiPicturePerTrackSupport:segment-018,commit,68e340f508e0f0f5b0ac2fbbcae259abf6155b6e,work,1.0,547,586,40.74074074074075,319.0,570.0,889.0,1.0,2.0,reviewed,,1.0,semantic match,False,True
transcript-2026-03-23-1-11-AddMultiPicturePerTrackSupport,transcript-2026-03-23-1-11-AddMultiPicturePerTrackSupport:segment-019,commit,68e340f508e0f0f5b0ac2fbbcae259abf6155b6e,work,1.0,587,659,74.35185185185186,1105.0,0.0,1105.0,1.0,2.0,reviewed,,1.0,semantic match,False,True
transcript-2026-03-23-1-11-AddMultiPicturePerTrackSupport,transcript-2026-03-23-1-11-AddMultiPicturePerTrackSupport:segment-001,plan,11,implementation,1.0,12,48,37.68518518518519,236.0,489.0,725.0,1.0,2.0,reviewed,,1.0,semantic match,False,True
transcript-2026-03-23-1-11-AddMultiPicturePerTrackSupport,transcript-2026-03-23-1-11-AddMultiPicturePerTrackSupport:segment-002,plan,11,implementation,1.0,49,64,16.296296296296298,28.0,3219.0,3247.0,1.0,2.0,reviewed,,1.0,semantic match,False,True
transcript-2026-03-23-1-11-AddMultiPicturePerTrackSupport,transcript-2026-03-23-1-11-AddMultiPicturePerTrackSupport:segment-003,plan,11,implementation,1.0,65,98,34.62962962962963,26.0,2004.0,2030.0,1.0,2.0,reviewed,,1.0,semantic match,False,True
transcript-2026-03-23-1-11-AddMultiPicturePerTrackSupport,transcript-2026-03-23-1-11-AddMultiPicturePerTrackSupport:segment-004,plan,11,implementation,1.0,99,147,49.90740740740741,252.0,3494.0,3746.0,1.0,2.0,reviewed,,1.0,semantic match,False,True
transcript-2026-03-23-1-11-AddMultiPicturePerTrackSupport,transcript-2026-03-23-1-11-AddMultiPicturePerTrackSupport:segment-005,plan,11,implementation,1.0,148,177,30.555555555555557,156.0,3574.0,3730.0,1.0,2.0,reviewed,,1.0,semantic match,False,True
transcript-2026-03-23-1-11-AddMultiPicturePerTrackSupport,transcript-2026-03-23-1-11-AddMultiPicturePerTrackSupport:segment-006,plan,11,implementation,1.0,178,207,30.555555555555557,151.0,2491.0,2642.0,1.0,2.0,reviewed,,1.0,semantic match,False,True
transcript-2026-03-23-1-11-AddMultiPicturePerTrackSupport,transcript-2026-03-23-1-11-AddMultiPicturePerTrackSupport:segment-007,plan,11,implementation,1.0,208,247,40.74074074074075,277.0,535.0,812.0,1.0,2.0,reviewed,,1.0,semantic match,False,True
transcript-2026-03-23-1-11-AddMultiPicturePerTrackSupport,transcript-2026-03-23-1-11-AddMultiPicturePerTrackSupport:segment-008,plan,11,implementation,1.0,248,272,25.462962962962965,26.0,1673.0,1699.0,1.0,2.0,reviewed,,1.0,semantic match,False,True
transcript-2026-03-23-1-11-AddMultiPicturePerTrackSupport,transcript-2026-03-23-1-11-AddMultiPicturePerTrackSupport:segment-009,plan,11,implementation,1.0,273,301,29.537037037037038,31.0,14.0,45.0,1.0,2.0,reviewed,,1.0,semantic match,False,True
transcript-2026-03-23-1-11-AddMultiPicturePerTrackSupport,transcript-2026-03-23-1-11-AddMultiPicturePerTrackSupport:segment-010,plan,11,implementation,1.0,302,351,50.92592592592593,418.0,12468.0,12886.0,1.0,2.0,reviewed,,1.0,semantic match,False,True
transcript-2026-03-23-1-11-AddMultiPicturePerTrackSupport,transcript-2026-03-23-1-11-AddMultiPicturePerTrackSupport:segment-011,plan,11,direct,1.0,352,386,35.64814814814815,108.0,2372.0,2480.0,1.0,2.0,reviewed,,1.0,semantic match,True,False
transcript-2026-03-23-1-11-AddMultiPicturePerTrackSupport,transcript-2026-03-23-1-11-AddMultiPicturePerTrackSupport:segment-012,plan,11,direct,1.0,387,409,23.425925925925927,55.0,823.0,878.0,1.0,2.0,reviewed,,1.0,semantic match,True,False
transcript-2026-03-23-1-11-AddMultiPicturePerTrackSupport,transcript-2026-03-23-1-11-AddMultiPicturePerTrackSupport:segment-013,plan,11,direct,1.0,410,425,16.296296296296298,25.0,1233.0,1258.0,1.0,2.0,reviewed,,1.0,semantic match,True,False
transcript-2026-03-23-1-11-AddMultiPicturePerTrackSupport,transcript-2026-03-23-1-11-AddMultiPicturePerTrackSupport:segment-014,plan,11,implementation,1.0,426,460,35.64814814814815,661.0,1267.0,1928.0,1.0,2.0,reviewed,,1.0,semantic match,False,True
transcript-2026-03-23-1-11-AddMultiPicturePerTrackSupport,transcript-2026-03-23-1-11-AddMultiPicturePerTrackSupport:segment-015,plan,11,implementation,1.0,461,488,28.51851851851852,904.0,202.0,1106.0,1.0,2.0,reviewed,,1.0,semantic match,False,True
transcript-2026-03-23-1-11-AddMultiPicturePerTrackSupport,transcript-2026-03-23-1-11-AddMultiPicturePerTrackSupport:segment-016,plan,11,implementation,1.0,489,518,30.555555555555557,550.0,2152.0,2702.0,1.0,2.0,reviewed,,1.0,semantic match,False,True
transcript-2026-03-23-1-11-AddMultiPicturePerTrackSupport,transcript-2026-03-23-1-11-AddMultiPicturePerTrackSupport:segment-017,plan,11,implementation,1.0,519,546,28.51851851851852,225.0,821.0,1046.0,1.0,2.0,reviewed,,1.0,semantic match,False,True
transcript-2026-03-23-1-11-AddMultiPicturePerTrackSupport,transcript-2026-03-23-1-11-AddMultiPicturePerTrackSupport:segment-018,plan,11,implementation,1.0,547,586,40.74074074074075,319.0,570.0,889.0,1.0,2.0,reviewed,,1.0,semantic match,False,True
transcript-2026-03-23-1-11-AddMultiPicturePerTrackSupport,transcript-2026-03-23-1-11-AddMultiPicturePerTrackSupport:segment-019,plan,11,implementation,1.0,587,659,74.35185185185186,1105.0,0.0,1105.0,1.0,2.0,reviewed,,1.0,semantic match,False,True
transcript-2026-03-24-1-11-AddMultiPicturePerTrackSupport,transcript-2026-03-24-1-11-AddMultiPicturePerTrackSupport:segment-001,commit,b4593bad7a73d4737a89fa81f52b0a0c853f2bce,work,1.0,12,50,41.48936170212766,129.0,514.0,643.0,1.0,2.0,reviewed,,1.0,semantic match,False,True
transcript-2026-03-24-1-11-AddMultiPicturePerTrackSupport,transcript-2026-03-24-1-11-AddMultiPicturePerTrackSupport:segment-002,commit,b4593bad7a73d4737a89fa81f52b0a0c853f2bce,work,1.0,51,70,21.27659574468085,74.0,631.0,705.0,1.0,2.0,reviewed,,1.0,semantic match,False,True
transcript-2026-03-24-1-11-AddMultiPicturePerTrackSupport,transcript-2026-03-24-1-11-AddMultiPicturePerTrackSupport:segment-003,commit,b4593bad7a73d4737a89fa81f52b0a0c853f2bce,work,1.0,71,118,51.06382978723404,432.0,7749.0,8181.0,1.0,2.0,reviewed,,1.0,semantic match,False,True
transcript-2026-03-24-1-11-AddMultiPicturePerTrackSupport,transcript-2026-03-24-1-11-AddMultiPicturePerTrackSupport:segment-004,commit,b4593bad7a73d4737a89fa81f52b0a0c853f2bce,work,1.0,119,140,23.404255319148938,45.0,1354.0,1399.0,1.0,2.0,reviewed,,1.0,semantic match,False,True
transcript-2026-03-24-1-11-AddMultiPicturePerTrackSupport,transcript-2026-03-24-1-11-AddMultiPicturePerTrackSupport:segment-005,commit,b4593bad7a73d4737a89fa81f52b0a0c853f2bce,work,1.0,141,162,23.404255319148938,41.0,13093.0,13134.0,1.0,2.0,reviewed,,1.0,semantic match,False,True
transcript-2026-03-24-1-11-AddMultiPicturePerTrackSupport,transcript-2026-03-24-1-11-AddMultiPicturePerTrackSupport:segment-006,commit,b4593bad7a73d4737a89fa81f52b0a0c853f2bce,work,1.0,163,199,39.361702127659576,205.0,0.0,205.0,1.0,2.0,reviewed,,1.0,semantic match,False,True
transcript-2026-03-24-1-11-AddMultiPicturePerTrackSupport,transcript-2026-03-24-1-11-AddMultiPicturePerTrackSupport:segment-001,plan,11,direct,1.0,12,50,41.48936170212766,129.0,514.0,643.0,1.0,2.0,reviewed,,1.0,semantic match,True,False
transcript-2026-03-24-1-11-AddMultiPicturePerTrackSupport,transcript-2026-03-24-1-11-AddMultiPicturePerTrackSupport:segment-002,plan,11,direct,1.0,51,70,21.27659574468085,74.0,631.0,705.0,1.0,2.0,reviewed,,1.0,semantic match,True,False
transcript-2026-03-24-1-11-AddMultiPicturePerTrackSupport,transcript-2026-03-24-1-11-AddMultiPicturePerTrackSupport:segment-003,plan,11,implementation,1.0,71,118,51.06382978723404,432.0,7749.0,8181.0,1.0,2.0,reviewed,,1.0,semantic match,False,True
transcript-2026-03-24-1-11-AddMultiPicturePerTrackSupport,transcript-2026-03-24-1-11-AddMultiPicturePerTrackSupport:segment-004,plan,11,direct,1.0,119,140,23.404255319148938,45.0,1354.0,1399.0,1.0,2.0,reviewed,,1.0,semantic match,True,False
transcript-2026-03-24-1-11-AddMultiPicturePerTrackSupport,transcript-2026-03-24-1-11-AddMultiPicturePerTrackSupport:segment-005,plan,11,direct,1.0,141,162,23.404255319148938,41.0,13093.0,13134.0,1.0,2.0,reviewed,,1.0,semantic match,True,False
transcript-2026-03-24-1-11-AddMultiPicturePerTrackSupport,transcript-2026-03-24-1-11-AddMultiPicturePerTrackSupport:segment-006,plan,11,implementation,1.0,163,199,39.361702127659576,205.0,0.0,205.0,1.0,2.0,reviewed,,1.0,semantic match,False,True
transcript-2026-03-26-1-11-AddMultiPicturePerTrackSupport,transcript-2026-03-26-1-11-AddMultiPicturePerTrackSupport:segment-001,commit,f36a117c021f535e956e2d1722625465cd66b2f3,work,1.0,12,39,28.844221105527637,150.0,38922.0,39072.0,1.0,2.0,reviewed,,1.0,semantic match,False,True
transcript-2026-03-26-1-11-AddMultiPicturePerTrackSupport,transcript-2026-03-26-1-11-AddMultiPicturePerTrackSupport:segment-002,commit,2c3898c5b9fee3c3eefa3367c3219b2f4dbd2974,work,1.0,40,67,28.844221105527637,88.0,739.0,827.0,1.0,2.0,reviewed,,1.0,semantic match,False,True
transcript-2026-03-26-1-11-AddMultiPicturePerTrackSupport,transcript-2026-03-26-1-11-AddMultiPicturePerTrackSupport:segment-003,commit,2c3898c5b9fee3c3eefa3367c3219b2f4dbd2974,work,1.0,68,98,31.93467336683417,121.0,2144.0,2265.0,1.0,2.0,reviewed,,1.0,semantic match,False,True
transcript-2026-03-26-1-11-AddMultiPicturePerTrackSupport,transcript-2026-03-26-1-11-AddMultiPicturePerTrackSupport:segment-004,commit,2c3898c5b9fee3c3eefa3367c3219b2f4dbd2974,work,1.0,99,126,28.844221105527637,160.0,513.0,673.0,1.0,2.0,reviewed,,1.0,semantic match,False,True
transcript-2026-03-26-1-11-AddMultiPicturePerTrackSupport,transcript-2026-03-26-1-11-AddMultiPicturePerTrackSupport:segment-005,commit,2c3898c5b9fee3c3eefa3367c3219b2f4dbd2974,work,1.0,127,160,35.0251256281407,137.0,1602.0,1739.0,1.0,2.0,reviewed,,1.0,semantic match,False,True
transcript-2026-03-26-1-11-AddMultiPicturePerTrackSupport,transcript-2026-03-26-1-11-AddMultiPicturePerTrackSupport:segment-006,commit,ce82bfb0ed6ae71f4fa52b159af692e3b74fe2c7,work,1.0,161,192,32.96482412060301,363.0,1591.0,1954.0,1.0,2.0,reviewed,,1.0,semantic match,False,True
transcript-2026-03-26-1-11-AddMultiPicturePerTrackSupport,transcript-2026-03-26-1-11-AddMultiPicturePerTrackSupport:segment-007,commit,ce82bfb0ed6ae71f4fa52b159af692e3b74fe2c7,work,1.0,193,233,42.23618090452261,90.0,1394.0,1484.0,1.0,2.0,reviewed,,1.0,semantic match,False,True
transcript-2026-03-26-1-11-AddMultiPicturePerTrackSupport,transcript-2026-03-26-1-11-AddMultiPicturePerTrackSupport:segment-008,commit,ce82bfb0ed6ae71f4fa52b159af692e3b74fe2c7,work,1.0,234,261,28.844221105527637,128.0,6473.0,6601.0,1.0,2.0,reviewed,,1.0,semantic match,False,True
transcript-2026-03-26-1-11-AddMultiPicturePerTrackSupport,transcript-2026-03-26-1-11-AddMultiPicturePerTrackSupport:segment-009,commit,2aee7213d2467ac765cf2f834b3e8b0a5409064e,work,1.0,262,293,32.96482412060301,140.0,1721.0,1861.0,1.0,2.0,reviewed,,1.0,semantic match,False,True
transcript-2026-03-26-1-11-AddMultiPicturePerTrackSupport,transcript-2026-03-26-1-11-AddMultiPicturePerTrackSupport:segment-010,commit,a0438824397c29c96ca6c63b48ef501b5d63dffe,work,1.0,294,327,35.0251256281407,166.0,2404.0,2570.0,1.0,2.0,reviewed,,1.0,semantic match,False,True
transcript-2026-03-26-1-11-AddMultiPicturePerTrackSupport,transcript-2026-03-26-1-11-AddMultiPicturePerTrackSupport:segment-011,commit,a0438824397c29c96ca6c63b48ef501b5d63dffe,work,1.0,328,349,22.66331658291457,95.0,725.0,820.0,1.0,2.0,reviewed,,1.0,semantic match,False,True
transcript-2026-03-26-1-11-AddMultiPicturePerTrackSupport,transcript-2026-03-26-1-11-AddMultiPicturePerTrackSupport:segment-012,commit,a0438824397c29c96ca6c63b48ef501b5d63dffe,work,1.0,350,383,35.0251256281407,171.0,1470.0,1641.0,1.0,2.0,reviewed,,1.0,semantic match,False,True
transcript-2026-03-26-1-11-AddMultiPicturePerTrackSupport,transcript-2026-03-26-1-11-AddMultiPicturePerTrackSupport:segment-013,commit,a0438824397c29c96ca6c63b48ef501b5d63dffe,work,1.0,384,409,26.783919597989946,165.0,0.0,165.0,1.0,2.0,reviewed,,1.0,semantic match,False,True
transcript-2026-03-26-1-11-AddMultiPicturePerTrackSupport,transcript-2026-03-26-1-11-AddMultiPicturePerTrackSupport:segment-001,plan,11,implementation,1.0,12,39,28.844221105527637,150.0,38922.0,39072.0,1.0,2.0,reviewed,,1.0,semantic match,False,True
transcript-2026-03-26-1-11-AddMultiPicturePerTrackSupport,transcript-2026-03-26-1-11-AddMultiPicturePerTrackSupport:segment-002,plan,11,implementation,1.0,40,67,28.844221105527637,88.0,739.0,827.0,1.0,2.0,reviewed,,1.0,semantic match,False,True
transcript-2026-03-26-1-11-AddMultiPicturePerTrackSupport,transcript-2026-03-26-1-11-AddMultiPicturePerTrackSupport:segment-003,plan,11,implementation,1.0,68,98,31.93467336683417,121.0,2144.0,2265.0,1.0,2.0,reviewed,,1.0,semantic match,False,True
transcript-2026-03-26-1-11-AddMultiPicturePerTrackSupport,transcript-2026-03-26-1-11-AddMultiPicturePerTrackSupport:segment-004,plan,11,implementation,1.0,99,126,28.844221105527637,160.0,513.0,673.0,1.0,2.0,reviewed,,1.0,semantic match,False,True
transcript-2026-03-26-1-11-AddMultiPicturePerTrackSupport,transcript-2026-03-26-1-11-AddMultiPicturePerTrackSupport:segment-005,plan,11,implementation,1.0,127,160,35.0251256281407,137.0,1602.0,1739.0,1.0,2.0,reviewed,,1.0,semantic match,False,True
transcript-2026-03-26-1-11-AddMultiPicturePerTrackSupport,transcript-2026-03-26-1-11-AddMultiPicturePerTrackSupport:segment-006,plan,11,implementation,1.0,161,192,32.96482412060301,363.0,1591.0,1954.0,1.0,2.0,reviewed,,1.0,semantic match,False,True
transcript-2026-03-26-1-11-AddMultiPicturePerTrackSupport,transcript-2026-03-26-1-11-AddMultiPicturePerTrackSupport:segment-007,plan,11,implementation,1.0,193,233,42.23618090452261,90.0,1394.0,1484.0,1.0,2.0,reviewed,,1.0,semantic match,False,True
transcript-2026-03-26-1-11-AddMultiPicturePerTrackSupport,transcript-2026-03-26-1-11-AddMultiPicturePerTrackSupport:segment-008,plan,11,implementation,1.0,234,261,28.844221105527637,128.0,6473.0,6601.0,1.0,2.0,reviewed,,1.0,semantic match,False,True
transcript-2026-03-26-1-11-AddMultiPicturePerTrackSupport,transcript-2026-03-26-1-11-AddMultiPicturePerTrackSupport:segment-009,plan,11,implementation,1.0,262,293,32.96482412060301,140.0,1721.0,1861.0,1.0,2.0,reviewed,,1.0,semantic match,False,True
transcript-2026-03-26-1-11-AddMultiPicturePerTrackSupport,transcript-2026-03-26-1-11-AddMultiPicturePerTrackSupport:segment-010,plan,11,implementation,1.0,294,327,35.0251256281407,166.0,2404.0,2570.0,1.0,2.0,reviewed,,1.0,semantic match,False,True
transcript-2026-03-26-1-11-AddMultiPicturePerTrackSupport,transcript-2026-03-26-1-11-AddMultiPicturePerTrackSupport:segment-011,plan,11,implementation,1.0,328,349,22.66331658291457,95.0,725.0,820.0,1.0,2.0,reviewed,,1.0,semantic match,False,True
transcript-2026-03-26-1-11-AddMultiPicturePerTrackSupport,transcript-2026-03-26-1-11-AddMultiPicturePerTrackSupport:segment-012,plan,11,implementation,1.0,350,383,35.0251256281407,171.0,1470.0,1641.0,1.0,2.0,reviewed,,1.0,semantic match,False,True
transcript-2026-03-26-1-11-AddMultiPicturePerTrackSupport,transcript-2026-03-26-1-11-AddMultiPicturePerTrackSupport:segment-013,plan,11,implementation,1.0,384,409,26.783919597989946,165.0,0.0,165.0,1.0,2.0,reviewed,,1.0,semantic match,False,True
transcript-2026-03-31-1-12-AddFLACDocumentOpenSupport,transcript-2026-03-31-1-12-AddFLACDocumentOpenSupport:segment-001,commit,bba775b507acd848d8bea0c67609752e0d812194,work,1.0,12,37,26.808290155440417,63.0,15263.0,15326.0,1.0,2.0,reviewed,,1.0,semantic match,False,True
transcript-2026-03-31-1-12-AddFLACDocumentOpenSupport,transcript-2026-03-31-1-12-AddFLACDocumentOpenSupport:segment-002,commit,bba775b507acd848d8bea0c67609752e0d812194,work,1.0,38,109,74.23834196891193,84.0,900.0,984.0,1.0,2.0,reviewed,,1.0,semantic match,False,True
transcript-2026-03-31-1-12-AddFLACDocumentOpenSupport,transcript-2026-03-31-1-12-AddFLACDocumentOpenSupport:segment-003,commit,bba775b507acd848d8bea0c67609752e0d812194,work,1.0,110,119,10.310880829015545,480.0,18864.0,19344.0,1.0,2.0,reviewed,,1.0,semantic match,False,True
transcript-2026-03-31-1-12-AddFLACDocumentOpenSupport,transcript-2026-03-31-1-12-AddFLACDocumentOpenSupport:segment-004,commit,bba775b507acd848d8bea0c67609752e0d812194,work,1.0,120,145,26.808290155440417,112.0,300.0,412.0,1.0,2.0,reviewed,,1.0,semantic match,False,True
transcript-2026-03-31-1-12-AddFLACDocumentOpenSupport,transcript-2026-03-31-1-12-AddFLACDocumentOpenSupport:segment-005,commit,bba775b507acd848d8bea0c67609752e0d812194,work,1.0,146,172,27.839378238341972,43.0,1083.0,1126.0,1.0,2.0,reviewed,,1.0,semantic match,False,True
transcript-2026-03-31-1-12-AddFLACDocumentOpenSupport,transcript-2026-03-31-1-12-AddFLACDocumentOpenSupport:segment-006,commit,bba775b507acd848d8bea0c67609752e0d812194,work,1.0,173,191,19.590673575129536,75.0,268.0,343.0,1.0,2.0,reviewed,,1.0,semantic match,False,True
transcript-2026-03-31-1-12-AddFLACDocumentOpenSupport,transcript-2026-03-31-1-12-AddFLACDocumentOpenSupport:segment-007,commit,bba775b507acd848d8bea0c67609752e0d812194,work,1.0,192,218,27.839378238341972,280.0,123.0,403.0,1.0,2.0,reviewed,,1.0,semantic match,False,True
transcript-2026-03-31-1-12-AddFLACDocumentOpenSupport,transcript-2026-03-31-1-12-AddFLACDocumentOpenSupport:segment-008,commit,bba775b507acd848d8bea0c67609752e0d812194,work,1.0,219,260,43.30569948186529,911.0,2274.0,3185.0,1.0,2.0,reviewed,,1.0,semantic match,False,True
transcript-2026-03-31-1-12-AddFLACDocumentOpenSupport,transcript-2026-03-31-1-12-AddFLACDocumentOpenSupport:segment-009,commit,bba775b507acd848d8bea0c67609752e0d812194,work,1.0,261,278,18.55958549222798,110.0,231.0,341.0,1.0,2.0,reviewed,,1.0,semantic match,False,True
transcript-2026-03-31-1-12-AddFLACDocumentOpenSupport,transcript-2026-03-31-1-12-AddFLACDocumentOpenSupport:segment-010,commit,bba775b507acd848d8bea0c67609752e0d812194,work,1.0,279,341,64.95854922279793,598.0,1270.0,1868.0,1.0,2.0,reviewed,,1.0,semantic match,False,True
transcript-2026-03-31-1-12-AddFLACDocumentOpenSupport,transcript-2026-03-31-1-12-AddFLACDocumentOpenSupport:segment-011,commit,bba775b507acd848d8bea0c67609752e0d812194,work,1.0,342,370,29.90155440414508,112.0,1139.0,1251.0,1.0,2.0,reviewed,,1.0,semantic match,False,True
transcript-2026-03-31-1-12-AddFLACDocumentOpenSupport,transcript-2026-03-31-1-12-AddFLACDocumentOpenSupport:segment-012,commit,bba775b507acd848d8bea0c67609752e0d812194,work,1.0,371,397,27.839378238341972,80.0,0.0,80.0,1.0,2.0,reviewed,,1.0,semantic match,False,True
transcript-2026-03-31-1-12-AddFLACDocumentOpenSupport,transcript-2026-03-31-1-12-AddFLACDocumentOpenSupport:segment-001,plan,12,implementation,1.0,12,37,26.808290155440417,63.0,15263.0,15326.0,1.0,2.0,reviewed,,1.0,semantic match,False,True
transcript-2026-03-31-1-12-AddFLACDocumentOpenSupport,transcript-2026-03-31-1-12-AddFLACDocumentOpenSupport:segment-002,plan,12,implementation,1.0,38,109,74.23834196891193,84.0,900.0,984.0,1.0,2.0,reviewed,,1.0,semantic match,False,True
transcript-2026-03-31-1-12-AddFLACDocumentOpenSupport,transcript-2026-03-31-1-12-AddFLACDocumentOpenSupport:segment-003,plan,12,direct,1.0,110,119,10.310880829015545,480.0,18864.0,19344.0,1.0,2.0,reviewed,,1.0,semantic match,True,False
transcript-2026-03-31-1-12-AddFLACDocumentOpenSupport,transcript-2026-03-31-1-12-AddFLACDocumentOpenSupport:segment-004,plan,12,direct,1.0,120,145,26.808290155440417,112.0,300.0,412.0,1.0,2.0,reviewed,,1.0,semantic match,True,False
transcript-2026-03-31-1-12-AddFLACDocumentOpenSupport,transcript-2026-03-31-1-12-AddFLACDocumentOpenSupport:segment-005,plan,12,direct,1.0,146,172,27.839378238341972,43.0,1083.0,1126.0,1.0,2.0,reviewed,,1.0,semantic match,True,False
transcript-2026-03-31-1-12-AddFLACDocumentOpenSupport,transcript-2026-03-31-1-12-AddFLACDocumentOpenSupport:segment-006,plan,12,direct,1.0,173,191,19.590673575129536,75.0,268.0,343.0,1.0,2.0,reviewed,,1.0,semantic match,True,False
transcript-2026-03-31-1-12-AddFLACDocumentOpenSupport,transcript-2026-03-31-1-12-AddFLACDocumentOpenSupport:segment-007,plan,12,direct,1.0,192,218,27.839378238341972,280.0,123.0,403.0,1.0,2.0,reviewed,,1.0,semantic match,True,False
transcript-2026-03-31-1-12-AddFLACDocumentOpenSupport,transcript-2026-03-31-1-12-AddFLACDocumentOpenSupport:segment-008,plan,12,implementation,1.0,219,260,43.30569948186529,911.0,2274.0,3185.0,1.0,2.0,reviewed,,1.0,semantic match,False,True
transcript-2026-03-31-1-12-AddFLACDocumentOpenSupport,transcript-2026-03-31-1-12-AddFLACDocumentOpenSupport:segment-009,plan,12,implementation,1.0,261,278,18.55958549222798,110.0,231.0,341.0,1.0,2.0,reviewed,,1.0,semantic match,False,True
transcript-2026-03-31-1-12-AddFLACDocumentOpenSupport,transcript-2026-03-31-1-12-AddFLACDocumentOpenSupport:segment-010,plan,12,implementation,1.0,279,341,64.95854922279793,598.0,1270.0,1868.0,1.0,2.0,reviewed,,1.0,semantic match,False,True
transcript-2026-03-31-1-12-AddFLACDocumentOpenSupport,transcript-2026-03-31-1-12-AddFLACDocumentOpenSupport:segment-011,plan,12,implementation,1.0,342,370,29.90155440414508,112.0,1139.0,1251.0,1.0,2.0,reviewed,,1.0,semantic match,False,True
transcript-2026-03-31-1-12-AddFLACDocumentOpenSupport,transcript-2026-03-31-1-12-AddFLACDocumentOpenSupport:segment-012,plan,12,implementation,1.0,371,397,27.839378238341972,80.0,0.0,80.0,1.0,2.0,reviewed,,1.0,semantic match,False,True
transcript-2026-04-01-1-13-AddFLACFingerprintSupport,transcript-2026-04-01-1-13-AddFLACFingerprintSupport:segment-001,commit,da7b04f7563351b6c4c0883dbcbc16a5e081336a,work,1.0,12,45,38.857142857142854,134.0,922.0,1056.0,1.0,2.0,reviewed,,1.0,semantic match,False,True
transcript-2026-04-01-1-13-AddFLACFingerprintSupport,transcript-2026-04-01-1-13-AddFLACFingerprintSupport:segment-002,commit,da7b04f7563351b6c4c0883dbcbc16a5e081336a,work,1.0,46,67,25.142857142857142,31.0,2118.0,2149.0,1.0,2.0,reviewed,,1.0,semantic match,False,True
transcript-2026-04-01-1-13-AddFLACFingerprintSupport,transcript-2026-04-01-1-13-AddFLACFingerprintSupport:segment-003,commit,da7b04f7563351b6c4c0883dbcbc16a5e081336a,work,1.0,68,95,32.0,490.0,0.0,490.0,1.0,2.0,reviewed,,1.0,semantic match,False,True
transcript-2026-04-01-1-13-AddFLACFingerprintSupport,transcript-2026-04-01-1-13-AddFLACFingerprintSupport:segment-001,plan,13,direct,1.0,12,45,38.857142857142854,134.0,922.0,1056.0,1.0,2.0,reviewed,,1.0,semantic match,True,False
transcript-2026-04-01-1-13-AddFLACFingerprintSupport,transcript-2026-04-01-1-13-AddFLACFingerprintSupport:segment-002,plan,13,direct,1.0,46,67,25.142857142857142,31.0,2118.0,2149.0,1.0,2.0,reviewed,,1.0,semantic match,True,False
transcript-2026-04-01-1-13-AddFLACFingerprintSupport,transcript-2026-04-01-1-13-AddFLACFingerprintSupport:segment-003,plan,13,implementation,1.0,68,95,32.0,490.0,0.0,490.0,1.0,2.0,reviewed,,1.0,semantic match,False,True
transcript-2026-04-02-1-14-AddCompilationTag,transcript-2026-04-02-1-14-AddCompilationTag:segment-001,commit,90ef077070ed157959eed236c4a5edfc023423b8,work,1.0,12,43,35.04761904761905,168.0,2726.0,2894.0,1.0,2.0,reviewed,,1.0,semantic match,False,True
transcript-2026-04-02-1-14-AddCompilationTag,transcript-2026-04-02-1-14-AddCompilationTag:segment-002,commit,90ef077070ed157959eed236c4a5edfc023423b8,work,1.0,44,67,26.28571428571429,108.0,265.0,373.0,1.0,2.0,reviewed,,1.0,semantic match,False,True
transcript-2026-04-02-1-14-AddCompilationTag,transcript-2026-04-02-1-14-AddCompilationTag:segment-003,commit,90ef077070ed157959eed236c4a5edfc023423b8,work,1.0,68,81,15.333333333333336,21.0,328.0,349.0,1.0,2.0,reviewed,,1.0,semantic match,False,True
transcript-2026-04-02-1-14-AddCompilationTag,transcript-2026-04-02-1-14-AddCompilationTag:segment-004,commit,90ef077070ed157959eed236c4a5edfc023423b8,work,1.0,82,107,28.476190476190478,597.0,9559.0,10156.0,1.0,2.0,reviewed,,1.0,semantic match,False,True
transcript-2026-04-02-1-14-AddCompilationTag,transcript-2026-04-02-1-14-AddCompilationTag:segment-005,commit,90ef077070ed157959eed236c4a5edfc023423b8,work,1.0,108,119,13.142857142857144,54.0,5596.0,5650.0,1.0,2.0,reviewed,,1.0,semantic match,False,True
transcript-2026-04-02-1-14-AddCompilationTag,transcript-2026-04-02-1-14-AddCompilationTag:segment-006,commit,90ef077070ed157959eed236c4a5edfc023423b8,work,1.0,120,137,19.714285714285715,112.0,0.0,112.0,1.0,2.0,reviewed,,1.0,semantic match,False,True
transcript-2026-04-02-1-14-AddCompilationTag,transcript-2026-04-02-1-14-AddCompilationTag:segment-001,plan,14,direct,1.0,12,43,35.04761904761905,168.0,2726.0,2894.0,1.0,2.0,reviewed,,1.0,semantic match,True,False
transcript-2026-04-02-1-14-AddCompilationTag,transcript-2026-04-02-1-14-AddCompilationTag:segment-002,plan,14,direct,1.0,44,67,26.28571428571429,108.0,265.0,373.0,1.0,2.0,reviewed,,1.0,semantic match,True,False
transcript-2026-04-02-1-14-AddCompilationTag,transcript-2026-04-02-1-14-AddCompilationTag:segment-003,plan,14,direct,1.0,68,81,15.333333333333336,21.0,328.0,349.0,1.0,2.0,reviewed,,1.0,semantic match,True,False
transcript-2026-04-02-1-14-AddCompilationTag,transcript-2026-04-02-1-14-AddCompilationTag:segment-004,plan,14,implementation,1.0,82,107,28.476190476190478,597.0,9559.0,10156.0,1.0,2.0,reviewed,,1.0,semantic match,False,True
transcript-2026-04-02-1-14-AddCompilationTag,transcript-2026-04-02-1-14-AddCompilationTag:segment-005,plan,14,implementation,1.0,108,119,13.142857142857144,54.0,5596.0,5650.0,1.0,2.0,reviewed,,1.0,semantic match,False,True
transcript-2026-04-02-1-14-AddCompilationTag,transcript-2026-04-02-1-14-AddCompilationTag:segment-006,plan,14,implementation,1.0,120,137,19.714285714285715,112.0,0.0,112.0,1.0,2.0,reviewed,,1.0,semantic match,False,True
transcript-2026-04-02-1-15-AddSwiftTagDocumentCreation,transcript-2026-04-02-1-15-AddSwiftTagDocumentCreation:segment-001,commit,1276536d7ce542d757187ed8e2a7a229c6741847,work,1.0,12,68,58.58333333333333,407.0,71592.0,71999.0,1.0,2.0,reviewed,,1.0,semantic match,False,True
transcript-2026-04-02-1-15-AddSwiftTagDocumentCreation,transcript-2026-04-02-1-15-AddSwiftTagDocumentCreation:segment-002,commit,1276536d7ce542d757187ed8e2a7a229c6741847,work,1.0,69,101,33.916666666666664,198.0,4000.0,4198.0,1.0,2.0,reviewed,,1.0,semantic match,False,True
transcript-2026-04-02-1-15-AddSwiftTagDocumentCreation,transcript-2026-04-02-1-15-AddSwiftTagDocumentCreation:segment-003,commit,1276536d7ce542d757187ed8e2a7a229c6741847,work,1.0,102,145,45.222222222222214,100.0,2163.0,2263.0,1.0,2.0,reviewed,,1.0,semantic match,False,True
transcript-2026-04-02-1-15-AddSwiftTagDocumentCreation,transcript-2026-04-02-1-15-AddSwiftTagDocumentCreation:segment-004,commit,1276536d7ce542d757187ed8e2a7a229c6741847,work,1.0,146,180,35.97222222222222,132.0,1381.0,1513.0,1.0,2.0,reviewed,,1.0,semantic match,False,True
transcript-2026-04-02-1-15-AddSwiftTagDocumentCreation,transcript-2026-04-02-1-15-AddSwiftTagDocumentCreation:segment-005,commit,1276536d7ce542d757187ed8e2a7a229c6741847,work,1.0,181,257,79.13888888888889,1395.0,7971.0,9366.0,1.0,2.0,reviewed,,1.0,semantic match,False,True
transcript-2026-04-02-1-15-AddSwiftTagDocumentCreation,transcript-2026-04-02-1-15-AddSwiftTagDocumentCreation:segment-006,commit,1276536d7ce542d757187ed8e2a7a229c6741847,work,1.0,258,285,28.777777777777775,28.0,750.0,778.0,1.0,2.0,reviewed,,1.0,semantic match,False,True
transcript-2026-04-02-1-15-AddSwiftTagDocumentCreation,transcript-2026-04-02-1-15-AddSwiftTagDocumentCreation:segment-007,commit,bf6d257c8a9a96ec6846d3cac38bd49afd54f83a,work,1.0,286,307,22.611111111111107,222.0,216.0,438.0,1.0,2.0,reviewed,,1.0,semantic match,False,True
transcript-2026-04-02-1-15-AddSwiftTagDocumentCreation,transcript-2026-04-02-1-15-AddSwiftTagDocumentCreation:segment-008,commit,bf6d257c8a9a96ec6846d3cac38bd49afd54f83a,work,1.0,308,361,55.49999999999999,311.0,506.0,817.0,1.0,2.0,reviewed,,1.0,semantic match,False,True
transcript-2026-04-02-1-15-AddSwiftTagDocumentCreation,transcript-2026-04-02-1-15-AddSwiftTagDocumentCreation:segment-009,commit,bf6d257c8a9a96ec6846d3cac38bd49afd54f83a,work,1.0,362,394,33.916666666666664,141.0,447.0,588.0,1.0,2.0,reviewed,,1.0,semantic match,False,True
transcript-2026-04-02-1-15-AddSwiftTagDocumentCreation,transcript-2026-04-02-1-15-AddSwiftTagDocumentCreation:segment-010,commit,bf6d257c8a9a96ec6846d3cac38bd49afd54f83a,work,1.0,395,418,24.666666666666664,208.0,226.0,434.0,1.0,2.0,reviewed,,1.0,semantic match,False,True
transcript-2026-04-02-1-15-AddSwiftTagDocumentCreation,transcript-2026-04-02-1-15-AddSwiftTagDocumentCreation:segment-011,commit,bf6d257c8a9a96ec6846d3cac38bd49afd54f83a,work,1.0,419,443,25.694444444444443,6.0,0.0,6.0,1.0,2.0,reviewed,,1.0,semantic match,False,True
transcript-2026-04-02-1-15-AddSwiftTagDocumentCreation,transcript-2026-04-02-1-15-AddSwiftTagDocumentCreation:segment-001,plan,15,direct,1.0,12,68,58.58333333333333,407.0,71592.0,71999.0,1.0,2.0,reviewed,,1.0,semantic match,True,False
transcript-2026-04-02-1-15-AddSwiftTagDocumentCreation,transcript-2026-04-02-1-15-AddSwiftTagDocumentCreation:segment-002,plan,15,direct,1.0,69,101,33.916666666666664,198.0,4000.0,4198.0,1.0,2.0,reviewed,,1.0,semantic match,True,False
transcript-2026-04-02-1-15-AddSwiftTagDocumentCreation,transcript-2026-04-02-1-15-AddSwiftTagDocumentCreation:segment-003,plan,15,direct,1.0,102,145,45.222222222222214,100.0,2163.0,2263.0,1.0,2.0,reviewed,,1.0,semantic match,True,False
transcript-2026-04-02-1-15-AddSwiftTagDocumentCreation,transcript-2026-04-02-1-15-AddSwiftTagDocumentCreation:segment-004,plan,15,direct,1.0,146,180,35.97222222222222,132.0,1381.0,1513.0,1.0,2.0,reviewed,,1.0,semantic match,True,False
transcript-2026-04-02-1-15-AddSwiftTagDocumentCreation,transcript-2026-04-02-1-15-AddSwiftTagDocumentCreation:segment-005,plan,15,implementation,1.0,181,257,79.13888888888889,1395.0,7971.0,9366.0,1.0,2.0,reviewed,,1.0,semantic match,False,True
transcript-2026-04-02-1-15-AddSwiftTagDocumentCreation,transcript-2026-04-02-1-15-AddSwiftTagDocumentCreation:segment-006,plan,15,implementation,1.0,258,285,28.777777777777775,28.0,750.0,778.0,1.0,2.0,reviewed,,1.0,semantic match,False,True
transcript-2026-04-02-1-15-AddSwiftTagDocumentCreation,transcript-2026-04-02-1-15-AddSwiftTagDocumentCreation:segment-007,plan,15,implementation,1.0,286,307,22.611111111111107,222.0,216.0,438.0,1.0,2.0,reviewed,,1.0,semantic match,False,True
transcript-2026-04-02-1-15-AddSwiftTagDocumentCreation,transcript-2026-04-02-1-15-AddSwiftTagDocumentCreation:segment-008,plan,15,implementation,1.0,308,361,55.49999999999999,311.0,506.0,817.0,1.0,2.0,reviewed,,1.0,semantic match,False,True
transcript-2026-04-02-1-15-AddSwiftTagDocumentCreation,transcript-2026-04-02-1-15-AddSwiftTagDocumentCreation:segment-009,plan,15,implementation,1.0,362,394,33.916666666666664,141.0,447.0,588.0,1.0,2.0,reviewed,,1.0,semantic match,False,True
transcript-2026-04-02-1-15-AddSwiftTagDocumentCreation,transcript-2026-04-02-1-15-AddSwiftTagDocumentCreation:segment-010,plan,15,implementation,1.0,395,418,24.666666666666664,208.0,226.0,434.0,1.0,2.0,reviewed,,1.0,semantic match,False,True
transcript-2026-04-02-1-15-AddSwiftTagDocumentCreation,transcript-2026-04-02-1-15-AddSwiftTagDocumentCreation:segment-011,plan,15,implementation,1.0,419,443,25.694444444444443,6.0,0.0,6.0,1.0,2.0,reviewed,,1.0,semantic match,False,True
transcript-2026-04-04-1-16-AddSwiftTagDocumentRead,transcript-2026-04-04-1-16-AddSwiftTagDocumentRead:segment-001,commit,1c2bb82cfcda4a8e4043b7e883e42928b18064cf,work,1.0,12,48,39.82802547770701,307.0,441.0,748.0,1.0,2.0,reviewed,,1.0,semantic match,False,True
transcript-2026-04-04-1-16-AddSwiftTagDocumentRead,transcript-2026-04-04-1-16-AddSwiftTagDocumentRead:segment-002,commit,1c2bb82cfcda4a8e4043b7e883e42928b18064cf,work,1.0,49,64,17.222929936305732,31.0,577.0,608.0,1.0,2.0,reviewed,,1.0,semantic match,False,True
transcript-2026-04-04-1-16-AddSwiftTagDocumentRead,transcript-2026-04-04-1-16-AddSwiftTagDocumentRead:segment-003,commit,1c2bb82cfcda4a8e4043b7e883e42928b18064cf,work,1.0,65,146,88.26751592356688,932.0,1677.0,2609.0,1.0,2.0,reviewed,,1.0,semantic match,False,True
transcript-2026-04-04-1-16-AddSwiftTagDocumentRead,transcript-2026-04-04-1-16-AddSwiftTagDocumentRead:segment-004,commit,1c2bb82cfcda4a8e4043b7e883e42928b18064cf,work,1.0,147,168,23.681528662420384,119.0,0.0,119.0,1.0,2.0,reviewed,,1.0,semantic match,False,True
transcript-2026-04-04-1-16-AddSwiftTagDocumentRead,transcript-2026-04-04-1-16-AddSwiftTagDocumentRead:segment-001,plan,16,direct,1.0,12,48,39.82802547770701,307.0,441.0,748.0,1.0,2.0,reviewed,,1.0,semantic match,True,False
transcript-2026-04-04-1-16-AddSwiftTagDocumentRead,transcript-2026-04-04-1-16-AddSwiftTagDocumentRead:segment-002,plan,16,direct,1.0,49,64,17.222929936305732,31.0,577.0,608.0,1.0,2.0,reviewed,,1.0,semantic match,True,False
transcript-2026-04-04-1-16-AddSwiftTagDocumentRead,transcript-2026-04-04-1-16-AddSwiftTagDocumentRead:segment-003,plan,16,implementation,1.0,65,146,88.26751592356688,932.0,1677.0,2609.0,1.0,2.0,reviewed,,1.0,semantic match,False,True
transcript-2026-04-04-1-16-AddSwiftTagDocumentRead,transcript-2026-04-04-1-16-AddSwiftTagDocumentRead:segment-004,plan,16,implementation,1.0,147,168,23.681528662420384,119.0,0.0,119.0,1.0,2.0,reviewed,,1.0,semantic match,False,True
transcript-2026-04-04-1-17-SwiftTagDocumentReadLiveFileResolution,transcript-2026-04-04-1-17-SwiftTagDocumentReadLiveFileResolution:segment-001,commit,633671ae999d222fba32fde71594440b8b367350,work,1.0,12,42,32.01086956521739,172.0,1312.0,1484.0,1.0,2.0,reviewed,,1.0,semantic match,False,True
transcript-2026-04-04-1-17-SwiftTagDocumentReadLiveFileResolution,transcript-2026-04-04-1-17-SwiftTagDocumentReadLiveFileResolution:segment-009,commit,d0fca7dec639c9bd9845c8efb59147ccd1016e26,work,1.0,278,309,33.04347826086956,322.0,2546.0,2868.0,1.0,2.0,reviewed,,1.0,semantic match,False,True
transcript-2026-04-04-1-17-SwiftTagDocumentReadLiveFileResolution,transcript-2026-04-04-1-17-SwiftTagDocumentReadLiveFileResolution:segment-010,commit,d0fca7dec639c9bd9845c8efb59147ccd1016e26,work,1.0,310,335,26.84782608695652,124.0,278.0,402.0,1.0,2.0,reviewed,,1.0,semantic match,False,True
transcript-2026-04-04-1-17-SwiftTagDocumentReadLiveFileResolution,transcript-2026-04-04-1-17-SwiftTagDocumentReadLiveFileResolution:segment-011,commit,d0fca7dec639c9bd9845c8efb59147ccd1016e26,work,1.0,336,379,45.43478260869565,869.0,0.0,869.0,1.0,2.0,reviewed,,1.0,semantic match,False,True
transcript-2026-04-04-1-17-SwiftTagDocumentReadLiveFileResolution,transcript-2026-04-04-1-17-SwiftTagDocumentReadLiveFileResolution:segment-001,plan,16,implementation,1.0,12,42,32.01086956521739,172.0,1312.0,1484.0,1.0,2.0,reviewed,,1.0,semantic match,False,True
transcript-2026-04-04-1-17-SwiftTagDocumentReadLiveFileResolution,transcript-2026-04-04-1-17-SwiftTagDocumentReadLiveFileResolution:segment-002,plan,16,implementation,1.0,43,81,40.27173913043478,334.0,1551.0,1885.0,1.0,2.0,reviewed,,1.0,semantic match,False,True
transcript-2026-04-04-1-17-SwiftTagDocumentReadLiveFileResolution,transcript-2026-04-04-1-17-SwiftTagDocumentReadLiveFileResolution:segment-003,plan,16,implementation,1.0,82,126,46.46739130434782,436.0,1504.0,1940.0,1.0,2.0,reviewed,,1.0,semantic match,False,True
transcript-2026-04-04-1-17-SwiftTagDocumentReadLiveFileResolution,transcript-2026-04-04-1-17-SwiftTagDocumentReadLiveFileResolution:segment-004,plan,16,implementation,1.0,127,163,38.20652173913043,296.0,3180.0,3476.0,1.0,2.0,reviewed,,1.0,semantic match,False,True
transcript-2026-04-04-1-17-SwiftTagDocumentReadLiveFileResolution,transcript-2026-04-04-1-17-SwiftTagDocumentReadLiveFileResolution:segment-005,plan,16,implementation,1.0,164,189,26.84782608695652,38.0,151.0,189.0,1.0,2.0,reviewed,,1.0,semantic match,False,True
transcript-2026-04-04-1-17-SwiftTagDocumentReadLiveFileResolution,transcript-2026-04-04-1-17-SwiftTagDocumentReadLiveFileResolution:segment-006,plan,16,implementation,1.0,190,219,30.978260869565215,128.0,953.0,1081.0,1.0,2.0,reviewed,,1.0,semantic match,False,True
transcript-2026-04-04-1-17-SwiftTagDocumentReadLiveFileResolution,transcript-2026-04-04-1-17-SwiftTagDocumentReadLiveFileResolution:segment-007,plan,16,implementation,1.0,220,252,34.076086956521735,525.0,297.0,822.0,1.0,2.0,reviewed,,1.0,semantic match,False,True
transcript-2026-04-04-1-17-SwiftTagDocumentReadLiveFileResolution,transcript-2026-04-04-1-17-SwiftTagDocumentReadLiveFileResolution:segment-008,plan,16,implementation,1.0,253,277,25.815217391304344,198.0,1982.0,2180.0,1.0,2.0,reviewed,,1.0,semantic match,False,True
transcript-2026-04-04-1-17-SwiftTagDocumentReadLiveFileResolution,transcript-2026-04-04-1-17-SwiftTagDocumentReadLiveFileResolution:segment-009,plan,17,direct,1.0,278,309,33.04347826086956,322.0,2546.0,2868.0,1.0,2.0,reviewed,,1.0,semantic match,True,False
transcript-2026-04-04-1-17-SwiftTagDocumentReadLiveFileResolution,transcript-2026-04-04-1-17-SwiftTagDocumentReadLiveFileResolution:segment-010,plan,17,direct,1.0,310,335,26.84782608695652,124.0,278.0,402.0,1.0,2.0,reviewed,,1.0,semantic match,True,False
transcript-2026-04-04-1-17-SwiftTagDocumentReadLiveFileResolution,transcript-2026-04-04-1-17-SwiftTagDocumentReadLiveFileResolution:segment-011,plan,17,implementation,1.0,336,379,45.43478260869565,869.0,0.0,869.0,1.0,2.0,reviewed,,1.0,semantic match,False,True
transcript-2026-04-05-1-SwiftTagDocumentReopenFix,transcript-2026-04-05-1-SwiftTagDocumentReopenFix:segment-001,commit,bc1eaf01993b5f6ef2cc64eef0f6dd4fe66824de,work,1.0,12,37,26.91228070175439,235.0,838.0,1073.0,1.0,2.0,reviewed,,1.0,semantic match,False,True
transcript-2026-04-05-1-SwiftTagDocumentReopenFix,transcript-2026-04-05-1-SwiftTagDocumentReopenFix:segment-002,commit,bc1eaf01993b5f6ef2cc64eef0f6dd4fe66824de,work,1.0,38,67,31.05263157894737,291.0,333.0,624.0,1.0,2.0,reviewed,,1.0,semantic match,False,True
transcript-2026-04-05-1-SwiftTagDocumentReopenFix,transcript-2026-04-05-1-SwiftTagDocumentReopenFix:segment-003,commit,bc1eaf01993b5f6ef2cc64eef0f6dd4fe66824de,work,1.0,68,133,68.31578947368422,1843.0,0.0,1843.0,1.0,2.0,reviewed,,1.0,semantic match,False,True
transcript-2026-04-05-1-SwiftTagDocumentReopenFix,transcript-2026-04-05-1-SwiftTagDocumentReopenFix:segment-004,commit,bc1eaf01993b5f6ef2cc64eef0f6dd4fe66824de,work,1.0,134,174,42.438596491228076,221.0,0.0,221.0,1.0,2.0,reviewed,,1.0,semantic match,False,True
transcript-2026-04-05-1-SwiftTagDocumentReopenFix,transcript-2026-04-05-1-SwiftTagDocumentReopenFix:segment-005,commit,bc1eaf01993b5f6ef2cc64eef0f6dd4fe66824de,work,1.0,175,236,64.17543859649123,533.0,0.0,533.0,1.0,2.0,reviewed,,1.0,semantic match,False,True
transcript-2026-04-05-1-SwiftTagDocumentReopenFix,transcript-2026-04-05-1-SwiftTagDocumentReopenFix:segment-006,commit,bc1eaf01993b5f6ef2cc64eef0f6dd4fe66824de,work,1.0,237,353,121.10526315789475,1531.0,0.0,1531.0,1.0,2.0,reviewed,,1.0,semantic match,False,True
transcript-2026-04-05-1-SwiftTagDocumentReopenFix,transcript-2026-04-05-1-SwiftTagDocumentReopenFix:segment-001,plan,16,implementation,1.0,12,37,26.91228070175439,235.0,838.0,1073.0,1.0,2.0,reviewed,,1.0,semantic match,False,True
transcript-2026-04-05-1-SwiftTagDocumentReopenFix,transcript-2026-04-05-1-SwiftTagDocumentReopenFix:segment-002,plan,16,implementation,1.0,38,67,31.05263157894737,291.0,333.0,624.0,1.0,2.0,reviewed,,1.0,semantic match,False,True
transcript-2026-04-05-1-SwiftTagDocumentReopenFix,transcript-2026-04-05-1-SwiftTagDocumentReopenFix:segment-003,plan,16,implementation,1.0,68,133,68.31578947368422,1843.0,0.0,1843.0,1.0,2.0,reviewed,,1.0,semantic match,False,True
transcript-2026-04-05-1-SwiftTagDocumentReopenFix,transcript-2026-04-05-1-SwiftTagDocumentReopenFix:segment-004,plan,16,implementation,1.0,134,174,42.438596491228076,221.0,0.0,221.0,1.0,2.0,reviewed,,1.0,semantic match,False,True
transcript-2026-04-05-1-SwiftTagDocumentReopenFix,transcript-2026-04-05-1-SwiftTagDocumentReopenFix:segment-005,plan,16,implementation,1.0,175,236,64.17543859649123,533.0,0.0,533.0,1.0,2.0,reviewed,,1.0,semantic match,False,True
transcript-2026-04-05-1-SwiftTagDocumentReopenFix,transcript-2026-04-05-1-SwiftTagDocumentReopenFix:segment-006,plan,16,implementation,1.0,237,353,121.10526315789475,1531.0,0.0,1531.0,1.0,2.0,reviewed,,1.0,semantic match,False,True
transcript-2026-04-05-2-AddFlacStatusUpdateFix,transcript-2026-04-05-2-AddFlacStatusUpdateFix:segment-001,commit,575c54bdaeb6d9eda3326eedccc6e2395422094e,work,1.0,12,53,44.558375634517766,696.0,0.0,696.0,1.0,2.0,reviewed,,1.0,semantic match,False,True
transcript-2026-04-05-2-AddFlacStatusUpdateFix,transcript-2026-04-05-2-AddFlacStatusUpdateFix:segment-002,commit,575c54bdaeb6d9eda3326eedccc6e2395422094e,work,1.0,54,65,12.730964467005077,220.0,0.0,220.0,1.0,2.0,reviewed,,1.0,semantic match,False,True
transcript-2026-04-05-2-AddFlacStatusUpdateFix,transcript-2026-04-05-2-AddFlacStatusUpdateFix:segment-003,commit,575c54bdaeb6d9eda3326eedccc6e2395422094e,work,1.0,66,83,19.096446700507613,319.0,0.0,319.0,1.0,2.0,reviewed,,1.0,semantic match,False,True
transcript-2026-04-05-2-AddFlacStatusUpdateFix,transcript-2026-04-05-2-AddFlacStatusUpdateFix:segment-004,commit,575c54bdaeb6d9eda3326eedccc6e2395422094e,work,1.0,84,95,12.730964467005077,22.0,30.0,52.0,1.0,2.0,reviewed,,1.0,semantic match,False,True
transcript-2026-04-05-2-AddFlacStatusUpdateFix,transcript-2026-04-05-2-AddFlacStatusUpdateFix:segment-005,commit,575c54bdaeb6d9eda3326eedccc6e2395422094e,work,1.0,96,125,31.82741116751269,540.0,2341.0,2881.0,1.0,2.0,reviewed,,1.0,semantic match,False,True
transcript-2026-04-05-2-AddFlacStatusUpdateFix,transcript-2026-04-05-2-AddFlacStatusUpdateFix:segment-006,commit,575c54bdaeb6d9eda3326eedccc6e2395422094e,work,1.0,126,151,27.583756345177665,122.0,524.0,646.0,1.0,2.0,reviewed,,1.0,semantic match,False,True
transcript-2026-04-05-2-AddFlacStatusUpdateFix,transcript-2026-04-05-2-AddFlacStatusUpdateFix:segment-007,commit,575c54bdaeb6d9eda3326eedccc6e2395422094e,work,1.0,152,170,20.15736040609137,23.0,1170.0,1193.0,1.0,2.0,reviewed,,1.0,semantic match,False,True
transcript-2026-04-05-2-AddFlacStatusUpdateFix,transcript-2026-04-05-2-AddFlacStatusUpdateFix:segment-008,commit,575c54bdaeb6d9eda3326eedccc6e2395422094e,work,1.0,171,208,40.31472081218274,239.0,0.0,239.0,1.0,2.0,reviewed,,1.0,semantic match,False,True
transcript-2026-04-06-1-18-UpdateWindowTitleText,transcript-2026-04-06-1-18-UpdateWindowTitleText:segment-001,commit,41e60a87d8b66f2a9ba012f5c5d11b525ab7c759,work,1.0,12,49,39.26666666666667,361.0,3819.0,4180.0,1.0,2.0,reviewed,b28-f1,1.0,"Commit creates Plan 18 and contains title/navigation implementation, tests, and follow-up fixes described across transcript.",False,True
transcript-2026-04-06-1-18-UpdateWindowTitleText,transcript-2026-04-06-1-18-UpdateWindowTitleText:segment-002,commit,41e60a87d8b66f2a9ba012f5c5d11b525ab7c759,work,1.0,50,76,27.900000000000002,117.0,41355.0,41472.0,1.0,2.0,reviewed,b28-f1,1.0,"Commit creates Plan 18 and contains title/navigation implementation, tests, and follow-up fixes described across transcript.",False,True
transcript-2026-04-06-1-18-UpdateWindowTitleText,transcript-2026-04-06-1-18-UpdateWindowTitleText:segment-003,commit,41e60a87d8b66f2a9ba012f5c5d11b525ab7c759,work,1.0,77,108,33.06666666666667,53.0,686.0,739.0,1.0,2.0,reviewed,b28-f1,1.0,"Commit creates Plan 18 and contains title/navigation implementation, tests, and follow-up fixes described across transcript.",False,True
transcript-2026-04-06-1-18-UpdateWindowTitleText,transcript-2026-04-06-1-18-UpdateWindowTitleText:segment-004,commit,41e60a87d8b66f2a9ba012f5c5d11b525ab7c759,work,1.0,109,128,20.666666666666668,19.0,556.0,575.0,1.0,2.0,reviewed,b28-f1,1.0,"Commit creates Plan 18 and contains title/navigation implementation, tests, and follow-up fixes described across transcript.",False,True
transcript-2026-04-06-1-18-UpdateWindowTitleText,transcript-2026-04-06-1-18-UpdateWindowTitleText:segment-005,commit,41e60a87d8b66f2a9ba012f5c5d11b525ab7c759,work,1.0,129,168,41.333333333333336,802.0,2364.0,3166.0,1.0,2.0,reviewed,b28-f1,1.0,"Commit creates Plan 18 and contains title/navigation implementation, tests, and follow-up fixes described across transcript.",False,True
transcript-2026-04-06-1-18-UpdateWindowTitleText,transcript-2026-04-06-1-18-UpdateWindowTitleText:segment-006,commit,41e60a87d8b66f2a9ba012f5c5d11b525ab7c759,work,1.0,169,188,20.666666666666668,83.0,1347.0,1430.0,1.0,2.0,reviewed,b28-f1,1.0,"Commit creates Plan 18 and contains title/navigation implementation, tests, and follow-up fixes described across transcript.",False,True
transcript-2026-04-06-1-18-UpdateWindowTitleText,transcript-2026-04-06-1-18-UpdateWindowTitleText:segment-007,commit,41e60a87d8b66f2a9ba012f5c5d11b525ab7c759,work,1.0,189,240,53.73333333333334,1197.0,0.0,1197.0,1.0,2.0,reviewed,b28-f1,1.0,"Commit creates Plan 18 and contains title/navigation implementation, tests, and follow-up fixes described across transcript.",False,True
transcript-2026-04-06-1-18-UpdateWindowTitleText,transcript-2026-04-06-1-18-UpdateWindowTitleText:segment-008,commit,41e60a87d8b66f2a9ba012f5c5d11b525ab7c759,work,1.0,241,260,20.666666666666668,1110.0,0.0,1110.0,1.0,2.0,reviewed,b28-f1,1.0,"Commit creates Plan 18 and contains title/navigation implementation, tests, and follow-up fixes described across transcript.",False,True
transcript-2026-04-06-1-18-UpdateWindowTitleText,transcript-2026-04-06-1-18-UpdateWindowTitleText:segment-009,commit,41e60a87d8b66f2a9ba012f5c5d11b525ab7c759,work,1.0,261,278,18.6,766.0,0.0,766.0,1.0,2.0,reviewed,b28-f1,1.0,"Commit creates Plan 18 and contains title/navigation implementation, tests, and follow-up fixes described across transcript.",False,True
transcript-2026-04-06-1-18-UpdateWindowTitleText,transcript-2026-04-06-1-18-UpdateWindowTitleText:segment-010,commit,41e60a87d8b66f2a9ba012f5c5d11b525ab7c759,work,1.0,279,290,12.400000000000002,1069.0,0.0,1069.0,1.0,2.0,reviewed,b28-f1,1.0,"Commit creates Plan 18 and contains title/navigation implementation, tests, and follow-up fixes described across transcript.",False,True
transcript-2026-04-06-1-18-UpdateWindowTitleText,transcript-2026-04-06-1-18-UpdateWindowTitleText:segment-011,commit,41e60a87d8b66f2a9ba012f5c5d11b525ab7c759,work,1.0,291,320,31.000000000000004,299.0,3153.0,3452.0,1.0,2.0,reviewed,b28-f1,1.0,"Commit creates Plan 18 and contains title/navigation implementation, tests, and follow-up fixes described across transcript.",False,True
transcript-2026-04-06-1-18-UpdateWindowTitleText,transcript-2026-04-06-1-18-UpdateWindowTitleText:segment-012,commit,41e60a87d8b66f2a9ba012f5c5d11b525ab7c759,work,1.0,321,371,52.7,1013.0,0.0,1013.0,1.0,2.0,reviewed,b28-f1,1.0,"Commit creates Plan 18 and contains title/navigation implementation, tests, and follow-up fixes described across transcript.",False,True
transcript-2026-04-06-1-18-UpdateWindowTitleText,transcript-2026-04-06-1-18-UpdateWindowTitleText:segment-001,plan,18,direct,1.0,12,49,39.26666666666667,361.0,3819.0,4180.0,1.0,2.0,reviewed,b28-p1,1.0,"Plan drafting, clarification, test additions, and deferred TODO authoring.",True,False
transcript-2026-04-06-1-18-UpdateWindowTitleText,transcript-2026-04-06-1-18-UpdateWindowTitleText:segment-002,plan,18,direct,1.0,50,76,27.900000000000002,117.0,41355.0,41472.0,1.0,2.0,reviewed,b28-p1,1.0,"Plan drafting, clarification, test additions, and deferred TODO authoring.",True,False
transcript-2026-04-06-1-18-UpdateWindowTitleText,transcript-2026-04-06-1-18-UpdateWindowTitleText:segment-003,plan,18,direct,1.0,77,108,33.06666666666667,53.0,686.0,739.0,1.0,2.0,reviewed,b28-p1,1.0,"Plan drafting, clarification, test additions, and deferred TODO authoring.",True,False
transcript-2026-04-06-1-18-UpdateWindowTitleText,transcript-2026-04-06-1-18-UpdateWindowTitleText:segment-004,plan,18,direct,1.0,109,128,20.666666666666668,19.0,556.0,575.0,1.0,2.0,reviewed,b28-p1,1.0,"Plan drafting, clarification, test additions, and deferred TODO authoring.",True,False
transcript-2026-04-06-1-18-UpdateWindowTitleText,transcript-2026-04-06-1-18-UpdateWindowTitleText:segment-005,plan,18,implementation,1.0,129,168,41.333333333333336,802.0,2364.0,3166.0,1.0,2.0,reviewed,b28-p2,1.0,Plan 18 implementation and regression verification.,False,True
transcript-2026-04-06-1-18-UpdateWindowTitleText,transcript-2026-04-06-1-18-UpdateWindowTitleText:segment-006,plan,18,implementation,1.0,169,188,20.666666666666668,83.0,1347.0,1430.0,1.0,2.0,reviewed,b28-p2,1.0,Plan 18 implementation and regression verification.,False,True
transcript-2026-04-06-1-18-UpdateWindowTitleText,transcript-2026-04-06-1-18-UpdateWindowTitleText:segment-007,plan,18,implementation,1.0,189,240,53.73333333333334,1197.0,0.0,1197.0,1.0,2.0,reviewed,b28-p2,1.0,Plan 18 implementation and regression verification.,False,True
transcript-2026-04-06-1-18-UpdateWindowTitleText,transcript-2026-04-06-1-18-UpdateWindowTitleText:segment-008,plan,18,implementation,1.0,241,260,20.666666666666668,1110.0,0.0,1110.0,1.0,2.0,reviewed,b28-p2,1.0,Plan 18 implementation and regression verification.,False,True
transcript-2026-04-06-1-18-UpdateWindowTitleText,transcript-2026-04-06-1-18-UpdateWindowTitleText:segment-009,plan,18,implementation,1.0,261,278,18.6,766.0,0.0,766.0,1.0,2.0,reviewed,b28-p2,1.0,Plan 18 implementation and regression verification.,False,True
transcript-2026-04-06-1-18-UpdateWindowTitleText,transcript-2026-04-06-1-18-UpdateWindowTitleText:segment-010,plan,18,implementation,1.0,279,290,12.400000000000002,1069.0,0.0,1069.0,1.0,2.0,reviewed,b28-p2,1.0,Plan 18 implementation and regression verification.,False,True
transcript-2026-04-06-1-18-UpdateWindowTitleText,transcript-2026-04-06-1-18-UpdateWindowTitleText:segment-011,plan,18,implementation,1.0,291,320,31.000000000000004,299.0,3153.0,3452.0,1.0,2.0,reviewed,b28-p2,1.0,Plan 18 implementation and regression verification.,False,True
transcript-2026-04-06-1-18-UpdateWindowTitleText,transcript-2026-04-06-1-18-UpdateWindowTitleText:segment-012,plan,18,implementation,1.0,321,371,52.7,1013.0,0.0,1013.0,1.0,2.0,reviewed,b28-p2,1.0,Plan 18 implementation and regression verification.,False,True
transcript-2026-04-06-2-ReuseEmptyEditorIssue,transcript-2026-04-06-2-ReuseEmptyEditorIssue:segment-001,commit,a41be8a2ef85b234f33f4003a47fd3d0117b6e83,work,1.0,12,58,49.72463768115942,335.0,1010.0,1345.0,1.0,2.0,reviewed,b29-f1,0.95,Investigation establishes failed empty-window reuse approach and leads directly to routing policy committed with both transcripts.,False,True
transcript-2026-04-06-2-ReuseEmptyEditorIssue,transcript-2026-04-06-2-ReuseEmptyEditorIssue:segment-002,commit,a41be8a2ef85b234f33f4003a47fd3d0117b6e83,work,1.0,59,88,31.73913043478261,149.0,826.0,975.0,1.0,2.0,reviewed,b29-f1,0.95,Investigation establishes failed empty-window reuse approach and leads directly to routing policy committed with both transcripts.,False,True
transcript-2026-04-06-2-ReuseEmptyEditorIssue,transcript-2026-04-06-2-ReuseEmptyEditorIssue:segment-003,commit,a41be8a2ef85b234f33f4003a47fd3d0117b6e83,work,1.0,89,104,16.92753623188406,225.0,0.0,225.0,1.0,2.0,reviewed,b29-f1,0.95,Investigation establishes failed empty-window reuse approach and leads directly to routing policy committed with both transcripts.,False,True
transcript-2026-04-06-2-ReuseEmptyEditorIssue,transcript-2026-04-06-2-ReuseEmptyEditorIssue:segment-004,commit,a41be8a2ef85b234f33f4003a47fd3d0117b6e83,work,1.0,105,177,77.23188405797102,1763.0,570.0,2333.0,1.0,2.0,reviewed,b29-f1,0.95,Investigation establishes failed empty-window reuse approach and leads directly to routing policy committed with both transcripts.,False,True
transcript-2026-04-06-2-ReuseEmptyEditorIssue,transcript-2026-04-06-2-ReuseEmptyEditorIssue:segment-005,commit,a41be8a2ef85b234f33f4003a47fd3d0117b6e83,work,1.0,178,214,39.14492753623188,236.0,1156.0,1392.0,1.0,2.0,reviewed,b29-f1,0.95,Investigation establishes failed empty-window reuse approach and leads directly to routing policy committed with both transcripts.,False,True
transcript-2026-04-06-2-ReuseEmptyEditorIssue,transcript-2026-04-06-2-ReuseEmptyEditorIssue:segment-006,commit,a41be8a2ef85b234f33f4003a47fd3d0117b6e83,work,1.0,215,218,4.231884057971015,0.0,0.0,0.0,0.0,1.0,reviewed,b29-f1,0.95,Investigation establishes failed empty-window reuse approach and leads directly to routing policy committed with both transcripts.,False,True
transcript-2026-04-06-3-ReuseEmptyEditorIssue,transcript-2026-04-06-3-ReuseEmptyEditorIssue:segment-001,commit,a41be8a2ef85b234f33f4003a47fd3d0117b6e83,work,1.0,12,49,45.6,216.0,1025.0,1241.0,1.0,2.0,reviewed,b30-f1,1.0,Segments match routing policy and UI-test updates in commit.,False,True
transcript-2026-04-06-3-ReuseEmptyEditorIssue,transcript-2026-04-06-3-ReuseEmptyEditorIssue:segment-002,commit,a41be8a2ef85b234f33f4003a47fd3d0117b6e83,work,1.0,50,71,26.4,122.0,0.0,122.0,1.0,2.0,reviewed,b30-f1,1.0,Segments match routing policy and UI-test updates in commit.,False,True
transcript-2026-04-06-4-TestBugFixes,transcript-2026-04-06-4-TestBugFixes:segment-001,commit,19369540b1a2f92b3ab4fd1cedb4db7cefe41498,work,1.0,12,37,28.27737226277372,80.0,769.0,849.0,1.0,2.0,reviewed,b31-f1,1.0,"Commit body enumerates queued Finder opens, title focus, inspector cleanup, and actor-warning fixes in transcript.",False,True
transcript-2026-04-06-4-TestBugFixes,transcript-2026-04-06-4-TestBugFixes:segment-002,commit,19369540b1a2f92b3ab4fd1cedb4db7cefe41498,work,1.0,38,81,47.85401459854014,327.0,245.0,572.0,1.0,2.0,reviewed,b31-f1,1.0,"Commit body enumerates queued Finder opens, title focus, inspector cleanup, and actor-warning fixes in transcript.",False,True
transcript-2026-04-06-4-TestBugFixes,transcript-2026-04-06-4-TestBugFixes:segment-003,commit,19369540b1a2f92b3ab4fd1cedb4db7cefe41498,work,1.0,82,106,27.189781021897808,88.0,155.0,243.0,1.0,2.0,reviewed,b31-f1,1.0,"Commit body enumerates queued Finder opens, title focus, inspector cleanup, and actor-warning fixes in transcript.",False,True
transcript-2026-04-06-4-TestBugFixes,transcript-2026-04-06-4-TestBugFixes:segment-004,commit,19369540b1a2f92b3ab4fd1cedb4db7cefe41498,work,1.0,107,128,23.92700729927007,89.0,323.0,412.0,1.0,2.0,reviewed,b31-f1,1.0,"Commit body enumerates queued Finder opens, title focus, inspector cleanup, and actor-warning fixes in transcript.",False,True
transcript-2026-04-06-4-TestBugFixes,transcript-2026-04-06-4-TestBugFixes:segment-005,commit,19369540b1a2f92b3ab4fd1cedb4db7cefe41498,work,1.0,129,148,21.751824817518248,99.0,0.0,99.0,1.0,2.0,reviewed,b31-f1,1.0,"Commit body enumerates queued Finder opens, title focus, inspector cleanup, and actor-warning fixes in transcript.",False,True
transcript-2026-04-07-1-TrackFileMonitoringFix,transcript-2026-04-07-1-TrackFileMonitoringFix:segment-001,commit,ac6148bb93aa6651ba5884d968f1821e107eef34,work,1.0,12,51,41.86046511627907,480.0,1388.0,1868.0,1.0,2.0,reviewed,b32-f1,1.0,All segments investigate and fix bookmark-backed rename/delete monitoring committed in ac6148b.,False,True
transcript-2026-04-07-1-TrackFileMonitoringFix,transcript-2026-04-07-1-TrackFileMonitoringFix:segment-002,commit,ac6148bb93aa6651ba5884d968f1821e107eef34,work,1.0,52,121,73.25581395348837,2979.0,0.0,2979.0,1.0,2.0,reviewed,b32-f1,1.0,All segments investigate and fix bookmark-backed rename/delete monitoring committed in ac6148b.,False,True
transcript-2026-04-07-1-TrackFileMonitoringFix,transcript-2026-04-07-1-TrackFileMonitoringFix:segment-003,commit,ac6148bb93aa6651ba5884d968f1821e107eef34,work,1.0,122,167,48.139534883720934,1111.0,1258.0,2369.0,1.0,2.0,reviewed,b32-f1,1.0,All segments investigate and fix bookmark-backed rename/delete monitoring committed in ac6148b.,False,True
transcript-2026-04-07-1-TrackFileMonitoringFix,transcript-2026-04-07-1-TrackFileMonitoringFix:segment-004,commit,ac6148bb93aa6651ba5884d968f1821e107eef34,work,1.0,168,189,23.02325581395349,126.0,721.0,847.0,1.0,2.0,reviewed,b32-f1,1.0,All segments investigate and fix bookmark-backed rename/delete monitoring committed in ac6148b.,False,True
transcript-2026-04-07-1-TrackFileMonitoringFix,transcript-2026-04-07-1-TrackFileMonitoringFix:segment-005,commit,ac6148bb93aa6651ba5884d968f1821e107eef34,work,1.0,190,220,32.44186046511628,650.0,599.0,1249.0,1.0,2.0,reviewed,b32-f1,1.0,All segments investigate and fix bookmark-backed rename/delete monitoring committed in ac6148b.,False,True
transcript-2026-04-07-1-TrackFileMonitoringFix,transcript-2026-04-07-1-TrackFileMonitoringFix:segment-006,commit,ac6148bb93aa6651ba5884d968f1821e107eef34,work,1.0,221,269,51.27906976744187,1354.0,0.0,1354.0,1.0,2.0,reviewed,b32-f1,1.0,All segments investigate and fix bookmark-backed rename/delete monitoring committed in ac6148b.,False,True
transcript-2026-04-07-2-DocumentPictureDiffFix,transcript-2026-04-07-2-DocumentPictureDiffFix:segment-001,commit,ec63010015b0d8b4b08f578fb82c8526ce872cc6,work,1.0,12,56,49.86486486486486,1527.0,0.0,1527.0,1.0,2.0,reviewed,b33-f1,1.0,"Segments reproduce, safely rerun, and correct equivalent multi-picture ordering regression.",False,True
transcript-2026-04-07-2-DocumentPictureDiffFix,transcript-2026-04-07-2-DocumentPictureDiffFix:segment-002,commit,ec63010015b0d8b4b08f578fb82c8526ce872cc6,work,1.0,57,78,24.37837837837838,152.0,0.0,152.0,1.0,2.0,reviewed,b33-f1,1.0,"Segments reproduce, safely rerun, and correct equivalent multi-picture ordering regression.",False,True
transcript-2026-04-07-2-DocumentPictureDiffFix,transcript-2026-04-07-2-DocumentPictureDiffFix:segment-003,commit,ec63010015b0d8b4b08f578fb82c8526ce872cc6,work,1.0,79,100,24.37837837837838,602.0,0.0,602.0,1.0,2.0,reviewed,b33-f1,1.0,"Segments reproduce, safely rerun, and correct equivalent multi-picture ordering regression.",False,True
transcript-2026-04-07-2-DocumentPictureDiffFix,transcript-2026-04-07-2-DocumentPictureDiffFix:segment-004,commit,ec63010015b0d8b4b08f578fb82c8526ce872cc6,work,1.0,101,122,24.37837837837838,152.0,0.0,152.0,1.0,2.0,reviewed,b33-f1,1.0,"Segments reproduce, safely rerun, and correct equivalent multi-picture ordering regression.",False,True
transcript-2026-04-07-3-19-AddSwiftTagDocumentSaveOptions,transcript-2026-04-07-3-19-AddSwiftTagDocumentSaveOptions:segment-001,commit,27b4d85ec22c4165acb415ef3929bd10d4c35202,work,1.0,12,53,43.64705882352941,48.0,9116.0,9164.0,1.0,2.0,reviewed,b34-f1,1.0,"Commit contains settings seam, Plan 19, implementation, and UI-dialog test fixes.",False,True
transcript-2026-04-07-3-19-AddSwiftTagDocumentSaveOptions,transcript-2026-04-07-3-19-AddSwiftTagDocumentSaveOptions:segment-002,commit,27b4d85ec22c4165acb415ef3929bd10d4c35202,work,1.0,54,126,75.86274509803923,408.0,5074.0,5482.0,1.0,2.0,reviewed,b34-f1,1.0,"Commit contains settings seam, Plan 19, implementation, and UI-dialog test fixes.",False,True
transcript-2026-04-07-3-19-AddSwiftTagDocumentSaveOptions,transcript-2026-04-07-3-19-AddSwiftTagDocumentSaveOptions:segment-003,commit,27b4d85ec22c4165acb415ef3929bd10d4c35202,work,1.0,127,206,83.13725490196079,1178.0,0.0,1178.0,1.0,2.0,reviewed,b34-f1,1.0,"Commit contains settings seam, Plan 19, implementation, and UI-dialog test fixes.",False,True
transcript-2026-04-07-3-19-AddSwiftTagDocumentSaveOptions,transcript-2026-04-07-3-19-AddSwiftTagDocumentSaveOptions:segment-004,commit,27b4d85ec22c4165acb415ef3929bd10d4c35202,work,1.0,207,240,35.333333333333336,1392.0,0.0,1392.0,1.0,2.0,reviewed,b34-f1,1.0,"Commit contains settings seam, Plan 19, implementation, and UI-dialog test fixes.",False,True
transcript-2026-04-07-3-19-AddSwiftTagDocumentSaveOptions,transcript-2026-04-07-3-19-AddSwiftTagDocumentSaveOptions:segment-005,commit,27b4d85ec22c4165acb415ef3929bd10d4c35202,work,1.0,241,273,34.294117647058826,964.0,0.0,964.0,1.0,2.0,reviewed,b34-f1,1.0,"Commit contains settings seam, Plan 19, implementation, and UI-dialog test fixes.",False,True
transcript-2026-04-07-3-19-AddSwiftTagDocumentSaveOptions,transcript-2026-04-07-3-19-AddSwiftTagDocumentSaveOptions:segment-006,commit,27b4d85ec22c4165acb415ef3929bd10d4c35202,work,1.0,274,317,45.72549019607843,641.0,0.0,641.0,1.0,2.0,reviewed,b34-f1,1.0,"Commit contains settings seam, Plan 19, implementation, and UI-dialog test fixes.",False,True
transcript-2026-04-07-3-19-AddSwiftTagDocumentSaveOptions,transcript-2026-04-07-3-19-AddSwiftTagDocumentSaveOptions:segment-002,plan,19,direct,1.0,54,126,75.86274509803923,408.0,5074.0,5482.0,1.0,2.0,reviewed,b34-p1,1.0,Plan 19 authoring.,True,False
transcript-2026-04-07-3-19-AddSwiftTagDocumentSaveOptions,transcript-2026-04-07-3-19-AddSwiftTagDocumentSaveOptions:segment-001,plan,19,implementation,1.0,12,53,43.64705882352941,48.0,9116.0,9164.0,1.0,2.0,reviewed,b34-p2,1.0,"Plan 19 prerequisite, implementation, and verification.",False,True
transcript-2026-04-07-3-19-AddSwiftTagDocumentSaveOptions,transcript-2026-04-07-3-19-AddSwiftTagDocumentSaveOptions:segment-003,plan,19,implementation,1.0,127,206,83.13725490196079,1178.0,0.0,1178.0,1.0,2.0,reviewed,b34-p2,1.0,"Plan 19 prerequisite, implementation, and verification.",False,True
transcript-2026-04-07-3-19-AddSwiftTagDocumentSaveOptions,transcript-2026-04-07-3-19-AddSwiftTagDocumentSaveOptions:segment-004,plan,19,implementation,1.0,207,240,35.333333333333336,1392.0,0.0,1392.0,1.0,2.0,reviewed,b34-p2,1.0,"Plan 19 prerequisite, implementation, and verification.",False,True
transcript-2026-04-07-3-19-AddSwiftTagDocumentSaveOptions,transcript-2026-04-07-3-19-AddSwiftTagDocumentSaveOptions:segment-005,plan,19,implementation,1.0,241,273,34.294117647058826,964.0,0.0,964.0,1.0,2.0,reviewed,b34-p2,1.0,"Plan 19 prerequisite, implementation, and verification.",False,True
transcript-2026-04-07-3-19-AddSwiftTagDocumentSaveOptions,transcript-2026-04-07-3-19-AddSwiftTagDocumentSaveOptions:segment-006,plan,19,implementation,1.0,274,317,45.72549019607843,641.0,0.0,641.0,1.0,2.0,reviewed,b34-p2,1.0,"Plan 19 prerequisite, implementation, and verification.",False,True
transcript-2026-04-08-1-20-AddSwiftTagDocumentSaveOptions,transcript-2026-04-08-1-20-AddSwiftTagDocumentSaveOptions:segment-001,commit,603c07621916ecd47e1a9faee08d8c32cd6eebdf,work,1.0,12,53,45.76119402985075,174.0,4980.0,5154.0,1.0,2.0,reviewed,b35-f1,1.0,Commit creates Plan 20 and implements close/quit save choices and tests.,False,True
transcript-2026-04-08-1-20-AddSwiftTagDocumentSaveOptions,transcript-2026-04-08-1-20-AddSwiftTagDocumentSaveOptions:segment-002,commit,603c07621916ecd47e1a9faee08d8c32cd6eebdf,work,1.0,54,74,22.880597014925375,70.0,341.0,411.0,1.0,2.0,reviewed,b35-f1,1.0,Commit creates Plan 20 and implements close/quit save choices and tests.,False,True
transcript-2026-04-08-1-20-AddSwiftTagDocumentSaveOptions,transcript-2026-04-08-1-20-AddSwiftTagDocumentSaveOptions:segment-003,commit,603c07621916ecd47e1a9faee08d8c32cd6eebdf,work,1.0,75,119,49.02985074626866,780.0,2375.0,3155.0,1.0,2.0,reviewed,b35-f1,1.0,Commit creates Plan 20 and implements close/quit save choices and tests.,False,True
transcript-2026-04-08-1-20-AddSwiftTagDocumentSaveOptions,transcript-2026-04-08-1-20-AddSwiftTagDocumentSaveOptions:segment-004,commit,603c07621916ecd47e1a9faee08d8c32cd6eebdf,work,1.0,120,145,28.328358208955226,224.0,0.0,224.0,1.0,2.0,reviewed,b35-f1,1.0,Commit creates Plan 20 and implements close/quit save choices and tests.,False,True
transcript-2026-04-08-1-20-AddSwiftTagDocumentSaveOptions,transcript-2026-04-08-1-20-AddSwiftTagDocumentSaveOptions:segment-001,plan,20,direct,1.0,12,53,45.76119402985075,174.0,4980.0,5154.0,1.0,2.0,reviewed,b35-p1,1.0,Plan authoring and confirmed decisions.,True,False
transcript-2026-04-08-1-20-AddSwiftTagDocumentSaveOptions,transcript-2026-04-08-1-20-AddSwiftTagDocumentSaveOptions:segment-002,plan,20,direct,1.0,54,74,22.880597014925375,70.0,341.0,411.0,1.0,2.0,reviewed,b35-p1,1.0,Plan authoring and confirmed decisions.,True,False
transcript-2026-04-08-1-20-AddSwiftTagDocumentSaveOptions,transcript-2026-04-08-1-20-AddSwiftTagDocumentSaveOptions:segment-003,plan,20,implementation,1.0,75,119,49.02985074626866,780.0,2375.0,3155.0,1.0,2.0,reviewed,b35-p2,1.0,Plan 20 implementation and warning cleanup.,False,True
transcript-2026-04-08-1-20-AddSwiftTagDocumentSaveOptions,transcript-2026-04-08-1-20-AddSwiftTagDocumentSaveOptions:segment-004,plan,20,implementation,1.0,120,145,28.328358208955226,224.0,0.0,224.0,1.0,2.0,reviewed,b35-p2,1.0,Plan 20 implementation and warning cleanup.,False,True
transcript-2026-04-09-1-ExternalDifferenceDetectionFix,transcript-2026-04-09-1-ExternalDifferenceDetectionFix:segment-001,commit,92460554b47e6062390266578964fe59fd5af784,work,1.0,12,97,91.375,1645.0,0.0,1645.0,1.0,2.0,reviewed,b36-f1,1.0,Multi-window shared-FLAC regression and deterministic window harness match commit.,False,True
transcript-2026-04-09-1-ExternalDifferenceDetectionFix,transcript-2026-04-09-1-ExternalDifferenceDetectionFix:segment-002,commit,92460554b47e6062390266578964fe59fd5af784,work,1.0,98,143,48.875,426.0,1007.0,1433.0,1.0,2.0,reviewed,b36-f1,1.0,Multi-window shared-FLAC regression and deterministic window harness match commit.,False,True
transcript-2026-04-09-1-ExternalDifferenceDetectionFix,transcript-2026-04-09-1-ExternalDifferenceDetectionFix:segment-003,commit,92460554b47e6062390266578964fe59fd5af784,work,1.0,144,203,63.75,754.0,0.0,754.0,1.0,2.0,reviewed,b36-f1,1.0,Multi-window shared-FLAC regression and deterministic window harness match commit.,False,True
transcript-2026-04-09-2-21-AddSwiftTagDocumentBookmark,transcript-2026-04-09-2-21-AddSwiftTagDocumentBookmark:segment-001,commit,096d27739611fe6d978a8e683283c1ec3de7c030,work,1.0,12,47,38.386740331491715,183.0,13457.0,13640.0,1.0,2.0,reviewed,b37-f1,1.0,Exact URL/truncation request matches standalone preceding commit.,False,True
transcript-2026-04-09-2-21-AddSwiftTagDocumentBookmark,transcript-2026-04-09-2-21-AddSwiftTagDocumentBookmark:segment-002,commit,561817a4bca220d705273d6744f1e5756cec418f,work,1.0,48,98,54.38121546961326,403.0,1790.0,2193.0,1.0,2.0,reviewed,b37-f2,1.0,Plan 21 drafting and bookmark/security-scope implementation.,False,True
transcript-2026-04-09-2-21-AddSwiftTagDocumentBookmark,transcript-2026-04-09-2-21-AddSwiftTagDocumentBookmark:segment-003,commit,561817a4bca220d705273d6744f1e5756cec418f,work,1.0,99,152,57.58011049723757,1073.0,1633.0,2706.0,1.0,2.0,reviewed,b37-f2,1.0,Plan 21 drafting and bookmark/security-scope implementation.,False,True
transcript-2026-04-09-2-21-AddSwiftTagDocumentBookmark,transcript-2026-04-09-2-21-AddSwiftTagDocumentBookmark:segment-004,commit,561817a4bca220d705273d6744f1e5756cec418f,work,1.0,153,192,42.65193370165746,789.0,0.0,789.0,1.0,2.0,reviewed,b37-f2,1.0,Plan 21 drafting and bookmark/security-scope implementation.,False,True
transcript-2026-04-09-2-21-AddSwiftTagDocumentBookmark,transcript-2026-04-09-2-21-AddSwiftTagDocumentBookmark:segment-002,plan,21,direct,1.0,48,98,54.38121546961326,403.0,1790.0,2193.0,1.0,2.0,reviewed,b37-p1,1.0,Plan 21 authoring.,True,False
transcript-2026-04-09-2-21-AddSwiftTagDocumentBookmark,transcript-2026-04-09-2-21-AddSwiftTagDocumentBookmark:segment-003,plan,21,implementation,1.0,99,152,57.58011049723757,1073.0,1633.0,2706.0,1.0,2.0,reviewed,b37-p2,1.0,Plan 21 implementation and moved-document save fix.,False,True
transcript-2026-04-09-2-21-AddSwiftTagDocumentBookmark,transcript-2026-04-09-2-21-AddSwiftTagDocumentBookmark:segment-004,plan,21,implementation,1.0,153,192,42.65193370165746,789.0,0.0,789.0,1.0,2.0,reviewed,b37-p2,1.0,Plan 21 implementation and moved-document save fix.,False,True
transcript-2026-04-10-1-LaunchOpenFlacOrDocFix,transcript-2026-04-10-1-LaunchOpenFlacOrDocFix:segment-001,commit,3c4cfff64ee127631152a551713977c1ad5a40dd,work,1.0,12,55,56.0,1126.0,0.0,1126.0,1.0,2.0,reviewed,b38-f1,1.0,Exact Finder launch-window regression fixed by commit.,False,True
transcript-2026-04-10-2-22-AddSwiftTagDocumentSaveOptions,transcript-2026-04-10-2-22-AddSwiftTagDocumentSaveOptions:segment-001,commit,4e470f0885282d2dfa9bcfc38252ea229589132c,work,1.0,12,63,56.588235294117645,560.0,352.0,912.0,1.0,2.0,reviewed,b39-f1,1.0,Plan 22 creation and bookmark-URL track-list divergence implementation.,False,True
transcript-2026-04-10-2-22-AddSwiftTagDocumentSaveOptions,transcript-2026-04-10-2-22-AddSwiftTagDocumentSaveOptions:segment-002,commit,4e470f0885282d2dfa9bcfc38252ea229589132c,work,1.0,64,111,52.23529411764706,1470.0,1189.0,2659.0,1.0,2.0,reviewed,b39-f1,1.0,Plan 22 creation and bookmark-URL track-list divergence implementation.,False,True
transcript-2026-04-10-2-22-AddSwiftTagDocumentSaveOptions,transcript-2026-04-10-2-22-AddSwiftTagDocumentSaveOptions:segment-003,commit,4e470f0885282d2dfa9bcfc38252ea229589132c,work,1.0,112,147,39.17647058823529,741.0,0.0,741.0,1.0,2.0,reviewed,b39-f1,1.0,Plan 22 creation and bookmark-URL track-list divergence implementation.,False,True
transcript-2026-04-10-2-22-AddSwiftTagDocumentSaveOptions,transcript-2026-04-10-2-22-AddSwiftTagDocumentSaveOptions:segment-001,plan,22,direct,1.0,12,63,56.588235294117645,560.0,352.0,912.0,1.0,2.0,reviewed,b39-p1,1.0,Plan 22 authoring.,True,False
transcript-2026-04-10-2-22-AddSwiftTagDocumentSaveOptions,transcript-2026-04-10-2-22-AddSwiftTagDocumentSaveOptions:segment-002,plan,22,implementation,1.0,64,111,52.23529411764706,1470.0,1189.0,2659.0,1.0,2.0,reviewed,b39-p2,1.0,"Plan review, implementation, and comparator correction.",False,True
transcript-2026-04-10-2-22-AddSwiftTagDocumentSaveOptions,transcript-2026-04-10-2-22-AddSwiftTagDocumentSaveOptions:segment-003,plan,22,implementation,1.0,112,147,39.17647058823529,741.0,0.0,741.0,1.0,2.0,reviewed,b39-p2,1.0,"Plan review, implementation, and comparator correction.",False,True
transcript-2026-04-10-3-AddSwiftTagDocumentSwiftTags,transcript-2026-04-10-3-AddSwiftTagDocumentSwiftTags:segment-001,commit,454258cb9db98ff57199e91810c74d771038a613,work,1.0,12,49,43.24137931034483,236.0,1934.0,2170.0,1.0,2.0,reviewed,b40-f1,1.0,Exact noTracks removal request matches standalone commit.,False,True
transcript-2026-04-10-3-AddSwiftTagDocumentSwiftTags,transcript-2026-04-10-3-AddSwiftTagDocumentSwiftTags:segment-002,commit,cfba5a1a7b93b8e01d1e1b806a8db413e207ae55,work,1.0,50,70,23.896551724137932,45.0,0.0,45.0,1.0,2.0,reviewed,b40-f2,1.0,SwiftTags plist metadata implementation and tests match commit.,False,True
transcript-2026-04-10-3-AddSwiftTagDocumentSwiftTags,transcript-2026-04-10-3-AddSwiftTagDocumentSwiftTags:segment-003,commit,cfba5a1a7b93b8e01d1e1b806a8db413e207ae55,work,1.0,71,98,31.862068965517242,324.0,0.0,324.0,1.0,2.0,reviewed,b40-f2,1.0,SwiftTags plist metadata implementation and tests match commit.,False,True
transcript-2026-04-10-4-CompilationDisabledAndDiffFix,transcript-2026-04-10-4-CompilationDisabledAndDiffFix:segment-001,commit,29c8eed7decacebe51ab53c9150e9b5b86cd9f3b,work,1.0,12,55,49.44329896907217,673.0,838.0,1511.0,1.0,2.0,reviewed,b41-f1,1.0,Disabled compilation checkbox diagnosis and locked-track fix match commit.,False,True
transcript-2026-04-10-4-CompilationDisabledAndDiffFix,transcript-2026-04-10-4-CompilationDisabledAndDiffFix:segment-002,commit,29c8eed7decacebe51ab53c9150e9b5b86cd9f3b,work,1.0,56,108,59.55670103092783,561.0,0.0,561.0,1.0,2.0,reviewed,b41-f1,1.0,Disabled compilation checkbox diagnosis and locked-track fix match commit.,False,True
transcript-2026-04-11-1-23-AddSwiftTagDocumentQuickLook,transcript-2026-04-11-1-23-AddSwiftTagDocumentQuickLook:segment-001,commit,f195e03db1cd290792f99f8b880bb69995e28921,work,1.0,12,79,71.0,755.0,50021.0,50776.0,1.0,2.0,reviewed,b42-f1,1.0,Commit creates Plan 23 and implements/refines Quick Look extension.,False,True
transcript-2026-04-11-1-23-AddSwiftTagDocumentQuickLook,transcript-2026-04-11-1-23-AddSwiftTagDocumentQuickLook:segment-002,commit,f195e03db1cd290792f99f8b880bb69995e28921,work,1.0,80,163,87.70588235294119,7545.0,0.0,7545.0,1.0,2.0,reviewed,b42-f1,1.0,Commit creates Plan 23 and implements/refines Quick Look extension.,False,True
transcript-2026-04-11-1-23-AddSwiftTagDocumentQuickLook,transcript-2026-04-11-1-23-AddSwiftTagDocumentQuickLook:segment-003,commit,f195e03db1cd290792f99f8b880bb69995e28921,work,1.0,164,207,45.94117647058824,220.0,2913.0,3133.0,1.0,2.0,reviewed,b42-f1,1.0,Commit creates Plan 23 and implements/refines Quick Look extension.,False,True
transcript-2026-04-11-1-23-AddSwiftTagDocumentQuickLook,transcript-2026-04-11-1-23-AddSwiftTagDocumentQuickLook:segment-004,commit,f195e03db1cd290792f99f8b880bb69995e28921,work,1.0,208,235,29.23529411764706,201.0,3677.0,3878.0,1.0,2.0,reviewed,b42-f1,1.0,Commit creates Plan 23 and implements/refines Quick Look extension.,False,True
transcript-2026-04-11-1-23-AddSwiftTagDocumentQuickLook,transcript-2026-04-11-1-23-AddSwiftTagDocumentQuickLook:segment-005,commit,f195e03db1cd290792f99f8b880bb69995e28921,work,1.0,236,283,50.117647058823536,349.0,0.0,349.0,1.0,2.0,reviewed,b42-f1,1.0,Commit creates Plan 23 and implements/refines Quick Look extension.,False,True
transcript-2026-04-11-1-23-AddSwiftTagDocumentQuickLook,transcript-2026-04-11-1-23-AddSwiftTagDocumentQuickLook:segment-001,plan,23,direct,1.0,12,79,71.0,755.0,50021.0,50776.0,1.0,2.0,reviewed,b42-p1,1.0,Plan 23 authoring and Apple API research.,True,False
transcript-2026-04-11-1-23-AddSwiftTagDocumentQuickLook,transcript-2026-04-11-1-23-AddSwiftTagDocumentQuickLook:segment-002,plan,23,implementation,1.0,80,163,87.70588235294119,7545.0,0.0,7545.0,1.0,2.0,reviewed,b42-p2,1.0,"Plan 23 implementation, test repair, size refinement, and bitmap reply conversion.",False,True
transcript-2026-04-11-1-23-AddSwiftTagDocumentQuickLook,transcript-2026-04-11-1-23-AddSwiftTagDocumentQuickLook:segment-003,plan,23,implementation,1.0,164,207,45.94117647058824,220.0,2913.0,3133.0,1.0,2.0,reviewed,b42-p2,1.0,"Plan 23 implementation, test repair, size refinement, and bitmap reply conversion.",False,True
transcript-2026-04-11-1-23-AddSwiftTagDocumentQuickLook,transcript-2026-04-11-1-23-AddSwiftTagDocumentQuickLook:segment-004,plan,23,implementation,1.0,208,235,29.23529411764706,201.0,3677.0,3878.0,1.0,2.0,reviewed,b42-p2,1.0,"Plan 23 implementation, test repair, size refinement, and bitmap reply conversion.",False,True
transcript-2026-04-11-1-23-AddSwiftTagDocumentQuickLook,transcript-2026-04-11-1-23-AddSwiftTagDocumentQuickLook:segment-005,plan,23,implementation,1.0,236,283,50.117647058823536,349.0,0.0,349.0,1.0,2.0,reviewed,b42-p2,1.0,"Plan 23 implementation, test repair, size refinement, and bitmap reply conversion.",False,True
transcript-2026-04-12-1-24-AddTrackDurationInfo,transcript-2026-04-12-1-24-AddTrackDurationInfo:segment-001,commit,b70f6625e06280784004190bcabafe04c96086d3,work,1.0,12,83,76.34170854271358,494.0,532.0,1026.0,1.0,2.0,reviewed,b43-f1,1.0,Commit creates/revises Plan 24 and implements FLAC duration end to end.,False,True
transcript-2026-04-12-1-24-AddTrackDurationInfo,transcript-2026-04-12-1-24-AddTrackDurationInfo:segment-002,commit,b70f6625e06280784004190bcabafe04c96086d3,work,1.0,84,129,48.77386934673367,561.0,14143.0,14704.0,1.0,2.0,reviewed,b43-f1,1.0,Commit creates/revises Plan 24 and implements FLAC duration end to end.,False,True
transcript-2026-04-12-1-24-AddTrackDurationInfo,transcript-2026-04-12-1-24-AddTrackDurationInfo:segment-003,commit,b70f6625e06280784004190bcabafe04c96086d3,work,1.0,130,156,28.628140703517587,143.0,816.0,959.0,1.0,2.0,reviewed,b43-f1,1.0,Commit creates/revises Plan 24 and implements FLAC duration end to end.,False,True
transcript-2026-04-12-1-24-AddTrackDurationInfo,transcript-2026-04-12-1-24-AddTrackDurationInfo:segment-004,commit,b70f6625e06280784004190bcabafe04c96086d3,work,1.0,157,178,23.326633165829147,68.0,193.0,261.0,1.0,2.0,reviewed,b43-f1,1.0,Commit creates/revises Plan 24 and implements FLAC duration end to end.,False,True
transcript-2026-04-12-1-24-AddTrackDurationInfo,transcript-2026-04-12-1-24-AddTrackDurationInfo:segment-005,commit,b70f6625e06280784004190bcabafe04c96086d3,work,1.0,179,210,33.92964824120603,907.0,0.0,907.0,1.0,2.0,reviewed,b43-f1,1.0,Commit creates/revises Plan 24 and implements FLAC duration end to end.,False,True
transcript-2026-04-12-1-24-AddTrackDurationInfo,transcript-2026-04-12-1-24-AddTrackDurationInfo:segment-001,plan,24,direct,1.0,12,83,76.34170854271358,494.0,532.0,1026.0,1.0,2.0,reviewed,b43-p1,1.0,"Plan drafting, review, confirmed decisions, and terminology updates.",True,False
transcript-2026-04-12-1-24-AddTrackDurationInfo,transcript-2026-04-12-1-24-AddTrackDurationInfo:segment-002,plan,24,direct,1.0,84,129,48.77386934673367,561.0,14143.0,14704.0,1.0,2.0,reviewed,b43-p1,1.0,"Plan drafting, review, confirmed decisions, and terminology updates.",True,False
transcript-2026-04-12-1-24-AddTrackDurationInfo,transcript-2026-04-12-1-24-AddTrackDurationInfo:segment-003,plan,24,direct,1.0,130,156,28.628140703517587,143.0,816.0,959.0,1.0,2.0,reviewed,b43-p1,1.0,"Plan drafting, review, confirmed decisions, and terminology updates.",True,False
transcript-2026-04-12-1-24-AddTrackDurationInfo,transcript-2026-04-12-1-24-AddTrackDurationInfo:segment-004,plan,24,direct,1.0,157,178,23.326633165829147,68.0,193.0,261.0,1.0,2.0,reviewed,b43-p1,1.0,"Plan drafting, review, confirmed decisions, and terminology updates.",True,False
transcript-2026-04-12-1-24-AddTrackDurationInfo,transcript-2026-04-12-1-24-AddTrackDurationInfo:segment-005,plan,24,implementation,1.0,179,210,33.92964824120603,907.0,0.0,907.0,1.0,2.0,reviewed,b43-p2,1.0,Plan 24 implementation.,False,True
transcript-2026-04-14-1-25-AddPictureDescriptionEdit,transcript-2026-04-14-1-25-AddPictureDescriptionEdit:segment-001,commit,36c5b18642e6568ca15e897dcae9132a6907e9db,work,1.0,12,79,69.79340659340659,858.0,5060.0,5918.0,1.0,2.0,reviewed,b44-f1,1.0,"Plan 25 creation, description editor implementation, scoped overlay work, and test harness refinements.",False,True
transcript-2026-04-14-1-25-AddPictureDescriptionEdit,transcript-2026-04-14-1-25-AddPictureDescriptionEdit:segment-002,commit,36c5b18642e6568ca15e897dcae9132a6907e9db,work,1.0,80,169,92.37362637362637,4224.0,0.0,4224.0,1.0,2.0,reviewed,b44-f1,1.0,"Plan 25 creation, description editor implementation, scoped overlay work, and test harness refinements.",False,True
transcript-2026-04-14-1-25-AddPictureDescriptionEdit,transcript-2026-04-14-1-25-AddPictureDescriptionEdit:segment-003,commit,36c5b18642e6568ca15e897dcae9132a6907e9db,work,1.0,170,195,26.685714285714283,332.0,18898.0,19230.0,1.0,2.0,reviewed,b44-f1,1.0,"Plan 25 creation, description editor implementation, scoped overlay work, and test harness refinements.",False,True
transcript-2026-04-14-1-25-AddPictureDescriptionEdit,transcript-2026-04-14-1-25-AddPictureDescriptionEdit:segment-004,commit,36c5b18642e6568ca15e897dcae9132a6907e9db,work,1.0,196,288,95.45274725274724,2110.0,0.0,2110.0,1.0,2.0,reviewed,b44-f1,1.0,"Plan 25 creation, description editor implementation, scoped overlay work, and test harness refinements.",False,True
transcript-2026-04-14-1-25-AddPictureDescriptionEdit,transcript-2026-04-14-1-25-AddPictureDescriptionEdit:segment-005,commit,36c5b18642e6568ca15e897dcae9132a6907e9db,work,1.0,289,332,45.160439560439556,1232.0,0.0,1232.0,1.0,2.0,reviewed,b44-f1,1.0,"Plan 25 creation, description editor implementation, scoped overlay work, and test harness refinements.",False,True
transcript-2026-04-14-1-25-AddPictureDescriptionEdit,transcript-2026-04-14-1-25-AddPictureDescriptionEdit:segment-006,commit,36c5b18642e6568ca15e897dcae9132a6907e9db,work,1.0,333,354,22.580219780219778,592.0,0.0,592.0,1.0,2.0,reviewed,b44-f1,1.0,"Plan 25 creation, description editor implementation, scoped overlay work, and test harness refinements.",False,True
transcript-2026-04-14-1-25-AddPictureDescriptionEdit,transcript-2026-04-14-1-25-AddPictureDescriptionEdit:segment-007,commit,36c5b18642e6568ca15e897dcae9132a6907e9db,work,1.0,355,400,47.21318681318681,1696.0,42562.0,44258.0,1.0,2.0,reviewed,b44-f1,1.0,"Plan 25 creation, description editor implementation, scoped overlay work, and test harness refinements.",False,True
transcript-2026-04-14-1-25-AddPictureDescriptionEdit,transcript-2026-04-14-1-25-AddPictureDescriptionEdit:segment-008,commit,4a07659704ab091a117b882a027635c12af8294c,work,1.0,401,428,28.738461538461536,851.0,6623.0,7474.0,1.0,2.0,reviewed,b44-f2,1.0,Internal/external presentation and status-icon follow-up exactly match commit.,False,True
transcript-2026-04-14-1-25-AddPictureDescriptionEdit,transcript-2026-04-14-1-25-AddPictureDescriptionEdit:segment-009,commit,4a07659704ab091a117b882a027635c12af8294c,work,1.0,429,466,39.0021978021978,837.0,0.0,837.0,1.0,2.0,reviewed,b44-f2,1.0,Internal/external presentation and status-icon follow-up exactly match commit.,False,True
transcript-2026-04-14-1-25-AddPictureDescriptionEdit,transcript-2026-04-14-1-25-AddPictureDescriptionEdit:segment-001,plan,25,direct,1.0,12,79,69.79340659340659,858.0,5060.0,5918.0,1.0,2.0,reviewed,b44-p1,1.0,Plan 25 authoring.,True,False
transcript-2026-04-14-1-25-AddPictureDescriptionEdit,transcript-2026-04-14-1-25-AddPictureDescriptionEdit:segment-002,plan,25,implementation,1.0,80,169,92.37362637362637,4224.0,0.0,4224.0,1.0,2.0,reviewed,b44-p2,1.0,Plan 25 implementation and immediate regression follow-up.,False,True
transcript-2026-04-14-1-25-AddPictureDescriptionEdit,transcript-2026-04-14-1-25-AddPictureDescriptionEdit:segment-003,plan,25,implementation,1.0,170,195,26.685714285714283,332.0,18898.0,19230.0,1.0,2.0,reviewed,b44-p2,1.0,Plan 25 implementation and immediate regression follow-up.,False,True
transcript-2026-04-14-1-25-AddPictureDescriptionEdit,transcript-2026-04-14-1-25-AddPictureDescriptionEdit:segment-004,plan,25,implementation,1.0,196,288,95.45274725274724,2110.0,0.0,2110.0,1.0,2.0,reviewed,b44-p2,1.0,Plan 25 implementation and immediate regression follow-up.,False,True
transcript-2026-04-14-1-25-AddPictureDescriptionEdit,transcript-2026-04-14-1-25-AddPictureDescriptionEdit:segment-005,plan,25,implementation,1.0,289,332,45.160439560439556,1232.0,0.0,1232.0,1.0,2.0,reviewed,b44-p2,1.0,Plan 25 implementation and immediate regression follow-up.,False,True
transcript-2026-04-14-1-25-AddPictureDescriptionEdit,transcript-2026-04-14-1-25-AddPictureDescriptionEdit:segment-006,plan,25,implementation,1.0,333,354,22.580219780219778,592.0,0.0,592.0,1.0,2.0,reviewed,b44-p2,1.0,Plan 25 implementation and immediate regression follow-up.,False,True
transcript-2026-04-14-1-25-AddPictureDescriptionEdit,transcript-2026-04-14-1-25-AddPictureDescriptionEdit:segment-007,plan,25,implementation,1.0,355,400,47.21318681318681,1696.0,42562.0,44258.0,1.0,2.0,reviewed,b44-p2,1.0,Plan 25 implementation and immediate regression follow-up.,False,True
transcript-2026-04-14-1-25-AddPictureDescriptionEdit,transcript-2026-04-14-1-25-AddPictureDescriptionEdit:segment-008,plan,25,implementation,1.0,401,428,28.738461538461536,851.0,6623.0,7474.0,1.0,2.0,reviewed,b44-p2,1.0,Plan 25 implementation and immediate regression follow-up.,False,True
transcript-2026-04-14-1-25-AddPictureDescriptionEdit,transcript-2026-04-14-1-25-AddPictureDescriptionEdit:segment-009,plan,25,implementation,1.0,429,466,39.0021978021978,837.0,0.0,837.0,1.0,2.0,reviewed,b44-p2,1.0,Plan 25 implementation and immediate regression follow-up.,False,True
transcript-2026-04-16-1-InternalExternalDiffUpdateFix,transcript-2026-04-16-1-InternalExternalDiffUpdateFix:segment-001,commit,352ff8c562657dc7ed4c0171d4448bdda0bec559,work,1.0,12,27,16.88479262672811,368.0,0.0,368.0,1.0,2.0,reviewed,b45-f1,1.0,Commit body covers test construction and picture diff state across refresh/rename/open flows.,False,True
transcript-2026-04-16-1-InternalExternalDiffUpdateFix,transcript-2026-04-16-1-InternalExternalDiffUpdateFix:segment-002,commit,352ff8c562657dc7ed4c0171d4448bdda0bec559,work,1.0,28,56,30.6036866359447,132.0,911.0,1043.0,1.0,2.0,reviewed,b45-f1,1.0,Commit body covers test construction and picture diff state across refresh/rename/open flows.,False,True
transcript-2026-04-16-1-InternalExternalDiffUpdateFix,transcript-2026-04-16-1-InternalExternalDiffUpdateFix:segment-003,commit,352ff8c562657dc7ed4c0171d4448bdda0bec559,work,1.0,57,95,41.15668202764977,714.0,5808.0,6522.0,1.0,2.0,reviewed,b45-f1,1.0,Commit body covers test construction and picture diff state across refresh/rename/open flows.,False,True
transcript-2026-04-16-1-InternalExternalDiffUpdateFix,transcript-2026-04-16-1-InternalExternalDiffUpdateFix:segment-004,commit,352ff8c562657dc7ed4c0171d4448bdda0bec559,work,1.0,96,144,51.70967741935484,450.0,3666.0,4116.0,1.0,2.0,reviewed,b45-f1,1.0,Commit body covers test construction and picture diff state across refresh/rename/open flows.,False,True
transcript-2026-04-16-1-InternalExternalDiffUpdateFix,transcript-2026-04-16-1-InternalExternalDiffUpdateFix:segment-005,commit,352ff8c562657dc7ed4c0171d4448bdda0bec559,work,1.0,145,177,34.824884792626726,194.0,1128.0,1322.0,1.0,2.0,reviewed,b45-f1,1.0,Commit body covers test construction and picture diff state across refresh/rename/open flows.,False,True
transcript-2026-04-16-1-InternalExternalDiffUpdateFix,transcript-2026-04-16-1-InternalExternalDiffUpdateFix:segment-006,commit,352ff8c562657dc7ed4c0171d4448bdda0bec559,work,1.0,178,228,53.82027649769585,1190.0,0.0,1190.0,1.0,2.0,reviewed,b45-f1,1.0,Commit body covers test construction and picture diff state across refresh/rename/open flows.,False,True
transcript-2026-04-16-1-InternalExternalDiffUpdateFix,transcript-2026-04-16-1-InternalExternalDiffUpdateFix:segment-003,plan,25,implementation,1.0,57,95,41.15668202764977,714.0,5808.0,6522.0,1.0,2.0,reviewed,b45-p1,0.9,Regression work preserves Plan 25 internal/external picture-state behavior; initial Finder-test repair is unrelated.,False,True
transcript-2026-04-16-1-InternalExternalDiffUpdateFix,transcript-2026-04-16-1-InternalExternalDiffUpdateFix:segment-004,plan,25,implementation,1.0,96,144,51.70967741935484,450.0,3666.0,4116.0,1.0,2.0,reviewed,b45-p1,0.9,Regression work preserves Plan 25 internal/external picture-state behavior; initial Finder-test repair is unrelated.,False,True
transcript-2026-04-16-1-InternalExternalDiffUpdateFix,transcript-2026-04-16-1-InternalExternalDiffUpdateFix:segment-005,plan,25,implementation,1.0,145,177,34.824884792626726,194.0,1128.0,1322.0,1.0,2.0,reviewed,b45-p1,0.9,Regression work preserves Plan 25 internal/external picture-state behavior; initial Finder-test repair is unrelated.,False,True
transcript-2026-04-16-1-InternalExternalDiffUpdateFix,transcript-2026-04-16-1-InternalExternalDiffUpdateFix:segment-006,plan,25,implementation,1.0,178,228,53.82027649769585,1190.0,0.0,1190.0,1.0,2.0,reviewed,b45-p1,0.9,Regression work preserves Plan 25 internal/external picture-state behavior; initial Finder-test repair is unrelated.,False,True
transcript-2026-04-17-1-InternalExternalDiffDocUpdateFix,transcript-2026-04-17-1-InternalExternalDiffDocUpdateFix:segment-001,commit,f23c8a089f6d5549a597e0635ff808b203a25766,work,1.0,12,48,39.361702127659576,1157.0,0.0,1157.0,1.0,2.0,reviewed,b46-f1,1.0,All segments build and stabilize reopened-document external picture-diff UI regression committed in f23c8a0.,False,True
transcript-2026-04-17-1-InternalExternalDiffDocUpdateFix,transcript-2026-04-17-1-InternalExternalDiffDocUpdateFix:segment-002,commit,f23c8a089f6d5549a597e0635ff808b203a25766,work,1.0,49,64,17.02127659574468,652.0,0.0,652.0,1.0,2.0,reviewed,b46-f1,1.0,All segments build and stabilize reopened-document external picture-diff UI regression committed in f23c8a0.,False,True
transcript-2026-04-17-1-InternalExternalDiffDocUpdateFix,transcript-2026-04-17-1-InternalExternalDiffDocUpdateFix:segment-003,commit,f23c8a089f6d5549a597e0635ff808b203a25766,work,1.0,65,80,17.02127659574468,290.0,0.0,290.0,1.0,2.0,reviewed,b46-f1,1.0,All segments build and stabilize reopened-document external picture-diff UI regression committed in f23c8a0.,False,True
transcript-2026-04-17-1-InternalExternalDiffDocUpdateFix,transcript-2026-04-17-1-InternalExternalDiffDocUpdateFix:segment-004,commit,f23c8a089f6d5549a597e0635ff808b203a25766,work,1.0,81,119,41.48936170212766,878.0,0.0,878.0,1.0,2.0,reviewed,b46-f1,1.0,All segments build and stabilize reopened-document external picture-diff UI regression committed in f23c8a0.,False,True
transcript-2026-04-17-1-InternalExternalDiffDocUpdateFix,transcript-2026-04-17-1-InternalExternalDiffDocUpdateFix:segment-005,commit,f23c8a089f6d5549a597e0635ff808b203a25766,work,1.0,120,153,36.170212765957444,750.0,0.0,750.0,1.0,2.0,reviewed,b46-f1,1.0,All segments build and stabilize reopened-document external picture-diff UI regression committed in f23c8a0.,False,True
transcript-2026-04-17-1-InternalExternalDiffDocUpdateFix,transcript-2026-04-17-1-InternalExternalDiffDocUpdateFix:segment-006,commit,f23c8a089f6d5549a597e0635ff808b203a25766,work,1.0,154,199,48.93617021276596,560.0,0.0,560.0,1.0,2.0,reviewed,b46-f1,1.0,All segments build and stabilize reopened-document external picture-diff UI regression committed in f23c8a0.,False,True
transcript-2026-04-17-1-InternalExternalDiffDocUpdateFix,transcript-2026-04-17-1-InternalExternalDiffDocUpdateFix:segment-001,plan,25,implementation,1.0,12,48,39.361702127659576,1157.0,0.0,1157.0,1.0,2.0,reviewed,b46-p1,0.95,Follow-up implementation preserves Plan 25 slot-level picture-difference behavior.,False,True
transcript-2026-04-17-1-InternalExternalDiffDocUpdateFix,transcript-2026-04-17-1-InternalExternalDiffDocUpdateFix:segment-002,plan,25,implementation,1.0,49,64,17.02127659574468,652.0,0.0,652.0,1.0,2.0,reviewed,b46-p1,0.95,Follow-up implementation preserves Plan 25 slot-level picture-difference behavior.,False,True
transcript-2026-04-17-1-InternalExternalDiffDocUpdateFix,transcript-2026-04-17-1-InternalExternalDiffDocUpdateFix:segment-003,plan,25,implementation,1.0,65,80,17.02127659574468,290.0,0.0,290.0,1.0,2.0,reviewed,b46-p1,0.95,Follow-up implementation preserves Plan 25 slot-level picture-difference behavior.,False,True
transcript-2026-04-17-1-InternalExternalDiffDocUpdateFix,transcript-2026-04-17-1-InternalExternalDiffDocUpdateFix:segment-004,plan,25,implementation,1.0,81,119,41.48936170212766,878.0,0.0,878.0,1.0,2.0,reviewed,b46-p1,0.95,Follow-up implementation preserves Plan 25 slot-level picture-difference behavior.,False,True
transcript-2026-04-17-1-InternalExternalDiffDocUpdateFix,transcript-2026-04-17-1-InternalExternalDiffDocUpdateFix:segment-005,plan,25,implementation,1.0,120,153,36.170212765957444,750.0,0.0,750.0,1.0,2.0,reviewed,b46-p1,0.95,Follow-up implementation preserves Plan 25 slot-level picture-difference behavior.,False,True
transcript-2026-04-17-1-InternalExternalDiffDocUpdateFix,transcript-2026-04-17-1-InternalExternalDiffDocUpdateFix:segment-006,plan,25,implementation,1.0,154,199,48.93617021276596,560.0,0.0,560.0,1.0,2.0,reviewed,b46-p1,0.95,Follow-up implementation preserves Plan 25 slot-level picture-difference behavior.,False,True
transcript-2026-04-18-1-26-AddAppleScriptSupport,transcript-2026-04-18-1-26-AddAppleScriptSupport:segment-001,commit,192eaacabaecbe09ee3ee59d935f0d3ab2d86a02,work,1.0,12,215,210.6341463414634,459.0,105085.0,105544.0,1.0,2.0,reviewed,confirmed-26-planning,1.0,Plan 26 authoring segment; confirmed direct planning Commit.,False,True
transcript-2026-04-18-1-26-AddAppleScriptSupport,transcript-2026-04-18-1-26-AddAppleScriptSupport:segment-002,commit,777706cf1432bcd9bbd0ff1d145469d038b76fd3,work,1.0,216,270,56.78861788617886,1079.0,0.0,1079.0,1.0,2.0,reviewed,confirmed-26-implementation,1.0,Plan 26 implementation and verification segments; confirmed implementation Commit.,False,True
transcript-2026-04-18-1-26-AddAppleScriptSupport,transcript-2026-04-18-1-26-AddAppleScriptSupport:segment-003,commit,777706cf1432bcd9bbd0ff1d145469d038b76fd3,work,1.0,271,309,40.26829268292683,208.0,2202.0,2410.0,1.0,2.0,reviewed,confirmed-26-implementation,1.0,Plan 26 implementation and verification segments; confirmed implementation Commit.,False,True
transcript-2026-04-18-1-26-AddAppleScriptSupport,transcript-2026-04-18-1-26-AddAppleScriptSupport:segment-004,commit,777706cf1432bcd9bbd0ff1d145469d038b76fd3,work,1.0,310,380,73.3089430894309,879.0,0.0,879.0,1.0,2.0,reviewed,confirmed-26-implementation,1.0,Plan 26 implementation and verification segments; confirmed implementation Commit.,False,True
transcript-2026-04-18-1-26-AddAppleScriptSupport,transcript-2026-04-18-1-26-AddAppleScriptSupport:segment-001,plan,26,direct,1.0,12,215,210.6341463414634,459.0,105085.0,105544.0,1.0,2.0,reviewed,b47-p1,1.0,Confirmed Plan 26 direct-only planning share.,True,False
transcript-2026-04-18-1-26-AddAppleScriptSupport,transcript-2026-04-18-1-26-AddAppleScriptSupport:segment-002,plan,26,implementation,1.0,216,270,56.78861788617886,1079.0,0.0,1079.0,1.0,2.0,reviewed,b47-p2,1.0,Initial and open/save AppleScript implementation shares.,False,True
transcript-2026-04-18-1-26-AddAppleScriptSupport,transcript-2026-04-18-1-26-AddAppleScriptSupport:segment-003,plan,26,implementation,1.0,271,309,40.26829268292683,208.0,2202.0,2410.0,1.0,2.0,reviewed,b47-p2,1.0,Initial and open/save AppleScript implementation shares.,False,True
transcript-2026-04-18-1-26-AddAppleScriptSupport,transcript-2026-04-18-1-26-AddAppleScriptSupport:segment-004,plan,26,implementation,1.0,310,380,73.3089430894309,879.0,0.0,879.0,1.0,2.0,reviewed,b47-p2,1.0,Initial and open/save AppleScript implementation shares.,False,True
transcript-2026-04-20-1-26-AddAppleScriptSupport,transcript-2026-04-20-1-26-AddAppleScriptSupport:segment-001,commit,bee209c217c6b5fa2c4eaddbddcab99101ee589a,work,1.0,12,188,186.92523364485982,990.0,16575.0,17565.0,1.0,2.0,reviewed,b48-f1,1.0,"Track add, selection/property access, and synchronous import refactor match bee209c; no 2026-04-21 work edge.",False,True
transcript-2026-04-20-1-26-AddAppleScriptSupport,transcript-2026-04-20-1-26-AddAppleScriptSupport:segment-002,commit,bee209c217c6b5fa2c4eaddbddcab99101ee589a,work,1.0,189,225,39.074766355140184,252.0,0.0,252.0,1.0,2.0,reviewed,b48-f1,1.0,"Track add, selection/property access, and synchronous import refactor match bee209c; no 2026-04-21 work edge.",False,True
transcript-2026-04-20-1-26-AddAppleScriptSupport,transcript-2026-04-20-1-26-AddAppleScriptSupport:segment-001,plan,26,implementation,1.0,12,188,186.92523364485982,990.0,16575.0,17565.0,1.0,2.0,reviewed,b48-p1,1.0,Plan 26 track scripting implementation.,False,True
transcript-2026-04-20-1-26-AddAppleScriptSupport,transcript-2026-04-20-1-26-AddAppleScriptSupport:segment-002,plan,26,implementation,1.0,189,225,39.074766355140184,252.0,0.0,252.0,1.0,2.0,reviewed,b48-p1,1.0,Plan 26 track scripting implementation.,False,True
transcript-2026-04-21-1-26-AddAppleScriptSupport,transcript-2026-04-21-1-26-AddAppleScriptSupport:segment-001,commit,5866685bcbe463804d3efa4fb258029bf961207a,work,1.0,12,60,54.6,741.0,2206.0,2947.0,1.0,2.0,reviewed,b49-f1,1.0,Lines 12-60 are stream-info persistence work; confirmed 5866685 association.,False,True
transcript-2026-04-21-1-26-AddAppleScriptSupport,transcript-2026-04-21-1-26-AddAppleScriptSupport:segment-002,commit,859a8f570b718d332f3f3814fc621280ae0f077e,work,1.0,61,97,41.22857142857143,494.0,3056.0,3550.0,1.0,2.0,reviewed,b49-f2,1.0,Lines 61-116 are AppleScript fingerprint/audio properties and shared fingerprint helper work.,False,True
transcript-2026-04-21-1-26-AddAppleScriptSupport,transcript-2026-04-21-1-26-AddAppleScriptSupport:segment-003,commit,859a8f570b718d332f3f3814fc621280ae0f077e,work,1.0,98,116,21.17142857142857,79.0,0.0,79.0,1.0,2.0,reviewed,b49-f2,1.0,Lines 61-116 are AppleScript fingerprint/audio properties and shared fingerprint helper work.,False,True
transcript-2026-04-21-1-26-AddAppleScriptSupport,transcript-2026-04-21-1-26-AddAppleScriptSupport:segment-002,plan,26,implementation,1.0,61,97,41.22857142857143,494.0,3056.0,3550.0,1.0,2.0,reviewed,b49-p1,1.0,Plan 26 AppleScript audio/fingerprint implementation; stream-info prerequisite remains outside Plan lens.,False,True
transcript-2026-04-21-1-26-AddAppleScriptSupport,transcript-2026-04-21-1-26-AddAppleScriptSupport:segment-003,plan,26,implementation,1.0,98,116,21.17142857142857,79.0,0.0,79.0,1.0,2.0,reviewed,b49-p1,1.0,Plan 26 AppleScript audio/fingerprint implementation; stream-info prerequisite remains outside Plan lens.,False,True
transcript-2026-04-22-1-26-AddAppleScriptSupport,transcript-2026-04-22-1-26-AddAppleScriptSupport:segment-001,commit,0c2d38575541a8dada750da08698d78e75a4d3f0,work,1.0,12,123,125.0,1613.0,0.0,1613.0,1.0,2.0,reviewed,b50-f1,1.0,Tag scripting implementation lines 12-123; archive provenance remains separate zero-work structural role.,False,True
transcript-2026-04-22-1-26-AddAppleScriptSupport,transcript-2026-04-22-1-26-AddAppleScriptSupport:segment-001,plan,26,implementation,1.0,12,123,125.0,1613.0,0.0,1613.0,1.0,2.0,reviewed,b50-p1,1.0,Plan 26 standard tag scripting implementation.,False,True
transcript-2026-04-22-2-26-AddAppleScriptSupport,transcript-2026-04-22-2-26-AddAppleScriptSupport:segment-001,commit,2298c43c00492de67ad920a395d3ec7a8c8fb722,work,1.0,12,21,11.083333333333334,483.0,0.0,483.0,1.0,2.0,reviewed,b51-f1,1.0,Whitespace-invalid tag normalization and ALBUMARTIST separation match commit.,False,True
transcript-2026-04-22-2-26-AddAppleScriptSupport,transcript-2026-04-22-2-26-AddAppleScriptSupport:segment-002,commit,2298c43c00492de67ad920a395d3ec7a8c8fb722,work,1.0,22,68,52.09166666666667,357.0,3567.0,3924.0,1.0,2.0,reviewed,b51-f1,1.0,Whitespace-invalid tag normalization and ALBUMARTIST separation match commit.,False,True
transcript-2026-04-22-2-26-AddAppleScriptSupport,transcript-2026-04-22-2-26-AddAppleScriptSupport:segment-003,commit,2298c43c00492de67ad920a395d3ec7a8c8fb722,work,1.0,69,86,19.950000000000003,171.0,1092.0,1263.0,1.0,2.0,reviewed,b51-f1,1.0,Whitespace-invalid tag normalization and ALBUMARTIST separation match commit.,False,True
transcript-2026-04-22-2-26-AddAppleScriptSupport,transcript-2026-04-22-2-26-AddAppleScriptSupport:segment-004,commit,2298c43c00492de67ad920a395d3ec7a8c8fb722,work,1.0,87,108,24.383333333333333,386.0,0.0,386.0,1.0,2.0,reviewed,b51-f1,1.0,Whitespace-invalid tag normalization and ALBUMARTIST separation match commit.,False,True
transcript-2026-04-22-2-26-AddAppleScriptSupport,transcript-2026-04-22-2-26-AddAppleScriptSupport:segment-005,commit,2298c43c00492de67ad920a395d3ec7a8c8fb722,work,1.0,109,131,25.491666666666667,235.0,0.0,235.0,1.0,2.0,reviewed,b51-f1,1.0,Whitespace-invalid tag normalization and ALBUMARTIST separation match commit.,False,True
transcript-2026-04-22-2-26-AddAppleScriptSupport,transcript-2026-04-22-2-26-AddAppleScriptSupport:segment-001,plan,26,implementation,1.0,12,21,11.083333333333334,483.0,0.0,483.0,1.0,2.0,reviewed,b51-p1,1.0,Plan 26 tag-key semantics implementation.,False,True
transcript-2026-04-22-2-26-AddAppleScriptSupport,transcript-2026-04-22-2-26-AddAppleScriptSupport:segment-002,plan,26,implementation,1.0,22,68,52.09166666666667,357.0,3567.0,3924.0,1.0,2.0,reviewed,b51-p1,1.0,Plan 26 tag-key semantics implementation.,False,True
transcript-2026-04-22-2-26-AddAppleScriptSupport,transcript-2026-04-22-2-26-AddAppleScriptSupport:segment-003,plan,26,implementation,1.0,69,86,19.950000000000003,171.0,1092.0,1263.0,1.0,2.0,reviewed,b51-p1,1.0,Plan 26 tag-key semantics implementation.,False,True
transcript-2026-04-22-2-26-AddAppleScriptSupport,transcript-2026-04-22-2-26-AddAppleScriptSupport:segment-004,plan,26,implementation,1.0,87,108,24.383333333333333,386.0,0.0,386.0,1.0,2.0,reviewed,b51-p1,1.0,Plan 26 tag-key semantics implementation.,False,True
transcript-2026-04-22-2-26-AddAppleScriptSupport,transcript-2026-04-22-2-26-AddAppleScriptSupport:segment-005,plan,26,implementation,1.0,109,131,25.491666666666667,235.0,0.0,235.0,1.0,2.0,reviewed,b51-p1,1.0,Plan 26 tag-key semantics implementation.,False,True
transcript-2026-04-23-1-26-AddAppleScriptSupport,transcript-2026-04-23-1-26-AddAppleScriptSupport:segment-001,commit,d65459355d32c58116293e4f6cce8a759b6d67f5,work,1.0,12,90,88.25225225225225,1071.0,479.0,1550.0,1.0,2.0,reviewed,b52-f1,1.0,Editor-window FLAC save scripting and actor-warning cleanup match commit.,False,True
transcript-2026-04-23-1-26-AddAppleScriptSupport,transcript-2026-04-23-1-26-AddAppleScriptSupport:segment-002,commit,d65459355d32c58116293e4f6cce8a759b6d67f5,work,1.0,91,122,35.747747747747745,146.0,0.0,146.0,1.0,2.0,reviewed,b52-f1,1.0,Editor-window FLAC save scripting and actor-warning cleanup match commit.,False,True
transcript-2026-04-23-1-26-AddAppleScriptSupport,transcript-2026-04-23-1-26-AddAppleScriptSupport:segment-001,plan,26,implementation,1.0,12,90,88.25225225225225,1071.0,479.0,1550.0,1.0,2.0,reviewed,b52-p1,1.0,Plan 26 FLAC-save scripting implementation.,False,True
transcript-2026-04-23-1-26-AddAppleScriptSupport,transcript-2026-04-23-1-26-AddAppleScriptSupport:segment-002,plan,26,implementation,1.0,91,122,35.747747747747745,146.0,0.0,146.0,1.0,2.0,reviewed,b52-p1,1.0,Plan 26 FLAC-save scripting implementation.,False,True
transcript-2026-04-23-2-26-AddAppleScriptSupport,transcript-2026-04-23-2-26-AddAppleScriptSupport:segment-001,commit,546e43d639eb9d7eceb46aa966b8a592b187b12c,work,1.0,12,39,28.58054226475279,1069.0,0.0,1069.0,1.0,2.0,reviewed,b53-f1,1.0,"Selected-track list/filter semantics, ordering, and osascript harness investigation match commit and guide update.",False,True
transcript-2026-04-23-2-26-AddAppleScriptSupport,transcript-2026-04-23-2-26-AddAppleScriptSupport:segment-002,commit,546e43d639eb9d7eceb46aa966b8a592b187b12c,work,1.0,40,80,41.85007974481658,655.0,1978.0,2633.0,1.0,2.0,reviewed,b53-f1,1.0,"Selected-track list/filter semantics, ordering, and osascript harness investigation match commit and guide update.",False,True
transcript-2026-04-23-2-26-AddAppleScriptSupport,transcript-2026-04-23-2-26-AddAppleScriptSupport:segment-003,commit,546e43d639eb9d7eceb46aa966b8a592b187b12c,work,1.0,81,139,60.22328548644337,273.0,2236.0,2509.0,1.0,2.0,reviewed,b53-f1,1.0,"Selected-track list/filter semantics, ordering, and osascript harness investigation match commit and guide update.",False,True
transcript-2026-04-23-2-26-AddAppleScriptSupport,transcript-2026-04-23-2-26-AddAppleScriptSupport:segment-004,commit,546e43d639eb9d7eceb46aa966b8a592b187b12c,work,1.0,140,200,62.264752791068574,274.0,1418.0,1692.0,1.0,2.0,reviewed,b53-f1,1.0,"Selected-track list/filter semantics, ordering, and osascript harness investigation match commit and guide update.",False,True
transcript-2026-04-23-2-26-AddAppleScriptSupport,transcript-2026-04-23-2-26-AddAppleScriptSupport:segment-005,commit,546e43d639eb9d7eceb46aa966b8a592b187b12c,work,1.0,201,249,50.01594896331738,956.0,0.0,956.0,1.0,2.0,reviewed,b53-f1,1.0,"Selected-track list/filter semantics, ordering, and osascript harness investigation match commit and guide update.",False,True
transcript-2026-04-23-2-26-AddAppleScriptSupport,transcript-2026-04-23-2-26-AddAppleScriptSupport:segment-006,commit,546e43d639eb9d7eceb46aa966b8a592b187b12c,work,1.0,250,279,30.622009569377987,19.0,1053.0,1072.0,1.0,2.0,reviewed,b53-f1,1.0,"Selected-track list/filter semantics, ordering, and osascript harness investigation match commit and guide update.",False,True
transcript-2026-04-23-2-26-AddAppleScriptSupport,transcript-2026-04-23-2-26-AddAppleScriptSupport:segment-007,commit,546e43d639eb9d7eceb46aa966b8a592b187b12c,work,1.0,280,334,56.14035087719298,315.0,393.0,708.0,1.0,2.0,reviewed,b53-f1,1.0,"Selected-track list/filter semantics, ordering, and osascript harness investigation match commit and guide update.",False,True
transcript-2026-04-23-2-26-AddAppleScriptSupport,transcript-2026-04-23-2-26-AddAppleScriptSupport:segment-008,commit,546e43d639eb9d7eceb46aa966b8a592b187b12c,work,1.0,335,423,90.84529505582137,1755.0,8975.0,10730.0,1.0,2.0,reviewed,b53-f1,1.0,"Selected-track list/filter semantics, ordering, and osascript harness investigation match commit and guide update.",False,True
transcript-2026-04-23-2-26-AddAppleScriptSupport,transcript-2026-04-23-2-26-AddAppleScriptSupport:segment-009,commit,546e43d639eb9d7eceb46aa966b8a592b187b12c,work,1.0,424,515,93.90749601275917,1309.0,10290.0,11599.0,1.0,2.0,reviewed,b53-f1,1.0,"Selected-track list/filter semantics, ordering, and osascript harness investigation match commit and guide update.",False,True
transcript-2026-04-23-2-26-AddAppleScriptSupport,transcript-2026-04-23-2-26-AddAppleScriptSupport:segment-010,commit,546e43d639eb9d7eceb46aa966b8a592b187b12c,work,1.0,516,567,53.07814992025518,821.0,1848.0,2669.0,1.0,2.0,reviewed,b53-f1,1.0,"Selected-track list/filter semantics, ordering, and osascript harness investigation match commit and guide update.",False,True
transcript-2026-04-23-2-26-AddAppleScriptSupport,transcript-2026-04-23-2-26-AddAppleScriptSupport:segment-011,commit,546e43d639eb9d7eceb46aa966b8a592b187b12c,work,1.0,568,638,72.47208931419458,848.0,0.0,848.0,1.0,2.0,reviewed,b53-f1,1.0,"Selected-track list/filter semantics, ordering, and osascript harness investigation match commit and guide update.",False,True
transcript-2026-04-23-2-26-AddAppleScriptSupport,transcript-2026-04-23-2-26-AddAppleScriptSupport:segment-001,plan,26,implementation,1.0,12,39,28.58054226475279,1069.0,0.0,1069.0,1.0,2.0,reviewed,b53-p1,1.0,Plan 26 selected-track and scripting harness implementation.,False,True
transcript-2026-04-23-2-26-AddAppleScriptSupport,transcript-2026-04-23-2-26-AddAppleScriptSupport:segment-002,plan,26,implementation,1.0,40,80,41.85007974481658,655.0,1978.0,2633.0,1.0,2.0,reviewed,b53-p1,1.0,Plan 26 selected-track and scripting harness implementation.,False,True
transcript-2026-04-23-2-26-AddAppleScriptSupport,transcript-2026-04-23-2-26-AddAppleScriptSupport:segment-003,plan,26,implementation,1.0,81,139,60.22328548644337,273.0,2236.0,2509.0,1.0,2.0,reviewed,b53-p1,1.0,Plan 26 selected-track and scripting harness implementation.,False,True
transcript-2026-04-23-2-26-AddAppleScriptSupport,transcript-2026-04-23-2-26-AddAppleScriptSupport:segment-004,plan,26,implementation,1.0,140,200,62.264752791068574,274.0,1418.0,1692.0,1.0,2.0,reviewed,b53-p1,1.0,Plan 26 selected-track and scripting harness implementation.,False,True
transcript-2026-04-23-2-26-AddAppleScriptSupport,transcript-2026-04-23-2-26-AddAppleScriptSupport:segment-005,plan,26,implementation,1.0,201,249,50.01594896331738,956.0,0.0,956.0,1.0,2.0,reviewed,b53-p1,1.0,Plan 26 selected-track and scripting harness implementation.,False,True
transcript-2026-04-23-2-26-AddAppleScriptSupport,transcript-2026-04-23-2-26-AddAppleScriptSupport:segment-006,plan,26,implementation,1.0,250,279,30.622009569377987,19.0,1053.0,1072.0,1.0,2.0,reviewed,b53-p1,1.0,Plan 26 selected-track and scripting harness implementation.,False,True
transcript-2026-04-23-2-26-AddAppleScriptSupport,transcript-2026-04-23-2-26-AddAppleScriptSupport:segment-007,plan,26,implementation,1.0,280,334,56.14035087719298,315.0,393.0,708.0,1.0,2.0,reviewed,b53-p1,1.0,Plan 26 selected-track and scripting harness implementation.,False,True
transcript-2026-04-23-2-26-AddAppleScriptSupport,transcript-2026-04-23-2-26-AddAppleScriptSupport:segment-008,plan,26,implementation,1.0,335,423,90.84529505582137,1755.0,8975.0,10730.0,1.0,2.0,reviewed,b53-p1,1.0,Plan 26 selected-track and scripting harness implementation.,False,True
transcript-2026-04-23-2-26-AddAppleScriptSupport,transcript-2026-04-23-2-26-AddAppleScriptSupport:segment-009,plan,26,implementation,1.0,424,515,93.90749601275917,1309.0,10290.0,11599.0,1.0,2.0,reviewed,b53-p1,1.0,Plan 26 selected-track and scripting harness implementation.,False,True
transcript-2026-04-23-2-26-AddAppleScriptSupport,transcript-2026-04-23-2-26-AddAppleScriptSupport:segment-010,plan,26,implementation,1.0,516,567,53.07814992025518,821.0,1848.0,2669.0,1.0,2.0,reviewed,b53-p1,1.0,Plan 26 selected-track and scripting harness implementation.,False,True
transcript-2026-04-23-2-26-AddAppleScriptSupport,transcript-2026-04-23-2-26-AddAppleScriptSupport:segment-011,plan,26,implementation,1.0,568,638,72.47208931419458,848.0,0.0,848.0,1.0,2.0,reviewed,b53-p1,1.0,Plan 26 selected-track and scripting harness implementation.,False,True
transcript-2026-04-24-1-26-AddAppleScriptSupport,transcript-2026-04-24-1-26-AddAppleScriptSupport:segment-001,commit,c02d65544f4b09ec7b1fa8ca3e5e15204fdd1795,work,1.0,12,78,69.3477088948787,559.0,5716.0,6275.0,1.0,2.0,reviewed,b54-f1,1.0,Writable track property request and tests match settable-properties commit.,False,True
transcript-2026-04-24-1-26-AddAppleScriptSupport,transcript-2026-04-24-1-26-AddAppleScriptSupport:segment-002,commit,95957dd6350042cf04715f42d75a708d22bd4af1,work,1.0,79,164,89.01347708894879,1184.0,0.0,1184.0,1.0,2.0,reviewed,b54-f2,1.0,"Enum-based save/close, sandboxed harness repair, terminology sync, and testing-guide update match commit.",False,True
transcript-2026-04-24-1-26-AddAppleScriptSupport,transcript-2026-04-24-1-26-AddAppleScriptSupport:segment-003,commit,95957dd6350042cf04715f42d75a708d22bd4af1,work,1.0,165,178,14.49056603773585,153.0,0.0,153.0,1.0,2.0,reviewed,b54-f2,1.0,"Enum-based save/close, sandboxed harness repair, terminology sync, and testing-guide update match commit.",False,True
transcript-2026-04-24-1-26-AddAppleScriptSupport,transcript-2026-04-24-1-26-AddAppleScriptSupport:segment-004,commit,95957dd6350042cf04715f42d75a708d22bd4af1,work,1.0,179,198,20.70080862533693,19.0,804.0,823.0,1.0,2.0,reviewed,b54-f2,1.0,"Enum-based save/close, sandboxed harness repair, terminology sync, and testing-guide update match commit.",False,True
transcript-2026-04-24-1-26-AddAppleScriptSupport,transcript-2026-04-24-1-26-AddAppleScriptSupport:segment-005,commit,95957dd6350042cf04715f42d75a708d22bd4af1,work,1.0,199,222,24.840970350404312,410.0,0.0,410.0,1.0,2.0,reviewed,b54-f2,1.0,"Enum-based save/close, sandboxed harness repair, terminology sync, and testing-guide update match commit.",False,True
transcript-2026-04-24-1-26-AddAppleScriptSupport,transcript-2026-04-24-1-26-AddAppleScriptSupport:segment-006,commit,95957dd6350042cf04715f42d75a708d22bd4af1,work,1.0,223,281,61.06738544474394,1095.0,17456.0,18551.0,1.0,2.0,reviewed,b54-f2,1.0,"Enum-based save/close, sandboxed harness repair, terminology sync, and testing-guide update match commit.",False,True
transcript-2026-04-24-1-26-AddAppleScriptSupport,transcript-2026-04-24-1-26-AddAppleScriptSupport:segment-007,commit,95957dd6350042cf04715f42d75a708d22bd4af1,work,1.0,282,303,22.770889487870623,989.0,0.0,989.0,1.0,2.0,reviewed,b54-f2,1.0,"Enum-based save/close, sandboxed harness repair, terminology sync, and testing-guide update match commit.",False,True
transcript-2026-04-24-1-26-AddAppleScriptSupport,transcript-2026-04-24-1-26-AddAppleScriptSupport:segment-008,commit,95957dd6350042cf04715f42d75a708d22bd4af1,work,1.0,304,355,53.82210242587601,252.0,3804.0,4056.0,1.0,2.0,reviewed,b54-f2,1.0,"Enum-based save/close, sandboxed harness repair, terminology sync, and testing-guide update match commit.",False,True
transcript-2026-04-24-1-26-AddAppleScriptSupport,transcript-2026-04-24-1-26-AddAppleScriptSupport:segment-009,commit,95957dd6350042cf04715f42d75a708d22bd4af1,work,1.0,356,382,27.946091644204852,86.0,0.0,86.0,1.0,2.0,reviewed,b54-f2,1.0,"Enum-based save/close, sandboxed harness repair, terminology sync, and testing-guide update match commit.",False,True
transcript-2026-04-24-1-26-AddAppleScriptSupport,transcript-2026-04-24-1-26-AddAppleScriptSupport:segment-001,plan,26,implementation,1.0,12,78,69.3477088948787,559.0,5716.0,6275.0,1.0,2.0,reviewed,b54-p1,1.0,Plan 26 writable-property and enum save/close implementation.,False,True
transcript-2026-04-24-1-26-AddAppleScriptSupport,transcript-2026-04-24-1-26-AddAppleScriptSupport:segment-002,plan,26,implementation,1.0,79,164,89.01347708894879,1184.0,0.0,1184.0,1.0,2.0,reviewed,b54-p1,1.0,Plan 26 writable-property and enum save/close implementation.,False,True
transcript-2026-04-24-1-26-AddAppleScriptSupport,transcript-2026-04-24-1-26-AddAppleScriptSupport:segment-003,plan,26,implementation,1.0,165,178,14.49056603773585,153.0,0.0,153.0,1.0,2.0,reviewed,b54-p1,1.0,Plan 26 writable-property and enum save/close implementation.,False,True
transcript-2026-04-24-1-26-AddAppleScriptSupport,transcript-2026-04-24-1-26-AddAppleScriptSupport:segment-004,plan,26,implementation,1.0,179,198,20.70080862533693,19.0,804.0,823.0,1.0,2.0,reviewed,b54-p1,1.0,Plan 26 writable-property and enum save/close implementation.,False,True
transcript-2026-04-24-1-26-AddAppleScriptSupport,transcript-2026-04-24-1-26-AddAppleScriptSupport:segment-005,plan,26,implementation,1.0,199,222,24.840970350404312,410.0,0.0,410.0,1.0,2.0,reviewed,b54-p1,1.0,Plan 26 writable-property and enum save/close implementation.,False,True
transcript-2026-04-24-1-26-AddAppleScriptSupport,transcript-2026-04-24-1-26-AddAppleScriptSupport:segment-006,plan,26,implementation,1.0,223,281,61.06738544474394,1095.0,17456.0,18551.0,1.0,2.0,reviewed,b54-p1,1.0,Plan 26 writable-property and enum save/close implementation.,False,True
transcript-2026-04-24-1-26-AddAppleScriptSupport,transcript-2026-04-24-1-26-AddAppleScriptSupport:segment-007,plan,26,implementation,1.0,282,303,22.770889487870623,989.0,0.0,989.0,1.0,2.0,reviewed,b54-p1,1.0,Plan 26 writable-property and enum save/close implementation.,False,True
transcript-2026-04-24-1-26-AddAppleScriptSupport,transcript-2026-04-24-1-26-AddAppleScriptSupport:segment-008,plan,26,implementation,1.0,304,355,53.82210242587601,252.0,3804.0,4056.0,1.0,2.0,reviewed,b54-p1,1.0,Plan 26 writable-property and enum save/close implementation.,False,True
transcript-2026-04-24-1-26-AddAppleScriptSupport,transcript-2026-04-24-1-26-AddAppleScriptSupport:segment-009,plan,26,implementation,1.0,356,382,27.946091644204852,86.0,0.0,86.0,1.0,2.0,reviewed,b54-p1,1.0,Plan 26 writable-property and enum save/close implementation.,False,True
transcript-2026-04-28-1-26-AddAppleScriptSupport,transcript-2026-04-28-1-26-AddAppleScriptSupport:segment-001,commit,11ba78598b25840b5e415e7410b8df4b75c964c5,work,1.0,12,156,150.0945945945946,2124.0,0.0,2124.0,1.0,2.0,reviewed,review-c:transcript-2026-04-28-1-26-AddAppleScriptSupport:feature:01,1.0,Segment meaning matches 11ba785: feat(applescript): expose FLAC pictures to scripts,False,True
transcript-2026-04-28-1-26-AddAppleScriptSupport,transcript-2026-04-28-1-26-AddAppleScriptSupport:segment-002,commit,11ba78598b25840b5e415e7410b8df4b75c964c5,work,1.0,157,174,18.632432432432434,459.0,0.0,459.0,1.0,2.0,reviewed,review-c:transcript-2026-04-28-1-26-AddAppleScriptSupport:feature:01,1.0,Segment meaning matches 11ba785: feat(applescript): expose FLAC pictures to scripts,False,True
transcript-2026-04-28-1-26-AddAppleScriptSupport,transcript-2026-04-28-1-26-AddAppleScriptSupport:segment-003,commit,11ba78598b25840b5e415e7410b8df4b75c964c5,work,1.0,175,196,22.772972972972976,684.0,0.0,684.0,1.0,2.0,reviewed,review-c:transcript-2026-04-28-1-26-AddAppleScriptSupport:feature:01,1.0,Segment meaning matches 11ba785: feat(applescript): expose FLAC pictures to scripts,False,True
transcript-2026-04-28-1-26-AddAppleScriptSupport,transcript-2026-04-28-1-26-AddAppleScriptSupport:segment-004,commit,11ba78598b25840b5e415e7410b8df4b75c964c5,work,1.0,197,236,41.40540540540541,134.0,4167.0,4301.0,1.0,2.0,reviewed,review-c:transcript-2026-04-28-1-26-AddAppleScriptSupport:feature:01,1.0,Segment meaning matches 11ba785: feat(applescript): expose FLAC pictures to scripts,False,True
transcript-2026-04-28-1-26-AddAppleScriptSupport,transcript-2026-04-28-1-26-AddAppleScriptSupport:segment-005,commit,11ba78598b25840b5e415e7410b8df4b75c964c5,work,1.0,237,276,41.40540540540541,496.0,2416.0,2912.0,1.0,2.0,reviewed,review-c:transcript-2026-04-28-1-26-AddAppleScriptSupport:feature:01,1.0,Segment meaning matches 11ba785: feat(applescript): expose FLAC pictures to scripts,False,True
transcript-2026-04-28-1-26-AddAppleScriptSupport,transcript-2026-04-28-1-26-AddAppleScriptSupport:segment-006,commit,11ba78598b25840b5e415e7410b8df4b75c964c5,work,1.0,277,310,35.1945945945946,621.0,0.0,621.0,1.0,2.0,reviewed,review-c:transcript-2026-04-28-1-26-AddAppleScriptSupport:feature:01,1.0,Segment meaning matches 11ba785: feat(applescript): expose FLAC pictures to scripts,False,True
transcript-2026-04-28-1-26-AddAppleScriptSupport,transcript-2026-04-28-1-26-AddAppleScriptSupport:segment-007,commit,11ba78598b25840b5e415e7410b8df4b75c964c5,work,1.0,311,324,14.491891891891893,96.0,0.0,96.0,1.0,2.0,reviewed,review-c:transcript-2026-04-28-1-26-AddAppleScriptSupport:feature:01,1.0,Segment meaning matches 11ba785: feat(applescript): expose FLAC pictures to scripts,False,True
transcript-2026-04-28-1-26-AddAppleScriptSupport,transcript-2026-04-28-1-26-AddAppleScriptSupport:segment-008,commit,11ba78598b25840b5e415e7410b8df4b75c964c5,work,1.0,325,381,59.002702702702706,1034.0,0.0,1034.0,1.0,2.0,reviewed,review-c:transcript-2026-04-28-1-26-AddAppleScriptSupport:feature:01,1.0,Segment meaning matches 11ba785: feat(applescript): expose FLAC pictures to scripts,False,True
transcript-2026-04-28-1-26-AddAppleScriptSupport,transcript-2026-04-28-1-26-AddAppleScriptSupport:segment-001,plan,26,implementation,1.0,12,156,150.0945945945946,2124.0,0.0,2124.0,1.0,2.0,reviewed,review-c:transcript-2026-04-28-1-26-AddAppleScriptSupport:plan:01,1.0,Implementation/verification governed by Plan.,False,True
transcript-2026-04-28-1-26-AddAppleScriptSupport,transcript-2026-04-28-1-26-AddAppleScriptSupport:segment-002,plan,26,implementation,1.0,157,174,18.632432432432434,459.0,0.0,459.0,1.0,2.0,reviewed,review-c:transcript-2026-04-28-1-26-AddAppleScriptSupport:plan:01,1.0,Implementation/verification governed by Plan.,False,True
transcript-2026-04-28-1-26-AddAppleScriptSupport,transcript-2026-04-28-1-26-AddAppleScriptSupport:segment-003,plan,26,implementation,1.0,175,196,22.772972972972976,684.0,0.0,684.0,1.0,2.0,reviewed,review-c:transcript-2026-04-28-1-26-AddAppleScriptSupport:plan:01,1.0,Implementation/verification governed by Plan.,False,True
transcript-2026-04-28-1-26-AddAppleScriptSupport,transcript-2026-04-28-1-26-AddAppleScriptSupport:segment-004,plan,26,implementation,1.0,197,236,41.40540540540541,134.0,4167.0,4301.0,1.0,2.0,reviewed,review-c:transcript-2026-04-28-1-26-AddAppleScriptSupport:plan:01,1.0,Implementation/verification governed by Plan.,False,True
transcript-2026-04-28-1-26-AddAppleScriptSupport,transcript-2026-04-28-1-26-AddAppleScriptSupport:segment-005,plan,26,implementation,1.0,237,276,41.40540540540541,496.0,2416.0,2912.0,1.0,2.0,reviewed,review-c:transcript-2026-04-28-1-26-AddAppleScriptSupport:plan:01,1.0,Implementation/verification governed by Plan.,False,True
transcript-2026-04-28-1-26-AddAppleScriptSupport,transcript-2026-04-28-1-26-AddAppleScriptSupport:segment-006,plan,26,implementation,1.0,277,310,35.1945945945946,621.0,0.0,621.0,1.0,2.0,reviewed,review-c:transcript-2026-04-28-1-26-AddAppleScriptSupport:plan:01,1.0,Implementation/verification governed by Plan.,False,True
transcript-2026-04-28-1-26-AddAppleScriptSupport,transcript-2026-04-28-1-26-AddAppleScriptSupport:segment-007,plan,26,implementation,1.0,311,324,14.491891891891893,96.0,0.0,96.0,1.0,2.0,reviewed,review-c:transcript-2026-04-28-1-26-AddAppleScriptSupport:plan:01,1.0,Implementation/verification governed by Plan.,False,True
transcript-2026-04-28-1-26-AddAppleScriptSupport,transcript-2026-04-28-1-26-AddAppleScriptSupport:segment-008,plan,26,implementation,1.0,325,381,59.002702702702706,1034.0,0.0,1034.0,1.0,2.0,reviewed,review-c:transcript-2026-04-28-1-26-AddAppleScriptSupport:plan:01,1.0,Implementation/verification governed by Plan.,False,True
transcript-2026-04-28-2-26-AddAppleScriptSupport,transcript-2026-04-28-2-26-AddAppleScriptSupport:segment-001,commit,6811df91487bd977d74d60b43af798e9970e5d69,work,1.0,12,57,47.16342412451361,370.0,2540.0,2910.0,1.0,2.0,reviewed,review-c:transcript-2026-04-28-2-26-AddAppleScriptSupport:feature:01,1.0,Segment meaning matches 6811df9: feat(applescript): import track pictures from script data,False,True
transcript-2026-04-28-2-26-AddAppleScriptSupport,transcript-2026-04-28-2-26-AddAppleScriptSupport:segment-002,commit,6811df91487bd977d74d60b43af798e9970e5d69,work,1.0,58,240,187.62840466926068,4966.0,2509.0,7475.0,1.0,2.0,reviewed,review-c:transcript-2026-04-28-2-26-AddAppleScriptSupport:feature:01,1.0,Segment meaning matches 6811df9: feat(applescript): import track pictures from script data,False,True
transcript-2026-04-28-2-26-AddAppleScriptSupport,transcript-2026-04-28-2-26-AddAppleScriptSupport:segment-003,commit,6811df91487bd977d74d60b43af798e9970e5d69,work,1.0,241,423,187.62840466926068,5300.0,0.0,5300.0,1.0,2.0,reviewed,review-c:transcript-2026-04-28-2-26-AddAppleScriptSupport:feature:01,1.0,Segment meaning matches 6811df9: feat(applescript): import track pictures from script data,False,True
transcript-2026-04-28-2-26-AddAppleScriptSupport,transcript-2026-04-28-2-26-AddAppleScriptSupport:segment-004,commit,6811df91487bd977d74d60b43af798e9970e5d69,work,1.0,424,525,104.57976653696497,1859.0,0.0,1859.0,1.0,2.0,reviewed,review-c:transcript-2026-04-28-2-26-AddAppleScriptSupport:feature:01,1.0,Segment meaning matches 6811df9: feat(applescript): import track pictures from script data,False,True
transcript-2026-04-28-2-26-AddAppleScriptSupport,transcript-2026-04-28-2-26-AddAppleScriptSupport:segment-001,plan,26,implementation,1.0,12,57,47.16342412451361,370.0,2540.0,2910.0,1.0,2.0,reviewed,review-c:transcript-2026-04-28-2-26-AddAppleScriptSupport:plan:01,1.0,Implementation/verification governed by Plan.,False,True
transcript-2026-04-28-2-26-AddAppleScriptSupport,transcript-2026-04-28-2-26-AddAppleScriptSupport:segment-002,plan,26,implementation,1.0,58,240,187.62840466926068,4966.0,2509.0,7475.0,1.0,2.0,reviewed,review-c:transcript-2026-04-28-2-26-AddAppleScriptSupport:plan:01,1.0,Implementation/verification governed by Plan.,False,True
transcript-2026-04-28-2-26-AddAppleScriptSupport,transcript-2026-04-28-2-26-AddAppleScriptSupport:segment-003,plan,26,implementation,1.0,241,423,187.62840466926068,5300.0,0.0,5300.0,1.0,2.0,reviewed,review-c:transcript-2026-04-28-2-26-AddAppleScriptSupport:plan:01,1.0,Implementation/verification governed by Plan.,False,True
transcript-2026-04-28-2-26-AddAppleScriptSupport,transcript-2026-04-28-2-26-AddAppleScriptSupport:segment-004,plan,26,implementation,1.0,424,525,104.57976653696497,1859.0,0.0,1859.0,1.0,2.0,reviewed,review-c:transcript-2026-04-28-2-26-AddAppleScriptSupport:plan:01,1.0,Implementation/verification governed by Plan.,False,True
transcript-2026-04-29-1-26-AddAppleScriptSupport,transcript-2026-04-29-1-26-AddAppleScriptSupport:segment-001,commit,9b05c92e3f87af186de2ebdf43ebe8f297b41572,work,1.0,12,125,126.99999999999999,1717.0,0.0,1717.0,1.0,2.0,reviewed,review-c:transcript-2026-04-29-1-26-AddAppleScriptSupport:feature:01,1.0,Segment meaning matches 9b05c92: fix(applescript): accept base64 picture import payloads,False,True
transcript-2026-04-29-1-26-AddAppleScriptSupport,transcript-2026-04-29-1-26-AddAppleScriptSupport:segment-001,plan,26,implementation,1.0,12,125,126.99999999999999,1717.0,0.0,1717.0,1.0,2.0,reviewed,review-c:transcript-2026-04-29-1-26-AddAppleScriptSupport:plan:01,1.0,Implementation/verification governed by Plan.,False,True
transcript-2026-04-29-2-26-AddAppleScriptSupport,transcript-2026-04-29-2-26-AddAppleScriptSupport:segment-001,commit,46a24e9e98968ea9d3bfa50853be92e35d857f8e,work,1.0,12,71,62.5242718446602,635.0,37277.0,37912.0,1.0,2.0,reviewed,review-c:transcript-2026-04-29-2-26-AddAppleScriptSupport:feature:01,1.0,Segment meaning matches 46a24e9: fix(applescript): expose tag IDs for key-filtered references,False,True
transcript-2026-04-29-2-26-AddAppleScriptSupport,transcript-2026-04-29-2-26-AddAppleScriptSupport:segment-002,commit,bbb83ef00b9fb130f94ada7293ee1f429c6bf755,work,1.0,72,142,73.98705501618123,689.0,3346.0,4035.0,1.0,2.0,reviewed,review-c:transcript-2026-04-29-2-26-AddAppleScriptSupport:feature:02,1.0,Segment meaning matches bbb83ef: feat(applescript): support deleting track tags,False,True
transcript-2026-04-29-2-26-AddAppleScriptSupport,transcript-2026-04-29-2-26-AddAppleScriptSupport:segment-003,commit,24428a1548324e06268c9174e358e22e9559801b,work,1.0,143,208,68.77669902912622,732.0,5451.0,6183.0,1.0,2.0,reviewed,review-c:transcript-2026-04-29-2-26-AddAppleScriptSupport:feature:03,1.0,Segment meaning matches 24428a1: fix(applescript): support making tags from track tell contexts,False,True
transcript-2026-04-29-2-26-AddAppleScriptSupport,transcript-2026-04-29-2-26-AddAppleScriptSupport:segment-004,commit,24428a1548324e06268c9174e358e22e9559801b,work,1.0,209,264,58.355987055016186,877.0,0.0,877.0,1.0,2.0,reviewed,review-c:transcript-2026-04-29-2-26-AddAppleScriptSupport:feature:03,1.0,Segment meaning matches 24428a1: fix(applescript): support making tags from track tell contexts,False,True
transcript-2026-04-29-2-26-AddAppleScriptSupport,transcript-2026-04-29-2-26-AddAppleScriptSupport:segment-005,commit,24428a1548324e06268c9174e358e22e9559801b,work,1.0,265,320,58.355987055016186,596.0,0.0,596.0,1.0,2.0,reviewed,review-c:transcript-2026-04-29-2-26-AddAppleScriptSupport:feature:03,1.0,Segment meaning matches 24428a1: fix(applescript): support making tags from track tell contexts,False,True
transcript-2026-04-29-2-26-AddAppleScriptSupport,transcript-2026-04-29-2-26-AddAppleScriptSupport:segment-001,plan,26,implementation,1.0,12,71,62.5242718446602,635.0,37277.0,37912.0,1.0,2.0,reviewed,review-c:transcript-2026-04-29-2-26-AddAppleScriptSupport:plan:01,1.0,Implementation/verification governed by Plan.,False,True
transcript-2026-04-29-2-26-AddAppleScriptSupport,transcript-2026-04-29-2-26-AddAppleScriptSupport:segment-002,plan,26,implementation,1.0,72,142,73.98705501618123,689.0,3346.0,4035.0,1.0,2.0,reviewed,review-c:transcript-2026-04-29-2-26-AddAppleScriptSupport:plan:01,1.0,Implementation/verification governed by Plan.,False,True
transcript-2026-04-29-2-26-AddAppleScriptSupport,transcript-2026-04-29-2-26-AddAppleScriptSupport:segment-003,plan,26,implementation,1.0,143,208,68.77669902912622,732.0,5451.0,6183.0,1.0,2.0,reviewed,review-c:transcript-2026-04-29-2-26-AddAppleScriptSupport:plan:01,1.0,Implementation/verification governed by Plan.,False,True
transcript-2026-04-30-1-26-AddAppleScriptSupport,transcript-2026-04-30-1-26-AddAppleScriptSupport:segment-001,commit,ce1865558f2929bb98bcf1450a297244be3fbb06,work,1.0,12,84,75.35483870967742,567.0,1391.0,1958.0,1.0,2.0,reviewed,review-c:transcript-2026-04-30-1-26-AddAppleScriptSupport:feature:01,1.0,Segment meaning matches ce18655: fix(applescript): preserve empty tag objects for keyed lookups,False,True
transcript-2026-04-30-1-26-AddAppleScriptSupport,transcript-2026-04-30-1-26-AddAppleScriptSupport:segment-002,commit,ce1865558f2929bb98bcf1450a297244be3fbb06,work,1.0,85,137,54.70967741935484,509.0,1724.0,2233.0,1.0,2.0,reviewed,review-c:transcript-2026-04-30-1-26-AddAppleScriptSupport:feature:01,1.0,Segment meaning matches ce18655: fix(applescript): preserve empty tag objects for keyed lookups,False,True
transcript-2026-04-30-1-26-AddAppleScriptSupport,transcript-2026-04-30-1-26-AddAppleScriptSupport:segment-003,commit,ce1865558f2929bb98bcf1450a297244be3fbb06,work,1.0,138,163,26.838709677419352,18.0,12821.0,12839.0,1.0,2.0,reviewed,review-c:transcript-2026-04-30-1-26-AddAppleScriptSupport:feature:01,1.0,Segment meaning matches ce18655: fix(applescript): preserve empty tag objects for keyed lookups,False,True
transcript-2026-04-30-1-26-AddAppleScriptSupport,transcript-2026-04-30-1-26-AddAppleScriptSupport:segment-004,commit,ce1865558f2929bb98bcf1450a297244be3fbb06,work,1.0,164,215,53.677419354838705,498.0,885.0,1383.0,1.0,2.0,reviewed,review-c:transcript-2026-04-30-1-26-AddAppleScriptSupport:feature:01,1.0,Segment meaning matches ce18655: fix(applescript): preserve empty tag objects for keyed lookups,False,True
transcript-2026-04-30-1-26-AddAppleScriptSupport,transcript-2026-04-30-1-26-AddAppleScriptSupport:segment-005,commit,ce1865558f2929bb98bcf1450a297244be3fbb06,work,1.0,216,235,20.64516129032258,33.0,578.0,611.0,1.0,2.0,reviewed,review-c:transcript-2026-04-30-1-26-AddAppleScriptSupport:feature:01,1.0,Segment meaning matches ce18655: fix(applescript): preserve empty tag objects for keyed lookups,False,True
transcript-2026-04-30-1-26-AddAppleScriptSupport,transcript-2026-04-30-1-26-AddAppleScriptSupport:segment-006,commit,ce1865558f2929bb98bcf1450a297244be3fbb06,work,1.0,236,260,25.806451612903224,14.0,1027.0,1041.0,1.0,2.0,reviewed,review-c:transcript-2026-04-30-1-26-AddAppleScriptSupport:feature:01,1.0,Segment meaning matches ce18655: fix(applescript): preserve empty tag objects for keyed lookups,False,True
transcript-2026-04-30-1-26-AddAppleScriptSupport,transcript-2026-04-30-1-26-AddAppleScriptSupport:segment-007,commit,ce1865558f2929bb98bcf1450a297244be3fbb06,work,1.0,261,284,24.774193548387096,106.0,5127.0,5233.0,1.0,2.0,reviewed,review-c:transcript-2026-04-30-1-26-AddAppleScriptSupport:feature:01,1.0,Segment meaning matches ce18655: fix(applescript): preserve empty tag objects for keyed lookups,False,True
transcript-2026-04-30-1-26-AddAppleScriptSupport,transcript-2026-04-30-1-26-AddAppleScriptSupport:segment-008,commit,987ade16137d70327f87ab16fcf3fc874681eba4,work,1.0,285,328,45.41935483870968,347.0,1573.0,1920.0,1.0,2.0,reviewed,review-c:transcript-2026-04-30-1-26-AddAppleScriptSupport:feature:02,1.0,Segment meaning matches 987ade1: fix(tags): use tag storage for shared track fields,False,True
transcript-2026-04-30-1-26-AddAppleScriptSupport,transcript-2026-04-30-1-26-AddAppleScriptSupport:segment-009,commit,987ade16137d70327f87ab16fcf3fc874681eba4,work,1.0,329,351,23.741935483870968,106.0,624.0,730.0,1.0,2.0,reviewed,review-c:transcript-2026-04-30-1-26-AddAppleScriptSupport:feature:02,1.0,Segment meaning matches 987ade1: fix(tags): use tag storage for shared track fields,False,True
transcript-2026-04-30-1-26-AddAppleScriptSupport,transcript-2026-04-30-1-26-AddAppleScriptSupport:segment-010,commit,987ade16137d70327f87ab16fcf3fc874681eba4,work,1.0,352,414,65.03225806451613,616.0,0.0,616.0,1.0,2.0,reviewed,review-c:transcript-2026-04-30-1-26-AddAppleScriptSupport:feature:02,1.0,Segment meaning matches 987ade1: fix(tags): use tag storage for shared track fields,False,True
transcript-2026-04-30-1-26-AddAppleScriptSupport,transcript-2026-04-30-1-26-AddAppleScriptSupport:segment-001,plan,26,implementation,1.0,12,84,75.35483870967742,567.0,1391.0,1958.0,1.0,2.0,reviewed,review-c:transcript-2026-04-30-1-26-AddAppleScriptSupport:plan:01,1.0,Implementation/verification governed by Plan.,False,True
transcript-2026-04-30-1-26-AddAppleScriptSupport,transcript-2026-04-30-1-26-AddAppleScriptSupport:segment-002,plan,26,implementation,1.0,85,137,54.70967741935484,509.0,1724.0,2233.0,1.0,2.0,reviewed,review-c:transcript-2026-04-30-1-26-AddAppleScriptSupport:plan:01,1.0,Implementation/verification governed by Plan.,False,True
transcript-2026-04-30-1-26-AddAppleScriptSupport,transcript-2026-04-30-1-26-AddAppleScriptSupport:segment-003,plan,26,implementation,1.0,138,163,26.838709677419352,18.0,12821.0,12839.0,1.0,2.0,reviewed,review-c:transcript-2026-04-30-1-26-AddAppleScriptSupport:plan:01,1.0,Implementation/verification governed by Plan.,False,True
transcript-2026-04-30-1-26-AddAppleScriptSupport,transcript-2026-04-30-1-26-AddAppleScriptSupport:segment-004,plan,26,implementation,1.0,164,215,53.677419354838705,498.0,885.0,1383.0,1.0,2.0,reviewed,review-c:transcript-2026-04-30-1-26-AddAppleScriptSupport:plan:01,1.0,Implementation/verification governed by Plan.,False,True
transcript-2026-04-30-1-26-AddAppleScriptSupport,transcript-2026-04-30-1-26-AddAppleScriptSupport:segment-005,plan,26,implementation,1.0,216,235,20.64516129032258,33.0,578.0,611.0,1.0,2.0,reviewed,review-c:transcript-2026-04-30-1-26-AddAppleScriptSupport:plan:01,1.0,Implementation/verification governed by Plan.,False,True
transcript-2026-04-30-1-26-AddAppleScriptSupport,transcript-2026-04-30-1-26-AddAppleScriptSupport:segment-006,plan,26,implementation,1.0,236,260,25.806451612903224,14.0,1027.0,1041.0,1.0,2.0,reviewed,review-c:transcript-2026-04-30-1-26-AddAppleScriptSupport:plan:01,1.0,Implementation/verification governed by Plan.,False,True
transcript-2026-04-30-1-26-AddAppleScriptSupport,transcript-2026-04-30-1-26-AddAppleScriptSupport:segment-007,plan,26,implementation,1.0,261,284,24.774193548387096,106.0,5127.0,5233.0,1.0,2.0,reviewed,review-c:transcript-2026-04-30-1-26-AddAppleScriptSupport:plan:01,1.0,Implementation/verification governed by Plan.,False,True
transcript-2026-04-30-1-26-AddAppleScriptSupport,transcript-2026-04-30-1-26-AddAppleScriptSupport:segment-008,plan,27,direct,1.0,285,328,45.41935483870968,347.0,1573.0,1920.0,1.0,2.0,reviewed,review-c:transcript-2026-04-30-1-26-AddAppleScriptSupport:plan:02,1.0,Plan authoring/decision work.,True,False
transcript-2026-04-30-1-26-AddAppleScriptSupport,transcript-2026-04-30-1-26-AddAppleScriptSupport:segment-009,plan,27,direct,1.0,329,351,23.741935483870968,106.0,624.0,730.0,1.0,2.0,reviewed,review-c:transcript-2026-04-30-1-26-AddAppleScriptSupport:plan:02,1.0,Plan authoring/decision work.,True,False
transcript-2026-04-30-1-26-AddAppleScriptSupport,transcript-2026-04-30-1-26-AddAppleScriptSupport:segment-010,plan,27,implementation,1.0,352,414,65.03225806451613,616.0,0.0,616.0,1.0,2.0,reviewed,review-c:transcript-2026-04-30-1-26-AddAppleScriptSupport:plan:03,1.0,Implementation/verification governed by Plan.,False,True
transcript-2026-04-30-2-26-AddAppleScriptSupport,transcript-2026-04-30-2-26-AddAppleScriptSupport:segment-001,commit,83b8764ca1faecb6f984a4cf8703eaad75501f8a,work,1.0,12,93,90.46031746031747,1284.0,7694.0,8978.0,1.0,2.0,reviewed,review-c:transcript-2026-04-30-2-26-AddAppleScriptSupport:feature:01,1.0,Segment meaning matches 83b8764: feat(applescript): add picture delete support,False,True
transcript-2026-04-30-2-26-AddAppleScriptSupport,transcript-2026-04-30-2-26-AddAppleScriptSupport:segment-002,commit,83b8764ca1faecb6f984a4cf8703eaad75501f8a,work,1.0,94,137,48.539682539682545,250.0,0.0,250.0,1.0,2.0,reviewed,review-c:transcript-2026-04-30-2-26-AddAppleScriptSupport:feature:01,1.0,Segment meaning matches 83b8764: feat(applescript): add picture delete support,False,True
transcript-2026-04-30-2-26-AddAppleScriptSupport,transcript-2026-04-30-2-26-AddAppleScriptSupport:segment-001,plan,26,implementation,1.0,12,93,90.46031746031747,1284.0,7694.0,8978.0,1.0,2.0,reviewed,review-c:transcript-2026-04-30-2-26-AddAppleScriptSupport:plan:01,1.0,Implementation/verification governed by Plan.,False,True
transcript-2026-04-30-2-26-AddAppleScriptSupport,transcript-2026-04-30-2-26-AddAppleScriptSupport:segment-002,plan,26,implementation,1.0,94,137,48.539682539682545,250.0,0.0,250.0,1.0,2.0,reviewed,review-c:transcript-2026-04-30-2-26-AddAppleScriptSupport:plan:01,1.0,Implementation/verification governed by Plan.,False,True
transcript-2026-05-01-1-26-AddAppleScriptSupport,transcript-2026-05-01-1-26-AddAppleScriptSupport:segment-001,commit,17b6c1045af4a5e5e2c465dded80f53ff5695df5,work,1.0,10,187,184.96797153024912,1990.0,1383.0,3373.0,1.0,2.0,reviewed,review-c:transcript-2026-05-01-1-26-AddAppleScriptSupport:feature:01,1.0,Segment meaning matches 17b6c10: feat(applescript): expose settings preferences,False,True
transcript-2026-05-01-1-26-AddAppleScriptSupport,transcript-2026-05-01-1-26-AddAppleScriptSupport:segment-002,commit,1b08404c005806083a5443603d98c10c5510ee70,work,1.0,188,234,48.83985765124555,586.0,2633.0,3219.0,1.0,2.0,reviewed,review-c:transcript-2026-05-01-1-26-AddAppleScriptSupport:feature:02,1.0,Segment meaning matches 1b08404: feat(applescript): model color settings as records,False,True
transcript-2026-05-01-1-26-AddAppleScriptSupport,transcript-2026-05-01-1-26-AddAppleScriptSupport:segment-003,commit,1b08404c005806083a5443603d98c10c5510ee70,work,1.0,235,290,58.19217081850534,503.0,0.0,503.0,1.0,2.0,reviewed,review-c:transcript-2026-05-01-1-26-AddAppleScriptSupport:feature:02,1.0,Segment meaning matches 1b08404: feat(applescript): model color settings as records,False,True
transcript-2026-05-01-1-26-AddAppleScriptSupport,transcript-2026-05-01-1-26-AddAppleScriptSupport:segment-001,plan,26,implementation,1.0,10,187,184.96797153024912,1990.0,1383.0,3373.0,1.0,2.0,reviewed,review-c:transcript-2026-05-01-1-26-AddAppleScriptSupport:plan:01,1.0,Implementation/verification governed by Plan.,False,True
transcript-2026-05-01-1-26-AddAppleScriptSupport,transcript-2026-05-01-1-26-AddAppleScriptSupport:segment-002,plan,26,implementation,1.0,188,234,48.83985765124555,586.0,2633.0,3219.0,1.0,2.0,reviewed,review-c:transcript-2026-05-01-1-26-AddAppleScriptSupport:plan:01,1.0,Implementation/verification governed by Plan.,False,True
transcript-2026-05-01-1-26-AddAppleScriptSupport,transcript-2026-05-01-1-26-AddAppleScriptSupport:segment-003,plan,26,implementation,1.0,235,290,58.19217081850534,503.0,0.0,503.0,1.0,2.0,reviewed,review-c:transcript-2026-05-01-1-26-AddAppleScriptSupport:plan:01,1.0,Implementation/verification governed by Plan.,False,True
transcript-2026-05-02-1-26-AddAppleScriptSupport,transcript-2026-05-02-1-26-AddAppleScriptSupport:segment-001,commit,063c138d4ad746588a85c0be70cc1c5c75854e87,work,1.0,10,90,92.0,589.0,0.0,589.0,1.0,2.0,reviewed,review-c:transcript-2026-05-02-1-26-AddAppleScriptSupport:feature:01,1.0,Segment meaning matches 063c138: feat(applescript): expose diff tools settings,False,True
transcript-2026-05-02-1-26-AddAppleScriptSupport,transcript-2026-05-02-1-26-AddAppleScriptSupport:segment-001,plan,26,implementation,1.0,10,90,92.0,589.0,0.0,589.0,1.0,2.0,reviewed,review-c:transcript-2026-05-02-1-26-AddAppleScriptSupport:plan:01,1.0,Implementation/verification governed by Plan.,False,True
transcript-2026-05-02-2-26-AddAppleScriptSupport,transcript-2026-05-02-2-26-AddAppleScriptSupport:segment-001,commit,7c15f6097d77ab2db98c6795b04474308f770536,work,1.0,10,97,93.39877300613497,650.0,9910.0,10560.0,1.0,2.0,reviewed,review-c:transcript-2026-05-02-2-26-AddAppleScriptSupport:feature:01,1.0,Segment meaning matches 7c15f60: feat(applescript): expose scriptable window properties,False,True
transcript-2026-05-02-2-26-AddAppleScriptSupport,transcript-2026-05-02-2-26-AddAppleScriptSupport:segment-002,commit,7c15f6097d77ab2db98c6795b04474308f770536,work,1.0,98,172,79.60122699386504,505.0,0.0,505.0,1.0,2.0,reviewed,review-c:transcript-2026-05-02-2-26-AddAppleScriptSupport:feature:01,1.0,Segment meaning matches 7c15f60: feat(applescript): expose scriptable window properties,False,True
transcript-2026-05-02-2-26-AddAppleScriptSupport,transcript-2026-05-02-2-26-AddAppleScriptSupport:segment-001,plan,26,implementation,1.0,10,97,93.39877300613497,650.0,9910.0,10560.0,1.0,2.0,reviewed,review-c:transcript-2026-05-02-2-26-AddAppleScriptSupport:plan:01,1.0,Implementation/verification governed by Plan.,False,True
transcript-2026-05-02-2-26-AddAppleScriptSupport,transcript-2026-05-02-2-26-AddAppleScriptSupport:segment-002,plan,26,implementation,1.0,98,172,79.60122699386504,505.0,0.0,505.0,1.0,2.0,reviewed,review-c:transcript-2026-05-02-2-26-AddAppleScriptSupport:plan:01,1.0,Implementation/verification governed by Plan.,False,True
transcript-2026-05-03-1-26-AddAppleScriptSupport,transcript-2026-05-03-1-26-AddAppleScriptSupport:segment-001,commit,d928e3bb438c8fa266b8700f3d4b2709c72bd7ee,work,1.0,10,70,64.52601156069365,409.0,3001.0,3410.0,1.0,2.0,reviewed,review-c:transcript-2026-05-03-1-26-AddAppleScriptSupport:feature:01,1.0,Segment meaning matches d928e3b: feat(applescript): add settings window scripting support,False,True
transcript-2026-05-03-1-26-AddAppleScriptSupport,transcript-2026-05-03-1-26-AddAppleScriptSupport:segment-002,commit,d928e3bb438c8fa266b8700f3d4b2709c72bd7ee,work,1.0,71,150,84.6242774566474,1137.0,2282.0,3419.0,1.0,2.0,reviewed,review-c:transcript-2026-05-03-1-26-AddAppleScriptSupport:feature:01,1.0,Segment meaning matches d928e3b: feat(applescript): add settings window scripting support,False,True
transcript-2026-05-03-1-26-AddAppleScriptSupport,transcript-2026-05-03-1-26-AddAppleScriptSupport:segment-003,commit,d928e3bb438c8fa266b8700f3d4b2709c72bd7ee,work,1.0,151,182,33.84971098265896,127.0,0.0,127.0,1.0,2.0,reviewed,review-c:transcript-2026-05-03-1-26-AddAppleScriptSupport:feature:01,1.0,Segment meaning matches d928e3b: feat(applescript): add settings window scripting support,False,True
transcript-2026-05-03-1-26-AddAppleScriptSupport,transcript-2026-05-03-1-26-AddAppleScriptSupport:segment-001,plan,26,implementation,1.0,10,70,64.52601156069365,409.0,3001.0,3410.0,1.0,2.0,reviewed,review-c:transcript-2026-05-03-1-26-AddAppleScriptSupport:plan:01,1.0,Implementation/verification governed by Plan.,False,True
transcript-2026-05-03-1-26-AddAppleScriptSupport,transcript-2026-05-03-1-26-AddAppleScriptSupport:segment-002,plan,26,implementation,1.0,71,150,84.6242774566474,1137.0,2282.0,3419.0,1.0,2.0,reviewed,review-c:transcript-2026-05-03-1-26-AddAppleScriptSupport:plan:01,1.0,Implementation/verification governed by Plan.,False,True
transcript-2026-05-03-1-26-AddAppleScriptSupport,transcript-2026-05-03-1-26-AddAppleScriptSupport:segment-003,plan,26,implementation,1.0,151,182,33.84971098265896,127.0,0.0,127.0,1.0,2.0,reviewed,review-c:transcript-2026-05-03-1-26-AddAppleScriptSupport:plan:01,1.0,Implementation/verification governed by Plan.,False,True
transcript-2026-05-03-2-26-AddAppleScriptSupport,transcript-2026-05-03-2-26-AddAppleScriptSupport:segment-001,commit,3fd6771aa6fbbc5afe81722f5d39ce0c171019cd,work,1.0,10,63,59.400000000000006,584.0,816.0,1400.0,1.0,2.0,reviewed,review-c:transcript-2026-05-03-2-26-AddAppleScriptSupport:feature:01,1.0,Segment meaning matches 3fd6771: feat(applescript): add locked track support to scripting commands,False,True
transcript-2026-05-03-2-26-AddAppleScriptSupport,transcript-2026-05-03-2-26-AddAppleScriptSupport:segment-002,commit,3fd6771aa6fbbc5afe81722f5d39ce0c171019cd,work,1.0,64,109,50.6,445.0,0.0,445.0,1.0,2.0,reviewed,review-c:transcript-2026-05-03-2-26-AddAppleScriptSupport:feature:01,1.0,Segment meaning matches 3fd6771: feat(applescript): add locked track support to scripting commands,False,True
transcript-2026-05-03-2-26-AddAppleScriptSupport,transcript-2026-05-03-2-26-AddAppleScriptSupport:segment-001,plan,26,implementation,1.0,10,63,59.400000000000006,584.0,816.0,1400.0,1.0,2.0,reviewed,review-c:transcript-2026-05-03-2-26-AddAppleScriptSupport:plan:01,1.0,Implementation/verification governed by Plan.,False,True
transcript-2026-05-03-2-26-AddAppleScriptSupport,transcript-2026-05-03-2-26-AddAppleScriptSupport:segment-002,plan,26,implementation,1.0,64,109,50.6,445.0,0.0,445.0,1.0,2.0,reviewed,review-c:transcript-2026-05-03-2-26-AddAppleScriptSupport:plan:01,1.0,Implementation/verification governed by Plan.,False,True
transcript-2026-05-04-1-26-AddAppleScriptSupport,transcript-2026-05-04-1-26-AddAppleScriptSupport:segment-001,commit,2e24923ec49954fa4d4b17f56f3d26c10265a51b,work,1.0,10,107,103.32608695652173,1556.0,5200.0,6756.0,1.0,2.0,reviewed,review-c:transcript-2026-05-04-1-26-AddAppleScriptSupport:feature:01,1.0,Segment meaning matches 2e24923: fix(applescript): support track file comparisons,False,True
transcript-2026-05-04-1-26-AddAppleScriptSupport,transcript-2026-05-04-1-26-AddAppleScriptSupport:segment-002,commit,43b64835145b64f3346d6298de67754019b36df8,work,1.0,108,193,90.67391304347827,1495.0,0.0,1495.0,1.0,2.0,reviewed,review-c:transcript-2026-05-04-1-26-AddAppleScriptSupport:feature:02,1.0,Segment meaning matches 43b6483: feat(applescript): support deleting tracks from editor windows,False,True
transcript-2026-05-04-1-26-AddAppleScriptSupport,transcript-2026-05-04-1-26-AddAppleScriptSupport:segment-001,plan,26,implementation,1.0,10,107,103.32608695652173,1556.0,5200.0,6756.0,1.0,2.0,reviewed,review-c:transcript-2026-05-04-1-26-AddAppleScriptSupport:plan:01,1.0,Implementation/verification governed by Plan.,False,True
transcript-2026-05-04-1-26-AddAppleScriptSupport,transcript-2026-05-04-1-26-AddAppleScriptSupport:segment-002,plan,26,implementation,1.0,108,193,90.67391304347827,1495.0,0.0,1495.0,1.0,2.0,reviewed,review-c:transcript-2026-05-04-1-26-AddAppleScriptSupport:plan:01,1.0,Implementation/verification governed by Plan.,False,True
transcript-2026-05-07-1-26-AddAppleScriptSupport,transcript-2026-05-07-1-26-AddAppleScriptSupport:segment-001,commit,fc120558109cc0d36c1bee5ae25bce69d4702311,work,1.0,10,79,72.74509803921569,549.0,177099.0,177648.0,1.0,2.0,reviewed,review-c:transcript-2026-05-07-1-26-AddAppleScriptSupport:feature:01,1.0,Segment meaning matches fc12055: feat(applescript): expose picture identity properties,False,True
transcript-2026-05-07-1-26-AddAppleScriptSupport,transcript-2026-05-07-1-26-AddAppleScriptSupport:segment-002,commit,25fde2c3d0c01acd97eb967b5903f6336c57b6ae,work,1.0,80,137,60.274509803921575,694.0,30445.0,31139.0,1.0,2.0,reviewed,review-c:transcript-2026-05-07-1-26-AddAppleScriptSupport:feature:02,1.0,Segment meaning matches 25fde2c: fix(applescript): preserve picture IDs after deleting same-type pictures,False,True
transcript-2026-05-07-1-26-AddAppleScriptSupport,transcript-2026-05-07-1-26-AddAppleScriptSupport:segment-003,commit,94c83a7fe23cb17431994dd0f02d5f38c321630b,work,1.0,138,195,60.274509803921575,399.0,3095.0,3494.0,1.0,2.0,reviewed,review-c:transcript-2026-05-07-1-26-AddAppleScriptSupport:feature:03,1.0,Segment meaning matches 94c83a7: fix(applescript): close settings window from AppleScript,False,True
transcript-2026-05-07-1-26-AddAppleScriptSupport,transcript-2026-05-07-1-26-AddAppleScriptSupport:segment-004,commit,77e0dc1182db2bdd7d3a4d09b5c1a7b3b912191b,work,1.0,196,264,71.70588235294119,1049.0,0.0,1049.0,1.0,2.0,reviewed,review-c:transcript-2026-05-07-1-26-AddAppleScriptSupport:feature:04,1.0,Segment meaning matches 77e0dc1: fix(applescript): return integer window coordinate records,False,True
transcript-2026-05-07-1-26-AddAppleScriptSupport,transcript-2026-05-07-1-26-AddAppleScriptSupport:segment-001,plan,26,implementation,1.0,10,79,72.74509803921569,549.0,177099.0,177648.0,1.0,2.0,reviewed,review-c:transcript-2026-05-07-1-26-AddAppleScriptSupport:plan:01,1.0,Implementation/verification governed by Plan.,False,True
transcript-2026-05-07-1-26-AddAppleScriptSupport,transcript-2026-05-07-1-26-AddAppleScriptSupport:segment-002,plan,26,implementation,1.0,80,137,60.274509803921575,694.0,30445.0,31139.0,1.0,2.0,reviewed,review-c:transcript-2026-05-07-1-26-AddAppleScriptSupport:plan:01,1.0,Implementation/verification governed by Plan.,False,True
transcript-2026-05-07-1-26-AddAppleScriptSupport,transcript-2026-05-07-1-26-AddAppleScriptSupport:segment-003,plan,26,implementation,1.0,138,195,60.274509803921575,399.0,3095.0,3494.0,1.0,2.0,reviewed,review-c:transcript-2026-05-07-1-26-AddAppleScriptSupport:plan:01,1.0,Implementation/verification governed by Plan.,False,True
transcript-2026-05-07-1-26-AddAppleScriptSupport,transcript-2026-05-07-1-26-AddAppleScriptSupport:segment-004,plan,26,implementation,1.0,196,264,71.70588235294119,1049.0,0.0,1049.0,1.0,2.0,reviewed,review-c:transcript-2026-05-07-1-26-AddAppleScriptSupport:plan:01,1.0,Implementation/verification governed by Plan.,False,True
transcript-2026-05-10-1-26-AddAppleScriptSupport,transcript-2026-05-10-1-26-AddAppleScriptSupport:segment-001,commit,f19906905ecd5db8ea9d65fc0a6d80dbd0f798cb,work,1.0,10,66,59.2093023255814,380.0,10952.0,11332.0,1.0,2.0,reviewed,review-c:transcript-2026-05-10-1-26-AddAppleScriptSupport:feature:01,1.0,Segment meaning matches f199069: feat(applescript): expose editor window modified state,False,True
transcript-2026-05-10-1-26-AddAppleScriptSupport,transcript-2026-05-10-1-26-AddAppleScriptSupport:segment-002,commit,82db5cd7599e76c1f0c6e8dda5f420865e32f4e7,work,1.0,67,124,60.248062015503876,409.0,35160.0,35569.0,1.0,2.0,reviewed,review-c:transcript-2026-05-10-1-26-AddAppleScriptSupport:feature:02,1.0,Segment meaning matches 82db5cd: feat(applescript): expose track modified state,False,True
transcript-2026-05-10-1-26-AddAppleScriptSupport,transcript-2026-05-10-1-26-AddAppleScriptSupport:segment-003,commit,2976159836a41160b0a462b26c952968c19a7923,work,1.0,125,267,148.54263565891475,1003.0,0.0,1003.0,1.0,2.0,reviewed,review-c:transcript-2026-05-10-1-26-AddAppleScriptSupport:feature:03,1.0,Segment meaning matches 2976159: fix(applescript): refresh album-art state after picture imports,False,True
transcript-2026-05-10-1-26-AddAppleScriptSupport,transcript-2026-05-10-1-26-AddAppleScriptSupport:segment-001,plan,26,implementation,1.0,10,66,59.2093023255814,380.0,10952.0,11332.0,1.0,2.0,reviewed,review-c:transcript-2026-05-10-1-26-AddAppleScriptSupport:plan:01,1.0,Implementation/verification governed by Plan.,False,True
transcript-2026-05-10-1-26-AddAppleScriptSupport,transcript-2026-05-10-1-26-AddAppleScriptSupport:segment-002,plan,26,implementation,1.0,67,124,60.248062015503876,409.0,35160.0,35569.0,1.0,2.0,reviewed,review-c:transcript-2026-05-10-1-26-AddAppleScriptSupport:plan:01,1.0,Implementation/verification governed by Plan.,False,True
transcript-2026-05-10-1-26-AddAppleScriptSupport,transcript-2026-05-10-1-26-AddAppleScriptSupport:segment-003,plan,26,implementation,1.0,125,267,148.54263565891475,1003.0,0.0,1003.0,1.0,2.0,reviewed,review-c:transcript-2026-05-10-1-26-AddAppleScriptSupport:plan:01,1.0,Implementation/verification governed by Plan.,False,True
transcript-2026-05-12-1-28-AddSwiftTagUseDocumentation,transcript-2026-05-12-1-28-AddSwiftTagUseDocumentation:segment-001,commit,452263137775f01b3d4877c28d37aad4dce7884d,work,1.0,10,45,39.63636363636363,446.0,83838.0,84284.0,1.0,2.0,reviewed,review-c:transcript-2026-05-12-1-28-AddSwiftTagUseDocumentation:feature:01,1.0,Segment meaning matches 4522631: docs(user): add SwiftTag user documentation,False,True
transcript-2026-05-12-1-28-AddSwiftTagUseDocumentation,transcript-2026-05-12-1-28-AddSwiftTagUseDocumentation:segment-002,commit,452263137775f01b3d4877c28d37aad4dce7884d,work,1.0,46,94,53.94949494949495,540.0,444.0,984.0,1.0,2.0,reviewed,review-c:transcript-2026-05-12-1-28-AddSwiftTagUseDocumentation:feature:01,1.0,Segment meaning matches 4522631: docs(user): add SwiftTag user documentation,False,True
transcript-2026-05-12-1-28-AddSwiftTagUseDocumentation,transcript-2026-05-12-1-28-AddSwiftTagUseDocumentation:segment-003,commit,452263137775f01b3d4877c28d37aad4dce7884d,work,1.0,95,108,15.414141414141413,18.0,0.0,18.0,1.0,2.0,reviewed,review-c:transcript-2026-05-12-1-28-AddSwiftTagUseDocumentation:feature:01,1.0,Segment meaning matches 4522631: docs(user): add SwiftTag user documentation,False,True
transcript-2026-05-12-1-28-AddSwiftTagUseDocumentation,transcript-2026-05-12-1-28-AddSwiftTagUseDocumentation:segment-001,plan,28,direct,1.0,10,45,39.63636363636363,446.0,83838.0,84284.0,1.0,2.0,reviewed,review-c:transcript-2026-05-12-1-28-AddSwiftTagUseDocumentation:plan:01,1.0,Plan authoring/decision work.,True,False
transcript-2026-05-12-1-28-AddSwiftTagUseDocumentation,transcript-2026-05-12-1-28-AddSwiftTagUseDocumentation:segment-002,plan,28,implementation,1.0,46,94,53.94949494949495,540.0,444.0,984.0,1.0,2.0,reviewed,review-c:transcript-2026-05-12-1-28-AddSwiftTagUseDocumentation:plan:02,1.0,Implementation/verification governed by Plan.,False,True
transcript-2026-05-12-1-28-AddSwiftTagUseDocumentation,transcript-2026-05-12-1-28-AddSwiftTagUseDocumentation:segment-003,plan,28,implementation,1.0,95,108,15.414141414141413,18.0,0.0,18.0,1.0,2.0,reviewed,review-c:transcript-2026-05-12-1-28-AddSwiftTagUseDocumentation:plan:02,1.0,Implementation/verification governed by Plan.,False,True
transcript-2026-05-13-1-28-AddSwiftTagUseDocumentation,transcript-2026-05-13-1-28-AddSwiftTagUseDocumentation:segment-001,commit,f156647a0d461ef4ed0ad7411cf1f1a4da51b3d4,work,1.0,10,39,31.840490797546014,95.0,26305.0,26400.0,1.0,2.0,reviewed,review-c:transcript-2026-05-13-1-28-AddSwiftTagUseDocumentation:feature:01,1.0,"Segment meaning matches f156647: docs(user): status and diff expansion, emphasis and links",False,True
transcript-2026-05-13-1-28-AddSwiftTagUseDocumentation,transcript-2026-05-13-1-28-AddSwiftTagUseDocumentation:segment-002,commit,9273900261be4959eb466c7c8dd5bce9283d6da8,work,1.0,40,61,23.349693251533743,52.0,47579.0,47631.0,1.0,2.0,reviewed,review-c:transcript-2026-05-13-1-28-AddSwiftTagUseDocumentation:feature:02,1.0,Segment meaning matches 9273900: docs(user): more `tgas` info,False,True
transcript-2026-05-13-1-28-AddSwiftTagUseDocumentation,transcript-2026-05-13-1-28-AddSwiftTagUseDocumentation:segment-003,commit,fdfa298ddbbdc77c6301d6f700b3f922d82f9d27,work,1.0,62,90,30.77914110429448,105.0,18971.0,19076.0,1.0,2.0,reviewed,review-c:transcript-2026-05-13-1-28-AddSwiftTagUseDocumentation:feature:03,1.0,Segment meaning matches fdfa298: docs(user): more on album art,False,True
transcript-2026-05-13-1-28-AddSwiftTagUseDocumentation,transcript-2026-05-13-1-28-AddSwiftTagUseDocumentation:segment-004,commit,fdfa298ddbbdc77c6301d6f700b3f922d82f9d27,work,1.0,91,106,16.98159509202454,61.0,12547.0,12608.0,1.0,2.0,reviewed,review-c:transcript-2026-05-13-1-28-AddSwiftTagUseDocumentation:feature:03,1.0,Segment meaning matches fdfa298: docs(user): more on album art,False,True
transcript-2026-05-13-1-28-AddSwiftTagUseDocumentation,transcript-2026-05-13-1-28-AddSwiftTagUseDocumentation:segment-005,commit,32babc084a6572ee51a860f636b385d6870c2b90,work,1.0,107,144,40.331288343558285,184.0,1343.0,1527.0,1.0,2.0,reviewed,review-c:transcript-2026-05-13-1-28-AddSwiftTagUseDocumentation:feature:04,1.0,Segment meaning matches 32babc0: docs(user): .swifttag document updates,False,True
transcript-2026-05-13-1-28-AddSwiftTagUseDocumentation,transcript-2026-05-13-1-28-AddSwiftTagUseDocumentation:segment-006,commit,11e4877420c3dc760f9be803b2734ea34a2031e0,work,1.0,145,172,29.717791411042946,67.0,0.0,67.0,1.0,2.0,reviewed,review-c:transcript-2026-05-13-1-28-AddSwiftTagUseDocumentation:feature:05,1.0,Segment meaning matches 11e4877: docs(user): .swifttag document updates,False,True
transcript-2026-05-13-1-28-AddSwiftTagUseDocumentation,transcript-2026-05-13-1-28-AddSwiftTagUseDocumentation:segment-001,plan,28,implementation,1.0,10,39,31.840490797546014,95.0,26305.0,26400.0,1.0,2.0,reviewed,review-c:transcript-2026-05-13-1-28-AddSwiftTagUseDocumentation:plan:01,1.0,Implementation/verification governed by Plan.,False,True
transcript-2026-05-13-1-28-AddSwiftTagUseDocumentation,transcript-2026-05-13-1-28-AddSwiftTagUseDocumentation:segment-002,plan,28,implementation,1.0,40,61,23.349693251533743,52.0,47579.0,47631.0,1.0,2.0,reviewed,review-c:transcript-2026-05-13-1-28-AddSwiftTagUseDocumentation:plan:01,1.0,Implementation/verification governed by Plan.,False,True
transcript-2026-05-13-1-28-AddSwiftTagUseDocumentation,transcript-2026-05-13-1-28-AddSwiftTagUseDocumentation:segment-003,plan,28,implementation,1.0,62,90,30.77914110429448,105.0,18971.0,19076.0,1.0,2.0,reviewed,review-c:transcript-2026-05-13-1-28-AddSwiftTagUseDocumentation:plan:01,1.0,Implementation/verification governed by Plan.,False,True
transcript-2026-05-13-1-28-AddSwiftTagUseDocumentation,transcript-2026-05-13-1-28-AddSwiftTagUseDocumentation:segment-004,plan,28,implementation,1.0,91,106,16.98159509202454,61.0,12547.0,12608.0,1.0,2.0,reviewed,review-c:transcript-2026-05-13-1-28-AddSwiftTagUseDocumentation:plan:01,1.0,Implementation/verification governed by Plan.,False,True
transcript-2026-05-13-1-28-AddSwiftTagUseDocumentation,transcript-2026-05-13-1-28-AddSwiftTagUseDocumentation:segment-005,plan,28,implementation,1.0,107,144,40.331288343558285,184.0,1343.0,1527.0,1.0,2.0,reviewed,review-c:transcript-2026-05-13-1-28-AddSwiftTagUseDocumentation:plan:01,1.0,Implementation/verification governed by Plan.,False,True
transcript-2026-05-13-1-28-AddSwiftTagUseDocumentation,transcript-2026-05-13-1-28-AddSwiftTagUseDocumentation:segment-006,plan,28,implementation,1.0,145,172,29.717791411042946,67.0,0.0,67.0,1.0,2.0,reviewed,review-c:transcript-2026-05-13-1-28-AddSwiftTagUseDocumentation:plan:01,1.0,Implementation/verification governed by Plan.,False,True
transcript-2026-05-15-1-29-AddSandboxSettings,transcript-2026-05-15-1-29-AddSandboxSettings:segment-001,commit,82c43c94fe7392a5e5551ef1a311c150006ab0f3,work,1.0,10,46,38.622807017543856,325.0,2661.0,2986.0,1.0,2.0,reviewed,review-c:transcript-2026-05-15-1-29-AddSandboxSettings:feature:01,1.0,Segment meaning matches 82c43c9: feat(sandbox): add persisted sandbox path settings,False,True
transcript-2026-05-15-1-29-AddSandboxSettings,transcript-2026-05-15-1-29-AddSandboxSettings:segment-002,commit,82c43c94fe7392a5e5551ef1a311c150006ab0f3,work,1.0,47,78,33.40350877192982,99.0,76205.0,76304.0,1.0,2.0,reviewed,review-c:transcript-2026-05-15-1-29-AddSandboxSettings:feature:01,1.0,Segment meaning matches 82c43c9: feat(sandbox): add persisted sandbox path settings,False,True
transcript-2026-05-15-1-29-AddSandboxSettings,transcript-2026-05-15-1-29-AddSandboxSettings:segment-003,commit,82c43c94fe7392a5e5551ef1a311c150006ab0f3,work,1.0,79,142,66.80701754385964,733.0,3537.0,4270.0,1.0,2.0,reviewed,review-c:transcript-2026-05-15-1-29-AddSandboxSettings:feature:01,1.0,Segment meaning matches 82c43c9: feat(sandbox): add persisted sandbox path settings,False,True
transcript-2026-05-15-1-29-AddSandboxSettings,transcript-2026-05-15-1-29-AddSandboxSettings:segment-004,commit,82c43c94fe7392a5e5551ef1a311c150006ab0f3,work,1.0,143,169,28.184210526315788,99.0,763.0,862.0,1.0,2.0,reviewed,review-c:transcript-2026-05-15-1-29-AddSandboxSettings:feature:01,1.0,Segment meaning matches 82c43c9: feat(sandbox): add persisted sandbox path settings,False,True
transcript-2026-05-15-1-29-AddSandboxSettings,transcript-2026-05-15-1-29-AddSandboxSettings:segment-005,commit,82c43c94fe7392a5e5551ef1a311c150006ab0f3,work,1.0,170,198,30.2719298245614,315.0,2511.0,2826.0,1.0,2.0,reviewed,review-c:transcript-2026-05-15-1-29-AddSandboxSettings:feature:01,1.0,Segment meaning matches 82c43c9: feat(sandbox): add persisted sandbox path settings,False,True
transcript-2026-05-15-1-29-AddSandboxSettings,transcript-2026-05-15-1-29-AddSandboxSettings:segment-006,commit,82c43c94fe7392a5e5551ef1a311c150006ab0f3,work,1.0,199,237,40.71052631578947,605.0,0.0,605.0,1.0,2.0,reviewed,review-c:transcript-2026-05-15-1-29-AddSandboxSettings:feature:01,1.0,Segment meaning matches 82c43c9: feat(sandbox): add persisted sandbox path settings,False,True
transcript-2026-05-15-1-29-AddSandboxSettings,transcript-2026-05-15-1-29-AddSandboxSettings:segment-001,plan,29,direct,1.0,10,46,38.622807017543856,325.0,2661.0,2986.0,1.0,2.0,reviewed,review-c:transcript-2026-05-15-1-29-AddSandboxSettings:plan:01,1.0,Plan authoring/decision work.,True,False
transcript-2026-05-15-1-29-AddSandboxSettings,transcript-2026-05-15-1-29-AddSandboxSettings:segment-002,plan,29,direct,1.0,47,78,33.40350877192982,99.0,76205.0,76304.0,1.0,2.0,reviewed,review-c:transcript-2026-05-15-1-29-AddSandboxSettings:plan:01,1.0,Plan authoring/decision work.,True,False
transcript-2026-05-15-1-29-AddSandboxSettings,transcript-2026-05-15-1-29-AddSandboxSettings:segment-003,plan,29,implementation,1.0,79,142,66.80701754385964,733.0,3537.0,4270.0,1.0,2.0,reviewed,review-c:transcript-2026-05-15-1-29-AddSandboxSettings:plan:02,1.0,Implementation/verification governed by Plan.,False,True
transcript-2026-05-15-1-29-AddSandboxSettings,transcript-2026-05-15-1-29-AddSandboxSettings:segment-004,plan,29,implementation,1.0,143,169,28.184210526315788,99.0,763.0,862.0,1.0,2.0,reviewed,review-c:transcript-2026-05-15-1-29-AddSandboxSettings:plan:02,1.0,Implementation/verification governed by Plan.,False,True
transcript-2026-05-15-1-29-AddSandboxSettings,transcript-2026-05-15-1-29-AddSandboxSettings:segment-005,plan,29,implementation,1.0,170,198,30.2719298245614,315.0,2511.0,2826.0,1.0,2.0,reviewed,review-c:transcript-2026-05-15-1-29-AddSandboxSettings:plan:02,1.0,Implementation/verification governed by Plan.,False,True
transcript-2026-05-15-1-29-AddSandboxSettings,transcript-2026-05-15-1-29-AddSandboxSettings:segment-006,plan,29,implementation,1.0,199,237,40.71052631578947,605.0,0.0,605.0,1.0,2.0,reviewed,review-c:transcript-2026-05-15-1-29-AddSandboxSettings:plan:02,1.0,Implementation/verification governed by Plan.,False,True
transcript-2026-05-18-1-28-AddSwiftTagUseDocumentation,transcript-2026-05-18-1-28-AddSwiftTagUseDocumentation:segment-001,commit,c2b2356f0f3b1143f444b6e8120567b343d729cc,work,1.0,10,68,60.809815950920246,403.0,30107.0,30510.0,1.0,2.0,reviewed,review-c:transcript-2026-05-18-1-28-AddSwiftTagUseDocumentation:feature:01,1.0,Segment meaning matches c2b2356: fix(applescript): derive scriptable windows from live AppKit windows,False,True
transcript-2026-05-18-1-28-AddSwiftTagUseDocumentation,transcript-2026-05-18-1-28-AddSwiftTagUseDocumentation:segment-002,commit,969d6592c5cd201b256d15e2453193b8064126f1,work,1.0,69,98,30.92024539877301,251.0,41089.0,41340.0,1.0,2.0,reviewed,review-c:transcript-2026-05-18-1-28-AddSwiftTagUseDocumentation:feature:02,1.0,Segment meaning matches 969d659: docs(user): applescript - document class and support commands,False,True
transcript-2026-05-18-1-28-AddSwiftTagUseDocumentation,transcript-2026-05-18-1-28-AddSwiftTagUseDocumentation:segment-003,commit,5cf9b48f0411fadf42905537294e7db841c6a628,work,1.0,99,137,40.19631901840491,756.0,3402.0,4158.0,1.0,2.0,reviewed,review-c:transcript-2026-05-18-1-28-AddSwiftTagUseDocumentation:feature:03,1.0,Segment meaning matches 5cf9b48: docs(user): applescript - application class and support,False,True
transcript-2026-05-18-1-28-AddSwiftTagUseDocumentation,transcript-2026-05-18-1-28-AddSwiftTagUseDocumentation:segment-004,commit,50b8fd902d32fca1ed43570b89b6e097dd4e9fae,work,1.0,138,157,20.61349693251534,38.0,1115.0,1153.0,1.0,2.0,reviewed,review-c:transcript-2026-05-18-1-28-AddSwiftTagUseDocumentation:feature:04,1.0,Segment meaning matches 50b8fd9: docs(user): settings - General settings update,False,True
transcript-2026-05-18-1-28-AddSwiftTagUseDocumentation,transcript-2026-05-18-1-28-AddSwiftTagUseDocumentation:segment-005,commit,50b8fd902d32fca1ed43570b89b6e097dd4e9fae,work,1.0,158,175,18.552147239263803,50.0,2437.0,2487.0,1.0,2.0,reviewed,review-c:transcript-2026-05-18-1-28-AddSwiftTagUseDocumentation:feature:04,1.0,Segment meaning matches 50b8fd9: docs(user): settings - General settings update,False,True
transcript-2026-05-18-1-28-AddSwiftTagUseDocumentation,transcript-2026-05-18-1-28-AddSwiftTagUseDocumentation:segment-006,commit,50b8fd902d32fca1ed43570b89b6e097dd4e9fae,work,1.0,176,191,16.49079754601227,37.0,424.0,461.0,1.0,2.0,reviewed,review-c:transcript-2026-05-18-1-28-AddSwiftTagUseDocumentation:feature:04,1.0,Segment meaning matches 50b8fd9: docs(user): settings - General settings update,False,True
transcript-2026-05-18-1-28-AddSwiftTagUseDocumentation,transcript-2026-05-18-1-28-AddSwiftTagUseDocumentation:segment-007,commit,50b8fd902d32fca1ed43570b89b6e097dd4e9fae,work,1.0,192,207,16.49079754601227,30.0,403.0,433.0,1.0,2.0,reviewed,review-c:transcript-2026-05-18-1-28-AddSwiftTagUseDocumentation:feature:04,1.0,Segment meaning matches 50b8fd9: docs(user): settings - General settings update,False,True
transcript-2026-05-18-1-28-AddSwiftTagUseDocumentation,transcript-2026-05-18-1-28-AddSwiftTagUseDocumentation:segment-008,commit,50b8fd902d32fca1ed43570b89b6e097dd4e9fae,work,1.0,208,223,16.49079754601227,41.0,2992.0,3033.0,1.0,2.0,reviewed,review-c:transcript-2026-05-18-1-28-AddSwiftTagUseDocumentation:feature:04,1.0,Segment meaning matches 50b8fd9: docs(user): settings - General settings update,False,True
transcript-2026-05-18-1-28-AddSwiftTagUseDocumentation,transcript-2026-05-18-1-28-AddSwiftTagUseDocumentation:segment-009,commit,50b8fd902d32fca1ed43570b89b6e097dd4e9fae,work,1.0,224,241,18.552147239263803,57.0,1182.0,1239.0,1.0,2.0,reviewed,review-c:transcript-2026-05-18-1-28-AddSwiftTagUseDocumentation:feature:04,1.0,Segment meaning matches 50b8fd9: docs(user): settings - General settings update,False,True
transcript-2026-05-18-1-28-AddSwiftTagUseDocumentation,transcript-2026-05-18-1-28-AddSwiftTagUseDocumentation:segment-010,commit,50b8fd902d32fca1ed43570b89b6e097dd4e9fae,work,1.0,242,261,20.61349693251534,45.0,2021.0,2066.0,1.0,2.0,reviewed,review-c:transcript-2026-05-18-1-28-AddSwiftTagUseDocumentation:feature:04,1.0,Segment meaning matches 50b8fd9: docs(user): settings - General settings update,False,True
transcript-2026-05-18-1-28-AddSwiftTagUseDocumentation,transcript-2026-05-18-1-28-AddSwiftTagUseDocumentation:segment-011,commit,44df34502dee4a2af0a264dfe0047ff8e82be4ab,work,1.0,262,282,21.644171779141104,152.0,11701.0,11853.0,1.0,2.0,reviewed,review-c:transcript-2026-05-18-1-28-AddSwiftTagUseDocumentation:feature:05,1.0,Segment meaning matches 44df345: docs(user): applescript enumerations,False,True
transcript-2026-05-18-1-28-AddSwiftTagUseDocumentation,transcript-2026-05-18-1-28-AddSwiftTagUseDocumentation:segment-012,commit,14a623cc7cae72b22210b2f44a8b8a9d3f09e85f,work,1.0,283,302,20.61349693251534,86.0,14929.0,15015.0,1.0,2.0,reviewed,review-c:transcript-2026-05-18-1-28-AddSwiftTagUseDocumentation:feature:06,1.0,Segment meaning matches 14a623c: docs(user): applescript record types,False,True
transcript-2026-05-18-1-28-AddSwiftTagUseDocumentation,transcript-2026-05-18-1-28-AddSwiftTagUseDocumentation:segment-013,commit,893289b52cf06c6f3c02548f549ebc68e4281380,work,1.0,303,335,34.012269938650306,325.0,0.0,325.0,1.0,2.0,reviewed,review-c:transcript-2026-05-18-1-28-AddSwiftTagUseDocumentation:feature:07,1.0,Segment meaning matches 893289b: docs(user): applescript windows,False,True
transcript-2026-05-18-1-28-AddSwiftTagUseDocumentation,transcript-2026-05-18-1-28-AddSwiftTagUseDocumentation:segment-001,plan,26,implementation,1.0,10,68,60.809815950920246,403.0,30107.0,30510.0,1.0,2.0,reviewed,review-c:transcript-2026-05-18-1-28-AddSwiftTagUseDocumentation:plan:01,1.0,Implementation/verification governed by Plan.,False,True
transcript-2026-05-18-1-28-AddSwiftTagUseDocumentation,transcript-2026-05-18-1-28-AddSwiftTagUseDocumentation:segment-002,plan,28,implementation,1.0,69,98,30.92024539877301,251.0,41089.0,41340.0,1.0,2.0,reviewed,review-c:transcript-2026-05-18-1-28-AddSwiftTagUseDocumentation:plan:02,1.0,Implementation/verification governed by Plan.,False,True
transcript-2026-05-18-1-28-AddSwiftTagUseDocumentation,transcript-2026-05-18-1-28-AddSwiftTagUseDocumentation:segment-003,plan,28,implementation,1.0,99,137,40.19631901840491,756.0,3402.0,4158.0,1.0,2.0,reviewed,review-c:transcript-2026-05-18-1-28-AddSwiftTagUseDocumentation:plan:02,1.0,Implementation/verification governed by Plan.,False,True
transcript-2026-05-18-1-28-AddSwiftTagUseDocumentation,transcript-2026-05-18-1-28-AddSwiftTagUseDocumentation:segment-004,plan,28,implementation,1.0,138,157,20.61349693251534,38.0,1115.0,1153.0,1.0,2.0,reviewed,review-c:transcript-2026-05-18-1-28-AddSwiftTagUseDocumentation:plan:02,1.0,Implementation/verification governed by Plan.,False,True
transcript-2026-05-18-1-28-AddSwiftTagUseDocumentation,transcript-2026-05-18-1-28-AddSwiftTagUseDocumentation:segment-005,plan,28,implementation,1.0,158,175,18.552147239263803,50.0,2437.0,2487.0,1.0,2.0,reviewed,review-c:transcript-2026-05-18-1-28-AddSwiftTagUseDocumentation:plan:02,1.0,Implementation/verification governed by Plan.,False,True
transcript-2026-05-18-1-28-AddSwiftTagUseDocumentation,transcript-2026-05-18-1-28-AddSwiftTagUseDocumentation:segment-006,plan,28,implementation,1.0,176,191,16.49079754601227,37.0,424.0,461.0,1.0,2.0,reviewed,review-c:transcript-2026-05-18-1-28-AddSwiftTagUseDocumentation:plan:02,1.0,Implementation/verification governed by Plan.,False,True
transcript-2026-05-18-1-28-AddSwiftTagUseDocumentation,transcript-2026-05-18-1-28-AddSwiftTagUseDocumentation:segment-007,plan,28,implementation,1.0,192,207,16.49079754601227,30.0,403.0,433.0,1.0,2.0,reviewed,review-c:transcript-2026-05-18-1-28-AddSwiftTagUseDocumentation:plan:02,1.0,Implementation/verification governed by Plan.,False,True
transcript-2026-05-18-1-28-AddSwiftTagUseDocumentation,transcript-2026-05-18-1-28-AddSwiftTagUseDocumentation:segment-008,plan,28,implementation,1.0,208,223,16.49079754601227,41.0,2992.0,3033.0,1.0,2.0,reviewed,review-c:transcript-2026-05-18-1-28-AddSwiftTagUseDocumentation:plan:02,1.0,Implementation/verification governed by Plan.,False,True
transcript-2026-05-18-1-28-AddSwiftTagUseDocumentation,transcript-2026-05-18-1-28-AddSwiftTagUseDocumentation:segment-009,plan,28,implementation,1.0,224,241,18.552147239263803,57.0,1182.0,1239.0,1.0,2.0,reviewed,review-c:transcript-2026-05-18-1-28-AddSwiftTagUseDocumentation:plan:02,1.0,Implementation/verification governed by Plan.,False,True
transcript-2026-05-18-1-28-AddSwiftTagUseDocumentation,transcript-2026-05-18-1-28-AddSwiftTagUseDocumentation:segment-010,plan,28,implementation,1.0,242,261,20.61349693251534,45.0,2021.0,2066.0,1.0,2.0,reviewed,review-c:transcript-2026-05-18-1-28-AddSwiftTagUseDocumentation:plan:02,1.0,Implementation/verification governed by Plan.,False,True
transcript-2026-05-18-1-28-AddSwiftTagUseDocumentation,transcript-2026-05-18-1-28-AddSwiftTagUseDocumentation:segment-011,plan,28,implementation,1.0,262,282,21.644171779141104,152.0,11701.0,11853.0,1.0,2.0,reviewed,review-c:transcript-2026-05-18-1-28-AddSwiftTagUseDocumentation:plan:02,1.0,Implementation/verification governed by Plan.,False,True
transcript-2026-05-18-1-28-AddSwiftTagUseDocumentation,transcript-2026-05-18-1-28-AddSwiftTagUseDocumentation:segment-012,plan,28,implementation,1.0,283,302,20.61349693251534,86.0,14929.0,15015.0,1.0,2.0,reviewed,review-c:transcript-2026-05-18-1-28-AddSwiftTagUseDocumentation:plan:02,1.0,Implementation/verification governed by Plan.,False,True
transcript-2026-05-18-1-28-AddSwiftTagUseDocumentation,transcript-2026-05-18-1-28-AddSwiftTagUseDocumentation:segment-013,plan,28,implementation,1.0,303,335,34.012269938650306,325.0,0.0,325.0,1.0,2.0,reviewed,review-c:transcript-2026-05-18-1-28-AddSwiftTagUseDocumentation:plan:02,1.0,Implementation/verification governed by Plan.,False,True
transcript-2026-05-20-1-MakePictureFix,transcript-2026-05-20-1-MakePictureFix:segment-001,commit,7602f5d2dbef63b01a09845e5f322ad810ce7431,work,1.0,10,89,86.4,1454.0,5214.0,6668.0,1.0,2.0,reviewed,review-c:transcript-2026-05-20-1-MakePictureFix:feature:01,1.0,Segment meaning matches 7602f5d: feat(applescript): accept base64 text when making pictures,False,True
transcript-2026-05-20-1-MakePictureFix,transcript-2026-05-20-1-MakePictureFix:segment-002,commit,8053109fcb999ee4c2f8a060048b83dbfe4eed81,work,1.0,90,134,48.6,671.0,0.0,671.0,1.0,2.0,reviewed,review-c:transcript-2026-05-20-1-MakePictureFix:feature:02,1.0,Segment meaning matches 8053109: refactor(applescript)!: remove custom import picture command (replaced by use of `make`),False,True
transcript-2026-05-20-1-MakePictureFix,transcript-2026-05-20-1-MakePictureFix:segment-001,plan,26,implementation,1.0,10,89,86.4,1454.0,5214.0,6668.0,1.0,2.0,reviewed,review-c:transcript-2026-05-20-1-MakePictureFix:plan:01,1.0,Implementation/verification governed by Plan.,False,True
transcript-2026-05-20-1-MakePictureFix,transcript-2026-05-20-1-MakePictureFix:segment-002,plan,26,implementation,1.0,90,134,48.6,671.0,0.0,671.0,1.0,2.0,reviewed,review-c:transcript-2026-05-20-1-MakePictureFix:plan:01,1.0,Implementation/verification governed by Plan.,False,True
transcript-2026-05-20-2-28-AddSwiftTagUseDocumentation,transcript-2026-05-20-2-28-AddSwiftTagUseDocumentation:segment-001,commit,604d139ad72b08a404092b8812a0130678f53984,work,1.0,10,33,26.790697674418603,228.0,52553.0,52781.0,1.0,2.0,reviewed,review-c:transcript-2026-05-20-2-28-AddSwiftTagUseDocumentation:feature:01,1.0,Segment meaning matches 604d139: docs(user): applescript track,False,True
transcript-2026-05-20-2-28-AddSwiftTagUseDocumentation,transcript-2026-05-20-2-28-AddSwiftTagUseDocumentation:segment-002,commit,e096ded126a62938d4627bd1205b32a0e30c77b0,work,1.0,34,55,24.558139534883722,168.0,1412.0,1580.0,1.0,2.0,reviewed,review-c:transcript-2026-05-20-2-28-AddSwiftTagUseDocumentation:feature:02,1.0,Segment meaning matches e096ded: docs(user): applescript delete command,False,True
transcript-2026-05-20-2-28-AddSwiftTagUseDocumentation,transcript-2026-05-20-2-28-AddSwiftTagUseDocumentation:segment-003,commit,c1df562489d39bf6608f3053706fc038844b482c,work,1.0,56,73,20.093023255813954,86.0,3360.0,3446.0,1.0,2.0,reviewed,review-c:transcript-2026-05-20-2-28-AddSwiftTagUseDocumentation:feature:03,1.0,Segment meaning matches c1df562: docs(user): applescript tag class,False,True
transcript-2026-05-20-2-28-AddSwiftTagUseDocumentation,transcript-2026-05-20-2-28-AddSwiftTagUseDocumentation:segment-004,commit,5c2ab0a3ba722d5fdc139615b6eb55902237162d,work,1.0,74,95,24.558139534883722,141.0,0.0,141.0,1.0,2.0,reviewed,review-c:transcript-2026-05-20-2-28-AddSwiftTagUseDocumentation:feature:04,1.0,Segment meaning matches 5c2ab0a: docs(user): applescript picture class,False,True
transcript-2026-05-20-2-28-AddSwiftTagUseDocumentation,transcript-2026-05-20-2-28-AddSwiftTagUseDocumentation:segment-001,plan,28,implementation,1.0,10,33,26.790697674418603,228.0,52553.0,52781.0,1.0,2.0,reviewed,review-c:transcript-2026-05-20-2-28-AddSwiftTagUseDocumentation:plan:01,1.0,Implementation/verification governed by Plan.,False,True
transcript-2026-05-20-2-28-AddSwiftTagUseDocumentation,transcript-2026-05-20-2-28-AddSwiftTagUseDocumentation:segment-002,plan,28,implementation,1.0,34,55,24.558139534883722,168.0,1412.0,1580.0,1.0,2.0,reviewed,review-c:transcript-2026-05-20-2-28-AddSwiftTagUseDocumentation:plan:01,1.0,Implementation/verification governed by Plan.,False,True
transcript-2026-05-20-2-28-AddSwiftTagUseDocumentation,transcript-2026-05-20-2-28-AddSwiftTagUseDocumentation:segment-003,plan,28,implementation,1.0,56,73,20.093023255813954,86.0,3360.0,3446.0,1.0,2.0,reviewed,review-c:transcript-2026-05-20-2-28-AddSwiftTagUseDocumentation:plan:01,1.0,Implementation/verification governed by Plan.,False,True
transcript-2026-05-20-2-28-AddSwiftTagUseDocumentation,transcript-2026-05-20-2-28-AddSwiftTagUseDocumentation:segment-004,plan,28,implementation,1.0,74,95,24.558139534883722,141.0,0.0,141.0,1.0,2.0,reviewed,review-c:transcript-2026-05-20-2-28-AddSwiftTagUseDocumentation:plan:01,1.0,Implementation/verification governed by Plan.,False,True
transcript-2026-05-26-1-MiscCleanupAndDocs,transcript-2026-05-26-1-MiscCleanupAndDocs:segment-001,commit,486b13c723b2fac0220854d9ea7269a09442e7ce,work,1.0,10,40,33.67241379310345,331.0,3660.0,3991.0,1.0,2.0,reviewed,review-c:transcript-2026-05-26-1-MiscCleanupAndDocs:feature:01,1.0,Segment meaning matches 486b13c: feat(quicklook): show audio summary in document previews,False,True
transcript-2026-05-26-1-MiscCleanupAndDocs,transcript-2026-05-26-1-MiscCleanupAndDocs:segment-002,commit,e8c7dcb8fa1bcfe202e061807bb6873d2e1e0473,work,1.0,41,73,35.8448275862069,116.0,714.0,830.0,1.0,2.0,reviewed,review-c:transcript-2026-05-26-1-MiscCleanupAndDocs:feature:02,1.0,Segment meaning matches e8c7dcb: feat(tag-editor): remove Show TOML feature,False,True
transcript-2026-05-26-1-MiscCleanupAndDocs,transcript-2026-05-26-1-MiscCleanupAndDocs:segment-003,commit,65538b7f93d2246cfc37625f018af76640c6aa40,work,1.0,74,101,30.413793103448278,162.0,1454.0,1616.0,1.0,2.0,reviewed,review-c:transcript-2026-05-26-1-MiscCleanupAndDocs:feature:03,1.0,Segment meaning matches 65538b7: docs(readme): update README to reflect latest feature set,False,True
transcript-2026-05-26-1-MiscCleanupAndDocs,transcript-2026-05-26-1-MiscCleanupAndDocs:segment-004,commit,716c54c01f81ac69fb1c6e5252727cbd5dd10310,work,1.0,102,125,26.06896551724138,38.0,0.0,38.0,1.0,2.0,reviewed,review-c:transcript-2026-05-26-1-MiscCleanupAndDocs:feature:04,1.0,Segment meaning matches 716c54c: docs: update project README and add session transcript,False,True
transcript-2026-05-30-1-DiffFormatAndTestFix,transcript-2026-05-30-1-DiffFormatAndTestFix:segment-001,commit,fcee05c29e0d15314bee932ee8b1e48cc7ca7276,work,1.0,10,96,89.78846153846155,1635.0,7128.0,8763.0,1.0,2.0,reviewed,review-c:transcript-2026-05-30-1-DiffFormatAndTestFix:feature:01,1.0,Segment meaning matches fcee05c: fix(tag-editor): keep unsaved album edits as internal diffs,False,True
transcript-2026-05-30-1-DiffFormatAndTestFix,transcript-2026-05-30-1-DiffFormatAndTestFix:segment-002,commit,03227c22ec04d4a16f48e8159bca42426af9eac7,work,1.0,97,158,63.987179487179496,593.0,2586.0,3179.0,1.0,2.0,reviewed,review-c:transcript-2026-05-30-1-DiffFormatAndTestFix:feature:02,1.0,Segment meaning matches 03227c2: fix(tags): treat total count aliases as equivalent,False,True
transcript-2026-05-30-1-DiffFormatAndTestFix,transcript-2026-05-30-1-DiffFormatAndTestFix:segment-003,commit,48fd612594d6a6ae7f88cfe82807c8c31823b63d,work,1.0,159,201,44.37820512820513,346.0,5121.0,5467.0,1.0,2.0,reviewed,review-c:transcript-2026-05-30-1-DiffFormatAndTestFix:feature:03,1.0,Segment meaning matches 48fd612: fix(date): preserve partial DATE tag text,False,True
transcript-2026-05-30-1-DiffFormatAndTestFix,transcript-2026-05-30-1-DiffFormatAndTestFix:segment-004,commit,36789f5d0b7a89231ac47b62ca91d92c8b537df8,work,1.0,202,234,34.057692307692314,222.0,998.0,1220.0,1.0,2.0,reviewed,review-c:transcript-2026-05-30-1-DiffFormatAndTestFix:feature:04,1.0,Segment meaning matches 36789f5: fix(album-art): require explicit import actions for picture picker,False,True
transcript-2026-05-30-1-DiffFormatAndTestFix,transcript-2026-05-30-1-DiffFormatAndTestFix:segment-005,commit,b5795c22e58a84982d07d6846e1929f9eba2166f,work,1.0,235,261,27.865384615384617,471.0,688.0,1159.0,1.0,2.0,reviewed,review-c:transcript-2026-05-30-1-DiffFormatAndTestFix:feature:05,1.0,Segment meaning matches b5795c2: build(xcode): set development team for SwiftTag targets,False,True
transcript-2026-05-30-1-DiffFormatAndTestFix,transcript-2026-05-30-1-DiffFormatAndTestFix:segment-006,commit,5c58b2c352709f9b9c609c1e60a15c4ebf49062c,work,1.0,262,288,27.865384615384617,228.0,3173.0,3401.0,1.0,2.0,reviewed,review-c:transcript-2026-05-30-1-DiffFormatAndTestFix:feature:06,1.0,Segment meaning matches 5c58b2c: test(picture): fix no tap gesture on picture browser well test,False,True
transcript-2026-05-30-1-DiffFormatAndTestFix,transcript-2026-05-30-1-DiffFormatAndTestFix:segment-007,commit,5b2392f98b7d9b0680edf4fdfb6966ed9a44d9bc,work,1.0,289,321,34.057692307692314,251.0,0.0,251.0,1.0,2.0,reviewed,review-c:transcript-2026-05-30-1-DiffFormatAndTestFix:feature:07,1.0,Segment meaning matches 5b2392f: test(settings): update sandbox path source expectations,False,True
transcript-2026-06-03-1-UpdatesForRelease-1-0-2,transcript-2026-06-03-1-UpdatesForRelease-1-0-2:segment-001,commit,5f406d41dab292e9d24be77a40a86053fba4e075,work,1.0,10,55,47.015452538631344,480.0,69207.0,69687.0,1.0,2.0,reviewed,review-c:transcript-2026-06-03-1-UpdatesForRelease-1-0-2:feature:01,1.0,Segment meaning matches 5f406d4: fix(editor): mark swifttag documents dirty for editor differences,False,True
transcript-2026-06-03-1-UpdatesForRelease-1-0-2,transcript-2026-06-03-1-UpdatesForRelease-1-0-2:segment-002,commit,58c447d0c8f8d603db83117199143fea38de98fb,work,1.0,56,134,80.7439293598234,562.0,92347.0,92909.0,1.0,2.0,reviewed,review-c:transcript-2026-06-03-1-UpdatesForRelease-1-0-2:feature:02,1.0,Segment meaning matches 58c447d: feat(swifttag-document): add Save As command for session documents,False,True
transcript-2026-06-03-1-UpdatesForRelease-1-0-2,transcript-2026-06-03-1-UpdatesForRelease-1-0-2:segment-003,commit,a19bccf7a97c76901ba27f942e9cae26a5642edc,work,1.0,135,210,77.67770419426047,295.0,2241.0,2536.0,1.0,2.0,reviewed,review-c:transcript-2026-06-03-1-UpdatesForRelease-1-0-2:feature:03,1.0,Segment meaning matches a19bccf: feat(settings): add last-window close quit preference,False,True
transcript-2026-06-03-1-UpdatesForRelease-1-0-2,transcript-2026-06-03-1-UpdatesForRelease-1-0-2:segment-004,commit,d4616ef79d1f5f6f9afe47e139aa7a092e4b3085,work,1.0,211,281,72.56732891832229,206.0,4424.0,4630.0,1.0,2.0,reviewed,review-c:transcript-2026-06-03-1-UpdatesForRelease-1-0-2:feature:04,1.0,Segment meaning matches d4616ef: feat(applescript): expose quit-on-last-window-close setting,False,True
transcript-2026-06-03-1-UpdatesForRelease-1-0-2,transcript-2026-06-03-1-UpdatesForRelease-1-0-2:segment-005,commit,798de55dcbb0a4e26d499cec324224070b108b19,work,1.0,282,346,66.43487858719647,397.0,5667.0,6064.0,1.0,2.0,reviewed,review-c:transcript-2026-06-03-1-UpdatesForRelease-1-0-2:feature:05,1.0,Segment meaning matches 798de55: feat(tag-editor): add COMMENT tag editor support,False,True
transcript-2026-06-03-1-UpdatesForRelease-1-0-2,transcript-2026-06-03-1-UpdatesForRelease-1-0-2:segment-006,commit,a0be45da0d49c7dfb87bef36da1afed83c46ba4d,work,1.0,347,396,51.10375275938189,1168.0,0.0,1168.0,1.0,2.0,reviewed,review-c:transcript-2026-06-03-1-UpdatesForRelease-1-0-2:feature:06,1.0,Segment meaning matches a0be45d: feat(tag-editor): scroll new misc tag rows into view,False,True
transcript-2026-06-03-1-UpdatesForRelease-1-0-2,transcript-2026-06-03-1-UpdatesForRelease-1-0-2:segment-007,commit,a0be45da0d49c7dfb87bef36da1afed83c46ba4d,work,1.0,397,426,30.662251655629134,620.0,0.0,620.0,1.0,2.0,reviewed,review-c:transcript-2026-06-03-1-UpdatesForRelease-1-0-2:feature:06,1.0,Segment meaning matches a0be45d: feat(tag-editor): scroll new misc tag rows into view,False,True
transcript-2026-06-03-1-UpdatesForRelease-1-0-2,transcript-2026-06-03-1-UpdatesForRelease-1-0-2:segment-008,commit,a0be45da0d49c7dfb87bef36da1afed83c46ba4d,work,1.0,427,462,36.794701986754966,215.0,0.0,215.0,1.0,2.0,reviewed,review-c:transcript-2026-06-03-1-UpdatesForRelease-1-0-2:feature:06,1.0,Segment meaning matches a0be45d: feat(tag-editor): scroll new misc tag rows into view,False,True
transcript-2026-06-15-1-30-AutoUpdateTrackTotalByDisc,transcript-2026-06-15-1-30-AutoUpdateTrackTotalByDisc:segment-001,commit,d2843d58d7c77e0470d1b467eacf8a956665e2c9,work,1.0,10,63,55.970802919708035,303.0,982.0,1285.0,1.0,2.0,reviewed,review-c:transcript-2026-06-15-1-30-AutoUpdateTrackTotalByDisc:feature:01,1.0,Segment meaning matches d2843d5: feat(tags): add per-disc track total update mode,False,True
transcript-2026-06-15-1-30-AutoUpdateTrackTotalByDisc,transcript-2026-06-15-1-30-AutoUpdateTrackTotalByDisc:segment-002,commit,d2843d58d7c77e0470d1b467eacf8a956665e2c9,work,1.0,64,99,37.31386861313869,161.0,526.0,687.0,1.0,2.0,reviewed,review-c:transcript-2026-06-15-1-30-AutoUpdateTrackTotalByDisc:feature:01,1.0,Segment meaning matches d2843d5: feat(tags): add per-disc track total update mode,False,True
transcript-2026-06-15-1-30-AutoUpdateTrackTotalByDisc,transcript-2026-06-15-1-30-AutoUpdateTrackTotalByDisc:segment-003,commit,d2843d58d7c77e0470d1b467eacf8a956665e2c9,work,1.0,100,122,23.83941605839416,46.0,186.0,232.0,1.0,2.0,reviewed,review-c:transcript-2026-06-15-1-30-AutoUpdateTrackTotalByDisc:feature:01,1.0,Segment meaning matches d2843d5: feat(tags): add per-disc track total update mode,False,True
transcript-2026-06-15-1-30-AutoUpdateTrackTotalByDisc,transcript-2026-06-15-1-30-AutoUpdateTrackTotalByDisc:segment-004,commit,d2843d58d7c77e0470d1b467eacf8a956665e2c9,work,1.0,123,229,110.9051094890511,681.0,1906.0,2587.0,1.0,2.0,reviewed,review-c:transcript-2026-06-15-1-30-AutoUpdateTrackTotalByDisc:feature:01,1.0,Segment meaning matches d2843d5: feat(tags): add per-disc track total update mode,False,True
transcript-2026-06-15-1-30-AutoUpdateTrackTotalByDisc,transcript-2026-06-15-1-30-AutoUpdateTrackTotalByDisc:segment-005,commit,d2843d58d7c77e0470d1b467eacf8a956665e2c9,work,1.0,230,258,30.058394160583944,144.0,895.0,1039.0,1.0,2.0,reviewed,review-c:transcript-2026-06-15-1-30-AutoUpdateTrackTotalByDisc:feature:01,1.0,Segment meaning matches d2843d5: feat(tags): add per-disc track total update mode,False,True
transcript-2026-06-15-1-30-AutoUpdateTrackTotalByDisc,transcript-2026-06-15-1-30-AutoUpdateTrackTotalByDisc:segment-006,commit,d2843d58d7c77e0470d1b467eacf8a956665e2c9,work,1.0,259,283,25.91240875912409,66.0,0.0,66.0,1.0,2.0,reviewed,review-c:transcript-2026-06-15-1-30-AutoUpdateTrackTotalByDisc:feature:01,1.0,Segment meaning matches d2843d5: feat(tags): add per-disc track total update mode,False,True
transcript-2026-06-15-1-30-AutoUpdateTrackTotalByDisc,transcript-2026-06-15-1-30-AutoUpdateTrackTotalByDisc:segment-001,plan,30,direct,1.0,10,63,55.970802919708035,303.0,982.0,1285.0,1.0,2.0,reviewed,review-c:transcript-2026-06-15-1-30-AutoUpdateTrackTotalByDisc:plan:01,1.0,Plan authoring/decision work.,True,False
transcript-2026-06-15-1-30-AutoUpdateTrackTotalByDisc,transcript-2026-06-15-1-30-AutoUpdateTrackTotalByDisc:segment-002,plan,30,direct,1.0,64,99,37.31386861313869,161.0,526.0,687.0,1.0,2.0,reviewed,review-c:transcript-2026-06-15-1-30-AutoUpdateTrackTotalByDisc:plan:01,1.0,Plan authoring/decision work.,True,False
transcript-2026-06-15-1-30-AutoUpdateTrackTotalByDisc,transcript-2026-06-15-1-30-AutoUpdateTrackTotalByDisc:segment-003,plan,30,direct,1.0,100,122,23.83941605839416,46.0,186.0,232.0,1.0,2.0,reviewed,review-c:transcript-2026-06-15-1-30-AutoUpdateTrackTotalByDisc:plan:01,1.0,Plan authoring/decision work.,True,False
transcript-2026-06-15-1-30-AutoUpdateTrackTotalByDisc,transcript-2026-06-15-1-30-AutoUpdateTrackTotalByDisc:segment-004,plan,30,implementation,1.0,123,229,110.9051094890511,681.0,1906.0,2587.0,1.0,2.0,reviewed,review-c:transcript-2026-06-15-1-30-AutoUpdateTrackTotalByDisc:plan:02,1.0,Implementation/verification governed by Plan.,False,True
transcript-2026-06-15-1-30-AutoUpdateTrackTotalByDisc,transcript-2026-06-15-1-30-AutoUpdateTrackTotalByDisc:segment-005,plan,30,implementation,1.0,230,258,30.058394160583944,144.0,895.0,1039.0,1.0,2.0,reviewed,review-c:transcript-2026-06-15-1-30-AutoUpdateTrackTotalByDisc:plan:02,1.0,Implementation/verification governed by Plan.,False,True
transcript-2026-06-15-1-30-AutoUpdateTrackTotalByDisc,transcript-2026-06-15-1-30-AutoUpdateTrackTotalByDisc:segment-006,plan,30,implementation,1.0,259,283,25.91240875912409,66.0,0.0,66.0,1.0,2.0,reviewed,review-c:transcript-2026-06-15-1-30-AutoUpdateTrackTotalByDisc:plan:02,1.0,Implementation/verification governed by Plan.,False,True
transcript-2026-06-16-1-31-AddTrackSortAndNumbering,transcript-2026-06-16-1-31-AddTrackSortAndNumbering:segment-001,commit,7228297fdfbf05a87af30e5330fdcdd1e908dd84,work,1.0,10,89,83.52422907488986,350.0,909.0,1259.0,1.0,2.0,reviewed,review-c:transcript-2026-06-16-1-31-AddTrackSortAndNumbering:feature:01,1.0,Segment meaning matches 7228297: feat(tracks): add sort order and track numbering controls,False,True
transcript-2026-06-16-1-31-AddTrackSortAndNumbering,transcript-2026-06-16-1-31-AddTrackSortAndNumbering:segment-002,commit,7228297fdfbf05a87af30e5330fdcdd1e908dd84,work,1.0,90,108,19.837004405286343,23.0,47604.0,47627.0,1.0,2.0,reviewed,review-c:transcript-2026-06-16-1-31-AddTrackSortAndNumbering:feature:01,1.0,Segment meaning matches 7228297: feat(tracks): add sort order and track numbering controls,False,True
transcript-2026-06-16-1-31-AddTrackSortAndNumbering,transcript-2026-06-16-1-31-AddTrackSortAndNumbering:segment-003,commit,7228297fdfbf05a87af30e5330fdcdd1e908dd84,work,1.0,109,149,42.80616740088105,876.0,29282.0,30158.0,1.0,2.0,reviewed,review-c:transcript-2026-06-16-1-31-AddTrackSortAndNumbering:feature:01,1.0,Segment meaning matches 7228297: feat(tracks): add sort order and track numbering controls,False,True
transcript-2026-06-16-1-31-AddTrackSortAndNumbering,transcript-2026-06-16-1-31-AddTrackSortAndNumbering:segment-004,commit,7228297fdfbf05a87af30e5330fdcdd1e908dd84,work,1.0,150,236,90.83259911894272,710.0,0.0,710.0,1.0,2.0,reviewed,review-c:transcript-2026-06-16-1-31-AddTrackSortAndNumbering:feature:01,1.0,Segment meaning matches 7228297: feat(tracks): add sort order and track numbering controls,False,True
transcript-2026-06-16-1-31-AddTrackSortAndNumbering,transcript-2026-06-16-1-31-AddTrackSortAndNumbering:segment-001,plan,31,direct,1.0,10,89,83.52422907488986,350.0,909.0,1259.0,1.0,2.0,reviewed,review-c:transcript-2026-06-16-1-31-AddTrackSortAndNumbering:plan:01,1.0,Plan authoring/decision work.,True,False
transcript-2026-06-16-1-31-AddTrackSortAndNumbering,transcript-2026-06-16-1-31-AddTrackSortAndNumbering:segment-002,plan,31,direct,1.0,90,108,19.837004405286343,23.0,47604.0,47627.0,1.0,2.0,reviewed,review-c:transcript-2026-06-16-1-31-AddTrackSortAndNumbering:plan:01,1.0,Plan authoring/decision work.,True,False
transcript-2026-06-16-1-31-AddTrackSortAndNumbering,transcript-2026-06-16-1-31-AddTrackSortAndNumbering:segment-003,plan,31,implementation,1.0,109,149,42.80616740088105,876.0,29282.0,30158.0,1.0,2.0,reviewed,review-c:transcript-2026-06-16-1-31-AddTrackSortAndNumbering:plan:02,1.0,Implementation/verification governed by Plan.,False,True
transcript-2026-06-16-1-31-AddTrackSortAndNumbering,transcript-2026-06-16-1-31-AddTrackSortAndNumbering:segment-004,plan,31,implementation,1.0,150,236,90.83259911894272,710.0,0.0,710.0,1.0,2.0,reviewed,review-c:transcript-2026-06-16-1-31-AddTrackSortAndNumbering:plan:02,1.0,Implementation/verification governed by Plan.,False,True
transcript-2026-06-17-1-32-AutoUpdateDiscTotal,transcript-2026-06-17-1-32-AutoUpdateDiscTotal:segment-001,commit,88d09498e62eed6f088450eb0cf1ec3129a7ad34,work,1.0,10,60,53.00000000000001,249.0,938.0,1187.0,1.0,2.0,reviewed,review-c:transcript-2026-06-17-1-32-AutoUpdateDiscTotal:feature:01,1.0,Segment meaning matches 88d0949: feat(tags): add auto disc total setting and command,False,True
transcript-2026-06-17-1-32-AutoUpdateDiscTotal,transcript-2026-06-17-1-32-AutoUpdateDiscTotal:segment-002,commit,88d09498e62eed6f088450eb0cf1ec3129a7ad34,work,1.0,61,91,32.21568627450981,102.0,378.0,480.0,1.0,2.0,reviewed,review-c:transcript-2026-06-17-1-32-AutoUpdateDiscTotal:feature:01,1.0,Segment meaning matches 88d0949: feat(tags): add auto disc total setting and command,False,True
transcript-2026-06-17-1-32-AutoUpdateDiscTotal,transcript-2026-06-17-1-32-AutoUpdateDiscTotal:segment-003,commit,88d09498e62eed6f088450eb0cf1ec3129a7ad34,work,1.0,92,186,98.72549019607844,653.0,1952.0,2605.0,1.0,2.0,reviewed,review-c:transcript-2026-06-17-1-32-AutoUpdateDiscTotal:feature:01,1.0,Segment meaning matches 88d0949: feat(tags): add auto disc total setting and command,False,True
transcript-2026-06-17-1-32-AutoUpdateDiscTotal,transcript-2026-06-17-1-32-AutoUpdateDiscTotal:segment-004,commit,88d09498e62eed6f088450eb0cf1ec3129a7ad34,work,1.0,187,230,45.72549019607843,142.0,479.0,621.0,1.0,2.0,reviewed,review-c:transcript-2026-06-17-1-32-AutoUpdateDiscTotal:feature:01,1.0,Segment meaning matches 88d0949: feat(tags): add auto disc total setting and command,False,True
transcript-2026-06-17-1-32-AutoUpdateDiscTotal,transcript-2026-06-17-1-32-AutoUpdateDiscTotal:segment-005,commit,88d09498e62eed6f088450eb0cf1ec3129a7ad34,work,1.0,231,264,35.333333333333336,104.0,0.0,104.0,1.0,2.0,reviewed,review-c:transcript-2026-06-17-1-32-AutoUpdateDiscTotal:feature:01,1.0,Segment meaning matches 88d0949: feat(tags): add auto disc total setting and command,False,True
transcript-2026-06-17-1-32-AutoUpdateDiscTotal,transcript-2026-06-17-1-32-AutoUpdateDiscTotal:segment-001,plan,32,direct,1.0,10,60,53.00000000000001,249.0,938.0,1187.0,1.0,2.0,reviewed,review-c:transcript-2026-06-17-1-32-AutoUpdateDiscTotal:plan:01,1.0,Plan authoring/decision work.,True,False
transcript-2026-06-17-1-32-AutoUpdateDiscTotal,transcript-2026-06-17-1-32-AutoUpdateDiscTotal:segment-002,plan,32,direct,1.0,61,91,32.21568627450981,102.0,378.0,480.0,1.0,2.0,reviewed,review-c:transcript-2026-06-17-1-32-AutoUpdateDiscTotal:plan:01,1.0,Plan authoring/decision work.,True,False
transcript-2026-06-17-1-32-AutoUpdateDiscTotal,transcript-2026-06-17-1-32-AutoUpdateDiscTotal:segment-003,plan,32,implementation,1.0,92,186,98.72549019607844,653.0,1952.0,2605.0,1.0,2.0,reviewed,review-c:transcript-2026-06-17-1-32-AutoUpdateDiscTotal:plan:02,1.0,Implementation/verification governed by Plan.,False,True
transcript-2026-06-17-1-32-AutoUpdateDiscTotal,transcript-2026-06-17-1-32-AutoUpdateDiscTotal:segment-004,plan,32,implementation,1.0,187,230,45.72549019607843,142.0,479.0,621.0,1.0,2.0,reviewed,review-c:transcript-2026-06-17-1-32-AutoUpdateDiscTotal:plan:02,1.0,Implementation/verification governed by Plan.,False,True
transcript-2026-06-17-1-32-AutoUpdateDiscTotal,transcript-2026-06-17-1-32-AutoUpdateDiscTotal:segment-005,plan,32,implementation,1.0,231,264,35.333333333333336,104.0,0.0,104.0,1.0,2.0,reviewed,review-c:transcript-2026-06-17-1-32-AutoUpdateDiscTotal:plan:02,1.0,Implementation/verification governed by Plan.,False,True
transcript-2026-06-18-1-33-AddTrackFileRename,transcript-2026-06-18-1-33-AddTrackFileRename:segment-001,commit,29444d740b06ee147a5690f1070d56abfa8be162,work,1.0,10,61,52.735502121640735,321.0,69939.0,70260.0,1.0,2.0,reviewed,review-c:transcript-2026-06-18-1-33-AddTrackFileRename:feature:01,1.0,Segment meaning matches 29444d7: feat(tag-editor): add track file rename workflow,False,True
transcript-2026-06-18-1-33-AddTrackFileRename,transcript-2026-06-18-1-33-AddTrackFileRename:segment-002,commit,29444d740b06ee147a5690f1070d56abfa8be162,work,1.0,62,107,46.650636492220656,273.0,1864.0,2137.0,1.0,2.0,reviewed,review-c:transcript-2026-06-18-1-33-AddTrackFileRename:feature:01,1.0,Segment meaning matches 29444d7: feat(tag-editor): add track file rename workflow,False,True
transcript-2026-06-18-1-33-AddTrackFileRename,transcript-2026-06-18-1-33-AddTrackFileRename:segment-003,commit,29444d740b06ee147a5690f1070d56abfa8be162,work,1.0,108,144,37.52333804809052,146.0,549.0,695.0,1.0,2.0,reviewed,review-c:transcript-2026-06-18-1-33-AddTrackFileRename:feature:01,1.0,Segment meaning matches 29444d7: feat(tag-editor): add track file rename workflow,False,True
transcript-2026-06-18-1-33-AddTrackFileRename,transcript-2026-06-18-1-33-AddTrackFileRename:segment-004,commit,29444d740b06ee147a5690f1070d56abfa8be162,work,1.0,145,259,116.62659123055163,804.0,1378.0,2182.0,1.0,2.0,reviewed,review-c:transcript-2026-06-18-1-33-AddTrackFileRename:feature:01,1.0,Segment meaning matches 29444d7: feat(tag-editor): add track file rename workflow,False,True
transcript-2026-06-18-1-33-AddTrackFileRename,transcript-2026-06-18-1-33-AddTrackFileRename:segment-005,commit,29444d740b06ee147a5690f1070d56abfa8be162,work,1.0,260,299,40.56577086280057,116.0,1341.0,1457.0,1.0,2.0,reviewed,review-c:transcript-2026-06-18-1-33-AddTrackFileRename:feature:01,1.0,Segment meaning matches 29444d7: feat(tag-editor): add track file rename workflow,False,True
transcript-2026-06-18-1-33-AddTrackFileRename,transcript-2026-06-18-1-33-AddTrackFileRename:segment-006,commit,29444d740b06ee147a5690f1070d56abfa8be162,work,1.0,300,510,213.984441301273,763.0,4271.0,5034.0,1.0,2.0,reviewed,review-c:transcript-2026-06-18-1-33-AddTrackFileRename:feature:01,1.0,Segment meaning matches 29444d7: feat(tag-editor): add track file rename workflow,False,True
transcript-2026-06-18-1-33-AddTrackFileRename,transcript-2026-06-18-1-33-AddTrackFileRename:segment-007,commit,29444d740b06ee147a5690f1070d56abfa8be162,work,1.0,511,549,39.55162659123055,156.0,991.0,1147.0,1.0,2.0,reviewed,review-c:transcript-2026-06-18-1-33-AddTrackFileRename:feature:01,1.0,Segment meaning matches 29444d7: feat(tag-editor): add track file rename workflow,False,True
transcript-2026-06-18-1-33-AddTrackFileRename,transcript-2026-06-18-1-33-AddTrackFileRename:segment-008,commit,29444d740b06ee147a5690f1070d56abfa8be162,work,1.0,550,591,42.5940594059406,228.0,23480.0,23708.0,1.0,2.0,reviewed,review-c:transcript-2026-06-18-1-33-AddTrackFileRename:feature:01,1.0,Segment meaning matches 29444d7: feat(tag-editor): add track file rename workflow,False,True
transcript-2026-06-18-1-33-AddTrackFileRename,transcript-2026-06-18-1-33-AddTrackFileRename:segment-009,commit,29444d740b06ee147a5690f1070d56abfa8be162,work,1.0,592,670,80.11739745403112,456.0,1505.0,1961.0,1.0,2.0,reviewed,review-c:transcript-2026-06-18-1-33-AddTrackFileRename:feature:01,1.0,Segment meaning matches 29444d7: feat(tag-editor): add track file rename workflow,False,True
transcript-2026-06-18-1-33-AddTrackFileRename,transcript-2026-06-18-1-33-AddTrackFileRename:segment-010,commit,29444d740b06ee147a5690f1070d56abfa8be162,work,1.0,671,716,46.650636492220656,125.0,0.0,125.0,1.0,2.0,reviewed,review-c:transcript-2026-06-18-1-33-AddTrackFileRename:feature:01,1.0,Segment meaning matches 29444d7: feat(tag-editor): add track file rename workflow,False,True
transcript-2026-06-18-1-33-AddTrackFileRename,transcript-2026-06-18-1-33-AddTrackFileRename:segment-001,plan,33,direct,1.0,10,61,52.735502121640735,321.0,69939.0,70260.0,1.0,2.0,reviewed,review-c:transcript-2026-06-18-1-33-AddTrackFileRename:plan:01,1.0,Plan authoring/decision work.,True,False
transcript-2026-06-18-1-33-AddTrackFileRename,transcript-2026-06-18-1-33-AddTrackFileRename:segment-002,plan,33,direct,1.0,62,107,46.650636492220656,273.0,1864.0,2137.0,1.0,2.0,reviewed,review-c:transcript-2026-06-18-1-33-AddTrackFileRename:plan:01,1.0,Plan authoring/decision work.,True,False
transcript-2026-06-18-1-33-AddTrackFileRename,transcript-2026-06-18-1-33-AddTrackFileRename:segment-003,plan,33,direct,1.0,108,144,37.52333804809052,146.0,549.0,695.0,1.0,2.0,reviewed,review-c:transcript-2026-06-18-1-33-AddTrackFileRename:plan:01,1.0,Plan authoring/decision work.,True,False
transcript-2026-06-18-1-33-AddTrackFileRename,transcript-2026-06-18-1-33-AddTrackFileRename:segment-004,plan,33,implementation,1.0,145,259,116.62659123055163,804.0,1378.0,2182.0,1.0,2.0,reviewed,review-c:transcript-2026-06-18-1-33-AddTrackFileRename:plan:02,1.0,Implementation/verification governed by Plan.,False,True
transcript-2026-06-18-1-33-AddTrackFileRename,transcript-2026-06-18-1-33-AddTrackFileRename:segment-005,plan,33,implementation,1.0,260,299,40.56577086280057,116.0,1341.0,1457.0,1.0,2.0,reviewed,review-c:transcript-2026-06-18-1-33-AddTrackFileRename:plan:02,1.0,Implementation/verification governed by Plan.,False,True
transcript-2026-06-18-1-33-AddTrackFileRename,transcript-2026-06-18-1-33-AddTrackFileRename:segment-006,plan,33,implementation,1.0,300,510,213.984441301273,763.0,4271.0,5034.0,1.0,2.0,reviewed,review-c:transcript-2026-06-18-1-33-AddTrackFileRename:plan:02,1.0,Implementation/verification governed by Plan.,False,True
transcript-2026-06-18-1-33-AddTrackFileRename,transcript-2026-06-18-1-33-AddTrackFileRename:segment-007,plan,33,implementation,1.0,511,549,39.55162659123055,156.0,991.0,1147.0,1.0,2.0,reviewed,review-c:transcript-2026-06-18-1-33-AddTrackFileRename:plan:02,1.0,Implementation/verification governed by Plan.,False,True
transcript-2026-06-18-1-33-AddTrackFileRename,transcript-2026-06-18-1-33-AddTrackFileRename:segment-008,plan,33,implementation,1.0,550,591,42.5940594059406,228.0,23480.0,23708.0,1.0,2.0,reviewed,review-c:transcript-2026-06-18-1-33-AddTrackFileRename:plan:02,1.0,Implementation/verification governed by Plan.,False,True
transcript-2026-06-18-1-33-AddTrackFileRename,transcript-2026-06-18-1-33-AddTrackFileRename:segment-009,plan,33,implementation,1.0,592,670,80.11739745403112,456.0,1505.0,1961.0,1.0,2.0,reviewed,review-c:transcript-2026-06-18-1-33-AddTrackFileRename:plan:02,1.0,Implementation/verification governed by Plan.,False,True
transcript-2026-06-18-1-33-AddTrackFileRename,transcript-2026-06-18-1-33-AddTrackFileRename:segment-010,plan,33,implementation,1.0,671,716,46.650636492220656,125.0,0.0,125.0,1.0,2.0,reviewed,review-c:transcript-2026-06-18-1-33-AddTrackFileRename:plan:02,1.0,Implementation/verification governed by Plan.,False,True
