transcript_id,turn_id,turn_index,speaker,source_line_start,source_line_end,timestamp,completion_timestamp,body_line_count,assistant_processing_seconds,user_response_seconds,timing_confidence,interrupted
transcript-2026-02-27-1-1-FLACBridgeExecution,transcript-2026-02-27-1-1-FLACBridgeExecution:turn-001,1,User,10,13,,,1,,,unavailable,False
transcript-2026-02-27-1-1-FLACBridgeExecution,transcript-2026-02-27-1-1-FLACBridgeExecution:turn-002,2,Assistant,14,63,,,47,,,unavailable,False
transcript-2026-02-27-1-1-FLACBridgeExecution,transcript-2026-02-27-1-1-FLACBridgeExecution:turn-003,3,Assistant,64,89,,,24,,,unavailable,False
transcript-2026-03-02-1-MiscTagEditorDev,transcript-2026-03-02-1-MiscTagEditorDev:turn-001,1,User,12,15,,,1,,,unavailable,False
transcript-2026-03-02-1-MiscTagEditorDev,transcript-2026-03-02-1-MiscTagEditorDev:turn-002,2,Assistant,16,30,,,12,,,unavailable,False
transcript-2026-03-02-1-MiscTagEditorDev,transcript-2026-03-02-1-MiscTagEditorDev:turn-003,3,User,31,34,,,1,,,unavailable,False
transcript-2026-03-02-1-MiscTagEditorDev,transcript-2026-03-02-1-MiscTagEditorDev:turn-004,4,Assistant,35,41,,,4,,,unavailable,False
transcript-2026-03-02-1-MiscTagEditorDev,transcript-2026-03-02-1-MiscTagEditorDev:turn-005,5,User,42,45,,,1,,,unavailable,False
transcript-2026-03-02-1-MiscTagEditorDev,transcript-2026-03-02-1-MiscTagEditorDev:turn-006,6,Assistant,46,55,,,7,,,unavailable,False
transcript-2026-03-02-1-MiscTagEditorDev,transcript-2026-03-02-1-MiscTagEditorDev:turn-007,7,User,56,61,,,3,,,unavailable,False
transcript-2026-03-02-1-MiscTagEditorDev,transcript-2026-03-02-1-MiscTagEditorDev:turn-008,8,User,62,65,,,1,,,unavailable,False
transcript-2026-03-02-1-MiscTagEditorDev,transcript-2026-03-02-1-MiscTagEditorDev:turn-009,9,Assistant,66,86,,,18,,,unavailable,False
transcript-2026-03-02-1-MiscTagEditorDev,transcript-2026-03-02-1-MiscTagEditorDev:turn-010,10,User,87,90,,,1,,,unavailable,False
transcript-2026-03-02-1-MiscTagEditorDev,transcript-2026-03-02-1-MiscTagEditorDev:turn-011,11,Assistant,91,101,,,8,,,unavailable,False
transcript-2026-03-02-1-MiscTagEditorDev,transcript-2026-03-02-1-MiscTagEditorDev:turn-012,12,User,102,105,,,1,,,unavailable,False
transcript-2026-03-02-1-MiscTagEditorDev,transcript-2026-03-02-1-MiscTagEditorDev:turn-013,13,Assistant,106,124,,,16,,,unavailable,False
transcript-2026-03-02-1-MiscTagEditorDev,transcript-2026-03-02-1-MiscTagEditorDev:turn-014,14,User,125,128,,,1,,,unavailable,False
transcript-2026-03-02-1-MiscTagEditorDev,transcript-2026-03-02-1-MiscTagEditorDev:turn-015,15,Assistant,129,146,,,16,,,unavailable,False
transcript-2026-03-03-1-MiscTagEditorDev,transcript-2026-03-03-1-MiscTagEditorDev:turn-001,1,User,12,15,,,1,,,unavailable,False
transcript-2026-03-03-1-MiscTagEditorDev,transcript-2026-03-03-1-MiscTagEditorDev:turn-002,2,Assistant,16,36,,,18,,,unavailable,False
transcript-2026-03-03-1-MiscTagEditorDev,transcript-2026-03-03-1-MiscTagEditorDev:turn-003,3,User,37,40,,,1,,,unavailable,False
transcript-2026-03-03-1-MiscTagEditorDev,transcript-2026-03-03-1-MiscTagEditorDev:turn-004,4,Assistant,41,71,,,28,,,unavailable,False
transcript-2026-03-03-1-MiscTagEditorDev,transcript-2026-03-03-1-MiscTagEditorDev:turn-005,5,User,72,77,,,3,,,unavailable,False
transcript-2026-03-03-1-MiscTagEditorDev,transcript-2026-03-03-1-MiscTagEditorDev:turn-006,6,Assistant,78,88,,,8,,,unavailable,False
transcript-2026-03-03-1-MiscTagEditorDev,transcript-2026-03-03-1-MiscTagEditorDev:turn-007,7,User,89,95,,,4,,,unavailable,False
transcript-2026-03-03-1-MiscTagEditorDev,transcript-2026-03-03-1-MiscTagEditorDev:turn-008,8,Assistant,96,108,,,10,,,unavailable,False
transcript-2026-03-03-1-MiscTagEditorDev,transcript-2026-03-03-1-MiscTagEditorDev:turn-009,9,User,109,112,,,1,,,unavailable,False
transcript-2026-03-03-1-MiscTagEditorDev,transcript-2026-03-03-1-MiscTagEditorDev:turn-010,10,Assistant,113,119,,,4,,,unavailable,False
transcript-2026-03-03-1-MiscTagEditorDev,transcript-2026-03-03-1-MiscTagEditorDev:turn-011,11,User,120,123,,,1,,,unavailable,False
transcript-2026-03-03-1-MiscTagEditorDev,transcript-2026-03-03-1-MiscTagEditorDev:turn-012,12,Assistant,124,132,,,6,,,unavailable,False
transcript-2026-03-03-1-MiscTagEditorDev,transcript-2026-03-03-1-MiscTagEditorDev:turn-013,13,User,133,136,,,1,,,unavailable,False
transcript-2026-03-03-1-MiscTagEditorDev,transcript-2026-03-03-1-MiscTagEditorDev:turn-014,14,Assistant,137,143,,,4,,,unavailable,False
transcript-2026-03-03-1-MiscTagEditorDev,transcript-2026-03-03-1-MiscTagEditorDev:turn-015,15,User,144,147,,,1,,,unavailable,False
transcript-2026-03-03-1-MiscTagEditorDev,transcript-2026-03-03-1-MiscTagEditorDev:turn-016,16,Assistant,148,163,,,13,,,unavailable,False
transcript-2026-03-03-1-MiscTagEditorDev,transcript-2026-03-03-1-MiscTagEditorDev:turn-017,17,User,164,168,,,2,,,unavailable,False
transcript-2026-03-03-1-MiscTagEditorDev,transcript-2026-03-03-1-MiscTagEditorDev:turn-018,18,Assistant,169,181,,,10,,,unavailable,False
transcript-2026-03-03-1-MiscTagEditorDev,transcript-2026-03-03-1-MiscTagEditorDev:turn-019,19,User,182,185,,,1,,,unavailable,False
transcript-2026-03-03-1-MiscTagEditorDev,transcript-2026-03-03-1-MiscTagEditorDev:turn-020,20,Assistant,186,203,,,15,,,unavailable,False
transcript-2026-03-03-1-MiscTagEditorDev,transcript-2026-03-03-1-MiscTagEditorDev:turn-021,21,User,204,207,,,1,,,unavailable,False
transcript-2026-03-03-1-MiscTagEditorDev,transcript-2026-03-03-1-MiscTagEditorDev:turn-022,22,Assistant,208,227,,,17,,,unavailable,False
transcript-2026-03-03-1-MiscTagEditorDev,transcript-2026-03-03-1-MiscTagEditorDev:turn-023,23,User,228,231,,,1,,,unavailable,False
transcript-2026-03-03-1-MiscTagEditorDev,transcript-2026-03-03-1-MiscTagEditorDev:turn-024,24,Assistant,232,245,,,11,,,unavailable,False
transcript-2026-03-04-1-2-ContentViewReorganizationPlan.md,transcript-2026-03-04-1-2-ContentViewReorganizationPlan.md:turn-001,1,User,12,15,,,1,,,unavailable,False
transcript-2026-03-04-1-2-ContentViewReorganizationPlan.md,transcript-2026-03-04-1-2-ContentViewReorganizationPlan.md:turn-002,2,Assistant,16,50,,,32,,,unavailable,False
transcript-2026-03-04-1-2-ContentViewReorganizationPlan.md,transcript-2026-03-04-1-2-ContentViewReorganizationPlan.md:turn-003,3,User,51,54,,,1,,,unavailable,False
transcript-2026-03-04-1-2-ContentViewReorganizationPlan.md,transcript-2026-03-04-1-2-ContentViewReorganizationPlan.md:turn-004,4,Assistant,55,221,,,164,,,unavailable,False
transcript-2026-03-04-1-2-ContentViewReorganizationPlan.md,transcript-2026-03-04-1-2-ContentViewReorganizationPlan.md:turn-005,5,User,222,225,,,1,,,unavailable,False
transcript-2026-03-04-1-2-ContentViewReorganizationPlan.md,transcript-2026-03-04-1-2-ContentViewReorganizationPlan.md:turn-006,6,Assistant,226,245,,,18,,,unavailable,False
transcript-2026-03-06-1-4-FlacWriteTagsAndPicturesPlan,transcript-2026-03-06-1-4-FlacWriteTagsAndPicturesPlan:turn-001,1,User,13,16,,,1,,,unavailable,False
transcript-2026-03-06-1-4-FlacWriteTagsAndPicturesPlan,transcript-2026-03-06-1-4-FlacWriteTagsAndPicturesPlan:turn-002,2,Assistant,17,62,,,43,,,unavailable,False
transcript-2026-03-06-1-4-FlacWriteTagsAndPicturesPlan,transcript-2026-03-06-1-4-FlacWriteTagsAndPicturesPlan:turn-003,3,User,63,66,,,1,,,unavailable,False
transcript-2026-03-06-1-4-FlacWriteTagsAndPicturesPlan,transcript-2026-03-06-1-4-FlacWriteTagsAndPicturesPlan:turn-004,4,Assistant,67,86,,,17,,,unavailable,False
transcript-2026-03-06-1-4-FlacWriteTagsAndPicturesPlan,transcript-2026-03-06-1-4-FlacWriteTagsAndPicturesPlan:turn-005,5,User,87,90,,,1,,,unavailable,False
transcript-2026-03-06-1-4-FlacWriteTagsAndPicturesPlan,transcript-2026-03-06-1-4-FlacWriteTagsAndPicturesPlan:turn-006,6,Assistant,91,104,,,11,,,unavailable,False
transcript-2026-03-06-1-4-FlacWriteTagsAndPicturesPlan,transcript-2026-03-06-1-4-FlacWriteTagsAndPicturesPlan:turn-007,7,User,105,108,,,1,,,unavailable,False
transcript-2026-03-06-1-4-FlacWriteTagsAndPicturesPlan,transcript-2026-03-06-1-4-FlacWriteTagsAndPicturesPlan:turn-008,8,Assistant,109,127,,,16,,,unavailable,False
transcript-2026-03-06-1-4-FlacWriteTagsAndPicturesPlan,transcript-2026-03-06-1-4-FlacWriteTagsAndPicturesPlan:turn-009,9,User,128,131,,,1,,,unavailable,False
transcript-2026-03-06-1-4-FlacWriteTagsAndPicturesPlan,transcript-2026-03-06-1-4-FlacWriteTagsAndPicturesPlan:turn-010,10,Assistant,132,267,,,133,,,unavailable,False
transcript-2026-03-06-1-4-FlacWriteTagsAndPicturesPlan,transcript-2026-03-06-1-4-FlacWriteTagsAndPicturesPlan:turn-011,11,User,268,271,,,1,,,unavailable,False
transcript-2026-03-06-1-4-FlacWriteTagsAndPicturesPlan,transcript-2026-03-06-1-4-FlacWriteTagsAndPicturesPlan:turn-012,12,Assistant,272,309,,,36,,,unavailable,False
transcript-2026-03-06-1-4-FlacWriteTagsAndPicturesPlan,transcript-2026-03-06-1-4-FlacWriteTagsAndPicturesPlan:turn-013,13,User,310,313,,,1,,,unavailable,False
transcript-2026-03-06-1-4-FlacWriteTagsAndPicturesPlan,transcript-2026-03-06-1-4-FlacWriteTagsAndPicturesPlan:turn-014,14,Assistant,314,315,,,0,,,unavailable,False
transcript-2026-03-06-1-4-FlacWriteTagsAndPicturesPlan,transcript-2026-03-06-1-4-FlacWriteTagsAndPicturesPlan:turn-015,15,User,316,319,,,1,,,unavailable,False
transcript-2026-03-06-1-4-FlacWriteTagsAndPicturesPlan,transcript-2026-03-06-1-4-FlacWriteTagsAndPicturesPlan:turn-016,16,Assistant,320,329,,,7,,,unavailable,False
transcript-2026-03-06-1-4-FlacWriteTagsAndPicturesPlan,transcript-2026-03-06-1-4-FlacWriteTagsAndPicturesPlan:turn-017,17,User,330,333,,,1,,,unavailable,False
transcript-2026-03-06-1-4-FlacWriteTagsAndPicturesPlan,transcript-2026-03-06-1-4-FlacWriteTagsAndPicturesPlan:turn-018,18,Assistant,334,356,,,20,,,unavailable,False
transcript-2026-03-06-1-4-FlacWriteTagsAndPicturesPlan,transcript-2026-03-06-1-4-FlacWriteTagsAndPicturesPlan:turn-019,19,User,357,360,,,1,,,unavailable,False
transcript-2026-03-06-1-4-FlacWriteTagsAndPicturesPlan,transcript-2026-03-06-1-4-FlacWriteTagsAndPicturesPlan:turn-020,20,Assistant,361,394,,,31,,,unavailable,False
transcript-2026-03-06-1-4-FlacWriteTagsAndPicturesPlan,transcript-2026-03-06-1-4-FlacWriteTagsAndPicturesPlan:turn-021,21,User,395,398,,,1,,,unavailable,False
transcript-2026-03-06-1-4-FlacWriteTagsAndPicturesPlan,transcript-2026-03-06-1-4-FlacWriteTagsAndPicturesPlan:turn-022,22,Assistant,399,410,,,9,,,unavailable,False
transcript-2026-03-06-1-4-FlacWriteTagsAndPicturesPlan,transcript-2026-03-06-1-4-FlacWriteTagsAndPicturesPlan:turn-023,23,User,411,414,,,1,,,unavailable,False
transcript-2026-03-06-1-4-FlacWriteTagsAndPicturesPlan,transcript-2026-03-06-1-4-FlacWriteTagsAndPicturesPlan:turn-024,24,Assistant,415,438,,,21,,,unavailable,False
transcript-2026-03-06-1-4-FlacWriteTagsAndPicturesPlan,transcript-2026-03-06-1-4-FlacWriteTagsAndPicturesPlan:turn-025,25,User,439,442,,,1,,,unavailable,False
transcript-2026-03-06-1-4-FlacWriteTagsAndPicturesPlan,transcript-2026-03-06-1-4-FlacWriteTagsAndPicturesPlan:turn-026,26,Assistant,443,463,,,18,,,unavailable,False
transcript-2026-03-06-1-4-FlacWriteTagsAndPicturesPlan,transcript-2026-03-06-1-4-FlacWriteTagsAndPicturesPlan:turn-027,27,User,464,467,,,1,,,unavailable,False
transcript-2026-03-06-1-4-FlacWriteTagsAndPicturesPlan,transcript-2026-03-06-1-4-FlacWriteTagsAndPicturesPlan:turn-028,28,Assistant,468,488,,,18,,,unavailable,False
transcript-2026-03-06-1-4-FlacWriteTagsAndPicturesPlan,transcript-2026-03-06-1-4-FlacWriteTagsAndPicturesPlan:turn-029,29,User,489,492,,,1,,,unavailable,False
transcript-2026-03-06-1-4-FlacWriteTagsAndPicturesPlan,transcript-2026-03-06-1-4-FlacWriteTagsAndPicturesPlan:turn-030,30,Assistant,493,497,,,3,,,unavailable,False
transcript-2026-03-07-1-5-AddSaveNotificationsPlan,transcript-2026-03-07-1-5-AddSaveNotificationsPlan:turn-001,1,User,13,16,,,1,,,unavailable,False
transcript-2026-03-07-1-5-AddSaveNotificationsPlan,transcript-2026-03-07-1-5-AddSaveNotificationsPlan:turn-002,2,Assistant,17,34,,,15,,,unavailable,False
transcript-2026-03-07-1-5-AddSaveNotificationsPlan,transcript-2026-03-07-1-5-AddSaveNotificationsPlan:turn-003,3,User,35,38,,,1,,,unavailable,False
transcript-2026-03-07-1-5-AddSaveNotificationsPlan,transcript-2026-03-07-1-5-AddSaveNotificationsPlan:turn-004,4,Assistant,39,128,,,87,,,unavailable,False
transcript-2026-03-07-1-5-AddSaveNotificationsPlan,transcript-2026-03-07-1-5-AddSaveNotificationsPlan:turn-005,5,User,129,141,,,10,,,unavailable,False
transcript-2026-03-07-1-5-AddSaveNotificationsPlan,transcript-2026-03-07-1-5-AddSaveNotificationsPlan:turn-006,6,Assistant,142,172,,,28,,,unavailable,False
transcript-2026-03-07-1-5-AddSaveNotificationsPlan,transcript-2026-03-07-1-5-AddSaveNotificationsPlan:turn-007,7,User,173,176,,,1,,,unavailable,False
transcript-2026-03-07-1-5-AddSaveNotificationsPlan,transcript-2026-03-07-1-5-AddSaveNotificationsPlan:turn-008,8,Assistant,177,196,,,17,,,unavailable,False
transcript-2026-03-07-1-5-AddSaveNotificationsPlan,transcript-2026-03-07-1-5-AddSaveNotificationsPlan:turn-009,9,User,197,200,,,1,,,unavailable,False
transcript-2026-03-07-1-5-AddSaveNotificationsPlan,transcript-2026-03-07-1-5-AddSaveNotificationsPlan:turn-010,10,Assistant,201,210,,,7,,,unavailable,False
transcript-2026-03-07-1-5-AddSaveNotificationsPlan,transcript-2026-03-07-1-5-AddSaveNotificationsPlan:turn-011,11,User,211,214,,,1,,,unavailable,False
transcript-2026-03-07-1-5-AddSaveNotificationsPlan,transcript-2026-03-07-1-5-AddSaveNotificationsPlan:turn-012,12,Assistant,215,292,,,75,,,unavailable,False
transcript-2026-03-07-1-5-AddSaveNotificationsPlan,transcript-2026-03-07-1-5-AddSaveNotificationsPlan:turn-013,13,User,293,296,,,1,,,unavailable,False
transcript-2026-03-07-1-5-AddSaveNotificationsPlan,transcript-2026-03-07-1-5-AddSaveNotificationsPlan:turn-014,14,Assistant,297,304,,,5,,,unavailable,False
transcript-2026-03-07-1-5-AddSaveNotificationsPlan,transcript-2026-03-07-1-5-AddSaveNotificationsPlan:turn-015,15,User,305,308,,,1,,,unavailable,False
transcript-2026-03-07-1-5-AddSaveNotificationsPlan,transcript-2026-03-07-1-5-AddSaveNotificationsPlan:turn-016,16,Assistant,309,380,,,69,,,unavailable,False
transcript-2026-03-07-1-5-AddSaveNotificationsPlan,transcript-2026-03-07-1-5-AddSaveNotificationsPlan:turn-017,17,User,381,384,,,1,,,unavailable,False
transcript-2026-03-07-1-5-AddSaveNotificationsPlan,transcript-2026-03-07-1-5-AddSaveNotificationsPlan:turn-018,18,Assistant,385,432,,,45,,,unavailable,False
transcript-2026-03-07-1-5-AddSaveNotificationsPlan,transcript-2026-03-07-1-5-AddSaveNotificationsPlan:turn-019,19,User,433,436,,,1,,,unavailable,False
transcript-2026-03-07-1-5-AddSaveNotificationsPlan,transcript-2026-03-07-1-5-AddSaveNotificationsPlan:turn-020,20,Assistant,437,440,,,1,,,unavailable,False
transcript-2026-03-07-1-5-AddSaveNotificationsPlan,transcript-2026-03-07-1-5-AddSaveNotificationsPlan:turn-021,21,User,441,444,,,1,,,unavailable,False
transcript-2026-03-07-1-5-AddSaveNotificationsPlan,transcript-2026-03-07-1-5-AddSaveNotificationsPlan:turn-022,22,Assistant,445,522,,,75,,,unavailable,False
transcript-2026-03-07-1-5-AddSaveNotificationsPlan,transcript-2026-03-07-1-5-AddSaveNotificationsPlan:turn-023,23,User,523,526,,,1,,,unavailable,False
transcript-2026-03-07-1-5-AddSaveNotificationsPlan,transcript-2026-03-07-1-5-AddSaveNotificationsPlan:turn-024,24,Assistant,527,542,,,13,,,unavailable,False
transcript-2026-03-07-1-5-AddSaveNotificationsPlan,transcript-2026-03-07-1-5-AddSaveNotificationsPlan:turn-025,25,User,543,546,,,1,,,unavailable,False
transcript-2026-03-07-1-5-AddSaveNotificationsPlan,transcript-2026-03-07-1-5-AddSaveNotificationsPlan:turn-026,26,Assistant,547,550,,,1,,,unavailable,False
transcript-2026-03-07-1-5-AddSaveNotificationsPlan,transcript-2026-03-07-1-5-AddSaveNotificationsPlan:turn-027,27,User,551,568,,,15,,,unavailable,False
transcript-2026-03-07-1-5-AddSaveNotificationsPlan,transcript-2026-03-07-1-5-AddSaveNotificationsPlan:turn-028,28,Assistant,569,582,,,11,,,unavailable,False
transcript-2026-03-07-1-5-AddSaveNotificationsPlan,transcript-2026-03-07-1-5-AddSaveNotificationsPlan:turn-029,29,User,583,586,,,1,,,unavailable,False
transcript-2026-03-07-1-5-AddSaveNotificationsPlan,transcript-2026-03-07-1-5-AddSaveNotificationsPlan:turn-030,30,Assistant,587,596,,,7,,,unavailable,False
transcript-2026-03-07-1-5-AddSaveNotificationsPlan,transcript-2026-03-07-1-5-AddSaveNotificationsPlan:turn-031,31,User,597,604,,,5,,,unavailable,False
transcript-2026-03-07-1-5-AddSaveNotificationsPlan,transcript-2026-03-07-1-5-AddSaveNotificationsPlan:turn-032,32,Assistant,605,614,,,7,,,unavailable,False
transcript-2026-03-07-1-5-AddSaveNotificationsPlan,transcript-2026-03-07-1-5-AddSaveNotificationsPlan:turn-033,33,User,615,618,,,1,,,unavailable,False
transcript-2026-03-07-1-5-AddSaveNotificationsPlan,transcript-2026-03-07-1-5-AddSaveNotificationsPlan:turn-034,34,Assistant,619,635,,,14,,,unavailable,False
transcript-2026-03-07-1-5-AddSaveNotificationsPlan,transcript-2026-03-07-1-5-AddSaveNotificationsPlan:turn-035,35,User,636,639,,,1,,,unavailable,False
transcript-2026-03-07-1-5-AddSaveNotificationsPlan,transcript-2026-03-07-1-5-AddSaveNotificationsPlan:turn-036,36,Assistant,640,674,,,32,,,unavailable,False
transcript-2026-03-07-1-5-AddSaveNotificationsPlan,transcript-2026-03-07-1-5-AddSaveNotificationsPlan:turn-037,37,User,675,678,,,1,,,unavailable,False
transcript-2026-03-07-1-5-AddSaveNotificationsPlan,transcript-2026-03-07-1-5-AddSaveNotificationsPlan:turn-038,38,Assistant,679,731,,,50,,,unavailable,False
transcript-2026-03-07-1-5-AddSaveNotificationsPlan,transcript-2026-03-07-1-5-AddSaveNotificationsPlan:turn-039,39,User,732,735,,,1,,,unavailable,False
transcript-2026-03-07-1-5-AddSaveNotificationsPlan,transcript-2026-03-07-1-5-AddSaveNotificationsPlan:turn-040,40,Assistant,736,786,,,49,,,unavailable,False
transcript-2026-03-07-2-6-AgentsTranscriptSkillPlan,transcript-2026-03-07-2-6-AgentsTranscriptSkillPlan:turn-001,1,User,13,16,,,1,,,unavailable,False
transcript-2026-03-07-2-6-AgentsTranscriptSkillPlan,transcript-2026-03-07-2-6-AgentsTranscriptSkillPlan:turn-002,2,Assistant,17,50,,,31,,,unavailable,False
transcript-2026-03-07-2-6-AgentsTranscriptSkillPlan,transcript-2026-03-07-2-6-AgentsTranscriptSkillPlan:turn-003,3,User,51,54,,,1,,,unavailable,False
transcript-2026-03-07-2-6-AgentsTranscriptSkillPlan,transcript-2026-03-07-2-6-AgentsTranscriptSkillPlan:turn-004,4,Assistant,55,70,,,13,,,unavailable,False
transcript-2026-03-07-2-6-AgentsTranscriptSkillPlan,transcript-2026-03-07-2-6-AgentsTranscriptSkillPlan:turn-005,5,User,71,74,,,1,,,unavailable,False
transcript-2026-03-07-2-6-AgentsTranscriptSkillPlan,transcript-2026-03-07-2-6-AgentsTranscriptSkillPlan:turn-006,6,Assistant,75,92,,,15,,,unavailable,False
transcript-2026-03-07-2-6-AgentsTranscriptSkillPlan,transcript-2026-03-07-2-6-AgentsTranscriptSkillPlan:turn-007,7,User,93,96,,,1,,,unavailable,False
transcript-2026-03-07-2-6-AgentsTranscriptSkillPlan,transcript-2026-03-07-2-6-AgentsTranscriptSkillPlan:turn-008,8,Assistant,97,132,,,33,,,unavailable,False
transcript-2026-03-07-2-6-AgentsTranscriptSkillPlan,transcript-2026-03-07-2-6-AgentsTranscriptSkillPlan:turn-009,9,User,133,136,,,1,,,unavailable,False
transcript-2026-03-07-2-6-AgentsTranscriptSkillPlan,transcript-2026-03-07-2-6-AgentsTranscriptSkillPlan:turn-010,10,Assistant,137,176,,,37,,,unavailable,False
transcript-2026-03-07-2-6-AgentsTranscriptSkillPlan,transcript-2026-03-07-2-6-AgentsTranscriptSkillPlan:turn-011,11,User,177,180,,,1,,,unavailable,False
transcript-2026-03-07-2-6-AgentsTranscriptSkillPlan,transcript-2026-03-07-2-6-AgentsTranscriptSkillPlan:turn-012,12,Assistant,181,220,,,37,,,unavailable,False
transcript-2026-03-07-2-6-AgentsTranscriptSkillPlan,transcript-2026-03-07-2-6-AgentsTranscriptSkillPlan:turn-013,13,User,221,224,,,1,,,unavailable,False
transcript-2026-03-07-2-6-AgentsTranscriptSkillPlan,transcript-2026-03-07-2-6-AgentsTranscriptSkillPlan:turn-014,14,Assistant,225,238,,,11,,,unavailable,False
transcript-2026-03-07-2-6-AgentsTranscriptSkillPlan,transcript-2026-03-07-2-6-AgentsTranscriptSkillPlan:turn-015,15,User,239,242,,,1,,,unavailable,False
transcript-2026-03-07-2-6-AgentsTranscriptSkillPlan,transcript-2026-03-07-2-6-AgentsTranscriptSkillPlan:turn-016,16,Assistant,243,250,,,5,,,unavailable,False
transcript-2026-03-12-1-7-AddSaveStatusViewPlan,transcript-2026-03-12-1-7-AddSaveStatusViewPlan:turn-001,1,User,13,16,,,1,,,unavailable,False
transcript-2026-03-12-1-7-AddSaveStatusViewPlan,transcript-2026-03-12-1-7-AddSaveStatusViewPlan:turn-002,2,Assistant,17,32,,,13,,,unavailable,False
transcript-2026-03-12-1-7-AddSaveStatusViewPlan,transcript-2026-03-12-1-7-AddSaveStatusViewPlan:turn-003,3,User,33,38,,,3,,,unavailable,False
transcript-2026-03-12-1-7-AddSaveStatusViewPlan,transcript-2026-03-12-1-7-AddSaveStatusViewPlan:turn-004,4,Assistant,39,46,,,5,,,unavailable,False
transcript-2026-03-12-1-7-AddSaveStatusViewPlan,transcript-2026-03-12-1-7-AddSaveStatusViewPlan:turn-005,5,User,47,50,,,1,,,unavailable,False
transcript-2026-03-12-1-7-AddSaveStatusViewPlan,transcript-2026-03-12-1-7-AddSaveStatusViewPlan:turn-006,6,Assistant,51,72,,,19,,,unavailable,False
transcript-2026-03-12-1-7-AddSaveStatusViewPlan,transcript-2026-03-12-1-7-AddSaveStatusViewPlan:turn-007,7,User,73,76,,,1,,,unavailable,False
transcript-2026-03-12-1-7-AddSaveStatusViewPlan,transcript-2026-03-12-1-7-AddSaveStatusViewPlan:turn-008,8,Assistant,77,86,,,7,,,unavailable,False
transcript-2026-03-12-1-7-AddSaveStatusViewPlan,transcript-2026-03-12-1-7-AddSaveStatusViewPlan:turn-009,9,User,87,90,,,1,,,unavailable,False
transcript-2026-03-12-1-7-AddSaveStatusViewPlan,transcript-2026-03-12-1-7-AddSaveStatusViewPlan:turn-010,10,Assistant,91,98,,,5,,,unavailable,False
transcript-2026-03-12-1-7-AddSaveStatusViewPlan,transcript-2026-03-12-1-7-AddSaveStatusViewPlan:turn-011,11,User,99,102,,,1,,,unavailable,False
transcript-2026-03-12-1-7-AddSaveStatusViewPlan,transcript-2026-03-12-1-7-AddSaveStatusViewPlan:turn-012,12,Assistant,103,114,,,9,,,unavailable,False
transcript-2026-03-12-1-7-AddSaveStatusViewPlan,transcript-2026-03-12-1-7-AddSaveStatusViewPlan:turn-013,13,User,115,118,,,1,,,unavailable,False
transcript-2026-03-12-1-7-AddSaveStatusViewPlan,transcript-2026-03-12-1-7-AddSaveStatusViewPlan:turn-014,14,Assistant,119,140,,,19,,,unavailable,False
transcript-2026-03-12-1-7-AddSaveStatusViewPlan,transcript-2026-03-12-1-7-AddSaveStatusViewPlan:turn-015,15,User,141,144,,,1,,,unavailable,False
transcript-2026-03-12-1-7-AddSaveStatusViewPlan,transcript-2026-03-12-1-7-AddSaveStatusViewPlan:turn-016,16,Assistant,145,159,,,12,,,unavailable,False
transcript-2026-03-12-1-7-AddSaveStatusViewPlan,transcript-2026-03-12-1-7-AddSaveStatusViewPlan:turn-017,17,User,160,163,,,1,,,unavailable,False
transcript-2026-03-12-1-7-AddSaveStatusViewPlan,transcript-2026-03-12-1-7-AddSaveStatusViewPlan:turn-018,18,Assistant,164,209,,,43,,,unavailable,False
transcript-2026-03-12-1-7-AddSaveStatusViewPlan,transcript-2026-03-12-1-7-AddSaveStatusViewPlan:turn-019,19,User,210,213,,,1,,,unavailable,False
transcript-2026-03-12-1-7-AddSaveStatusViewPlan,transcript-2026-03-12-1-7-AddSaveStatusViewPlan:turn-020,20,Assistant,214,233,,,17,,,unavailable,False
transcript-2026-03-12-1-7-AddSaveStatusViewPlan,transcript-2026-03-12-1-7-AddSaveStatusViewPlan:turn-021,21,User,234,237,,,1,,,unavailable,False
transcript-2026-03-12-1-7-AddSaveStatusViewPlan,transcript-2026-03-12-1-7-AddSaveStatusViewPlan:turn-022,22,Assistant,238,243,,,3,,,unavailable,False
transcript-2026-03-12-1-7-AddSaveStatusViewPlan,transcript-2026-03-12-1-7-AddSaveStatusViewPlan:turn-023,23,User,244,247,,,1,,,unavailable,False
transcript-2026-03-12-1-7-AddSaveStatusViewPlan,transcript-2026-03-12-1-7-AddSaveStatusViewPlan:turn-024,24,Assistant,248,255,,,5,,,unavailable,False
transcript-2026-03-12-1-7-AddSaveStatusViewPlan,transcript-2026-03-12-1-7-AddSaveStatusViewPlan:turn-025,25,User,256,259,,,1,,,unavailable,False
transcript-2026-03-12-1-7-AddSaveStatusViewPlan,transcript-2026-03-12-1-7-AddSaveStatusViewPlan:turn-026,26,Assistant,260,275,,,13,,,unavailable,False
transcript-2026-03-12-1-7-AddSaveStatusViewPlan,transcript-2026-03-12-1-7-AddSaveStatusViewPlan:turn-027,27,User,276,279,,,1,,,unavailable,False
transcript-2026-03-12-1-7-AddSaveStatusViewPlan,transcript-2026-03-12-1-7-AddSaveStatusViewPlan:turn-028,28,Assistant,280,297,,,15,,,unavailable,False
transcript-2026-03-12-1-7-AddSaveStatusViewPlan,transcript-2026-03-12-1-7-AddSaveStatusViewPlan:turn-029,29,User,298,301,,,1,,,unavailable,False
transcript-2026-03-12-1-7-AddSaveStatusViewPlan,transcript-2026-03-12-1-7-AddSaveStatusViewPlan:turn-030,30,Assistant,302,343,,,39,,,unavailable,False
transcript-2026-03-12-1-7-AddSaveStatusViewPlan,transcript-2026-03-12-1-7-AddSaveStatusViewPlan:turn-031,31,User,344,347,,,1,,,unavailable,False
transcript-2026-03-12-1-7-AddSaveStatusViewPlan,transcript-2026-03-12-1-7-AddSaveStatusViewPlan:turn-032,32,Assistant,348,377,,,27,,,unavailable,False
transcript-2026-03-12-1-7-AddSaveStatusViewPlan,transcript-2026-03-12-1-7-AddSaveStatusViewPlan:turn-033,33,User,378,381,,,1,,,unavailable,False
transcript-2026-03-12-1-7-AddSaveStatusViewPlan,transcript-2026-03-12-1-7-AddSaveStatusViewPlan:turn-034,34,Assistant,382,440,,,56,,,unavailable,False
transcript-2026-03-12-1-7-AddSaveStatusViewPlan,transcript-2026-03-12-1-7-AddSaveStatusViewPlan:turn-035,35,User,441,444,,,1,,,unavailable,False
transcript-2026-03-12-1-7-AddSaveStatusViewPlan,transcript-2026-03-12-1-7-AddSaveStatusViewPlan:turn-036,36,Assistant,445,465,,,18,,,unavailable,False
transcript-2026-03-12-1-7-AddSaveStatusViewPlan,transcript-2026-03-12-1-7-AddSaveStatusViewPlan:turn-037,37,User,466,469,,,1,,,unavailable,False
transcript-2026-03-12-1-7-AddSaveStatusViewPlan,transcript-2026-03-12-1-7-AddSaveStatusViewPlan:turn-038,38,Assistant,470,497,,,25,,,unavailable,False
transcript-2026-03-12-1-7-AddSaveStatusViewPlan,transcript-2026-03-12-1-7-AddSaveStatusViewPlan:turn-039,39,User,498,501,,,1,,,unavailable,False
transcript-2026-03-12-1-7-AddSaveStatusViewPlan,transcript-2026-03-12-1-7-AddSaveStatusViewPlan:turn-040,40,Assistant,502,519,,,15,,,unavailable,False
transcript-2026-03-12-1-7-AddSaveStatusViewPlan,transcript-2026-03-12-1-7-AddSaveStatusViewPlan:turn-041,41,User,520,523,,,1,,,unavailable,False
transcript-2026-03-12-1-7-AddSaveStatusViewPlan,transcript-2026-03-12-1-7-AddSaveStatusViewPlan:turn-042,42,Assistant,524,535,,,9,,,unavailable,False
transcript-2026-03-13-1-8-AddTrackStatusPlan,transcript-2026-03-13-1-8-AddTrackStatusPlan:turn-001,1,User,12,21,2026-03-13T18:11:23Z,,7,,,unavailable,False
transcript-2026-03-13-1-8-AddTrackStatusPlan,transcript-2026-03-13-1-8-AddTrackStatusPlan:turn-002,2,Assistant,22,39,2026-03-13T18:11:23Z,2026-03-13T18:12:35Z,15,72.0,,completion,False
transcript-2026-03-13-1-8-AddTrackStatusPlan,transcript-2026-03-13-1-8-AddTrackStatusPlan:turn-003,3,User,40,58,2026-03-13T19:12:32Z,,16,,3597.0,completion-to-user,False
transcript-2026-03-13-1-8-AddTrackStatusPlan,transcript-2026-03-13-1-8-AddTrackStatusPlan:turn-004,4,Assistant,59,74,2026-03-13T19:12:32Z,2026-03-13T19:15:34Z,13,182.0,,completion,False
transcript-2026-03-13-1-8-AddTrackStatusPlan,transcript-2026-03-13-1-8-AddTrackStatusPlan:turn-005,5,User,75,90,2026-03-13T20:53:07Z,,13,,5853.0,completion-to-user,False
transcript-2026-03-13-1-8-AddTrackStatusPlan,transcript-2026-03-13-1-8-AddTrackStatusPlan:turn-006,6,Assistant,91,102,2026-03-13T20:53:07Z,2026-03-13T20:55:13Z,9,126.0,,completion,False
transcript-2026-03-13-1-8-AddTrackStatusPlan,transcript-2026-03-13-1-8-AddTrackStatusPlan:turn-007,7,User,103,106,2026-03-13T21:00:01Z,,1,,288.0,completion-to-user,False
transcript-2026-03-13-1-8-AddTrackStatusPlan,transcript-2026-03-13-1-8-AddTrackStatusPlan:turn-008,8,Assistant,107,155,2026-03-13T21:00:01Z,2026-03-13T21:20:55Z,46,1254.0,,completion,False
transcript-2026-03-13-1-8-AddTrackStatusPlan,transcript-2026-03-13-1-8-AddTrackStatusPlan:turn-009,9,User,156,164,2026-03-13T23:32:18Z,,6,,7883.0,completion-to-user,False
transcript-2026-03-13-1-8-AddTrackStatusPlan,transcript-2026-03-13-1-8-AddTrackStatusPlan:turn-010,10,Assistant,165,188,2026-03-13T23:32:18Z,2026-03-13T23:36:59Z,21,281.0,,completion,False
transcript-2026-03-13-1-8-AddTrackStatusPlan,transcript-2026-03-13-1-8-AddTrackStatusPlan:turn-011,11,User,189,192,2026-03-14T00:06:54Z,,1,,1795.0,completion-to-user,False
transcript-2026-03-13-1-8-AddTrackStatusPlan,transcript-2026-03-13-1-8-AddTrackStatusPlan:turn-012,12,Assistant,193,204,2026-03-14T00:06:54Z,2026-03-14T00:07:36Z,9,42.0,,completion,False
transcript-2026-03-13-1-8-AddTrackStatusPlan,transcript-2026-03-13-1-8-AddTrackStatusPlan:turn-013,13,User,205,208,2026-03-14T00:15:15Z,,1,,459.0,completion-to-user,False
transcript-2026-03-13-1-8-AddTrackStatusPlan,transcript-2026-03-13-1-8-AddTrackStatusPlan:turn-014,14,Assistant,209,252,2026-03-14T00:15:15Z,2026-03-14T00:24:08Z,41,533.0,,completion,False
transcript-2026-03-13-1-8-AddTrackStatusPlan,transcript-2026-03-13-1-8-AddTrackStatusPlan:turn-015,15,User,253,257,2026-03-14T00:59:29Z,,2,,2121.0,completion-to-user,False
transcript-2026-03-13-1-8-AddTrackStatusPlan,transcript-2026-03-13-1-8-AddTrackStatusPlan:turn-016,16,Assistant,258,281,2026-03-14T00:59:29Z,2026-03-14T01:02:13Z,21,164.0,,completion,False
transcript-2026-03-13-1-8-AddTrackStatusPlan,transcript-2026-03-13-1-8-AddTrackStatusPlan:turn-017,17,User,282,285,2026-03-14T02:21:50Z,,1,,4777.0,completion-to-user,False
transcript-2026-03-13-1-8-AddTrackStatusPlan,transcript-2026-03-13-1-8-AddTrackStatusPlan:turn-018,18,Assistant,286,305,2026-03-14T02:21:50Z,2026-03-14T02:24:04Z,17,134.0,,completion,False
transcript-2026-03-13-1-8-AddTrackStatusPlan,transcript-2026-03-13-1-8-AddTrackStatusPlan:turn-019,19,User,306,309,2026-03-14T03:18:44Z,,1,,3280.0,completion-to-user,False
transcript-2026-03-13-1-8-AddTrackStatusPlan,transcript-2026-03-13-1-8-AddTrackStatusPlan:turn-020,20,Assistant,310,325,2026-03-14T03:18:44Z,2026-03-14T03:20:26Z,13,102.0,,completion,False
transcript-2026-03-13-1-8-AddTrackStatusPlan,transcript-2026-03-13-1-8-AddTrackStatusPlan:turn-021,21,User,326,329,2026-03-14T03:36:06Z,,1,,940.0,completion-to-user,False
transcript-2026-03-13-1-8-AddTrackStatusPlan,transcript-2026-03-13-1-8-AddTrackStatusPlan:turn-022,22,Assistant,330,348,2026-03-14T03:36:06Z,2026-03-14T03:39:01Z,16,175.0,,completion,False
transcript-2026-03-13-1-8-AddTrackStatusPlan,transcript-2026-03-13-1-8-AddTrackStatusPlan:turn-023,23,User,349,352,2026-03-14T03:45:04Z,,1,,363.0,completion-to-user,False
transcript-2026-03-13-1-8-AddTrackStatusPlan,transcript-2026-03-13-1-8-AddTrackStatusPlan:turn-024,24,Assistant,353,379,2026-03-14T03:45:04Z,2026-03-14T03:47:42Z,24,158.0,,completion,False
transcript-2026-03-13-1-8-AddTrackStatusPlan,transcript-2026-03-13-1-8-AddTrackStatusPlan:turn-025,25,User,380,383,2026-03-14T03:50:57Z,,1,,195.0,completion-to-user,False
transcript-2026-03-13-1-8-AddTrackStatusPlan,transcript-2026-03-13-1-8-AddTrackStatusPlan:turn-026,26,Assistant,384,405,2026-03-14T03:50:57Z,2026-03-14T03:53:36Z,19,159.0,,completion,False
transcript-2026-03-13-1-8-AddTrackStatusPlan,transcript-2026-03-13-1-8-AddTrackStatusPlan:turn-027,27,User,406,411,2026-03-14T04:05:21Z,,3,,705.0,completion-to-user,False
transcript-2026-03-13-1-8-AddTrackStatusPlan,transcript-2026-03-13-1-8-AddTrackStatusPlan:turn-028,28,Assistant,412,446,2026-03-14T04:05:21Z,2026-03-14T04:07:20Z,32,119.0,,completion,False
transcript-2026-03-13-1-8-AddTrackStatusPlan,transcript-2026-03-13-1-8-AddTrackStatusPlan:turn-029,29,User,447,450,2026-03-14T04:15:35Z,,1,,495.0,completion-to-user,False
transcript-2026-03-13-1-8-AddTrackStatusPlan,transcript-2026-03-13-1-8-AddTrackStatusPlan:turn-030,30,Assistant,451,479,2026-03-14T04:15:35Z,2026-03-14T04:17:33Z,26,118.0,,completion,False
transcript-2026-03-13-1-8-AddTrackStatusPlan,transcript-2026-03-13-1-8-AddTrackStatusPlan:turn-031,31,User,480,483,2026-03-14T04:40:41Z,,1,,1388.0,completion-to-user,False
transcript-2026-03-13-1-8-AddTrackStatusPlan,transcript-2026-03-13-1-8-AddTrackStatusPlan:turn-032,32,Assistant,484,521,2026-03-14T04:40:41Z,2026-03-14T04:42:56Z,35,135.0,,completion,False
transcript-2026-03-14-1-8-AddTrackStatusPlan,transcript-2026-03-14-1-8-AddTrackStatusPlan:turn-001,1,User,12,15,2026-03-14T20:48:09Z,,1,,,unavailable,False
transcript-2026-03-14-1-8-AddTrackStatusPlan,transcript-2026-03-14-1-8-AddTrackStatusPlan:turn-002,2,Assistant,16,40,2026-03-14T20:48:09Z,2026-03-14T20:49:59Z,22,110.0,,completion,False
transcript-2026-03-14-1-8-AddTrackStatusPlan,transcript-2026-03-14-1-8-AddTrackStatusPlan:turn-003,3,User,41,45,2026-03-14T20:59:36Z,,2,,577.0,completion-to-user,False
transcript-2026-03-14-1-8-AddTrackStatusPlan,transcript-2026-03-14-1-8-AddTrackStatusPlan:turn-004,4,Assistant,46,64,2026-03-14T20:59:36Z,2026-03-14T21:02:21Z,16,165.0,,completion,False
transcript-2026-03-14-1-8-AddTrackStatusPlan,transcript-2026-03-14-1-8-AddTrackStatusPlan:turn-005,5,User,65,68,2026-03-14T21:15:15Z,,1,,774.0,completion-to-user,False
transcript-2026-03-14-1-8-AddTrackStatusPlan,transcript-2026-03-14-1-8-AddTrackStatusPlan:turn-006,6,Assistant,69,80,2026-03-14T21:15:15Z,2026-03-14T21:15:36Z,9,21.0,,completion,False
transcript-2026-03-14-1-8-AddTrackStatusPlan,transcript-2026-03-14-1-8-AddTrackStatusPlan:turn-007,7,User,81,84,2026-03-14T21:40:29Z,,1,,1493.0,completion-to-user,False
transcript-2026-03-14-1-8-AddTrackStatusPlan,transcript-2026-03-14-1-8-AddTrackStatusPlan:turn-008,8,Assistant,85,102,2026-03-14T21:40:29Z,2026-03-14T21:41:59Z,15,90.0,,completion,False
transcript-2026-03-14-1-8-AddTrackStatusPlan,transcript-2026-03-14-1-8-AddTrackStatusPlan:turn-009,9,User,103,107,2026-03-14T21:51:12Z,,2,,553.0,completion-to-user,False
transcript-2026-03-14-1-8-AddTrackStatusPlan,transcript-2026-03-14-1-8-AddTrackStatusPlan:turn-010,10,Assistant,108,171,2026-03-14T21:51:12Z,2026-03-14T21:59:24Z,61,492.0,,completion,False
transcript-2026-03-14-1-8-AddTrackStatusPlan,transcript-2026-03-14-1-8-AddTrackStatusPlan:turn-011,11,User,172,175,2026-03-14T22:24:03Z,,1,,1479.0,completion-to-user,False
transcript-2026-03-14-1-8-AddTrackStatusPlan,transcript-2026-03-14-1-8-AddTrackStatusPlan:turn-012,12,Assistant,176,211,2026-03-14T22:24:03Z,2026-03-14T22:26:04Z,33,121.0,,completion,False
transcript-2026-03-14-1-8-AddTrackStatusPlan,transcript-2026-03-14-1-8-AddTrackStatusPlan:turn-013,13,User,212,215,2026-03-14T22:29:49Z,,1,,225.0,completion-to-user,False
transcript-2026-03-14-1-8-AddTrackStatusPlan,transcript-2026-03-14-1-8-AddTrackStatusPlan:turn-014,14,Assistant,216,232,2026-03-14T22:29:49Z,2026-03-14T22:30:10Z,14,21.0,,completion,False
transcript-2026-03-14-1-8-AddTrackStatusPlan,transcript-2026-03-14-1-8-AddTrackStatusPlan:turn-015,15,User,233,236,2026-03-14T22:34:26Z,,1,,256.0,completion-to-user,False
transcript-2026-03-14-1-8-AddTrackStatusPlan,transcript-2026-03-14-1-8-AddTrackStatusPlan:turn-016,16,Assistant,237,284,2026-03-14T22:34:26Z,2026-03-14T22:37:40Z,45,194.0,,completion,False
transcript-2026-03-14-1-8-AddTrackStatusPlan,transcript-2026-03-14-1-8-AddTrackStatusPlan:turn-017,17,User,285,288,2026-03-14T22:48:03Z,,1,,623.0,completion-to-user,False
transcript-2026-03-14-1-8-AddTrackStatusPlan,transcript-2026-03-14-1-8-AddTrackStatusPlan:turn-018,18,Assistant,289,303,2026-03-14T22:48:03Z,2026-03-14T22:48:31Z,12,28.0,,completion,False
transcript-2026-03-14-1-8-AddTrackStatusPlan,transcript-2026-03-14-1-8-AddTrackStatusPlan:turn-019,19,User,304,307,2026-03-14T22:57:41Z,,1,,550.0,completion-to-user,False
transcript-2026-03-14-1-8-AddTrackStatusPlan,transcript-2026-03-14-1-8-AddTrackStatusPlan:turn-020,20,Assistant,308,359,2026-03-14T22:57:41Z,2026-03-14T23:00:07Z,49,146.0,,completion,False
transcript-2026-03-17-1-9-AddUIFeedbackSettings,transcript-2026-03-17-1-9-AddUIFeedbackSettings:turn-001,1,User,12,43,2026-03-17T03:41:14Z,,29,,,unavailable,False
transcript-2026-03-17-1-9-AddUIFeedbackSettings,transcript-2026-03-17-1-9-AddUIFeedbackSettings:turn-002,2,Assistant,44,67,2026-03-17T03:41:14Z,2026-03-17T03:44:45Z,21,211.0,,completion,False
transcript-2026-03-17-1-9-AddUIFeedbackSettings,transcript-2026-03-17-1-9-AddUIFeedbackSettings:turn-003,3,User,68,77,2026-03-17T04:33:14Z,,7,,2909.0,completion-to-user,False
transcript-2026-03-17-1-9-AddUIFeedbackSettings,transcript-2026-03-17-1-9-AddUIFeedbackSettings:turn-004,4,Assistant,78,103,2026-03-17T04:33:14Z,2026-03-17T04:35:38Z,23,144.0,,completion,False
transcript-2026-03-17-1-9-AddUIFeedbackSettings,transcript-2026-03-17-1-9-AddUIFeedbackSettings:turn-005,5,User,104,107,2026-03-17T04:41:19Z,,1,,341.0,completion-to-user,False
transcript-2026-03-17-1-9-AddUIFeedbackSettings,transcript-2026-03-17-1-9-AddUIFeedbackSettings:turn-006,6,Assistant,108,117,2026-03-17T04:41:19Z,2026-03-17T04:41:58Z,7,39.0,,completion,False
transcript-2026-03-17-1-9-AddUIFeedbackSettings,transcript-2026-03-17-1-9-AddUIFeedbackSettings:turn-007,7,User,118,121,2026-03-17T04:44:12Z,,1,,134.0,completion-to-user,False
transcript-2026-03-17-1-9-AddUIFeedbackSettings,transcript-2026-03-17-1-9-AddUIFeedbackSettings:turn-008,8,Assistant,122,162,2026-03-17T04:44:12Z,2026-03-17T05:03:09Z,38,1137.0,,completion,False
transcript-2026-03-17-2-9-AddUIFeedbackSettings,transcript-2026-03-17-2-9-AddUIFeedbackSettings:turn-001,1,User,12,16,2026-03-17T16:52:50Z,,2,,,unavailable,False
transcript-2026-03-17-2-9-AddUIFeedbackSettings,transcript-2026-03-17-2-9-AddUIFeedbackSettings:turn-002,2,Assistant,17,53,2026-03-17T16:52:50Z,2026-03-17T16:59:20Z,34,390.0,,completion,False
transcript-2026-03-17-2-9-AddUIFeedbackSettings,transcript-2026-03-17-2-9-AddUIFeedbackSettings:turn-003,3,User,54,57,2026-03-17T17:08:12Z,,1,,532.0,completion-to-user,False
transcript-2026-03-17-2-9-AddUIFeedbackSettings,transcript-2026-03-17-2-9-AddUIFeedbackSettings:turn-004,4,Assistant,58,93,2026-03-17T17:08:12Z,2026-03-17T17:12:13Z,33,241.0,,completion,False
transcript-2026-03-17-2-9-AddUIFeedbackSettings,transcript-2026-03-17-2-9-AddUIFeedbackSettings:turn-005,5,User,94,97,2026-03-17T17:15:19Z,,1,,186.0,completion-to-user,False
transcript-2026-03-17-2-9-AddUIFeedbackSettings,transcript-2026-03-17-2-9-AddUIFeedbackSettings:turn-006,6,Assistant,98,124,2026-03-17T17:15:19Z,2026-03-17T17:20:40Z,24,321.0,,completion,False
transcript-2026-03-17-2-9-AddUIFeedbackSettings,transcript-2026-03-17-2-9-AddUIFeedbackSettings:turn-007,7,User,125,128,2026-03-17T17:24:26Z,,1,,226.0,completion-to-user,False
transcript-2026-03-17-2-9-AddUIFeedbackSettings,transcript-2026-03-17-2-9-AddUIFeedbackSettings:turn-008,8,Assistant,129,154,2026-03-17T17:24:26Z,2026-03-17T17:26:10Z,23,104.0,,completion,False
transcript-2026-03-17-2-9-AddUIFeedbackSettings,transcript-2026-03-17-2-9-AddUIFeedbackSettings:turn-009,9,User,155,158,2026-03-17T17:29:22Z,,1,,192.0,completion-to-user,False
transcript-2026-03-17-2-9-AddUIFeedbackSettings,transcript-2026-03-17-2-9-AddUIFeedbackSettings:turn-010,10,Assistant,159,176,2026-03-17T17:29:22Z,2026-03-17T17:40:13Z,15,651.0,,completion,False
transcript-2026-03-17-2-9-AddUIFeedbackSettings,transcript-2026-03-17-2-9-AddUIFeedbackSettings:turn-011,11,User,177,180,2026-03-17T17:46:13Z,,1,,360.0,completion-to-user,False
transcript-2026-03-17-2-9-AddUIFeedbackSettings,transcript-2026-03-17-2-9-AddUIFeedbackSettings:turn-012,12,Assistant,181,216,2026-03-17T17:46:13Z,2026-03-17T17:53:01Z,33,408.0,,completion,False
transcript-2026-03-17-2-9-AddUIFeedbackSettings,transcript-2026-03-17-2-9-AddUIFeedbackSettings:turn-013,13,User,217,220,2026-03-17T18:05:51Z,,1,,770.0,completion-to-user,False
transcript-2026-03-17-2-9-AddUIFeedbackSettings,transcript-2026-03-17-2-9-AddUIFeedbackSettings:turn-014,14,Assistant,221,251,2026-03-17T18:05:51Z,2026-03-17T18:07:09Z,28,78.0,,completion,False
transcript-2026-03-17-2-9-AddUIFeedbackSettings,transcript-2026-03-17-2-9-AddUIFeedbackSettings:turn-015,15,User,252,255,2026-03-17T18:43:54Z,,1,,2205.0,completion-to-user,False
transcript-2026-03-17-2-9-AddUIFeedbackSettings,transcript-2026-03-17-2-9-AddUIFeedbackSettings:turn-016,16,Assistant,256,283,2026-03-17T18:43:54Z,2026-03-17T18:46:14Z,25,140.0,,completion,False
transcript-2026-03-17-2-9-AddUIFeedbackSettings,transcript-2026-03-17-2-9-AddUIFeedbackSettings:turn-017,17,User,284,293,2026-03-17T21:26:34Z,,7,,9620.0,completion-to-user,False
transcript-2026-03-17-2-9-AddUIFeedbackSettings,transcript-2026-03-17-2-9-AddUIFeedbackSettings:turn-018,18,Assistant,294,312,2026-03-17T21:26:34Z,2026-03-17T21:26:54Z,16,20.0,,completion,False
transcript-2026-03-17-2-9-AddUIFeedbackSettings,transcript-2026-03-17-2-9-AddUIFeedbackSettings:turn-019,19,User,313,326,2026-03-17T21:54:51Z,,11,,1677.0,completion-to-user,False
transcript-2026-03-17-2-9-AddUIFeedbackSettings,transcript-2026-03-17-2-9-AddUIFeedbackSettings:turn-020,20,Assistant,327,354,2026-03-17T21:54:51Z,2026-03-17T21:55:43Z,25,52.0,,completion,False
transcript-2026-03-17-2-9-AddUIFeedbackSettings,transcript-2026-03-17-2-9-AddUIFeedbackSettings:turn-021,21,User,355,358,2026-03-17T22:01:46Z,,1,,363.0,completion-to-user,False
transcript-2026-03-17-2-9-AddUIFeedbackSettings,transcript-2026-03-17-2-9-AddUIFeedbackSettings:turn-022,22,Assistant,359,433,2026-03-17T22:01:46Z,2026-03-17T22:15:48Z,72,842.0,,completion,False
transcript-2026-03-17-2-9-AddUIFeedbackSettings,transcript-2026-03-17-2-9-AddUIFeedbackSettings:turn-023,23,User,434,443,2026-03-17T23:43:34Z,,7,,5266.0,completion-to-user,False
transcript-2026-03-17-2-9-AddUIFeedbackSettings,transcript-2026-03-17-2-9-AddUIFeedbackSettings:turn-024,24,Assistant,444,491,2026-03-17T23:43:34Z,2026-03-17T23:48:29Z,45,295.0,,completion,False
transcript-2026-03-17-2-9-AddUIFeedbackSettings,transcript-2026-03-17-2-9-AddUIFeedbackSettings:turn-025,25,User,492,495,2026-03-18T00:12:42Z,,1,,1453.0,completion-to-user,False
transcript-2026-03-17-2-9-AddUIFeedbackSettings,transcript-2026-03-17-2-9-AddUIFeedbackSettings:turn-026,26,Assistant,496,512,2026-03-18T00:12:42Z,2026-03-18T00:13:12Z,14,30.0,,completion,False
transcript-2026-03-18-1-9-AddUIFeedbackSettings,transcript-2026-03-18-1-9-AddUIFeedbackSettings:turn-001,1,User,12,15,2026-03-18T17:21:32Z,,1,,,unavailable,False
transcript-2026-03-18-1-9-AddUIFeedbackSettings,transcript-2026-03-18-1-9-AddUIFeedbackSettings:turn-002,2,Assistant,16,44,2026-03-18T17:21:32Z,2026-03-18T17:23:26Z,26,114.0,,completion,False
transcript-2026-03-18-1-9-AddUIFeedbackSettings,transcript-2026-03-18-1-9-AddUIFeedbackSettings:turn-003,3,User,45,48,2026-03-18T17:28:05Z,,1,,279.0,completion-to-user,False
transcript-2026-03-18-1-9-AddUIFeedbackSettings,transcript-2026-03-18-1-9-AddUIFeedbackSettings:turn-004,4,Assistant,49,71,2026-03-18T17:28:05Z,2026-03-18T17:29:12Z,20,67.0,,completion,False
transcript-2026-03-18-1-9-AddUIFeedbackSettings,transcript-2026-03-18-1-9-AddUIFeedbackSettings:turn-005,5,User,72,75,2026-03-18T17:44:02Z,,1,,890.0,completion-to-user,False
transcript-2026-03-18-1-9-AddUIFeedbackSettings,transcript-2026-03-18-1-9-AddUIFeedbackSettings:turn-006,6,Assistant,76,116,2026-03-18T17:44:02Z,2026-03-18T17:49:11Z,38,309.0,,completion,False
transcript-2026-03-18-1-9-AddUIFeedbackSettings,transcript-2026-03-18-1-9-AddUIFeedbackSettings:turn-007,7,User,117,120,2026-03-18T17:52:53Z,,1,,222.0,completion-to-user,False
transcript-2026-03-18-1-9-AddUIFeedbackSettings,transcript-2026-03-18-1-9-AddUIFeedbackSettings:turn-008,8,Assistant,121,126,2026-03-18T17:52:53Z,2026-03-18T17:54:53Z,3,120.0,,completion,False
transcript-2026-03-18-1-9-AddUIFeedbackSettings,transcript-2026-03-18-1-9-AddUIFeedbackSettings:turn-009,9,User,127,130,2026-03-18T18:30:32Z,,1,,2139.0,completion-to-user,False
transcript-2026-03-18-1-9-AddUIFeedbackSettings,transcript-2026-03-18-1-9-AddUIFeedbackSettings:turn-010,10,Assistant,131,160,2026-03-18T18:30:32Z,2026-03-18T18:32:44Z,27,132.0,,completion,False
transcript-2026-03-19-1-10-AddTrackManagement,transcript-2026-03-19-1-10-AddTrackManagement:turn-001,1,User,12,28,2026-03-19T16:12:53Z,,14,,,unavailable,False
transcript-2026-03-19-1-10-AddTrackManagement,transcript-2026-03-19-1-10-AddTrackManagement:turn-002,2,Assistant,29,51,2026-03-19T16:12:53Z,2026-03-19T16:15:32Z,20,159.0,,completion,False
transcript-2026-03-19-1-10-AddTrackManagement,transcript-2026-03-19-1-10-AddTrackManagement:turn-003,3,User,52,63,2026-03-19T17:12:41Z,,9,,3429.0,completion-to-user,False
transcript-2026-03-19-1-10-AddTrackManagement,transcript-2026-03-19-1-10-AddTrackManagement:turn-004,4,Assistant,64,86,2026-03-19T17:12:41Z,2026-03-19T17:14:35Z,20,114.0,,completion,False
transcript-2026-03-19-1-10-AddTrackManagement,transcript-2026-03-19-1-10-AddTrackManagement:turn-005,5,User,87,90,2026-03-19T17:28:32Z,,1,,837.0,completion-to-user,False
transcript-2026-03-19-1-10-AddTrackManagement,transcript-2026-03-19-1-10-AddTrackManagement:turn-006,6,Assistant,91,184,2026-03-19T17:28:32Z,2026-03-19T17:45:02Z,91,990.0,,completion,False
transcript-2026-03-19-1-10-AddTrackManagement,transcript-2026-03-19-1-10-AddTrackManagement:turn-007,7,User,185,191,2026-03-19T18:45:55Z,,4,,3653.0,completion-to-user,False
transcript-2026-03-19-1-10-AddTrackManagement,transcript-2026-03-19-1-10-AddTrackManagement:turn-008,8,Assistant,192,220,2026-03-19T18:45:55Z,2026-03-19T18:49:28Z,26,213.0,,completion,False
transcript-2026-03-19-1-10-AddTrackManagement,transcript-2026-03-19-1-10-AddTrackManagement:turn-009,9,User,221,224,2026-03-19T19:18:13Z,,1,,1725.0,completion-to-user,False
transcript-2026-03-19-1-10-AddTrackManagement,transcript-2026-03-19-1-10-AddTrackManagement:turn-010,10,Assistant,225,248,2026-03-19T19:18:13Z,2026-03-19T19:19:09Z,21,56.0,,completion,False
transcript-2026-03-19-1-10-AddTrackManagement,transcript-2026-03-19-1-10-AddTrackManagement:turn-011,11,User,249,252,2026-03-19T20:54:20Z,,1,,5711.0,completion-to-user,False
transcript-2026-03-19-1-10-AddTrackManagement,transcript-2026-03-19-1-10-AddTrackManagement:turn-012,12,Assistant,253,277,2026-03-19T20:54:20Z,2026-03-19T20:58:23Z,22,243.0,,completion,False
transcript-2026-03-19-1-10-AddTrackManagement,transcript-2026-03-19-1-10-AddTrackManagement:turn-013,13,User,278,281,2026-03-19T21:25:27Z,,1,,1624.0,completion-to-user,False
transcript-2026-03-19-1-10-AddTrackManagement,transcript-2026-03-19-1-10-AddTrackManagement:turn-014,14,Assistant,282,313,2026-03-19T21:25:27Z,2026-03-19T21:30:50Z,29,323.0,,completion,False
transcript-2026-03-21-1-11-AddMultiPicturePerTrackSupport,transcript-2026-03-21-1-11-AddMultiPicturePerTrackSupport:turn-001,1,User,12,67,2026-03-21T17:54:10Z,,53,,,unavailable,False
transcript-2026-03-21-1-11-AddMultiPicturePerTrackSupport,transcript-2026-03-21-1-11-AddMultiPicturePerTrackSupport:turn-002,2,Assistant,68,91,2026-03-21T17:54:10Z,2026-03-21T18:12:52Z,21,1122.0,,completion,False
transcript-2026-03-21-1-11-AddMultiPicturePerTrackSupport,transcript-2026-03-21-1-11-AddMultiPicturePerTrackSupport:turn-003,3,User,92,106,2026-03-21T20:26:13Z,,12,,8001.0,completion-to-user,False
transcript-2026-03-21-1-11-AddMultiPicturePerTrackSupport,transcript-2026-03-21-1-11-AddMultiPicturePerTrackSupport:turn-004,4,Assistant,107,121,2026-03-21T20:26:13Z,2026-03-21T20:27:05Z,12,52.0,,completion,False
transcript-2026-03-21-1-11-AddMultiPicturePerTrackSupport,transcript-2026-03-21-1-11-AddMultiPicturePerTrackSupport:turn-005,5,User,122,127,2026-03-21T20:37:20Z,,3,,615.0,completion-to-user,False
transcript-2026-03-21-1-11-AddMultiPicturePerTrackSupport,transcript-2026-03-21-1-11-AddMultiPicturePerTrackSupport:turn-006,6,Assistant,128,141,2026-03-21T20:37:20Z,2026-03-21T20:37:47Z,11,27.0,,completion,False
transcript-2026-03-21-1-11-AddMultiPicturePerTrackSupport,transcript-2026-03-21-1-11-AddMultiPicturePerTrackSupport:turn-007,7,User,142,145,2026-03-21T22:45:13Z,,1,,7646.0,completion-to-user,False
transcript-2026-03-21-1-11-AddMultiPicturePerTrackSupport,transcript-2026-03-21-1-11-AddMultiPicturePerTrackSupport:turn-008,8,Assistant,146,165,2026-03-21T22:45:13Z,2026-03-21T22:45:38Z,17,25.0,,completion,False
transcript-2026-03-21-1-11-AddMultiPicturePerTrackSupport,transcript-2026-03-21-1-11-AddMultiPicturePerTrackSupport:turn-009,9,User,166,169,2026-03-21T22:57:32Z,,1,,714.0,completion-to-user,False
transcript-2026-03-21-1-11-AddMultiPicturePerTrackSupport,transcript-2026-03-21-1-11-AddMultiPicturePerTrackSupport:turn-010,10,Assistant,170,183,2026-03-21T22:57:32Z,2026-03-21T22:58:04Z,11,32.0,,completion,False
transcript-2026-03-21-1-11-AddMultiPicturePerTrackSupport,transcript-2026-03-21-1-11-AddMultiPicturePerTrackSupport:turn-011,11,User,184,187,2026-03-21T23:09:03Z,,1,,659.0,completion-to-user,False
transcript-2026-03-21-1-11-AddMultiPicturePerTrackSupport,transcript-2026-03-21-1-11-AddMultiPicturePerTrackSupport:turn-012,12,Assistant,188,261,2026-03-21T23:09:03Z,2026-03-21T23:24:06Z,71,903.0,,completion,False
transcript-2026-03-21-1-11-AddMultiPicturePerTrackSupport,transcript-2026-03-21-1-11-AddMultiPicturePerTrackSupport:turn-013,13,User,262,265,2026-03-21T23:45:12Z,,1,,1266.0,completion-to-user,False
transcript-2026-03-21-1-11-AddMultiPicturePerTrackSupport,transcript-2026-03-21-1-11-AddMultiPicturePerTrackSupport:turn-014,14,Assistant,266,325,2026-03-21T23:45:12Z,2026-03-21T23:52:53Z,57,461.0,,completion,False
transcript-2026-03-21-1-11-AddMultiPicturePerTrackSupport,transcript-2026-03-21-1-11-AddMultiPicturePerTrackSupport:turn-015,15,User,326,329,2026-03-22T00:04:11Z,,1,,678.0,completion-to-user,False
transcript-2026-03-21-1-11-AddMultiPicturePerTrackSupport,transcript-2026-03-21-1-11-AddMultiPicturePerTrackSupport:turn-016,16,Assistant,330,363,2026-03-22T00:04:11Z,2026-03-22T00:05:44Z,31,93.0,,completion,False
transcript-2026-03-21-1-11-AddMultiPicturePerTrackSupport,transcript-2026-03-21-1-11-AddMultiPicturePerTrackSupport:turn-017,17,User,364,370,2026-03-22T00:18:54Z,,4,,790.0,completion-to-user,False
transcript-2026-03-21-1-11-AddMultiPicturePerTrackSupport,transcript-2026-03-21-1-11-AddMultiPicturePerTrackSupport:turn-018,18,Assistant,371,395,2026-03-22T00:18:54Z,2026-03-22T00:20:51Z,22,117.0,,completion,False
transcript-2026-03-21-1-11-AddMultiPicturePerTrackSupport,transcript-2026-03-21-1-11-AddMultiPicturePerTrackSupport:turn-019,19,User,396,399,2026-03-22T00:30:09Z,,1,,558.0,completion-to-user,False
transcript-2026-03-21-1-11-AddMultiPicturePerTrackSupport,transcript-2026-03-21-1-11-AddMultiPicturePerTrackSupport:turn-020,20,Assistant,400,422,2026-03-22T00:30:09Z,2026-03-22T00:31:09Z,20,60.0,,completion,False
transcript-2026-03-21-1-11-AddMultiPicturePerTrackSupport,transcript-2026-03-21-1-11-AddMultiPicturePerTrackSupport:turn-021,21,User,423,426,2026-03-22T00:53:30Z,,1,,1341.0,completion-to-user,False
transcript-2026-03-21-1-11-AddMultiPicturePerTrackSupport,transcript-2026-03-21-1-11-AddMultiPicturePerTrackSupport:turn-022,22,Assistant,427,457,2026-03-22T00:53:30Z,2026-03-22T00:56:29Z,28,179.0,,completion,False
transcript-2026-03-21-1-11-AddMultiPicturePerTrackSupport,transcript-2026-03-21-1-11-AddMultiPicturePerTrackSupport:turn-023,23,User,458,464,2026-03-22T06:32:55Z,,4,,20186.0,completion-to-user,False
transcript-2026-03-21-1-11-AddMultiPicturePerTrackSupport,transcript-2026-03-21-1-11-AddMultiPicturePerTrackSupport:turn-024,24,Assistant,465,500,2026-03-22T06:32:55Z,2026-03-22T06:35:16Z,33,141.0,,completion,False
transcript-2026-03-21-1-11-AddMultiPicturePerTrackSupport,transcript-2026-03-21-1-11-AddMultiPicturePerTrackSupport:turn-025,25,User,501,504,2026-03-22T06:50:12Z,,1,,896.0,completion-to-user,False
transcript-2026-03-21-1-11-AddMultiPicturePerTrackSupport,transcript-2026-03-21-1-11-AddMultiPicturePerTrackSupport:turn-026,26,Assistant,505,535,2026-03-22T06:50:12Z,2026-03-22T06:51:58Z,28,106.0,,completion,False
transcript-2026-03-22-1-11-AddMultiPicturePerTrackSupport,transcript-2026-03-22-1-11-AddMultiPicturePerTrackSupport:turn-001,1,User,12,21,2026-03-22T07:54:14Z,,7,,,unavailable,False
transcript-2026-03-22-1-11-AddMultiPicturePerTrackSupport,transcript-2026-03-22-1-11-AddMultiPicturePerTrackSupport:turn-002,2,Assistant,22,48,2026-03-22T07:54:14Z,2026-03-22T07:59:33Z,24,319.0,,completion,False
transcript-2026-03-22-1-11-AddMultiPicturePerTrackSupport,transcript-2026-03-22-1-11-AddMultiPicturePerTrackSupport:turn-003,3,User,49,52,2026-03-22T08:11:43Z,,1,,730.0,completion-to-user,False
transcript-2026-03-22-1-11-AddMultiPicturePerTrackSupport,transcript-2026-03-22-1-11-AddMultiPicturePerTrackSupport:turn-004,4,Assistant,53,67,2026-03-22T08:11:43Z,2026-03-22T08:12:31Z,12,48.0,,completion,False
transcript-2026-03-22-1-11-AddMultiPicturePerTrackSupport,transcript-2026-03-22-1-11-AddMultiPicturePerTrackSupport:turn-005,5,User,68,73,2026-03-22T08:35:22Z,,3,,1371.0,completion-to-user,False
transcript-2026-03-22-1-11-AddMultiPicturePerTrackSupport,transcript-2026-03-22-1-11-AddMultiPicturePerTrackSupport:turn-006,6,Assistant,74,99,2026-03-22T08:35:22Z,2026-03-22T08:40:27Z,23,305.0,,completion,False
transcript-2026-03-22-1-11-AddMultiPicturePerTrackSupport,transcript-2026-03-22-1-11-AddMultiPicturePerTrackSupport:turn-007,7,User,100,106,2026-03-22T09:16:53Z,,4,,2186.0,completion-to-user,False
transcript-2026-03-22-1-11-AddMultiPicturePerTrackSupport,transcript-2026-03-22-1-11-AddMultiPicturePerTrackSupport:turn-008,8,Assistant,107,119,2026-03-22T09:16:53Z,2026-03-22T09:17:34Z,10,41.0,,completion,False
transcript-2026-03-22-1-11-AddMultiPicturePerTrackSupport,transcript-2026-03-22-1-11-AddMultiPicturePerTrackSupport:turn-009,9,User,120,139,2026-03-22T20:28:52Z,,17,,40278.0,completion-to-user,False
transcript-2026-03-22-1-11-AddMultiPicturePerTrackSupport,transcript-2026-03-22-1-11-AddMultiPicturePerTrackSupport:turn-010,10,Assistant,140,165,2026-03-22T20:28:52Z,2026-03-22T20:33:00Z,23,248.0,,completion,False
transcript-2026-03-22-1-11-AddMultiPicturePerTrackSupport,transcript-2026-03-22-1-11-AddMultiPicturePerTrackSupport:turn-011,11,User,166,176,2026-03-22T20:47:10Z,,8,,850.0,completion-to-user,False
transcript-2026-03-22-1-11-AddMultiPicturePerTrackSupport,transcript-2026-03-22-1-11-AddMultiPicturePerTrackSupport:turn-012,12,Assistant,177,190,2026-03-22T20:47:10Z,2026-03-22T20:49:00Z,11,110.0,,completion,False
transcript-2026-03-22-1-11-AddMultiPicturePerTrackSupport,transcript-2026-03-22-1-11-AddMultiPicturePerTrackSupport:turn-013,13,User,191,194,2026-03-22T21:33:19Z,,1,,2659.0,completion-to-user,False
transcript-2026-03-22-1-11-AddMultiPicturePerTrackSupport,transcript-2026-03-22-1-11-AddMultiPicturePerTrackSupport:turn-014,14,Assistant,195,224,2026-03-22T21:33:19Z,2026-03-22T21:42:19Z,27,540.0,,completion,False
transcript-2026-03-22-1-11-AddMultiPicturePerTrackSupport,transcript-2026-03-22-1-11-AddMultiPicturePerTrackSupport:turn-015,15,User,225,228,2026-03-22T23:57:26Z,,1,,8107.0,completion-to-user,False
transcript-2026-03-22-1-11-AddMultiPicturePerTrackSupport,transcript-2026-03-22-1-11-AddMultiPicturePerTrackSupport:turn-016,16,Assistant,229,250,2026-03-22T23:57:26Z,2026-03-23T00:35:51Z,19,2305.0,,completion,False
transcript-2026-03-22-1-11-AddMultiPicturePerTrackSupport,transcript-2026-03-22-1-11-AddMultiPicturePerTrackSupport:turn-017,17,User,251,254,2026-03-23T07:11:45Z,,1,,23754.0,completion-to-user,False
transcript-2026-03-22-1-11-AddMultiPicturePerTrackSupport,transcript-2026-03-22-1-11-AddMultiPicturePerTrackSupport:turn-018,18,Assistant,255,297,2026-03-23T07:11:45Z,2026-03-23T07:19:14Z,40,449.0,,completion,False
transcript-2026-03-22-1-11-AddMultiPicturePerTrackSupport,transcript-2026-03-22-1-11-AddMultiPicturePerTrackSupport:turn-019,19,User,298,301,2026-03-23T17:07:01Z,,1,,35267.0,completion-to-user,False
transcript-2026-03-22-1-11-AddMultiPicturePerTrackSupport,transcript-2026-03-22-1-11-AddMultiPicturePerTrackSupport:turn-020,20,Assistant,302,328,2026-03-23T17:07:01Z,2026-03-23T17:09:33Z,24,152.0,,completion,False
transcript-2026-03-22-1-11-AddMultiPicturePerTrackSupport,transcript-2026-03-22-1-11-AddMultiPicturePerTrackSupport:turn-021,21,User,329,332,2026-03-23T17:48:33Z,,1,,2340.0,completion-to-user,False
transcript-2026-03-22-1-11-AddMultiPicturePerTrackSupport,transcript-2026-03-22-1-11-AddMultiPicturePerTrackSupport:turn-022,22,Assistant,333,350,2026-03-23T17:48:33Z,2026-03-23T17:49:44Z,15,71.0,,completion,False
transcript-2026-03-22-1-11-AddMultiPicturePerTrackSupport,transcript-2026-03-22-1-11-AddMultiPicturePerTrackSupport:turn-023,23,User,351,354,2026-03-23T17:51:26Z,,1,,102.0,completion-to-user,False
transcript-2026-03-22-1-11-AddMultiPicturePerTrackSupport,transcript-2026-03-22-1-11-AddMultiPicturePerTrackSupport:turn-024,24,Assistant,355,378,2026-03-23T17:51:26Z,2026-03-23T17:55:23Z,21,237.0,,completion,False
transcript-2026-03-23-1-11-AddMultiPicturePerTrackSupport,transcript-2026-03-23-1-11-AddMultiPicturePerTrackSupport:turn-001,1,User,12,15,2026-03-23T18:59:35Z,,1,,,unavailable,False
transcript-2026-03-23-1-11-AddMultiPicturePerTrackSupport,transcript-2026-03-23-1-11-AddMultiPicturePerTrackSupport:turn-002,2,Assistant,16,48,2026-03-23T18:59:35Z,2026-03-23T19:03:31Z,30,236.0,,completion,False
transcript-2026-03-23-1-11-AddMultiPicturePerTrackSupport,transcript-2026-03-23-1-11-AddMultiPicturePerTrackSupport:turn-003,3,User,49,52,2026-03-23T19:11:40Z,,1,,489.0,completion-to-user,False
transcript-2026-03-23-1-11-AddMultiPicturePerTrackSupport,transcript-2026-03-23-1-11-AddMultiPicturePerTrackSupport:turn-004,4,Assistant,53,64,2026-03-23T19:11:40Z,2026-03-23T19:12:08Z,9,28.0,,completion,False
transcript-2026-03-23-1-11-AddMultiPicturePerTrackSupport,transcript-2026-03-23-1-11-AddMultiPicturePerTrackSupport:turn-005,5,User,65,85,2026-03-23T20:05:47Z,,17,,3219.0,completion-to-user,False
transcript-2026-03-23-1-11-AddMultiPicturePerTrackSupport,transcript-2026-03-23-1-11-AddMultiPicturePerTrackSupport:turn-006,6,Assistant,86,98,2026-03-23T20:05:47Z,2026-03-23T20:06:13Z,10,26.0,,completion,False
transcript-2026-03-23-1-11-AddMultiPicturePerTrackSupport,transcript-2026-03-23-1-11-AddMultiPicturePerTrackSupport:turn-007,7,User,99,106,2026-03-23T20:39:37Z,,5,,2004.0,completion-to-user,False
transcript-2026-03-23-1-11-AddMultiPicturePerTrackSupport,transcript-2026-03-23-1-11-AddMultiPicturePerTrackSupport:turn-008,8,Assistant,107,147,2026-03-23T20:39:37Z,2026-03-23T20:43:49Z,38,252.0,,completion,False
transcript-2026-03-23-1-11-AddMultiPicturePerTrackSupport,transcript-2026-03-23-1-11-AddMultiPicturePerTrackSupport:turn-009,9,User,148,151,2026-03-23T21:42:03Z,,1,,3494.0,completion-to-user,False
transcript-2026-03-23-1-11-AddMultiPicturePerTrackSupport,transcript-2026-03-23-1-11-AddMultiPicturePerTrackSupport:turn-010,10,Assistant,152,177,2026-03-23T21:42:03Z,2026-03-23T21:44:39Z,23,156.0,,completion,False
transcript-2026-03-23-1-11-AddMultiPicturePerTrackSupport,transcript-2026-03-23-1-11-AddMultiPicturePerTrackSupport:turn-011,11,User,178,181,2026-03-23T22:44:13Z,,1,,3574.0,completion-to-user,False
transcript-2026-03-23-1-11-AddMultiPicturePerTrackSupport,transcript-2026-03-23-1-11-AddMultiPicturePerTrackSupport:turn-012,12,Assistant,182,207,2026-03-23T22:44:13Z,2026-03-23T22:46:44Z,23,151.0,,completion,False
transcript-2026-03-23-1-11-AddMultiPicturePerTrackSupport,transcript-2026-03-23-1-11-AddMultiPicturePerTrackSupport:turn-013,13,User,208,211,2026-03-23T23:28:15Z,,1,,2491.0,completion-to-user,False
transcript-2026-03-23-1-11-AddMultiPicturePerTrackSupport,transcript-2026-03-23-1-11-AddMultiPicturePerTrackSupport:turn-014,14,Assistant,212,247,2026-03-23T23:28:15Z,2026-03-23T23:32:52Z,33,277.0,,completion,False
transcript-2026-03-23-1-11-AddMultiPicturePerTrackSupport,transcript-2026-03-23-1-11-AddMultiPicturePerTrackSupport:turn-015,15,User,248,251,2026-03-23T23:41:47Z,,1,,535.0,completion-to-user,False
transcript-2026-03-23-1-11-AddMultiPicturePerTrackSupport,transcript-2026-03-23-1-11-AddMultiPicturePerTrackSupport:turn-016,16,Assistant,252,272,2026-03-23T23:41:47Z,2026-03-23T23:42:13Z,18,26.0,,completion,False
transcript-2026-03-23-1-11-AddMultiPicturePerTrackSupport,transcript-2026-03-23-1-11-AddMultiPicturePerTrackSupport:turn-017,17,User,273,278,2026-03-24T00:10:06Z,,3,,1673.0,completion-to-user,False
transcript-2026-03-23-1-11-AddMultiPicturePerTrackSupport,transcript-2026-03-23-1-11-AddMultiPicturePerTrackSupport:turn-018,18,Assistant,279,301,2026-03-24T00:10:06Z,2026-03-24T00:10:37Z,20,31.0,,completion,False
transcript-2026-03-23-1-11-AddMultiPicturePerTrackSupport,transcript-2026-03-23-1-11-AddMultiPicturePerTrackSupport:turn-019,19,User,302,305,2026-03-24T00:10:51Z,,1,,14.0,completion-to-user,False
transcript-2026-03-23-1-11-AddMultiPicturePerTrackSupport,transcript-2026-03-23-1-11-AddMultiPicturePerTrackSupport:turn-020,20,Assistant,306,351,2026-03-24T00:10:51Z,2026-03-24T00:17:49Z,43,418.0,,completion,False
transcript-2026-03-23-1-11-AddMultiPicturePerTrackSupport,transcript-2026-03-23-1-11-AddMultiPicturePerTrackSupport:turn-021,21,User,352,366,2026-03-24T03:45:37Z,,12,,12468.0,completion-to-user,False
transcript-2026-03-23-1-11-AddMultiPicturePerTrackSupport,transcript-2026-03-23-1-11-AddMultiPicturePerTrackSupport:turn-022,22,Assistant,367,386,2026-03-24T03:45:37Z,2026-03-24T03:47:25Z,17,108.0,,completion,False
transcript-2026-03-23-1-11-AddMultiPicturePerTrackSupport,transcript-2026-03-23-1-11-AddMultiPicturePerTrackSupport:turn-023,23,User,387,396,2026-03-24T04:26:57Z,,7,,2372.0,completion-to-user,False
transcript-2026-03-23-1-11-AddMultiPicturePerTrackSupport,transcript-2026-03-23-1-11-AddMultiPicturePerTrackSupport:turn-024,24,Assistant,397,409,2026-03-24T04:26:57Z,2026-03-24T04:27:52Z,10,55.0,,completion,False
transcript-2026-03-23-1-11-AddMultiPicturePerTrackSupport,transcript-2026-03-23-1-11-AddMultiPicturePerTrackSupport:turn-025,25,User,410,413,2026-03-24T04:41:35Z,,1,,823.0,completion-to-user,False
transcript-2026-03-23-1-11-AddMultiPicturePerTrackSupport,transcript-2026-03-23-1-11-AddMultiPicturePerTrackSupport:turn-026,26,Assistant,414,425,2026-03-24T04:41:35Z,2026-03-24T04:42:00Z,9,25.0,,completion,False
transcript-2026-03-23-1-11-AddMultiPicturePerTrackSupport,transcript-2026-03-23-1-11-AddMultiPicturePerTrackSupport:turn-027,27,User,426,430,2026-03-24T05:02:33Z,,3,,1233.0,completion-to-user,False
transcript-2026-03-23-1-11-AddMultiPicturePerTrackSupport,transcript-2026-03-23-1-11-AddMultiPicturePerTrackSupport:turn-028,28,Assistant,431,460,2026-03-24T05:02:33Z,2026-03-24T05:13:34Z,27,661.0,,completion,False
transcript-2026-03-23-1-11-AddMultiPicturePerTrackSupport,transcript-2026-03-23-1-11-AddMultiPicturePerTrackSupport:turn-029,29,User,461,464,2026-03-24T05:34:41Z,,1,,1267.0,completion-to-user,False
transcript-2026-03-23-1-11-AddMultiPicturePerTrackSupport,transcript-2026-03-23-1-11-AddMultiPicturePerTrackSupport:turn-030,30,Assistant,465,488,2026-03-24T05:34:41Z,2026-03-24T05:49:45Z,21,904.0,,completion,False
transcript-2026-03-23-1-11-AddMultiPicturePerTrackSupport,transcript-2026-03-23-1-11-AddMultiPicturePerTrackSupport:turn-031,31,User,489,492,2026-03-24T05:53:07Z,,1,,202.0,completion-to-user,False
transcript-2026-03-23-1-11-AddMultiPicturePerTrackSupport,transcript-2026-03-23-1-11-AddMultiPicturePerTrackSupport:turn-032,32,Assistant,493,518,2026-03-24T05:53:07Z,2026-03-24T06:02:17Z,23,550.0,,completion,False
transcript-2026-03-23-1-11-AddMultiPicturePerTrackSupport,transcript-2026-03-23-1-11-AddMultiPicturePerTrackSupport:turn-033,33,User,519,522,2026-03-24T06:38:09Z,,1,,2152.0,completion-to-user,False
transcript-2026-03-23-1-11-AddMultiPicturePerTrackSupport,transcript-2026-03-23-1-11-AddMultiPicturePerTrackSupport:turn-034,34,Assistant,523,546,2026-03-24T06:38:09Z,2026-03-24T06:41:54Z,21,225.0,,completion,False
transcript-2026-03-23-1-11-AddMultiPicturePerTrackSupport,transcript-2026-03-23-1-11-AddMultiPicturePerTrackSupport:turn-035,35,User,547,550,2026-03-24T06:55:35Z,,1,,821.0,completion-to-user,False
transcript-2026-03-23-1-11-AddMultiPicturePerTrackSupport,transcript-2026-03-23-1-11-AddMultiPicturePerTrackSupport:turn-036,36,Assistant,551,586,2026-03-24T06:55:35Z,2026-03-24T07:00:54Z,33,319.0,,completion,False
transcript-2026-03-23-1-11-AddMultiPicturePerTrackSupport,transcript-2026-03-23-1-11-AddMultiPicturePerTrackSupport:turn-037,37,User,587,590,2026-03-24T07:10:24Z,,1,,570.0,completion-to-user,False
transcript-2026-03-23-1-11-AddMultiPicturePerTrackSupport,transcript-2026-03-23-1-11-AddMultiPicturePerTrackSupport:turn-038,38,Assistant,591,659,2026-03-24T07:10:24Z,2026-03-24T07:28:49Z,65,1105.0,,completion,False
transcript-2026-03-24-1-11-AddMultiPicturePerTrackSupport,transcript-2026-03-24-1-11-AddMultiPicturePerTrackSupport:turn-001,1,User,12,27,2026-03-24T20:50:10Z,,13,,,unavailable,False
transcript-2026-03-24-1-11-AddMultiPicturePerTrackSupport,transcript-2026-03-24-1-11-AddMultiPicturePerTrackSupport:turn-002,2,Assistant,28,50,2026-03-24T20:50:10Z,2026-03-24T20:52:19Z,20,129.0,,completion,False
transcript-2026-03-24-1-11-AddMultiPicturePerTrackSupport,transcript-2026-03-24-1-11-AddMultiPicturePerTrackSupport:turn-003,3,User,51,56,2026-03-24T21:00:53Z,,3,,514.0,completion-to-user,False
transcript-2026-03-24-1-11-AddMultiPicturePerTrackSupport,transcript-2026-03-24-1-11-AddMultiPicturePerTrackSupport:turn-004,4,Assistant,57,70,2026-03-24T21:00:53Z,2026-03-24T21:02:07Z,11,74.0,,completion,False
transcript-2026-03-24-1-11-AddMultiPicturePerTrackSupport,transcript-2026-03-24-1-11-AddMultiPicturePerTrackSupport:turn-005,5,User,71,74,2026-03-24T21:12:38Z,,1,,631.0,completion-to-user,False
transcript-2026-03-24-1-11-AddMultiPicturePerTrackSupport,transcript-2026-03-24-1-11-AddMultiPicturePerTrackSupport:turn-006,6,Assistant,75,118,2026-03-24T21:12:38Z,2026-03-24T21:19:50Z,41,432.0,,completion,False
transcript-2026-03-24-1-11-AddMultiPicturePerTrackSupport,transcript-2026-03-24-1-11-AddMultiPicturePerTrackSupport:turn-007,7,User,119,127,2026-03-24T23:28:59Z,,6,,7749.0,completion-to-user,False
transcript-2026-03-24-1-11-AddMultiPicturePerTrackSupport,transcript-2026-03-24-1-11-AddMultiPicturePerTrackSupport:turn-008,8,Assistant,128,140,2026-03-24T23:28:59Z,2026-03-24T23:29:44Z,10,45.0,,completion,False
transcript-2026-03-24-1-11-AddMultiPicturePerTrackSupport,transcript-2026-03-24-1-11-AddMultiPicturePerTrackSupport:turn-009,9,User,141,146,2026-03-24T23:52:18Z,,3,,1354.0,completion-to-user,False
transcript-2026-03-24-1-11-AddMultiPicturePerTrackSupport,transcript-2026-03-24-1-11-AddMultiPicturePerTrackSupport:turn-010,10,Assistant,147,162,2026-03-24T23:52:18Z,2026-03-24T23:52:59Z,13,41.0,,completion,False
transcript-2026-03-24-1-11-AddMultiPicturePerTrackSupport,transcript-2026-03-24-1-11-AddMultiPicturePerTrackSupport:turn-011,11,User,163,168,2026-03-25T03:31:12Z,,3,,13093.0,completion-to-user,False
transcript-2026-03-24-1-11-AddMultiPicturePerTrackSupport,transcript-2026-03-24-1-11-AddMultiPicturePerTrackSupport:turn-012,12,Assistant,169,199,2026-03-25T03:31:12Z,2026-03-25T03:34:37Z,28,205.0,,completion,False
transcript-2026-03-26-1-11-AddMultiPicturePerTrackSupport,transcript-2026-03-26-1-11-AddMultiPicturePerTrackSupport:turn-001,1,User,12,15,2026-03-26T04:28:25Z,,1,,,unavailable,False
transcript-2026-03-26-1-11-AddMultiPicturePerTrackSupport,transcript-2026-03-26-1-11-AddMultiPicturePerTrackSupport:turn-002,2,Assistant,16,39,2026-03-26T04:28:25Z,2026-03-26T04:30:55Z,21,150.0,,completion,False
transcript-2026-03-26-1-11-AddMultiPicturePerTrackSupport,transcript-2026-03-26-1-11-AddMultiPicturePerTrackSupport:turn-003,3,User,40,43,2026-03-26T15:19:37Z,,1,,38922.0,completion-to-user,False
transcript-2026-03-26-1-11-AddMultiPicturePerTrackSupport,transcript-2026-03-26-1-11-AddMultiPicturePerTrackSupport:turn-004,4,Assistant,44,67,2026-03-26T15:19:37Z,2026-03-26T15:21:05Z,21,88.0,,completion,False
transcript-2026-03-26-1-11-AddMultiPicturePerTrackSupport,transcript-2026-03-26-1-11-AddMultiPicturePerTrackSupport:turn-005,5,User,68,71,2026-03-26T15:33:24Z,,1,,739.0,completion-to-user,False
transcript-2026-03-26-1-11-AddMultiPicturePerTrackSupport,transcript-2026-03-26-1-11-AddMultiPicturePerTrackSupport:turn-006,6,Assistant,72,98,2026-03-26T15:33:24Z,2026-03-26T15:35:25Z,24,121.0,,completion,False
transcript-2026-03-26-1-11-AddMultiPicturePerTrackSupport,transcript-2026-03-26-1-11-AddMultiPicturePerTrackSupport:turn-007,7,User,99,102,2026-03-26T16:11:09Z,,1,,2144.0,completion-to-user,False
transcript-2026-03-26-1-11-AddMultiPicturePerTrackSupport,transcript-2026-03-26-1-11-AddMultiPicturePerTrackSupport:turn-008,8,Assistant,103,126,2026-03-26T16:11:09Z,2026-03-26T16:13:49Z,21,160.0,,completion,False
transcript-2026-03-26-1-11-AddMultiPicturePerTrackSupport,transcript-2026-03-26-1-11-AddMultiPicturePerTrackSupport:turn-009,9,User,127,130,2026-03-26T16:22:22Z,,1,,513.0,completion-to-user,False
transcript-2026-03-26-1-11-AddMultiPicturePerTrackSupport,transcript-2026-03-26-1-11-AddMultiPicturePerTrackSupport:turn-010,10,Assistant,131,160,2026-03-26T16:22:22Z,2026-03-26T16:24:39Z,27,137.0,,completion,False
transcript-2026-03-26-1-11-AddMultiPicturePerTrackSupport,transcript-2026-03-26-1-11-AddMultiPicturePerTrackSupport:turn-011,11,User,161,164,2026-03-26T16:51:21Z,,1,,1602.0,completion-to-user,False
transcript-2026-03-26-1-11-AddMultiPicturePerTrackSupport,transcript-2026-03-26-1-11-AddMultiPicturePerTrackSupport:turn-012,12,Assistant,165,192,2026-03-26T16:51:21Z,2026-03-26T16:57:24Z,25,363.0,,completion,False
transcript-2026-03-26-1-11-AddMultiPicturePerTrackSupport,transcript-2026-03-26-1-11-AddMultiPicturePerTrackSupport:turn-013,13,User,193,196,2026-03-26T17:23:55Z,,1,,1591.0,completion-to-user,False
transcript-2026-03-26-1-11-AddMultiPicturePerTrackSupport,transcript-2026-03-26-1-11-AddMultiPicturePerTrackSupport:turn-014,14,Assistant,197,233,2026-03-26T17:23:55Z,2026-03-26T17:25:25Z,34,90.0,,completion,False
transcript-2026-03-26-1-11-AddMultiPicturePerTrackSupport,transcript-2026-03-26-1-11-AddMultiPicturePerTrackSupport:turn-015,15,User,234,237,2026-03-26T17:48:39Z,,1,,1394.0,completion-to-user,False
transcript-2026-03-26-1-11-AddMultiPicturePerTrackSupport,transcript-2026-03-26-1-11-AddMultiPicturePerTrackSupport:turn-016,16,Assistant,238,261,2026-03-26T17:48:39Z,2026-03-26T17:50:47Z,21,128.0,,completion,False
transcript-2026-03-26-1-11-AddMultiPicturePerTrackSupport,transcript-2026-03-26-1-11-AddMultiPicturePerTrackSupport:turn-017,17,User,262,269,2026-03-26T19:38:40Z,,5,,6473.0,completion-to-user,False
transcript-2026-03-26-1-11-AddMultiPicturePerTrackSupport,transcript-2026-03-26-1-11-AddMultiPicturePerTrackSupport:turn-018,18,Assistant,270,293,2026-03-26T19:38:40Z,2026-03-26T19:41:00Z,21,140.0,,completion,False
transcript-2026-03-26-1-11-AddMultiPicturePerTrackSupport,transcript-2026-03-26-1-11-AddMultiPicturePerTrackSupport:turn-019,19,User,294,297,2026-03-26T20:09:41Z,,1,,1721.0,completion-to-user,False
transcript-2026-03-26-1-11-AddMultiPicturePerTrackSupport,transcript-2026-03-26-1-11-AddMultiPicturePerTrackSupport:turn-020,20,Assistant,298,327,2026-03-26T20:09:41Z,2026-03-26T20:12:27Z,27,166.0,,completion,False
transcript-2026-03-26-1-11-AddMultiPicturePerTrackSupport,transcript-2026-03-26-1-11-AddMultiPicturePerTrackSupport:turn-021,21,User,328,331,2026-03-26T20:52:31Z,,1,,2404.0,completion-to-user,False
transcript-2026-03-26-1-11-AddMultiPicturePerTrackSupport,transcript-2026-03-26-1-11-AddMultiPicturePerTrackSupport:turn-022,22,Assistant,332,349,2026-03-26T20:52:31Z,2026-03-26T20:54:06Z,15,95.0,,completion,False
transcript-2026-03-26-1-11-AddMultiPicturePerTrackSupport,transcript-2026-03-26-1-11-AddMultiPicturePerTrackSupport:turn-023,23,User,350,353,2026-03-26T21:06:11Z,,1,,725.0,completion-to-user,False
transcript-2026-03-26-1-11-AddMultiPicturePerTrackSupport,transcript-2026-03-26-1-11-AddMultiPicturePerTrackSupport:turn-024,24,Assistant,354,383,2026-03-26T21:06:11Z,2026-03-26T21:09:02Z,27,171.0,,completion,False
transcript-2026-03-26-1-11-AddMultiPicturePerTrackSupport,transcript-2026-03-26-1-11-AddMultiPicturePerTrackSupport:turn-025,25,User,384,387,2026-03-26T21:33:32Z,,1,,1470.0,completion-to-user,False
transcript-2026-03-26-1-11-AddMultiPicturePerTrackSupport,transcript-2026-03-26-1-11-AddMultiPicturePerTrackSupport:turn-026,26,Assistant,388,409,2026-03-26T21:33:32Z,2026-03-26T21:36:17Z,19,165.0,,completion,False
transcript-2026-03-31-1-12-AddFLACDocumentOpenSupport,transcript-2026-03-31-1-12-AddFLACDocumentOpenSupport:turn-001,1,User,12,15,2026-03-31T20:55:11Z,,1,,,unavailable,False
transcript-2026-03-31-1-12-AddFLACDocumentOpenSupport,transcript-2026-03-31-1-12-AddFLACDocumentOpenSupport:turn-002,2,Assistant,16,37,2026-03-31T20:55:11Z,2026-03-31T20:56:14Z,19,63.0,,completion,False
transcript-2026-03-31-1-12-AddFLACDocumentOpenSupport,transcript-2026-03-31-1-12-AddFLACDocumentOpenSupport:turn-003,3,User,38,41,2026-04-01T01:10:37Z,,1,,15263.0,completion-to-user,False
transcript-2026-03-31-1-12-AddFLACDocumentOpenSupport,transcript-2026-03-31-1-12-AddFLACDocumentOpenSupport:turn-004,4,Assistant,42,109,2026-04-01T01:10:37Z,2026-04-01T01:12:01Z,65,84.0,,completion,False
transcript-2026-03-31-1-12-AddFLACDocumentOpenSupport,transcript-2026-03-31-1-12-AddFLACDocumentOpenSupport:turn-005,5,User,110,113,2026-04-01T01:27:01Z,,1,,900.0,completion-to-user,False
transcript-2026-03-31-1-12-AddFLACDocumentOpenSupport,transcript-2026-03-31-1-12-AddFLACDocumentOpenSupport:turn-006,6,Assistant,114,119,2026-04-01T01:27:01Z,2026-04-01T01:35:01Z,3,480.0,,completion,False
transcript-2026-03-31-1-12-AddFLACDocumentOpenSupport,transcript-2026-03-31-1-12-AddFLACDocumentOpenSupport:turn-007,7,User,120,123,2026-04-01T06:49:25Z,,1,,18864.0,completion-to-user,False
transcript-2026-03-31-1-12-AddFLACDocumentOpenSupport,transcript-2026-03-31-1-12-AddFLACDocumentOpenSupport:turn-008,8,Assistant,124,145,2026-04-01T06:49:25Z,2026-04-01T06:51:17Z,19,112.0,,completion,False
transcript-2026-03-31-1-12-AddFLACDocumentOpenSupport,transcript-2026-03-31-1-12-AddFLACDocumentOpenSupport:turn-009,9,User,146,149,2026-04-01T06:56:17Z,,1,,300.0,completion-to-user,False
transcript-2026-03-31-1-12-AddFLACDocumentOpenSupport,transcript-2026-03-31-1-12-AddFLACDocumentOpenSupport:turn-010,10,Assistant,150,172,2026-04-01T06:56:17Z,2026-04-01T06:57:00Z,20,43.0,,completion,False
transcript-2026-03-31-1-12-AddFLACDocumentOpenSupport,transcript-2026-03-31-1-12-AddFLACDocumentOpenSupport:turn-011,11,User,173,177,2026-04-01T07:15:03Z,,2,,1083.0,completion-to-user,False
transcript-2026-03-31-1-12-AddFLACDocumentOpenSupport,transcript-2026-03-31-1-12-AddFLACDocumentOpenSupport:turn-012,12,Assistant,178,191,2026-04-01T07:15:03Z,2026-04-01T07:16:18Z,11,75.0,,completion,False
transcript-2026-03-31-1-12-AddFLACDocumentOpenSupport,transcript-2026-03-31-1-12-AddFLACDocumentOpenSupport:turn-013,13,User,192,195,2026-04-01T07:20:46Z,,1,,268.0,completion-to-user,False
transcript-2026-03-31-1-12-AddFLACDocumentOpenSupport,transcript-2026-03-31-1-12-AddFLACDocumentOpenSupport:turn-014,14,Assistant,196,218,2026-04-01T07:20:46Z,2026-04-01T07:25:26Z,20,280.0,,completion,False
transcript-2026-03-31-1-12-AddFLACDocumentOpenSupport,transcript-2026-03-31-1-12-AddFLACDocumentOpenSupport:turn-015,15,User,219,222,2026-04-01T07:27:29Z,,1,,123.0,completion-to-user,False
transcript-2026-03-31-1-12-AddFLACDocumentOpenSupport,transcript-2026-03-31-1-12-AddFLACDocumentOpenSupport:turn-016,16,Assistant,223,260,2026-04-01T07:27:29Z,2026-04-01T07:42:40Z,35,911.0,,completion,False
transcript-2026-03-31-1-12-AddFLACDocumentOpenSupport,transcript-2026-03-31-1-12-AddFLACDocumentOpenSupport:turn-017,17,User,261,264,2026-04-01T08:20:34Z,,1,,2274.0,completion-to-user,False
transcript-2026-03-31-1-12-AddFLACDocumentOpenSupport,transcript-2026-03-31-1-12-AddFLACDocumentOpenSupport:turn-018,18,Assistant,265,278,2026-04-01T08:20:34Z,2026-04-01T08:22:24Z,11,110.0,,completion,False
transcript-2026-03-31-1-12-AddFLACDocumentOpenSupport,transcript-2026-03-31-1-12-AddFLACDocumentOpenSupport:turn-019,19,User,279,282,2026-04-01T08:26:15Z,,1,,231.0,completion-to-user,False
transcript-2026-03-31-1-12-AddFLACDocumentOpenSupport,transcript-2026-03-31-1-12-AddFLACDocumentOpenSupport:turn-020,20,Assistant,283,341,2026-04-01T08:26:15Z,2026-04-01T08:36:13Z,56,598.0,,completion,False
transcript-2026-03-31-1-12-AddFLACDocumentOpenSupport,transcript-2026-03-31-1-12-AddFLACDocumentOpenSupport:turn-021,21,User,342,347,2026-04-01T08:57:23Z,,3,,1270.0,completion-to-user,False
transcript-2026-03-31-1-12-AddFLACDocumentOpenSupport,transcript-2026-03-31-1-12-AddFLACDocumentOpenSupport:turn-022,22,Assistant,348,370,2026-04-01T08:57:23Z,2026-04-01T08:59:15Z,20,112.0,,completion,False
transcript-2026-03-31-1-12-AddFLACDocumentOpenSupport,transcript-2026-03-31-1-12-AddFLACDocumentOpenSupport:turn-023,23,User,371,374,2026-04-01T09:18:14Z,,1,,1139.0,completion-to-user,False
transcript-2026-03-31-1-12-AddFLACDocumentOpenSupport,transcript-2026-03-31-1-12-AddFLACDocumentOpenSupport:turn-024,24,Assistant,375,397,2026-04-01T09:18:14Z,2026-04-01T09:19:34Z,20,80.0,,completion,False
transcript-2026-04-01-1-13-AddFLACFingerprintSupport,transcript-2026-04-01-1-13-AddFLACFingerprintSupport:turn-001,1,User,12,19,2026-04-01T19:32:58Z,,5,,,unavailable,False
transcript-2026-04-01-1-13-AddFLACFingerprintSupport,transcript-2026-04-01-1-13-AddFLACFingerprintSupport:turn-002,2,Assistant,20,45,2026-04-01T19:32:58Z,2026-04-01T19:35:12Z,23,134.0,,completion,False
transcript-2026-04-01-1-13-AddFLACFingerprintSupport,transcript-2026-04-01-1-13-AddFLACFingerprintSupport:turn-003,3,User,46,51,2026-04-01T19:50:34Z,,3,,922.0,completion-to-user,False
transcript-2026-04-01-1-13-AddFLACFingerprintSupport,transcript-2026-04-01-1-13-AddFLACFingerprintSupport:turn-004,4,Assistant,52,67,2026-04-01T19:50:34Z,2026-04-01T19:51:05Z,13,31.0,,completion,False
transcript-2026-04-01-1-13-AddFLACFingerprintSupport,transcript-2026-04-01-1-13-AddFLACFingerprintSupport:turn-005,5,User,68,71,2026-04-01T20:26:23Z,,1,,2118.0,completion-to-user,False
transcript-2026-04-01-1-13-AddFLACFingerprintSupport,transcript-2026-04-01-1-13-AddFLACFingerprintSupport:turn-006,6,Assistant,72,95,2026-04-01T20:26:23Z,2026-04-01T20:34:33Z,21,490.0,,completion,False
transcript-2026-04-02-1-14-AddCompilationTag,transcript-2026-04-02-1-14-AddCompilationTag:turn-001,1,User,12,21,2026-04-01T23:32:12Z,,7,,,unavailable,False
transcript-2026-04-02-1-14-AddCompilationTag,transcript-2026-04-02-1-14-AddCompilationTag:turn-002,2,Assistant,22,43,2026-04-01T23:32:12Z,2026-04-01T23:35:00Z,19,168.0,,completion,False
transcript-2026-04-02-1-14-AddCompilationTag,transcript-2026-04-02-1-14-AddCompilationTag:turn-003,3,User,44,52,2026-04-02T00:20:26Z,,6,,2726.0,completion-to-user,False
transcript-2026-04-02-1-14-AddCompilationTag,transcript-2026-04-02-1-14-AddCompilationTag:turn-004,4,Assistant,53,67,2026-04-02T00:20:26Z,2026-04-02T00:22:14Z,12,108.0,,completion,False
transcript-2026-04-02-1-14-AddCompilationTag,transcript-2026-04-02-1-14-AddCompilationTag:turn-005,5,User,68,71,2026-04-02T00:26:39Z,,1,,265.0,completion-to-user,False
transcript-2026-04-02-1-14-AddCompilationTag,transcript-2026-04-02-1-14-AddCompilationTag:turn-006,6,Assistant,72,81,2026-04-02T00:26:39Z,2026-04-02T00:27:00Z,7,21.0,,completion,False
transcript-2026-04-02-1-14-AddCompilationTag,transcript-2026-04-02-1-14-AddCompilationTag:turn-007,7,User,82,85,2026-04-02T00:32:28Z,,1,,328.0,completion-to-user,False
transcript-2026-04-02-1-14-AddCompilationTag,transcript-2026-04-02-1-14-AddCompilationTag:turn-008,8,Assistant,86,107,2026-04-02T00:32:28Z,2026-04-02T00:42:25Z,19,597.0,,completion,False
transcript-2026-04-02-1-14-AddCompilationTag,transcript-2026-04-02-1-14-AddCompilationTag:turn-009,9,User,108,111,2026-04-02T03:21:44Z,,1,,9559.0,completion-to-user,False
transcript-2026-04-02-1-14-AddCompilationTag,transcript-2026-04-02-1-14-AddCompilationTag:turn-010,10,Assistant,112,119,2026-04-02T03:21:44Z,2026-04-02T03:22:38Z,5,54.0,,completion,False
transcript-2026-04-02-1-14-AddCompilationTag,transcript-2026-04-02-1-14-AddCompilationTag:turn-011,11,User,120,123,2026-04-02T04:55:54Z,,1,,5596.0,completion-to-user,False
transcript-2026-04-02-1-14-AddCompilationTag,transcript-2026-04-02-1-14-AddCompilationTag:turn-012,12,Assistant,124,137,2026-04-02T04:55:54Z,2026-04-02T04:57:46Z,11,112.0,,completion,False
transcript-2026-04-02-1-15-AddSwiftTagDocumentCreation,transcript-2026-04-02-1-15-AddSwiftTagDocumentCreation:turn-001,1,User,12,36,2026-04-02T21:38:46Z,,22,,,unavailable,False
transcript-2026-04-02-1-15-AddSwiftTagDocumentCreation,transcript-2026-04-02-1-15-AddSwiftTagDocumentCreation:turn-002,2,Assistant,37,68,2026-04-02T21:38:46Z,2026-04-02T21:45:33Z,29,407.0,,completion,False
transcript-2026-04-02-1-15-AddSwiftTagDocumentCreation,transcript-2026-04-02-1-15-AddSwiftTagDocumentCreation:turn-003,3,User,69,81,2026-04-03T17:38:45Z,,10,,71592.0,completion-to-user,False
transcript-2026-04-02-1-15-AddSwiftTagDocumentCreation,transcript-2026-04-02-1-15-AddSwiftTagDocumentCreation:turn-004,4,Assistant,82,101,2026-04-03T17:38:45Z,2026-04-03T17:42:03Z,17,198.0,,completion,False
transcript-2026-04-02-1-15-AddSwiftTagDocumentCreation,transcript-2026-04-02-1-15-AddSwiftTagDocumentCreation:turn-005,5,User,102,118,2026-04-03T18:48:43Z,,14,,4000.0,completion-to-user,False
transcript-2026-04-02-1-15-AddSwiftTagDocumentCreation,transcript-2026-04-02-1-15-AddSwiftTagDocumentCreation:turn-006,6,Assistant,119,145,2026-04-03T18:48:43Z,2026-04-03T18:50:23Z,24,100.0,,completion,False
transcript-2026-04-02-1-15-AddSwiftTagDocumentCreation,transcript-2026-04-02-1-15-AddSwiftTagDocumentCreation:turn-007,7,User,146,153,2026-04-03T19:26:26Z,,5,,2163.0,completion-to-user,False
transcript-2026-04-02-1-15-AddSwiftTagDocumentCreation,transcript-2026-04-02-1-15-AddSwiftTagDocumentCreation:turn-008,8,Assistant,154,180,2026-04-03T19:26:26Z,2026-04-03T19:28:38Z,24,132.0,,completion,False
transcript-2026-04-02-1-15-AddSwiftTagDocumentCreation,transcript-2026-04-02-1-15-AddSwiftTagDocumentCreation:turn-009,9,User,181,186,2026-04-03T19:51:39Z,,3,,1381.0,completion-to-user,False
transcript-2026-04-02-1-15-AddSwiftTagDocumentCreation,transcript-2026-04-02-1-15-AddSwiftTagDocumentCreation:turn-010,10,Assistant,187,257,2026-04-03T19:51:39Z,2026-04-03T20:14:54Z,68,1395.0,,completion,False
transcript-2026-04-02-1-15-AddSwiftTagDocumentCreation,transcript-2026-04-02-1-15-AddSwiftTagDocumentCreation:turn-011,11,User,258,261,2026-04-03T22:27:45Z,,1,,7971.0,completion-to-user,False
transcript-2026-04-02-1-15-AddSwiftTagDocumentCreation,transcript-2026-04-02-1-15-AddSwiftTagDocumentCreation:turn-012,12,Assistant,262,285,2026-04-03T22:27:45Z,2026-04-03T22:28:13Z,21,28.0,,completion,False
transcript-2026-04-02-1-15-AddSwiftTagDocumentCreation,transcript-2026-04-02-1-15-AddSwiftTagDocumentCreation:turn-013,13,User,286,289,2026-04-03T22:40:43Z,,1,,750.0,completion-to-user,False
transcript-2026-04-02-1-15-AddSwiftTagDocumentCreation,transcript-2026-04-02-1-15-AddSwiftTagDocumentCreation:turn-014,14,Assistant,290,307,2026-04-03T22:40:43Z,2026-04-03T22:44:25Z,15,222.0,,completion,False
transcript-2026-04-02-1-15-AddSwiftTagDocumentCreation,transcript-2026-04-02-1-15-AddSwiftTagDocumentCreation:turn-015,15,User,308,311,2026-04-03T22:48:01Z,,1,,216.0,completion-to-user,False
transcript-2026-04-02-1-15-AddSwiftTagDocumentCreation,transcript-2026-04-02-1-15-AddSwiftTagDocumentCreation:turn-016,16,Assistant,312,361,2026-04-03T22:48:01Z,2026-04-03T22:53:12Z,47,311.0,,completion,False
transcript-2026-04-02-1-15-AddSwiftTagDocumentCreation,transcript-2026-04-02-1-15-AddSwiftTagDocumentCreation:turn-017,17,User,362,365,2026-04-03T23:01:38Z,,1,,506.0,completion-to-user,False
transcript-2026-04-02-1-15-AddSwiftTagDocumentCreation,transcript-2026-04-02-1-15-AddSwiftTagDocumentCreation:turn-018,18,Assistant,366,394,2026-04-03T23:01:38Z,2026-04-03T23:03:59Z,26,141.0,,completion,False
transcript-2026-04-02-1-15-AddSwiftTagDocumentCreation,transcript-2026-04-02-1-15-AddSwiftTagDocumentCreation:turn-019,19,User,395,398,2026-04-03T23:11:26Z,,1,,447.0,completion-to-user,False
transcript-2026-04-02-1-15-AddSwiftTagDocumentCreation,transcript-2026-04-02-1-15-AddSwiftTagDocumentCreation:turn-020,20,Assistant,399,418,2026-04-03T23:11:26Z,2026-04-03T23:14:54Z,17,208.0,,completion,False
transcript-2026-04-02-1-15-AddSwiftTagDocumentCreation,transcript-2026-04-02-1-15-AddSwiftTagDocumentCreation:turn-021,21,User,419,422,2026-04-03T23:18:40Z,,1,,226.0,completion-to-user,False
transcript-2026-04-02-1-15-AddSwiftTagDocumentCreation,transcript-2026-04-02-1-15-AddSwiftTagDocumentCreation:turn-022,22,Assistant,423,443,2026-04-03T23:18:40Z,2026-04-03T23:18:46Z,18,6.0,,completion,False
transcript-2026-04-04-1-16-AddSwiftTagDocumentRead,transcript-2026-04-04-1-16-AddSwiftTagDocumentRead:turn-001,1,User,12,21,2026-04-04T07:27:50Z,,7,,,unavailable,False
transcript-2026-04-04-1-16-AddSwiftTagDocumentRead,transcript-2026-04-04-1-16-AddSwiftTagDocumentRead:turn-002,2,Assistant,22,48,2026-04-04T07:27:50Z,2026-04-04T07:32:57Z,24,307.0,,completion,False
transcript-2026-04-04-1-16-AddSwiftTagDocumentRead,transcript-2026-04-04-1-16-AddSwiftTagDocumentRead:turn-003,3,User,49,54,2026-04-04T07:40:18Z,,3,,441.0,completion-to-user,False
transcript-2026-04-04-1-16-AddSwiftTagDocumentRead,transcript-2026-04-04-1-16-AddSwiftTagDocumentRead:turn-004,4,Assistant,55,64,2026-04-04T07:40:18Z,2026-04-04T07:40:49Z,7,31.0,,completion,False
transcript-2026-04-04-1-16-AddSwiftTagDocumentRead,transcript-2026-04-04-1-16-AddSwiftTagDocumentRead:turn-005,5,User,65,68,2026-04-04T07:50:26Z,,1,,577.0,completion-to-user,False
transcript-2026-04-04-1-16-AddSwiftTagDocumentRead,transcript-2026-04-04-1-16-AddSwiftTagDocumentRead:turn-006,6,Assistant,69,146,2026-04-04T07:50:26Z,2026-04-04T08:05:58Z,75,932.0,,completion,False
transcript-2026-04-04-1-16-AddSwiftTagDocumentRead,transcript-2026-04-04-1-16-AddSwiftTagDocumentRead:turn-007,7,User,147,150,2026-04-04T08:33:55Z,,1,,1677.0,completion-to-user,False
transcript-2026-04-04-1-16-AddSwiftTagDocumentRead,transcript-2026-04-04-1-16-AddSwiftTagDocumentRead:turn-008,8,Assistant,151,168,2026-04-04T08:33:55Z,2026-04-04T08:35:54Z,15,119.0,,completion,False
transcript-2026-04-04-1-17-SwiftTagDocumentReadLiveFileResolution,transcript-2026-04-04-1-17-SwiftTagDocumentReadLiveFileResolution:turn-001,1,User,12,15,2026-04-04T19:00:49Z,,1,,,unavailable,False
transcript-2026-04-04-1-17-SwiftTagDocumentReadLiveFileResolution,transcript-2026-04-04-1-17-SwiftTagDocumentReadLiveFileResolution:turn-002,2,Assistant,16,42,2026-04-04T19:00:49Z,2026-04-04T19:03:41Z,24,172.0,,completion,False
transcript-2026-04-04-1-17-SwiftTagDocumentReadLiveFileResolution,transcript-2026-04-04-1-17-SwiftTagDocumentReadLiveFileResolution:turn-003,3,User,43,46,2026-04-04T19:25:33Z,,1,,1312.0,completion-to-user,False
transcript-2026-04-04-1-17-SwiftTagDocumentReadLiveFileResolution,transcript-2026-04-04-1-17-SwiftTagDocumentReadLiveFileResolution:turn-004,4,Assistant,47,81,2026-04-04T19:25:33Z,2026-04-04T19:31:07Z,32,334.0,,completion,False
transcript-2026-04-04-1-17-SwiftTagDocumentReadLiveFileResolution,transcript-2026-04-04-1-17-SwiftTagDocumentReadLiveFileResolution:turn-005,5,User,82,85,2026-04-04T19:56:58Z,,1,,1551.0,completion-to-user,False
transcript-2026-04-04-1-17-SwiftTagDocumentReadLiveFileResolution,transcript-2026-04-04-1-17-SwiftTagDocumentReadLiveFileResolution:turn-006,6,Assistant,86,126,2026-04-04T19:56:58Z,2026-04-04T20:04:14Z,38,436.0,,completion,False
transcript-2026-04-04-1-17-SwiftTagDocumentReadLiveFileResolution,transcript-2026-04-04-1-17-SwiftTagDocumentReadLiveFileResolution:turn-007,7,User,127,130,2026-04-04T20:29:18Z,,1,,1504.0,completion-to-user,False
transcript-2026-04-04-1-17-SwiftTagDocumentReadLiveFileResolution,transcript-2026-04-04-1-17-SwiftTagDocumentReadLiveFileResolution:turn-008,8,Assistant,131,163,2026-04-04T20:29:18Z,2026-04-04T20:34:14Z,30,296.0,,completion,False
transcript-2026-04-04-1-17-SwiftTagDocumentReadLiveFileResolution,transcript-2026-04-04-1-17-SwiftTagDocumentReadLiveFileResolution:turn-009,9,User,164,167,2026-04-04T21:27:14Z,,1,,3180.0,completion-to-user,False
transcript-2026-04-04-1-17-SwiftTagDocumentReadLiveFileResolution,transcript-2026-04-04-1-17-SwiftTagDocumentReadLiveFileResolution:turn-010,10,Assistant,168,189,2026-04-04T21:27:14Z,2026-04-04T21:27:52Z,19,38.0,,completion,False
transcript-2026-04-04-1-17-SwiftTagDocumentReadLiveFileResolution,transcript-2026-04-04-1-17-SwiftTagDocumentReadLiveFileResolution:turn-011,11,User,190,193,2026-04-04T21:30:23Z,,1,,151.0,completion-to-user,False
transcript-2026-04-04-1-17-SwiftTagDocumentReadLiveFileResolution,transcript-2026-04-04-1-17-SwiftTagDocumentReadLiveFileResolution:turn-012,12,Assistant,194,219,2026-04-04T21:30:23Z,2026-04-04T21:32:31Z,23,128.0,,completion,False
transcript-2026-04-04-1-17-SwiftTagDocumentReadLiveFileResolution,transcript-2026-04-04-1-17-SwiftTagDocumentReadLiveFileResolution:turn-013,13,User,220,223,2026-04-04T21:48:24Z,,1,,953.0,completion-to-user,False
transcript-2026-04-04-1-17-SwiftTagDocumentReadLiveFileResolution,transcript-2026-04-04-1-17-SwiftTagDocumentReadLiveFileResolution:turn-014,14,Assistant,224,252,2026-04-04T21:48:24Z,2026-04-04T21:57:09Z,26,525.0,,completion,False
transcript-2026-04-04-1-17-SwiftTagDocumentReadLiveFileResolution,transcript-2026-04-04-1-17-SwiftTagDocumentReadLiveFileResolution:turn-015,15,User,253,256,2026-04-04T22:02:06Z,,1,,297.0,completion-to-user,False
transcript-2026-04-04-1-17-SwiftTagDocumentReadLiveFileResolution,transcript-2026-04-04-1-17-SwiftTagDocumentReadLiveFileResolution:turn-016,16,Assistant,257,277,2026-04-04T22:02:06Z,2026-04-04T22:05:24Z,18,198.0,,completion,False
transcript-2026-04-04-1-17-SwiftTagDocumentReadLiveFileResolution,transcript-2026-04-04-1-17-SwiftTagDocumentReadLiveFileResolution:turn-017,17,User,278,289,2026-04-04T22:38:26Z,,9,,1982.0,completion-to-user,False
transcript-2026-04-04-1-17-SwiftTagDocumentReadLiveFileResolution,transcript-2026-04-04-1-17-SwiftTagDocumentReadLiveFileResolution:turn-018,18,Assistant,290,309,2026-04-04T22:38:26Z,2026-04-04T22:43:48Z,17,322.0,,completion,False
transcript-2026-04-04-1-17-SwiftTagDocumentReadLiveFileResolution,transcript-2026-04-04-1-17-SwiftTagDocumentReadLiveFileResolution:turn-019,19,User,310,315,2026-04-04T23:26:14Z,,3,,2546.0,completion-to-user,False
transcript-2026-04-04-1-17-SwiftTagDocumentReadLiveFileResolution,transcript-2026-04-04-1-17-SwiftTagDocumentReadLiveFileResolution:turn-020,20,Assistant,316,335,2026-04-04T23:26:14Z,2026-04-04T23:28:18Z,17,124.0,,completion,False
transcript-2026-04-04-1-17-SwiftTagDocumentReadLiveFileResolution,transcript-2026-04-04-1-17-SwiftTagDocumentReadLiveFileResolution:turn-021,21,User,336,339,2026-04-04T23:32:56Z,,1,,278.0,completion-to-user,False
transcript-2026-04-04-1-17-SwiftTagDocumentReadLiveFileResolution,transcript-2026-04-04-1-17-SwiftTagDocumentReadLiveFileResolution:turn-022,22,Assistant,340,379,2026-04-04T23:32:56Z,2026-04-04T23:47:25Z,37,869.0,,completion,False
transcript-2026-04-05-1-SwiftTagDocumentReopenFix,transcript-2026-04-05-1-SwiftTagDocumentReopenFix:turn-001,1,User,12,15,2026-04-05T04:01:40Z,,1,,,unavailable,False
transcript-2026-04-05-1-SwiftTagDocumentReopenFix,transcript-2026-04-05-1-SwiftTagDocumentReopenFix:turn-002,2,Assistant,16,37,2026-04-05T04:01:40Z,2026-04-05T04:05:35Z,19,235.0,,completion,False
transcript-2026-04-05-1-SwiftTagDocumentReopenFix,transcript-2026-04-05-1-SwiftTagDocumentReopenFix:turn-003,3,User,38,47,2026-04-05T04:19:33Z,,7,,838.0,completion-to-user,False
transcript-2026-04-05-1-SwiftTagDocumentReopenFix,transcript-2026-04-05-1-SwiftTagDocumentReopenFix:turn-004,4,Assistant,48,67,2026-04-05T04:19:33Z,2026-04-05T04:24:24Z,17,291.0,,completion,False
transcript-2026-04-05-1-SwiftTagDocumentReopenFix,transcript-2026-04-05-1-SwiftTagDocumentReopenFix:turn-005,5,User,68,71,2026-04-05T04:29:57Z,,1,,333.0,completion-to-user,False
transcript-2026-04-05-1-SwiftTagDocumentReopenFix,transcript-2026-04-05-1-SwiftTagDocumentReopenFix:turn-006,6,Assistant,72,133,2026-04-05T04:29:57Z,2026-04-05T05:00:40Z,59,1843.0,,completion,False
transcript-2026-04-05-1-SwiftTagDocumentReopenFix,transcript-2026-04-05-1-SwiftTagDocumentReopenFix:turn-007,7,User,134,139,2026-04-05T05:00:40Z,,3,,0.0,completion-to-user,True
transcript-2026-04-05-1-SwiftTagDocumentReopenFix,transcript-2026-04-05-1-SwiftTagDocumentReopenFix:turn-008,8,Assistant,140,174,2026-04-05T05:00:40Z,2026-04-05T05:04:21Z,32,221.0,,completion,False
transcript-2026-04-05-1-SwiftTagDocumentReopenFix,transcript-2026-04-05-1-SwiftTagDocumentReopenFix:turn-009,9,User,175,180,2026-04-05T05:04:21Z,,3,,0.0,completion-to-user,True
transcript-2026-04-05-1-SwiftTagDocumentReopenFix,transcript-2026-04-05-1-SwiftTagDocumentReopenFix:turn-010,10,Assistant,181,236,2026-04-05T05:04:21Z,2026-04-05T05:13:14Z,53,533.0,,completion,False
transcript-2026-04-05-1-SwiftTagDocumentReopenFix,transcript-2026-04-05-1-SwiftTagDocumentReopenFix:turn-011,11,User,237,242,2026-04-05T05:13:14Z,,3,,0.0,completion-to-user,True
transcript-2026-04-05-1-SwiftTagDocumentReopenFix,transcript-2026-04-05-1-SwiftTagDocumentReopenFix:turn-012,12,Assistant,243,353,2026-04-05T05:13:14Z,2026-04-05T05:38:45Z,108,1531.0,,completion,False
transcript-2026-04-05-2-AddFlacStatusUpdateFix,transcript-2026-04-05-2-AddFlacStatusUpdateFix:turn-001,1,User,12,24,2026-04-05T17:23:14Z,,10,,,unavailable,False
transcript-2026-04-05-2-AddFlacStatusUpdateFix,transcript-2026-04-05-2-AddFlacStatusUpdateFix:turn-002,2,Assistant,25,53,2026-04-05T17:23:14Z,2026-04-05T17:34:50Z,26,696.0,,completion,False
transcript-2026-04-05-2-AddFlacStatusUpdateFix,transcript-2026-04-05-2-AddFlacStatusUpdateFix:turn-003,3,User,54,59,2026-04-05T17:34:50Z,,3,,0.0,completion-to-user,False
transcript-2026-04-05-2-AddFlacStatusUpdateFix,transcript-2026-04-05-2-AddFlacStatusUpdateFix:turn-004,4,Assistant,60,65,2026-04-05T17:34:50Z,2026-04-05T17:38:30Z,3,220.0,,completion,False
transcript-2026-04-05-2-AddFlacStatusUpdateFix,transcript-2026-04-05-2-AddFlacStatusUpdateFix:turn-005,5,User,66,71,2026-04-05T17:38:30Z,,3,,0.0,completion-to-user,False
transcript-2026-04-05-2-AddFlacStatusUpdateFix,transcript-2026-04-05-2-AddFlacStatusUpdateFix:turn-006,6,Assistant,72,83,2026-04-05T17:38:30Z,2026-04-05T17:43:49Z,9,319.0,,completion,False
transcript-2026-04-05-2-AddFlacStatusUpdateFix,transcript-2026-04-05-2-AddFlacStatusUpdateFix:turn-007,7,User,84,89,2026-04-05T17:43:49Z,,3,,0.0,completion-to-user,False
transcript-2026-04-05-2-AddFlacStatusUpdateFix,transcript-2026-04-05-2-AddFlacStatusUpdateFix:turn-008,8,Assistant,90,95,2026-04-05T17:43:49Z,2026-04-05T17:44:11Z,3,22.0,,completion,False
transcript-2026-04-05-2-AddFlacStatusUpdateFix,transcript-2026-04-05-2-AddFlacStatusUpdateFix:turn-009,9,User,96,101,2026-04-05T17:44:41Z,,3,,30.0,completion-to-user,False
transcript-2026-04-05-2-AddFlacStatusUpdateFix,transcript-2026-04-05-2-AddFlacStatusUpdateFix:turn-010,10,Assistant,102,125,2026-04-05T17:44:41Z,2026-04-05T17:53:41Z,21,540.0,,completion,False
transcript-2026-04-05-2-AddFlacStatusUpdateFix,transcript-2026-04-05-2-AddFlacStatusUpdateFix:turn-011,11,User,126,129,2026-04-05T18:32:42Z,,1,,2341.0,completion-to-user,False
transcript-2026-04-05-2-AddFlacStatusUpdateFix,transcript-2026-04-05-2-AddFlacStatusUpdateFix:turn-012,12,Assistant,130,151,2026-04-05T18:32:42Z,2026-04-05T18:34:44Z,19,122.0,,completion,False
transcript-2026-04-05-2-AddFlacStatusUpdateFix,transcript-2026-04-05-2-AddFlacStatusUpdateFix:turn-013,13,User,152,155,2026-04-05T18:43:28Z,,1,,524.0,completion-to-user,False
transcript-2026-04-05-2-AddFlacStatusUpdateFix,transcript-2026-04-05-2-AddFlacStatusUpdateFix:turn-014,14,Assistant,156,170,2026-04-05T18:43:28Z,2026-04-05T18:43:51Z,12,23.0,,completion,False
transcript-2026-04-05-2-AddFlacStatusUpdateFix,transcript-2026-04-05-2-AddFlacStatusUpdateFix:turn-015,15,User,171,174,2026-04-05T19:03:21Z,,1,,1170.0,completion-to-user,False
transcript-2026-04-05-2-AddFlacStatusUpdateFix,transcript-2026-04-05-2-AddFlacStatusUpdateFix:turn-016,16,Assistant,175,208,2026-04-05T19:03:21Z,2026-04-05T19:07:20Z,31,239.0,,completion,False
transcript-2026-04-06-1-18-UpdateWindowTitleText,transcript-2026-04-06-1-18-UpdateWindowTitleText:turn-001,1,User,12,24,2026-04-06T05:04:19Z,,10,,,unavailable,False
transcript-2026-04-06-1-18-UpdateWindowTitleText,transcript-2026-04-06-1-18-UpdateWindowTitleText:turn-002,2,Assistant,25,49,2026-04-06T05:04:19Z,2026-04-06T05:10:20Z,22,361.0,,completion,False
transcript-2026-04-06-1-18-UpdateWindowTitleText,transcript-2026-04-06-1-18-UpdateWindowTitleText:turn-003,3,User,50,57,2026-04-06T06:13:59Z,,5,,3819.0,completion-to-user,False
transcript-2026-04-06-1-18-UpdateWindowTitleText,transcript-2026-04-06-1-18-UpdateWindowTitleText:turn-004,4,Assistant,58,76,2026-04-06T06:13:59Z,2026-04-06T06:15:56Z,16,117.0,,completion,False
transcript-2026-04-06-1-18-UpdateWindowTitleText,transcript-2026-04-06-1-18-UpdateWindowTitleText:turn-005,5,User,77,89,2026-04-06T17:45:11Z,,10,,41355.0,completion-to-user,False
transcript-2026-04-06-1-18-UpdateWindowTitleText,transcript-2026-04-06-1-18-UpdateWindowTitleText:turn-006,6,Assistant,90,108,2026-04-06T17:45:11Z,2026-04-06T17:46:04Z,16,53.0,,completion,False
transcript-2026-04-06-1-18-UpdateWindowTitleText,transcript-2026-04-06-1-18-UpdateWindowTitleText:turn-007,7,User,109,118,2026-04-06T17:57:30Z,,7,,686.0,completion-to-user,False
transcript-2026-04-06-1-18-UpdateWindowTitleText,transcript-2026-04-06-1-18-UpdateWindowTitleText:turn-008,8,Assistant,119,128,2026-04-06T17:57:30Z,2026-04-06T17:57:49Z,7,19.0,,completion,False
transcript-2026-04-06-1-18-UpdateWindowTitleText,transcript-2026-04-06-1-18-UpdateWindowTitleText:turn-009,9,User,129,132,2026-04-06T18:07:05Z,,1,,556.0,completion-to-user,False
transcript-2026-04-06-1-18-UpdateWindowTitleText,transcript-2026-04-06-1-18-UpdateWindowTitleText:turn-010,10,Assistant,133,168,2026-04-06T18:07:05Z,2026-04-06T18:20:27Z,33,802.0,,completion,False
transcript-2026-04-06-1-18-UpdateWindowTitleText,transcript-2026-04-06-1-18-UpdateWindowTitleText:turn-011,11,User,169,172,2026-04-06T18:59:51Z,,1,,2364.0,completion-to-user,False
transcript-2026-04-06-1-18-UpdateWindowTitleText,transcript-2026-04-06-1-18-UpdateWindowTitleText:turn-012,12,Assistant,173,188,2026-04-06T18:59:51Z,2026-04-06T19:01:14Z,13,83.0,,completion,False
transcript-2026-04-06-1-18-UpdateWindowTitleText,transcript-2026-04-06-1-18-UpdateWindowTitleText:turn-013,13,User,189,217,2026-04-06T19:23:41Z,,26,,1347.0,completion-to-user,False
transcript-2026-04-06-1-18-UpdateWindowTitleText,transcript-2026-04-06-1-18-UpdateWindowTitleText:turn-014,14,Assistant,218,240,2026-04-06T19:23:41Z,2026-04-06T19:43:38Z,20,1197.0,,completion,False
transcript-2026-04-06-1-18-UpdateWindowTitleText,transcript-2026-04-06-1-18-UpdateWindowTitleText:turn-015,15,User,241,246,2026-04-06T19:43:38Z,,3,,0.0,completion-to-user,True
transcript-2026-04-06-1-18-UpdateWindowTitleText,transcript-2026-04-06-1-18-UpdateWindowTitleText:turn-016,16,Assistant,247,260,2026-04-06T19:43:38Z,2026-04-06T20:02:08Z,11,1110.0,,completion,False
transcript-2026-04-06-1-18-UpdateWindowTitleText,transcript-2026-04-06-1-18-UpdateWindowTitleText:turn-017,17,User,261,266,2026-04-06T20:02:08Z,,3,,0.0,completion-to-user,True
transcript-2026-04-06-1-18-UpdateWindowTitleText,transcript-2026-04-06-1-18-UpdateWindowTitleText:turn-018,18,Assistant,267,278,2026-04-06T20:02:08Z,2026-04-06T20:14:54Z,9,766.0,,completion,False
transcript-2026-04-06-1-18-UpdateWindowTitleText,transcript-2026-04-06-1-18-UpdateWindowTitleText:turn-019,19,User,279,284,2026-04-06T20:14:54Z,,3,,0.0,completion-to-user,True
transcript-2026-04-06-1-18-UpdateWindowTitleText,transcript-2026-04-06-1-18-UpdateWindowTitleText:turn-020,20,Assistant,285,290,2026-04-06T20:14:54Z,2026-04-06T20:32:43Z,3,1069.0,,completion,False
transcript-2026-04-06-1-18-UpdateWindowTitleText,transcript-2026-04-06-1-18-UpdateWindowTitleText:turn-021,21,User,291,296,2026-04-06T20:32:43Z,,3,,0.0,completion-to-user,True
transcript-2026-04-06-1-18-UpdateWindowTitleText,transcript-2026-04-06-1-18-UpdateWindowTitleText:turn-022,22,Assistant,297,320,2026-04-06T20:32:43Z,2026-04-06T20:37:42Z,21,299.0,,completion,False
transcript-2026-04-06-1-18-UpdateWindowTitleText,transcript-2026-04-06-1-18-UpdateWindowTitleText:turn-023,23,User,321,326,2026-04-06T21:30:15Z,,3,,3153.0,completion-to-user,False
transcript-2026-04-06-1-18-UpdateWindowTitleText,transcript-2026-04-06-1-18-UpdateWindowTitleText:turn-024,24,Assistant,327,371,2026-04-06T21:30:15Z,2026-04-06T21:47:08Z,42,1013.0,,completion,False
transcript-2026-04-06-2-ReuseEmptyEditorIssue,transcript-2026-04-06-2-ReuseEmptyEditorIssue:turn-001,1,User,12,23,2026-04-06T23:34:36Z,,9,,,unavailable,False
transcript-2026-04-06-2-ReuseEmptyEditorIssue,transcript-2026-04-06-2-ReuseEmptyEditorIssue:turn-002,2,Assistant,24,58,2026-04-06T23:34:36Z,2026-04-06T23:40:11Z,32,335.0,,completion,False
transcript-2026-04-06-2-ReuseEmptyEditorIssue,transcript-2026-04-06-2-ReuseEmptyEditorIssue:turn-003,3,User,59,62,2026-04-06T23:57:01Z,,1,,1010.0,completion-to-user,False
transcript-2026-04-06-2-ReuseEmptyEditorIssue,transcript-2026-04-06-2-ReuseEmptyEditorIssue:turn-004,4,Assistant,63,88,2026-04-06T23:57:01Z,2026-04-06T23:59:30Z,23,149.0,,completion,False
transcript-2026-04-06-2-ReuseEmptyEditorIssue,transcript-2026-04-06-2-ReuseEmptyEditorIssue:turn-005,5,User,89,92,2026-04-07T00:13:16Z,,1,,826.0,completion-to-user,False
transcript-2026-04-06-2-ReuseEmptyEditorIssue,transcript-2026-04-06-2-ReuseEmptyEditorIssue:turn-006,6,Assistant,93,104,2026-04-07T00:13:16Z,2026-04-07T00:17:01Z,9,225.0,,completion,False
transcript-2026-04-06-2-ReuseEmptyEditorIssue,transcript-2026-04-06-2-ReuseEmptyEditorIssue:turn-007,7,User,105,110,2026-04-07T00:17:01Z,,3,,0.0,completion-to-user,True
transcript-2026-04-06-2-ReuseEmptyEditorIssue,transcript-2026-04-06-2-ReuseEmptyEditorIssue:turn-008,8,Assistant,111,177,2026-04-07T00:17:01Z,2026-04-07T00:46:24Z,64,1763.0,,completion,False
transcript-2026-04-06-2-ReuseEmptyEditorIssue,transcript-2026-04-06-2-ReuseEmptyEditorIssue:turn-009,9,User,178,181,2026-04-07T00:55:54Z,,1,,570.0,completion-to-user,False
transcript-2026-04-06-2-ReuseEmptyEditorIssue,transcript-2026-04-06-2-ReuseEmptyEditorIssue:turn-010,10,Assistant,182,214,2026-04-07T00:55:54Z,2026-04-07T00:59:50Z,30,236.0,,completion,False
transcript-2026-04-06-2-ReuseEmptyEditorIssue,transcript-2026-04-06-2-ReuseEmptyEditorIssue:turn-011,11,User,215,218,2026-04-07T01:19:06Z,,1,,1156.0,completion-to-user,False
transcript-2026-04-06-3-ReuseEmptyEditorIssue,transcript-2026-04-06-3-ReuseEmptyEditorIssue:turn-001,1,User,12,15,2026-04-07T02:48:44Z,,1,,,unavailable,False
transcript-2026-04-06-3-ReuseEmptyEditorIssue,transcript-2026-04-06-3-ReuseEmptyEditorIssue:turn-002,2,Assistant,16,49,2026-04-07T02:48:44Z,2026-04-07T02:52:20Z,31,216.0,,completion,False
transcript-2026-04-06-3-ReuseEmptyEditorIssue,transcript-2026-04-06-3-ReuseEmptyEditorIssue:turn-003,3,User,50,53,2026-04-07T03:09:25Z,,1,,1025.0,completion-to-user,False
transcript-2026-04-06-3-ReuseEmptyEditorIssue,transcript-2026-04-06-3-ReuseEmptyEditorIssue:turn-004,4,Assistant,54,71,2026-04-07T03:09:25Z,2026-04-07T03:11:27Z,15,122.0,,completion,False
transcript-2026-04-06-4-TestBugFixes,transcript-2026-04-06-4-TestBugFixes:turn-001,1,User,12,15,2026-04-07T03:45:35Z,,1,,,unavailable,False
transcript-2026-04-06-4-TestBugFixes,transcript-2026-04-06-4-TestBugFixes:turn-002,2,Assistant,16,37,2026-04-07T03:45:35Z,2026-04-07T03:46:55Z,19,80.0,,completion,False
transcript-2026-04-06-4-TestBugFixes,transcript-2026-04-06-4-TestBugFixes:turn-003,3,User,38,41,2026-04-07T03:59:44Z,,1,,769.0,completion-to-user,False
transcript-2026-04-06-4-TestBugFixes,transcript-2026-04-06-4-TestBugFixes:turn-004,4,Assistant,42,81,2026-04-07T03:59:44Z,2026-04-07T04:05:11Z,37,327.0,,completion,False
transcript-2026-04-06-4-TestBugFixes,transcript-2026-04-06-4-TestBugFixes:turn-005,5,User,82,85,2026-04-07T04:09:16Z,,1,,245.0,completion-to-user,False
transcript-2026-04-06-4-TestBugFixes,transcript-2026-04-06-4-TestBugFixes:turn-006,6,Assistant,86,106,2026-04-07T04:09:16Z,2026-04-07T04:10:44Z,18,88.0,,completion,False
transcript-2026-04-06-4-TestBugFixes,transcript-2026-04-06-4-TestBugFixes:turn-007,7,User,107,110,2026-04-07T04:13:19Z,,1,,155.0,completion-to-user,False
transcript-2026-04-06-4-TestBugFixes,transcript-2026-04-06-4-TestBugFixes:turn-008,8,Assistant,111,128,2026-04-07T04:13:19Z,2026-04-07T04:14:48Z,15,89.0,,completion,False
transcript-2026-04-06-4-TestBugFixes,transcript-2026-04-06-4-TestBugFixes:turn-009,9,User,129,132,2026-04-07T04:20:11Z,,1,,323.0,completion-to-user,False
transcript-2026-04-06-4-TestBugFixes,transcript-2026-04-06-4-TestBugFixes:turn-010,10,Assistant,133,148,2026-04-07T04:20:11Z,2026-04-07T04:21:50Z,13,99.0,,completion,False
transcript-2026-04-07-1-TrackFileMonitoringFix,transcript-2026-04-07-1-TrackFileMonitoringFix:turn-001,1,User,12,15,2026-04-07T04:38:39Z,,1,,,unavailable,False
transcript-2026-04-07-1-TrackFileMonitoringFix,transcript-2026-04-07-1-TrackFileMonitoringFix:turn-002,2,Assistant,16,51,2026-04-07T04:38:39Z,2026-04-07T04:46:39Z,33,480.0,,completion,False
transcript-2026-04-07-1-TrackFileMonitoringFix,transcript-2026-04-07-1-TrackFileMonitoringFix:turn-003,3,User,52,57,2026-04-07T05:09:47Z,,3,,1388.0,completion-to-user,False
transcript-2026-04-07-1-TrackFileMonitoringFix,transcript-2026-04-07-1-TrackFileMonitoringFix:turn-004,4,Assistant,58,121,2026-04-07T05:09:47Z,2026-04-07T05:59:26Z,61,2979.0,,completion,False
transcript-2026-04-07-1-TrackFileMonitoringFix,transcript-2026-04-07-1-TrackFileMonitoringFix:turn-005,5,User,122,127,2026-04-07T05:59:26Z,,3,,0.0,completion-to-user,True
transcript-2026-04-07-1-TrackFileMonitoringFix,transcript-2026-04-07-1-TrackFileMonitoringFix:turn-006,6,Assistant,128,167,2026-04-07T05:59:26Z,2026-04-07T06:17:57Z,37,1111.0,,completion,False
transcript-2026-04-07-1-TrackFileMonitoringFix,transcript-2026-04-07-1-TrackFileMonitoringFix:turn-007,7,User,168,171,2026-04-07T06:38:55Z,,1,,1258.0,completion-to-user,False
transcript-2026-04-07-1-TrackFileMonitoringFix,transcript-2026-04-07-1-TrackFileMonitoringFix:turn-008,8,Assistant,172,189,2026-04-07T06:38:55Z,2026-04-07T06:41:01Z,15,126.0,,completion,False
transcript-2026-04-07-1-TrackFileMonitoringFix,transcript-2026-04-07-1-TrackFileMonitoringFix:turn-009,9,User,190,193,2026-04-07T06:53:02Z,,1,,721.0,completion-to-user,False
transcript-2026-04-07-1-TrackFileMonitoringFix,transcript-2026-04-07-1-TrackFileMonitoringFix:turn-010,10,Assistant,194,220,2026-04-07T06:53:02Z,2026-04-07T07:03:52Z,24,650.0,,completion,False
transcript-2026-04-07-1-TrackFileMonitoringFix,transcript-2026-04-07-1-TrackFileMonitoringFix:turn-011,11,User,221,224,2026-04-07T07:13:51Z,,1,,599.0,completion-to-user,False
transcript-2026-04-07-1-TrackFileMonitoringFix,transcript-2026-04-07-1-TrackFileMonitoringFix:turn-012,12,Assistant,225,269,2026-04-07T07:13:51Z,2026-04-07T07:36:25Z,42,1354.0,,completion,False
transcript-2026-04-07-2-DocumentPictureDiffFix,transcript-2026-04-07-2-DocumentPictureDiffFix:turn-001,1,User,12,21,2026-04-07T08:29:42Z,,7,,,unavailable,False
transcript-2026-04-07-2-DocumentPictureDiffFix,transcript-2026-04-07-2-DocumentPictureDiffFix:turn-002,2,Assistant,22,56,2026-04-07T08:29:42Z,2026-04-07T08:55:09Z,32,1527.0,,completion,False
transcript-2026-04-07-2-DocumentPictureDiffFix,transcript-2026-04-07-2-DocumentPictureDiffFix:turn-003,3,User,57,62,2026-04-07T08:55:09Z,,3,,0.0,completion-to-user,True
transcript-2026-04-07-2-DocumentPictureDiffFix,transcript-2026-04-07-2-DocumentPictureDiffFix:turn-004,4,Assistant,63,78,2026-04-07T08:55:09Z,2026-04-07T08:57:41Z,13,152.0,,completion,False
transcript-2026-04-07-2-DocumentPictureDiffFix,transcript-2026-04-07-2-DocumentPictureDiffFix:turn-005,5,User,79,84,2026-04-07T08:57:41Z,,3,,0.0,completion-to-user,True
transcript-2026-04-07-2-DocumentPictureDiffFix,transcript-2026-04-07-2-DocumentPictureDiffFix:turn-006,6,Assistant,85,100,2026-04-07T08:57:41Z,2026-04-07T09:07:43Z,13,602.0,,completion,False
transcript-2026-04-07-2-DocumentPictureDiffFix,transcript-2026-04-07-2-DocumentPictureDiffFix:turn-007,7,User,101,106,2026-04-07T09:07:43Z,,3,,0.0,completion-to-user,True
transcript-2026-04-07-2-DocumentPictureDiffFix,transcript-2026-04-07-2-DocumentPictureDiffFix:turn-008,8,Assistant,107,122,2026-04-07T09:07:43Z,2026-04-07T09:10:15Z,13,152.0,,completion,False
transcript-2026-04-07-3-19-AddSwiftTagDocumentSaveOptions,transcript-2026-04-07-3-19-AddSwiftTagDocumentSaveOptions:turn-001,1,User,12,18,2026-04-07T20:20:41Z,,4,,,unavailable,False
transcript-2026-04-07-3-19-AddSwiftTagDocumentSaveOptions,transcript-2026-04-07-3-19-AddSwiftTagDocumentSaveOptions:turn-002,2,Assistant,19,53,2026-04-07T20:20:41Z,2026-04-07T20:21:29Z,32,48.0,,completion,False
transcript-2026-04-07-3-19-AddSwiftTagDocumentSaveOptions,transcript-2026-04-07-3-19-AddSwiftTagDocumentSaveOptions:turn-003,3,User,54,70,2026-04-07T22:53:25Z,,14,,9116.0,completion-to-user,False
transcript-2026-04-07-3-19-AddSwiftTagDocumentSaveOptions,transcript-2026-04-07-3-19-AddSwiftTagDocumentSaveOptions:turn-004,4,Assistant,71,126,2026-04-07T22:53:25Z,2026-04-07T23:00:13Z,53,408.0,,completion,False
transcript-2026-04-07-3-19-AddSwiftTagDocumentSaveOptions,transcript-2026-04-07-3-19-AddSwiftTagDocumentSaveOptions:turn-005,5,User,127,130,2026-04-08T00:24:47Z,,1,,5074.0,completion-to-user,False
transcript-2026-04-07-3-19-AddSwiftTagDocumentSaveOptions,transcript-2026-04-07-3-19-AddSwiftTagDocumentSaveOptions:turn-006,6,Assistant,131,206,2026-04-08T00:24:47Z,2026-04-08T00:44:25Z,73,1178.0,,completion,False
transcript-2026-04-07-3-19-AddSwiftTagDocumentSaveOptions,transcript-2026-04-07-3-19-AddSwiftTagDocumentSaveOptions:turn-007,7,User,207,212,2026-04-08T00:44:25Z,,3,,0.0,completion-to-user,True
transcript-2026-04-07-3-19-AddSwiftTagDocumentSaveOptions,transcript-2026-04-07-3-19-AddSwiftTagDocumentSaveOptions:turn-008,8,Assistant,213,240,2026-04-08T00:44:25Z,2026-04-08T01:07:37Z,25,1392.0,,completion,False
transcript-2026-04-07-3-19-AddSwiftTagDocumentSaveOptions,transcript-2026-04-07-3-19-AddSwiftTagDocumentSaveOptions:turn-009,9,User,241,249,2026-04-08T01:07:37Z,,6,,0.0,completion-to-user,True
transcript-2026-04-07-3-19-AddSwiftTagDocumentSaveOptions,transcript-2026-04-07-3-19-AddSwiftTagDocumentSaveOptions:turn-010,10,Assistant,250,273,2026-04-08T01:07:37Z,2026-04-08T01:23:41Z,21,964.0,,completion,False
transcript-2026-04-07-3-19-AddSwiftTagDocumentSaveOptions,transcript-2026-04-07-3-19-AddSwiftTagDocumentSaveOptions:turn-011,11,User,274,280,2026-04-08T01:23:41Z,,4,,0.0,completion-to-user,True
transcript-2026-04-07-3-19-AddSwiftTagDocumentSaveOptions,transcript-2026-04-07-3-19-AddSwiftTagDocumentSaveOptions:turn-012,12,Assistant,281,317,2026-04-08T01:23:41Z,2026-04-08T01:34:22Z,34,641.0,,completion,False
transcript-2026-04-08-1-20-AddSwiftTagDocumentSaveOptions,transcript-2026-04-08-1-20-AddSwiftTagDocumentSaveOptions:turn-001,1,User,12,24,2026-04-08T22:36:53Z,,10,,,unavailable,False
transcript-2026-04-08-1-20-AddSwiftTagDocumentSaveOptions,transcript-2026-04-08-1-20-AddSwiftTagDocumentSaveOptions:turn-002,2,Assistant,25,53,2026-04-08T22:36:53Z,2026-04-08T22:39:47Z,26,174.0,,completion,False
transcript-2026-04-08-1-20-AddSwiftTagDocumentSaveOptions,transcript-2026-04-08-1-20-AddSwiftTagDocumentSaveOptions:turn-003,3,User,54,60,2026-04-09T00:02:47Z,,4,,4980.0,completion-to-user,False
transcript-2026-04-08-1-20-AddSwiftTagDocumentSaveOptions,transcript-2026-04-08-1-20-AddSwiftTagDocumentSaveOptions:turn-004,4,Assistant,61,74,2026-04-09T00:02:47Z,2026-04-09T00:03:57Z,11,70.0,,completion,False
transcript-2026-04-08-1-20-AddSwiftTagDocumentSaveOptions,transcript-2026-04-08-1-20-AddSwiftTagDocumentSaveOptions:turn-005,5,User,75,78,2026-04-09T00:09:38Z,,1,,341.0,completion-to-user,False
transcript-2026-04-08-1-20-AddSwiftTagDocumentSaveOptions,transcript-2026-04-08-1-20-AddSwiftTagDocumentSaveOptions:turn-006,6,Assistant,79,119,2026-04-09T00:09:38Z,2026-04-09T00:22:38Z,38,780.0,,completion,False
transcript-2026-04-08-1-20-AddSwiftTagDocumentSaveOptions,transcript-2026-04-08-1-20-AddSwiftTagDocumentSaveOptions:turn-007,7,User,120,123,2026-04-09T01:02:13Z,,1,,2375.0,completion-to-user,False
transcript-2026-04-08-1-20-AddSwiftTagDocumentSaveOptions,transcript-2026-04-08-1-20-AddSwiftTagDocumentSaveOptions:turn-008,8,Assistant,124,145,2026-04-09T01:02:13Z,2026-04-09T01:05:57Z,19,224.0,,completion,False
transcript-2026-04-09-1-ExternalDifferenceDetectionFix,transcript-2026-04-09-1-ExternalDifferenceDetectionFix:turn-001,1,User,12,26,2026-04-09T06:06:50Z,,12,,,unavailable,False
transcript-2026-04-09-1-ExternalDifferenceDetectionFix,transcript-2026-04-09-1-ExternalDifferenceDetectionFix:turn-002,2,Assistant,27,97,2026-04-09T06:06:50Z,2026-04-09T06:34:15Z,68,1645.0,,completion,False
transcript-2026-04-09-1-ExternalDifferenceDetectionFix,transcript-2026-04-09-1-ExternalDifferenceDetectionFix:turn-003,3,User,98,106,2026-04-09T06:34:15Z,,6,,0.0,completion-to-user,True
transcript-2026-04-09-1-ExternalDifferenceDetectionFix,transcript-2026-04-09-1-ExternalDifferenceDetectionFix:turn-004,4,Assistant,107,143,2026-04-09T06:34:15Z,2026-04-09T06:41:21Z,34,426.0,,completion,False
transcript-2026-04-09-1-ExternalDifferenceDetectionFix,transcript-2026-04-09-1-ExternalDifferenceDetectionFix:turn-005,5,User,144,147,2026-04-09T06:58:08Z,,1,,1007.0,completion-to-user,False
transcript-2026-04-09-1-ExternalDifferenceDetectionFix,transcript-2026-04-09-1-ExternalDifferenceDetectionFix:turn-006,6,Assistant,148,203,2026-04-09T06:58:08Z,2026-04-09T07:10:42Z,53,754.0,,completion,False
transcript-2026-04-09-2-21-AddSwiftTagDocumentBookmark,transcript-2026-04-09-2-21-AddSwiftTagDocumentBookmark:turn-001,1,User,12,15,2026-04-09T19:10:10Z,,1,,,unavailable,False
transcript-2026-04-09-2-21-AddSwiftTagDocumentBookmark,transcript-2026-04-09-2-21-AddSwiftTagDocumentBookmark:turn-002,2,Assistant,16,47,2026-04-09T19:10:10Z,2026-04-09T19:13:13Z,29,183.0,,completion,False
transcript-2026-04-09-2-21-AddSwiftTagDocumentBookmark,transcript-2026-04-09-2-21-AddSwiftTagDocumentBookmark:turn-003,3,User,48,57,2026-04-09T22:57:30Z,,7,,13457.0,completion-to-user,False
transcript-2026-04-09-2-21-AddSwiftTagDocumentBookmark,transcript-2026-04-09-2-21-AddSwiftTagDocumentBookmark:turn-004,4,Assistant,58,98,2026-04-09T22:57:30Z,2026-04-09T23:04:13Z,38,403.0,,completion,False
transcript-2026-04-09-2-21-AddSwiftTagDocumentBookmark,transcript-2026-04-09-2-21-AddSwiftTagDocumentBookmark:turn-005,5,User,99,102,2026-04-09T23:34:03Z,,1,,1790.0,completion-to-user,False
transcript-2026-04-09-2-21-AddSwiftTagDocumentBookmark,transcript-2026-04-09-2-21-AddSwiftTagDocumentBookmark:turn-006,6,Assistant,103,152,2026-04-09T23:34:03Z,2026-04-09T23:51:56Z,47,1073.0,,completion,False
transcript-2026-04-09-2-21-AddSwiftTagDocumentBookmark,transcript-2026-04-09-2-21-AddSwiftTagDocumentBookmark:turn-007,7,User,153,158,2026-04-10T00:19:09Z,,3,,1633.0,completion-to-user,False
transcript-2026-04-09-2-21-AddSwiftTagDocumentBookmark,transcript-2026-04-09-2-21-AddSwiftTagDocumentBookmark:turn-008,8,Assistant,159,192,2026-04-10T00:19:09Z,2026-04-10T00:32:18Z,31,789.0,,completion,False
transcript-2026-04-10-1-LaunchOpenFlacOrDocFix,transcript-2026-04-10-1-LaunchOpenFlacOrDocFix:turn-001,1,User,12,15,2026-04-10T04:51:15Z,,1,,,unavailable,False
transcript-2026-04-10-1-LaunchOpenFlacOrDocFix,transcript-2026-04-10-1-LaunchOpenFlacOrDocFix:turn-002,2,Assistant,16,55,2026-04-10T04:51:15Z,2026-04-10T05:10:01Z,37,1126.0,,completion,False
transcript-2026-04-10-2-22-AddSwiftTagDocumentSaveOptions,transcript-2026-04-10-2-22-AddSwiftTagDocumentSaveOptions:turn-001,1,User,12,21,2026-04-10T06:05:42Z,,7,,,unavailable,False
transcript-2026-04-10-2-22-AddSwiftTagDocumentSaveOptions,transcript-2026-04-10-2-22-AddSwiftTagDocumentSaveOptions:turn-002,2,Assistant,22,63,2026-04-10T06:05:42Z,2026-04-10T06:15:02Z,39,560.0,,completion,False
transcript-2026-04-10-2-22-AddSwiftTagDocumentSaveOptions,transcript-2026-04-10-2-22-AddSwiftTagDocumentSaveOptions:turn-003,3,User,64,69,2026-04-10T06:20:54Z,,3,,352.0,completion-to-user,False
transcript-2026-04-10-2-22-AddSwiftTagDocumentSaveOptions,transcript-2026-04-10-2-22-AddSwiftTagDocumentSaveOptions:turn-004,4,Assistant,70,111,2026-04-10T06:20:54Z,2026-04-10T06:45:24Z,39,1470.0,,completion,False
transcript-2026-04-10-2-22-AddSwiftTagDocumentSaveOptions,transcript-2026-04-10-2-22-AddSwiftTagDocumentSaveOptions:turn-005,5,User,112,115,2026-04-10T07:05:13Z,,1,,1189.0,completion-to-user,False
transcript-2026-04-10-2-22-AddSwiftTagDocumentSaveOptions,transcript-2026-04-10-2-22-AddSwiftTagDocumentSaveOptions:turn-006,6,Assistant,116,147,2026-04-10T07:05:13Z,2026-04-10T07:17:34Z,29,741.0,,completion,False
transcript-2026-04-10-3-AddSwiftTagDocumentSwiftTags,transcript-2026-04-10-3-AddSwiftTagDocumentSwiftTags:turn-001,1,User,12,15,2026-04-10T16:12:19Z,,1,,,unavailable,False
transcript-2026-04-10-3-AddSwiftTagDocumentSwiftTags,transcript-2026-04-10-3-AddSwiftTagDocumentSwiftTags:turn-002,2,Assistant,16,49,2026-04-10T16:12:19Z,2026-04-10T16:16:15Z,31,236.0,,completion,False
transcript-2026-04-10-3-AddSwiftTagDocumentSwiftTags,transcript-2026-04-10-3-AddSwiftTagDocumentSwiftTags:turn-003,3,User,50,53,2026-04-10T16:48:29Z,,1,,1934.0,completion-to-user,False
transcript-2026-04-10-3-AddSwiftTagDocumentSwiftTags,transcript-2026-04-10-3-AddSwiftTagDocumentSwiftTags:turn-004,4,Assistant,54,70,2026-04-10T16:48:29Z,2026-04-10T16:49:14Z,14,45.0,,completion,False
transcript-2026-04-10-3-AddSwiftTagDocumentSwiftTags,transcript-2026-04-10-3-AddSwiftTagDocumentSwiftTags:turn-005,5,User,71,76,2026-04-10T16:49:14Z,,3,,0.0,completion-to-user,True
transcript-2026-04-10-3-AddSwiftTagDocumentSwiftTags,transcript-2026-04-10-3-AddSwiftTagDocumentSwiftTags:turn-006,6,Assistant,77,98,2026-04-10T16:49:14Z,2026-04-10T16:54:38Z,19,324.0,,completion,False
transcript-2026-04-10-4-CompilationDisabledAndDiffFix,transcript-2026-04-10-4-CompilationDisabledAndDiffFix:turn-001,1,User,12,15,2026-04-10T20:47:59Z,,1,,,unavailable,False
transcript-2026-04-10-4-CompilationDisabledAndDiffFix,transcript-2026-04-10-4-CompilationDisabledAndDiffFix:turn-002,2,Assistant,16,55,2026-04-10T20:47:59Z,2026-04-10T20:59:12Z,37,673.0,,completion,False
transcript-2026-04-10-4-CompilationDisabledAndDiffFix,transcript-2026-04-10-4-CompilationDisabledAndDiffFix:turn-003,3,User,56,64,2026-04-10T21:13:10Z,,6,,838.0,completion-to-user,False
transcript-2026-04-10-4-CompilationDisabledAndDiffFix,transcript-2026-04-10-4-CompilationDisabledAndDiffFix:turn-004,4,Assistant,65,108,2026-04-10T21:13:10Z,2026-04-10T21:22:31Z,41,561.0,,completion,False
transcript-2026-04-11-1-23-AddSwiftTagDocumentQuickLook,transcript-2026-04-11-1-23-AddSwiftTagDocumentQuickLook:turn-001,1,User,12,31,2026-04-11T01:46:02Z,,17,,,unavailable,False
transcript-2026-04-11-1-23-AddSwiftTagDocumentQuickLook,transcript-2026-04-11-1-23-AddSwiftTagDocumentQuickLook:turn-002,2,Assistant,32,79,2026-04-11T01:46:02Z,2026-04-11T01:58:37Z,45,755.0,,completion,False
transcript-2026-04-11-1-23-AddSwiftTagDocumentQuickLook,transcript-2026-04-11-1-23-AddSwiftTagDocumentQuickLook:turn-003,3,User,80,83,2026-04-11T15:52:18Z,,1,,50021.0,completion-to-user,False
transcript-2026-04-11-1-23-AddSwiftTagDocumentQuickLook,transcript-2026-04-11-1-23-AddSwiftTagDocumentQuickLook:turn-004,4,Assistant,84,163,2026-04-11T15:52:18Z,2026-04-11T17:58:03Z,77,7545.0,,completion,False
transcript-2026-04-11-1-23-AddSwiftTagDocumentQuickLook,transcript-2026-04-11-1-23-AddSwiftTagDocumentQuickLook:turn-005,5,User,164,169,2026-04-11T17:58:03Z,,3,,0.0,completion-to-user,False
transcript-2026-04-11-1-23-AddSwiftTagDocumentQuickLook,transcript-2026-04-11-1-23-AddSwiftTagDocumentQuickLook:turn-006,6,Assistant,170,207,2026-04-11T17:58:03Z,2026-04-11T18:01:43Z,35,220.0,,completion,False
transcript-2026-04-11-1-23-AddSwiftTagDocumentQuickLook,transcript-2026-04-11-1-23-AddSwiftTagDocumentQuickLook:turn-007,7,User,208,211,2026-04-11T18:50:16Z,,1,,2913.0,completion-to-user,False
transcript-2026-04-11-1-23-AddSwiftTagDocumentQuickLook,transcript-2026-04-11-1-23-AddSwiftTagDocumentQuickLook:turn-008,8,Assistant,212,235,2026-04-11T18:50:16Z,2026-04-11T18:53:37Z,21,201.0,,completion,False
transcript-2026-04-11-1-23-AddSwiftTagDocumentQuickLook,transcript-2026-04-11-1-23-AddSwiftTagDocumentQuickLook:turn-009,9,User,236,239,2026-04-11T19:54:54Z,,1,,3677.0,completion-to-user,False
transcript-2026-04-11-1-23-AddSwiftTagDocumentQuickLook,transcript-2026-04-11-1-23-AddSwiftTagDocumentQuickLook:turn-010,10,Assistant,240,283,2026-04-11T19:54:54Z,2026-04-11T20:00:43Z,41,349.0,,completion,False
transcript-2026-04-12-1-24-AddTrackDurationInfo,transcript-2026-04-12-1-24-AddTrackDurationInfo:turn-001,1,User,12,30,2026-04-12T00:32:48Z,,16,,,unavailable,False
transcript-2026-04-12-1-24-AddTrackDurationInfo,transcript-2026-04-12-1-24-AddTrackDurationInfo:turn-002,2,Assistant,31,83,2026-04-12T00:32:48Z,2026-04-12T00:41:02Z,50,494.0,,completion,False
transcript-2026-04-12-1-24-AddTrackDurationInfo,transcript-2026-04-12-1-24-AddTrackDurationInfo:turn-003,3,User,84,87,2026-04-12T00:49:54Z,,1,,532.0,completion-to-user,False
transcript-2026-04-12-1-24-AddTrackDurationInfo,transcript-2026-04-12-1-24-AddTrackDurationInfo:turn-004,4,Assistant,88,129,2026-04-12T00:49:54Z,2026-04-12T00:59:15Z,39,561.0,,completion,False
transcript-2026-04-12-1-24-AddTrackDurationInfo,transcript-2026-04-12-1-24-AddTrackDurationInfo:turn-005,5,User,130,136,2026-04-12T04:54:58Z,,4,,14143.0,completion-to-user,False
transcript-2026-04-12-1-24-AddTrackDurationInfo,transcript-2026-04-12-1-24-AddTrackDurationInfo:turn-006,6,Assistant,137,156,2026-04-12T04:54:58Z,2026-04-12T04:57:21Z,17,143.0,,completion,False
transcript-2026-04-12-1-24-AddTrackDurationInfo,transcript-2026-04-12-1-24-AddTrackDurationInfo:turn-007,7,User,157,160,2026-04-12T05:10:57Z,,1,,816.0,completion-to-user,False
transcript-2026-04-12-1-24-AddTrackDurationInfo,transcript-2026-04-12-1-24-AddTrackDurationInfo:turn-008,8,Assistant,161,178,2026-04-12T05:10:57Z,2026-04-12T05:12:05Z,15,68.0,,completion,False
transcript-2026-04-12-1-24-AddTrackDurationInfo,transcript-2026-04-12-1-24-AddTrackDurationInfo:turn-009,9,User,179,182,2026-04-12T05:15:18Z,,1,,193.0,completion-to-user,False
transcript-2026-04-12-1-24-AddTrackDurationInfo,transcript-2026-04-12-1-24-AddTrackDurationInfo:turn-010,10,Assistant,183,210,2026-04-12T05:15:18Z,2026-04-12T05:30:25Z,25,907.0,,completion,False
transcript-2026-04-14-1-25-AddPictureDescriptionEdit,transcript-2026-04-14-1-25-AddPictureDescriptionEdit:turn-001,1,User,12,24,2026-04-13T22:29:09Z,,10,,,unavailable,False
transcript-2026-04-14-1-25-AddPictureDescriptionEdit,transcript-2026-04-14-1-25-AddPictureDescriptionEdit:turn-002,2,Assistant,25,79,2026-04-13T22:29:09Z,2026-04-13T22:43:27Z,52,858.0,,completion,False
transcript-2026-04-14-1-25-AddPictureDescriptionEdit,transcript-2026-04-14-1-25-AddPictureDescriptionEdit:turn-003,3,User,80,83,2026-04-14T00:07:47Z,,1,,5060.0,completion-to-user,False
transcript-2026-04-14-1-25-AddPictureDescriptionEdit,transcript-2026-04-14-1-25-AddPictureDescriptionEdit:turn-004,4,Assistant,84,169,2026-04-14T00:07:47Z,2026-04-14T01:18:11Z,83,4224.0,,completion,False
transcript-2026-04-14-1-25-AddPictureDescriptionEdit,transcript-2026-04-14-1-25-AddPictureDescriptionEdit:turn-005,5,User,170,175,2026-04-14T01:18:11Z,,3,,0.0,completion-to-user,False
transcript-2026-04-14-1-25-AddPictureDescriptionEdit,transcript-2026-04-14-1-25-AddPictureDescriptionEdit:turn-006,6,Assistant,176,195,2026-04-14T01:18:11Z,2026-04-14T01:23:43Z,17,332.0,,completion,False
transcript-2026-04-14-1-25-AddPictureDescriptionEdit,transcript-2026-04-14-1-25-AddPictureDescriptionEdit:turn-007,7,User,196,206,2026-04-14T06:38:41Z,,8,,18898.0,completion-to-user,False
transcript-2026-04-14-1-25-AddPictureDescriptionEdit,transcript-2026-04-14-1-25-AddPictureDescriptionEdit:turn-008,8,Assistant,207,288,2026-04-14T06:38:41Z,2026-04-14T07:13:51Z,79,2110.0,,completion,False
transcript-2026-04-14-1-25-AddPictureDescriptionEdit,transcript-2026-04-14-1-25-AddPictureDescriptionEdit:turn-009,9,User,289,294,2026-04-14T07:13:51Z,,3,,0.0,completion-to-user,True
transcript-2026-04-14-1-25-AddPictureDescriptionEdit,transcript-2026-04-14-1-25-AddPictureDescriptionEdit:turn-010,10,Assistant,295,332,2026-04-14T07:13:51Z,2026-04-14T07:34:23Z,35,1232.0,,completion,False
transcript-2026-04-14-1-25-AddPictureDescriptionEdit,transcript-2026-04-14-1-25-AddPictureDescriptionEdit:turn-011,11,User,333,338,2026-04-14T07:34:23Z,,3,,0.0,completion-to-user,True
transcript-2026-04-14-1-25-AddPictureDescriptionEdit,transcript-2026-04-14-1-25-AddPictureDescriptionEdit:turn-012,12,Assistant,339,354,2026-04-14T07:34:23Z,2026-04-14T07:44:15Z,13,592.0,,completion,False
transcript-2026-04-14-1-25-AddPictureDescriptionEdit,transcript-2026-04-14-1-25-AddPictureDescriptionEdit:turn-013,13,User,355,360,2026-04-14T07:44:15Z,,3,,0.0,completion-to-user,True
transcript-2026-04-14-1-25-AddPictureDescriptionEdit,transcript-2026-04-14-1-25-AddPictureDescriptionEdit:turn-014,14,Assistant,361,400,2026-04-14T07:44:15Z,2026-04-14T08:12:31Z,37,1696.0,,completion,False
transcript-2026-04-14-1-25-AddPictureDescriptionEdit,transcript-2026-04-14-1-25-AddPictureDescriptionEdit:turn-015,15,User,401,404,2026-04-14T20:01:53Z,,1,,42562.0,completion-to-user,False
transcript-2026-04-14-1-25-AddPictureDescriptionEdit,transcript-2026-04-14-1-25-AddPictureDescriptionEdit:turn-016,16,Assistant,405,428,2026-04-14T20:01:53Z,2026-04-14T20:16:04Z,21,851.0,,completion,False
transcript-2026-04-14-1-25-AddPictureDescriptionEdit,transcript-2026-04-14-1-25-AddPictureDescriptionEdit:turn-017,17,User,429,432,2026-04-14T22:06:27Z,,1,,6623.0,completion-to-user,False
transcript-2026-04-14-1-25-AddPictureDescriptionEdit,transcript-2026-04-14-1-25-AddPictureDescriptionEdit:turn-018,18,Assistant,433,466,2026-04-14T22:06:27Z,2026-04-14T22:20:24Z,31,837.0,,completion,False
transcript-2026-04-16-1-InternalExternalDiffUpdateFix,transcript-2026-04-16-1-InternalExternalDiffUpdateFix:turn-001,1,User,12,15,2026-04-16T19:31:00Z,,1,,,unavailable,False
transcript-2026-04-16-1-InternalExternalDiffUpdateFix,transcript-2026-04-16-1-InternalExternalDiffUpdateFix:turn-002,2,Assistant,16,27,2026-04-16T19:31:00Z,2026-04-16T19:37:08Z,9,368.0,,completion,False
transcript-2026-04-16-1-InternalExternalDiffUpdateFix,transcript-2026-04-16-1-InternalExternalDiffUpdateFix:turn-003,3,User,28,33,2026-04-16T19:37:08Z,,3,,0.0,completion-to-user,True
transcript-2026-04-16-1-InternalExternalDiffUpdateFix,transcript-2026-04-16-1-InternalExternalDiffUpdateFix:turn-004,4,Assistant,34,56,2026-04-16T19:37:08Z,2026-04-16T19:39:20Z,20,132.0,,completion,False
transcript-2026-04-16-1-InternalExternalDiffUpdateFix,transcript-2026-04-16-1-InternalExternalDiffUpdateFix:turn-005,5,User,57,65,2026-04-16T19:54:31Z,,6,,911.0,completion-to-user,False
transcript-2026-04-16-1-InternalExternalDiffUpdateFix,transcript-2026-04-16-1-InternalExternalDiffUpdateFix:turn-006,6,Assistant,66,95,2026-04-16T19:54:31Z,2026-04-16T20:06:25Z,27,714.0,,completion,False
transcript-2026-04-16-1-InternalExternalDiffUpdateFix,transcript-2026-04-16-1-InternalExternalDiffUpdateFix:turn-007,7,User,96,105,2026-04-16T21:43:13Z,,7,,5808.0,completion-to-user,False
transcript-2026-04-16-1-InternalExternalDiffUpdateFix,transcript-2026-04-16-1-InternalExternalDiffUpdateFix:turn-008,8,Assistant,106,144,2026-04-16T21:43:13Z,2026-04-16T21:50:43Z,36,450.0,,completion,False
transcript-2026-04-16-1-InternalExternalDiffUpdateFix,transcript-2026-04-16-1-InternalExternalDiffUpdateFix:turn-009,9,User,145,152,2026-04-16T22:51:49Z,,5,,3666.0,completion-to-user,False
transcript-2026-04-16-1-InternalExternalDiffUpdateFix,transcript-2026-04-16-1-InternalExternalDiffUpdateFix:turn-010,10,Assistant,153,177,2026-04-16T22:51:49Z,2026-04-16T22:55:03Z,22,194.0,,completion,False
transcript-2026-04-16-1-InternalExternalDiffUpdateFix,transcript-2026-04-16-1-InternalExternalDiffUpdateFix:turn-011,11,User,178,184,2026-04-16T23:13:51Z,,4,,1128.0,completion-to-user,False
transcript-2026-04-16-1-InternalExternalDiffUpdateFix,transcript-2026-04-16-1-InternalExternalDiffUpdateFix:turn-012,12,Assistant,185,228,2026-04-16T23:13:51Z,2026-04-16T23:33:41Z,41,1190.0,,completion,False
transcript-2026-04-17-1-InternalExternalDiffDocUpdateFix,transcript-2026-04-17-1-InternalExternalDiffDocUpdateFix:turn-001,1,User,12,24,2026-04-17T04:09:54Z,,10,,,unavailable,False
transcript-2026-04-17-1-InternalExternalDiffDocUpdateFix,transcript-2026-04-17-1-InternalExternalDiffDocUpdateFix:turn-002,2,Assistant,25,48,2026-04-17T04:09:54Z,2026-04-17T04:29:11Z,21,1157.0,,completion,False
transcript-2026-04-17-1-InternalExternalDiffDocUpdateFix,transcript-2026-04-17-1-InternalExternalDiffDocUpdateFix:turn-003,3,User,49,54,2026-04-17T04:29:11Z,,3,,0.0,completion-to-user,True
transcript-2026-04-17-1-InternalExternalDiffDocUpdateFix,transcript-2026-04-17-1-InternalExternalDiffDocUpdateFix:turn-004,4,Assistant,55,64,2026-04-17T04:29:11Z,2026-04-17T04:40:03Z,7,652.0,,completion,False
transcript-2026-04-17-1-InternalExternalDiffDocUpdateFix,transcript-2026-04-17-1-InternalExternalDiffDocUpdateFix:turn-005,5,User,65,70,2026-04-17T04:40:03Z,,3,,0.0,completion-to-user,True
transcript-2026-04-17-1-InternalExternalDiffDocUpdateFix,transcript-2026-04-17-1-InternalExternalDiffDocUpdateFix:turn-006,6,Assistant,71,80,2026-04-17T04:40:03Z,2026-04-17T04:44:53Z,7,290.0,,completion,False
transcript-2026-04-17-1-InternalExternalDiffDocUpdateFix,transcript-2026-04-17-1-InternalExternalDiffDocUpdateFix:turn-007,7,User,81,88,2026-04-17T04:44:53Z,,5,,0.0,completion-to-user,True
transcript-2026-04-17-1-InternalExternalDiffDocUpdateFix,transcript-2026-04-17-1-InternalExternalDiffDocUpdateFix:turn-008,8,Assistant,89,119,2026-04-17T04:44:53Z,2026-04-17T04:59:31Z,28,878.0,,completion,False
transcript-2026-04-17-1-InternalExternalDiffDocUpdateFix,transcript-2026-04-17-1-InternalExternalDiffDocUpdateFix:turn-009,9,User,120,125,2026-04-17T04:59:31Z,,3,,0.0,completion-to-user,True
transcript-2026-04-17-1-InternalExternalDiffDocUpdateFix,transcript-2026-04-17-1-InternalExternalDiffDocUpdateFix:turn-010,10,Assistant,126,153,2026-04-17T04:59:31Z,2026-04-17T05:12:01Z,25,750.0,,completion,False
transcript-2026-04-17-1-InternalExternalDiffDocUpdateFix,transcript-2026-04-17-1-InternalExternalDiffDocUpdateFix:turn-011,11,User,154,159,2026-04-17T05:12:01Z,,3,,0.0,completion-to-user,True
transcript-2026-04-17-1-InternalExternalDiffDocUpdateFix,transcript-2026-04-17-1-InternalExternalDiffDocUpdateFix:turn-012,12,Assistant,160,199,2026-04-17T05:12:01Z,2026-04-17T05:21:21Z,37,560.0,,completion,False
transcript-2026-04-18-1-26-AddAppleScriptSupport,transcript-2026-04-18-1-26-AddAppleScriptSupport:turn-001,1,User,12,140,2026-04-18T17:58:54Z,,126,,,unavailable,False
transcript-2026-04-18-1-26-AddAppleScriptSupport,transcript-2026-04-18-1-26-AddAppleScriptSupport:turn-002,2,Assistant,141,215,2026-04-18T17:58:54Z,2026-04-18T18:06:33Z,72,459.0,,completion,False
transcript-2026-04-18-1-26-AddAppleScriptSupport,transcript-2026-04-18-1-26-AddAppleScriptSupport:turn-003,3,User,216,219,2026-04-19T23:17:58Z,,1,,105085.0,completion-to-user,False
transcript-2026-04-18-1-26-AddAppleScriptSupport,transcript-2026-04-18-1-26-AddAppleScriptSupport:turn-004,4,Assistant,220,270,2026-04-19T23:17:58Z,2026-04-19T23:35:57Z,48,1079.0,,completion,False
transcript-2026-04-18-1-26-AddAppleScriptSupport,transcript-2026-04-18-1-26-AddAppleScriptSupport:turn-005,5,User,271,276,2026-04-19T23:35:57Z,,3,,0.0,completion-to-user,True
transcript-2026-04-18-1-26-AddAppleScriptSupport,transcript-2026-04-18-1-26-AddAppleScriptSupport:turn-006,6,Assistant,277,309,2026-04-19T23:35:57Z,2026-04-19T23:39:25Z,30,208.0,,completion,False
transcript-2026-04-18-1-26-AddAppleScriptSupport,transcript-2026-04-18-1-26-AddAppleScriptSupport:turn-007,7,User,310,314,2026-04-20T00:16:07Z,,2,,2202.0,completion-to-user,False
transcript-2026-04-18-1-26-AddAppleScriptSupport,transcript-2026-04-18-1-26-AddAppleScriptSupport:turn-008,8,Assistant,315,380,2026-04-20T00:16:07Z,2026-04-20T00:30:46Z,63,879.0,,completion,False
transcript-2026-04-20-1-26-AddAppleScriptSupport,transcript-2026-04-20-1-26-AddAppleScriptSupport:turn-001,1,User,12,106,2026-04-20T20:01:17Z,,92,,,unavailable,False
transcript-2026-04-20-1-26-AddAppleScriptSupport,transcript-2026-04-20-1-26-AddAppleScriptSupport:turn-002,2,Assistant,107,188,2026-04-20T20:01:17Z,2026-04-20T20:17:47Z,79,990.0,,completion,False
transcript-2026-04-20-1-26-AddAppleScriptSupport,transcript-2026-04-20-1-26-AddAppleScriptSupport:turn-003,3,User,189,192,2026-04-21T00:54:02Z,,1,,16575.0,completion-to-user,False
transcript-2026-04-20-1-26-AddAppleScriptSupport,transcript-2026-04-20-1-26-AddAppleScriptSupport:turn-004,4,Assistant,193,225,2026-04-21T00:54:02Z,2026-04-21T00:58:14Z,30,252.0,,completion,False
transcript-2026-04-21-1-26-AddAppleScriptSupport,transcript-2026-04-21-1-26-AddAppleScriptSupport:turn-001,1,User,12,26,2026-04-21T06:03:11Z,,12,,,unavailable,False
transcript-2026-04-21-1-26-AddAppleScriptSupport,transcript-2026-04-21-1-26-AddAppleScriptSupport:turn-002,2,Assistant,27,60,2026-04-21T06:03:11Z,2026-04-21T06:15:32Z,31,741.0,,completion,False
transcript-2026-04-21-1-26-AddAppleScriptSupport,transcript-2026-04-21-1-26-AddAppleScriptSupport:turn-003,3,User,61,71,2026-04-21T06:52:18Z,,8,,2206.0,completion-to-user,False
transcript-2026-04-21-1-26-AddAppleScriptSupport,transcript-2026-04-21-1-26-AddAppleScriptSupport:turn-004,4,Assistant,72,97,2026-04-21T06:52:18Z,2026-04-21T07:00:32Z,23,494.0,,completion,False
transcript-2026-04-21-1-26-AddAppleScriptSupport,transcript-2026-04-21-1-26-AddAppleScriptSupport:turn-005,5,User,98,101,2026-04-21T07:51:28Z,,1,,3056.0,completion-to-user,False
transcript-2026-04-21-1-26-AddAppleScriptSupport,transcript-2026-04-21-1-26-AddAppleScriptSupport:turn-006,6,Assistant,102,116,2026-04-21T07:51:28Z,2026-04-21T07:52:47Z,12,79.0,,completion,False
transcript-2026-04-22-1-26-AddAppleScriptSupport,transcript-2026-04-22-1-26-AddAppleScriptSupport:turn-001,1,User,12,26,2026-04-22T19:26:01Z,,12,,,unavailable,False
transcript-2026-04-22-1-26-AddAppleScriptSupport,transcript-2026-04-22-1-26-AddAppleScriptSupport:turn-002,2,Assistant,27,123,2026-04-22T19:26:01Z,2026-04-22T19:52:54Z,95,1613.0,,completion,False
transcript-2026-04-22-2-26-AddAppleScriptSupport,transcript-2026-04-22-2-26-AddAppleScriptSupport:turn-001,1,User,12,15,2026-04-22T20:48:27Z,,1,,,unavailable,False
transcript-2026-04-22-2-26-AddAppleScriptSupport,transcript-2026-04-22-2-26-AddAppleScriptSupport:turn-002,2,Assistant,16,21,2026-04-22T20:48:27Z,2026-04-22T20:56:30Z,3,483.0,,completion,False
transcript-2026-04-22-2-26-AddAppleScriptSupport,transcript-2026-04-22-2-26-AddAppleScriptSupport:turn-003,3,User,22,27,2026-04-22T20:56:30Z,,3,,0.0,completion-to-user,True
transcript-2026-04-22-2-26-AddAppleScriptSupport,transcript-2026-04-22-2-26-AddAppleScriptSupport:turn-004,4,Assistant,28,68,2026-04-22T20:56:30Z,2026-04-22T21:02:27Z,38,357.0,,completion,False
transcript-2026-04-22-2-26-AddAppleScriptSupport,transcript-2026-04-22-2-26-AddAppleScriptSupport:turn-005,5,User,69,72,2026-04-22T22:01:54Z,,1,,3567.0,completion-to-user,False
transcript-2026-04-22-2-26-AddAppleScriptSupport,transcript-2026-04-22-2-26-AddAppleScriptSupport:turn-006,6,Assistant,73,86,2026-04-22T22:01:54Z,2026-04-22T22:04:45Z,11,171.0,,completion,False
transcript-2026-04-22-2-26-AddAppleScriptSupport,transcript-2026-04-22-2-26-AddAppleScriptSupport:turn-007,7,User,87,90,2026-04-22T22:22:57Z,,1,,1092.0,completion-to-user,False
transcript-2026-04-22-2-26-AddAppleScriptSupport,transcript-2026-04-22-2-26-AddAppleScriptSupport:turn-008,8,Assistant,91,108,2026-04-22T22:22:57Z,2026-04-22T22:29:23Z,15,386.0,,completion,False
transcript-2026-04-22-2-26-AddAppleScriptSupport,transcript-2026-04-22-2-26-AddAppleScriptSupport:turn-009,9,User,109,114,2026-04-22T22:29:23Z,,3,,0.0,completion-to-user,True
transcript-2026-04-22-2-26-AddAppleScriptSupport,transcript-2026-04-22-2-26-AddAppleScriptSupport:turn-010,10,Assistant,115,131,2026-04-22T22:29:23Z,2026-04-22T22:33:18Z,15,235.0,,completion,False
transcript-2026-04-23-1-26-AddAppleScriptSupport,transcript-2026-04-23-1-26-AddAppleScriptSupport:turn-001,1,User,12,27,2026-04-23T06:35:24Z,,13,,,unavailable,False
transcript-2026-04-23-1-26-AddAppleScriptSupport,transcript-2026-04-23-1-26-AddAppleScriptSupport:turn-002,2,Assistant,28,90,2026-04-23T06:35:24Z,2026-04-23T06:53:15Z,60,1071.0,,completion,False
transcript-2026-04-23-1-26-AddAppleScriptSupport,transcript-2026-04-23-1-26-AddAppleScriptSupport:turn-003,3,User,91,94,2026-04-23T07:01:14Z,,1,,479.0,completion-to-user,False
transcript-2026-04-23-1-26-AddAppleScriptSupport,transcript-2026-04-23-1-26-AddAppleScriptSupport:turn-004,4,Assistant,95,122,2026-04-23T07:01:14Z,2026-04-23T07:03:40Z,26,146.0,,completion,False
transcript-2026-04-23-2-26-AddAppleScriptSupport,transcript-2026-04-23-2-26-AddAppleScriptSupport:turn-001,1,User,12,25,2026-04-23T19:17:14Z,,11,,,unavailable,False
transcript-2026-04-23-2-26-AddAppleScriptSupport,transcript-2026-04-23-2-26-AddAppleScriptSupport:turn-002,2,Assistant,26,39,2026-04-23T19:17:14Z,2026-04-23T19:35:03Z,11,1069.0,,completion,False
transcript-2026-04-23-2-26-AddAppleScriptSupport,transcript-2026-04-23-2-26-AddAppleScriptSupport:turn-003,3,User,40,45,2026-04-23T19:35:03Z,,3,,0.0,completion-to-user,True
transcript-2026-04-23-2-26-AddAppleScriptSupport,transcript-2026-04-23-2-26-AddAppleScriptSupport:turn-004,4,Assistant,46,80,2026-04-23T19:35:03Z,2026-04-23T19:45:58Z,32,655.0,,completion,False
transcript-2026-04-23-2-26-AddAppleScriptSupport,transcript-2026-04-23-2-26-AddAppleScriptSupport:turn-005,5,User,81,100,2026-04-23T20:18:56Z,,17,,1978.0,completion-to-user,False
transcript-2026-04-23-2-26-AddAppleScriptSupport,transcript-2026-04-23-2-26-AddAppleScriptSupport:turn-006,6,Assistant,101,139,2026-04-23T20:18:56Z,2026-04-23T20:23:29Z,36,273.0,,completion,False
transcript-2026-04-23-2-26-AddAppleScriptSupport,transcript-2026-04-23-2-26-AddAppleScriptSupport:turn-007,7,User,140,159,2026-04-23T21:00:45Z,,17,,2236.0,completion-to-user,False
transcript-2026-04-23-2-26-AddAppleScriptSupport,transcript-2026-04-23-2-26-AddAppleScriptSupport:turn-008,8,Assistant,160,200,2026-04-23T21:00:45Z,2026-04-23T21:05:19Z,38,274.0,,completion,False
transcript-2026-04-23-2-26-AddAppleScriptSupport,transcript-2026-04-23-2-26-AddAppleScriptSupport:turn-009,9,User,201,204,2026-04-23T21:28:57Z,,1,,1418.0,completion-to-user,False
transcript-2026-04-23-2-26-AddAppleScriptSupport,transcript-2026-04-23-2-26-AddAppleScriptSupport:turn-010,10,Assistant,205,249,2026-04-23T21:28:57Z,2026-04-23T21:44:53Z,42,956.0,,completion,False
transcript-2026-04-23-2-26-AddAppleScriptSupport,transcript-2026-04-23-2-26-AddAppleScriptSupport:turn-011,11,User,250,253,2026-04-23T21:44:53Z,,1,,0.0,completion-to-user,True
transcript-2026-04-23-2-26-AddAppleScriptSupport,transcript-2026-04-23-2-26-AddAppleScriptSupport:turn-012,12,Assistant,254,279,2026-04-23T21:44:53Z,2026-04-23T21:45:12Z,23,19.0,,completion,False
transcript-2026-04-23-2-26-AddAppleScriptSupport,transcript-2026-04-23-2-26-AddAppleScriptSupport:turn-013,13,User,280,283,2026-04-23T22:02:45Z,,1,,1053.0,completion-to-user,False
transcript-2026-04-23-2-26-AddAppleScriptSupport,transcript-2026-04-23-2-26-AddAppleScriptSupport:turn-014,14,Assistant,284,334,2026-04-23T22:02:45Z,2026-04-23T22:08:00Z,48,315.0,,completion,False
transcript-2026-04-23-2-26-AddAppleScriptSupport,transcript-2026-04-23-2-26-AddAppleScriptSupport:turn-015,15,User,335,355,2026-04-23T22:14:33Z,,18,,393.0,completion-to-user,False
transcript-2026-04-23-2-26-AddAppleScriptSupport,transcript-2026-04-23-2-26-AddAppleScriptSupport:turn-016,16,Assistant,356,423,2026-04-23T22:14:33Z,2026-04-23T22:43:48Z,65,1755.0,,completion,False
transcript-2026-04-23-2-26-AddAppleScriptSupport,transcript-2026-04-23-2-26-AddAppleScriptSupport:turn-017,17,User,424,429,2026-04-24T01:13:23Z,,3,,8975.0,completion-to-user,False
transcript-2026-04-23-2-26-AddAppleScriptSupport,transcript-2026-04-23-2-26-AddAppleScriptSupport:turn-018,18,Assistant,430,515,2026-04-24T01:13:23Z,2026-04-24T01:35:12Z,83,1309.0,,completion,False
transcript-2026-04-23-2-26-AddAppleScriptSupport,transcript-2026-04-23-2-26-AddAppleScriptSupport:turn-019,19,User,516,536,2026-04-24T04:26:42Z,,18,,10290.0,completion-to-user,False
transcript-2026-04-23-2-26-AddAppleScriptSupport,transcript-2026-04-23-2-26-AddAppleScriptSupport:turn-020,20,Assistant,537,567,2026-04-24T04:26:42Z,2026-04-24T04:40:23Z,28,821.0,,completion,False
transcript-2026-04-23-2-26-AddAppleScriptSupport,transcript-2026-04-23-2-26-AddAppleScriptSupport:turn-021,21,User,568,590,2026-04-24T05:11:11Z,,20,,1848.0,completion-to-user,False
transcript-2026-04-23-2-26-AddAppleScriptSupport,transcript-2026-04-23-2-26-AddAppleScriptSupport:turn-022,22,Assistant,591,638,2026-04-24T05:11:11Z,2026-04-24T05:25:19Z,46,848.0,,completion,False
transcript-2026-04-24-1-26-AddAppleScriptSupport,transcript-2026-04-24-1-26-AddAppleScriptSupport:turn-001,1,User,12,29,2026-04-24T20:14:52Z,,15,,,unavailable,False
transcript-2026-04-24-1-26-AddAppleScriptSupport,transcript-2026-04-24-1-26-AddAppleScriptSupport:turn-002,2,Assistant,30,78,2026-04-24T20:14:52Z,2026-04-24T20:24:11Z,46,559.0,,completion,False
transcript-2026-04-24-1-26-AddAppleScriptSupport,transcript-2026-04-24-1-26-AddAppleScriptSupport:turn-003,3,User,79,142,2026-04-24T21:59:27Z,,61,,5716.0,completion-to-user,False
transcript-2026-04-24-1-26-AddAppleScriptSupport,transcript-2026-04-24-1-26-AddAppleScriptSupport:turn-004,4,Assistant,143,164,2026-04-24T21:59:27Z,2026-04-24T22:19:11Z,19,1184.0,,completion,False
transcript-2026-04-24-1-26-AddAppleScriptSupport,transcript-2026-04-24-1-26-AddAppleScriptSupport:turn-005,5,User,165,170,2026-04-24T22:19:11Z,,3,,0.0,completion-to-user,True
transcript-2026-04-24-1-26-AddAppleScriptSupport,transcript-2026-04-24-1-26-AddAppleScriptSupport:turn-006,6,Assistant,171,178,2026-04-24T22:19:11Z,2026-04-24T22:21:44Z,5,153.0,,completion,False
transcript-2026-04-24-1-26-AddAppleScriptSupport,transcript-2026-04-24-1-26-AddAppleScriptSupport:turn-007,7,User,179,184,2026-04-24T22:21:44Z,,3,,0.0,completion-to-user,True
transcript-2026-04-24-1-26-AddAppleScriptSupport,transcript-2026-04-24-1-26-AddAppleScriptSupport:turn-008,8,Assistant,185,198,2026-04-24T22:21:44Z,2026-04-24T22:22:03Z,11,19.0,,completion,False
transcript-2026-04-24-1-26-AddAppleScriptSupport,transcript-2026-04-24-1-26-AddAppleScriptSupport:turn-009,9,User,199,202,2026-04-24T22:35:27Z,,1,,804.0,completion-to-user,False
transcript-2026-04-24-1-26-AddAppleScriptSupport,transcript-2026-04-24-1-26-AddAppleScriptSupport:turn-010,10,Assistant,203,222,2026-04-24T22:35:27Z,2026-04-24T22:42:17Z,17,410.0,,completion,False
transcript-2026-04-24-1-26-AddAppleScriptSupport,transcript-2026-04-24-1-26-AddAppleScriptSupport:turn-011,11,User,223,228,2026-04-24T22:42:17Z,,3,,0.0,completion-to-user,True
transcript-2026-04-24-1-26-AddAppleScriptSupport,transcript-2026-04-24-1-26-AddAppleScriptSupport:turn-012,12,Assistant,229,281,2026-04-24T22:42:17Z,2026-04-24T23:00:32Z,50,1095.0,,completion,False
transcript-2026-04-24-1-26-AddAppleScriptSupport,transcript-2026-04-24-1-26-AddAppleScriptSupport:turn-013,13,User,282,287,2026-04-25T03:51:28Z,,3,,17456.0,completion-to-user,False
transcript-2026-04-24-1-26-AddAppleScriptSupport,transcript-2026-04-24-1-26-AddAppleScriptSupport:turn-014,14,Assistant,288,303,2026-04-25T03:51:28Z,2026-04-25T04:07:57Z,13,989.0,,completion,False
transcript-2026-04-24-1-26-AddAppleScriptSupport,transcript-2026-04-24-1-26-AddAppleScriptSupport:turn-015,15,User,304,309,2026-04-25T04:07:57Z,,3,,0.0,completion-to-user,True
transcript-2026-04-24-1-26-AddAppleScriptSupport,transcript-2026-04-24-1-26-AddAppleScriptSupport:turn-016,16,Assistant,310,355,2026-04-25T04:07:57Z,2026-04-25T04:12:09Z,43,252.0,,completion,False
transcript-2026-04-24-1-26-AddAppleScriptSupport,transcript-2026-04-24-1-26-AddAppleScriptSupport:turn-017,17,User,356,359,2026-04-25T05:15:33Z,,1,,3804.0,completion-to-user,False
transcript-2026-04-24-1-26-AddAppleScriptSupport,transcript-2026-04-24-1-26-AddAppleScriptSupport:turn-018,18,Assistant,360,382,2026-04-25T05:15:33Z,2026-04-25T05:16:59Z,21,86.0,,completion,False
transcript-2026-04-28-1-26-AddAppleScriptSupport,transcript-2026-04-28-1-26-AddAppleScriptSupport:turn-001,1,User,12,107,2026-04-28T05:50:04Z,,93,,,unavailable,False
transcript-2026-04-28-1-26-AddAppleScriptSupport,transcript-2026-04-28-1-26-AddAppleScriptSupport:turn-002,2,Assistant,108,156,2026-04-28T05:50:04Z,2026-04-28T06:25:28Z,46,2124.0,,completion,False
transcript-2026-04-28-1-26-AddAppleScriptSupport,transcript-2026-04-28-1-26-AddAppleScriptSupport:turn-003,3,User,157,162,2026-04-28T06:25:28Z,,3,,0.0,completion-to-user,True
transcript-2026-04-28-1-26-AddAppleScriptSupport,transcript-2026-04-28-1-26-AddAppleScriptSupport:turn-004,4,Assistant,163,174,2026-04-28T06:25:28Z,2026-04-28T06:33:07Z,9,459.0,,completion,False
transcript-2026-04-28-1-26-AddAppleScriptSupport,transcript-2026-04-28-1-26-AddAppleScriptSupport:turn-005,5,User,175,180,2026-04-28T06:33:07Z,,3,,0.0,completion-to-user,True
transcript-2026-04-28-1-26-AddAppleScriptSupport,transcript-2026-04-28-1-26-AddAppleScriptSupport:turn-006,6,Assistant,181,196,2026-04-28T06:33:07Z,2026-04-28T06:44:31Z,13,684.0,,completion,False
transcript-2026-04-28-1-26-AddAppleScriptSupport,transcript-2026-04-28-1-26-AddAppleScriptSupport:turn-007,7,User,197,208,2026-04-28T06:44:31Z,,9,,0.0,completion-to-user,True
transcript-2026-04-28-1-26-AddAppleScriptSupport,transcript-2026-04-28-1-26-AddAppleScriptSupport:turn-008,8,Assistant,209,236,2026-04-28T06:44:31Z,2026-04-28T06:46:45Z,25,134.0,,completion,False
transcript-2026-04-28-1-26-AddAppleScriptSupport,transcript-2026-04-28-1-26-AddAppleScriptSupport:turn-009,9,User,237,240,2026-04-28T07:56:12Z,,1,,4167.0,completion-to-user,False
transcript-2026-04-28-1-26-AddAppleScriptSupport,transcript-2026-04-28-1-26-AddAppleScriptSupport:turn-010,10,Assistant,241,276,2026-04-28T07:56:12Z,2026-04-28T08:04:28Z,33,496.0,,completion,False
transcript-2026-04-28-1-26-AddAppleScriptSupport,transcript-2026-04-28-1-26-AddAppleScriptSupport:turn-011,11,User,277,286,2026-04-28T08:44:44Z,,7,,2416.0,completion-to-user,False
transcript-2026-04-28-1-26-AddAppleScriptSupport,transcript-2026-04-28-1-26-AddAppleScriptSupport:turn-012,12,Assistant,287,310,2026-04-28T08:44:44Z,2026-04-28T08:55:05Z,21,621.0,,completion,False
transcript-2026-04-28-1-26-AddAppleScriptSupport,transcript-2026-04-28-1-26-AddAppleScriptSupport:turn-013,13,User,311,316,2026-04-28T08:55:05Z,,3,,0.0,completion-to-user,False
transcript-2026-04-28-1-26-AddAppleScriptSupport,transcript-2026-04-28-1-26-AddAppleScriptSupport:turn-014,14,Assistant,317,324,2026-04-28T08:55:05Z,2026-04-28T08:56:41Z,5,96.0,,completion,False
transcript-2026-04-28-1-26-AddAppleScriptSupport,transcript-2026-04-28-1-26-AddAppleScriptSupport:turn-015,15,User,325,330,2026-04-28T08:56:41Z,,3,,0.0,completion-to-user,False
transcript-2026-04-28-1-26-AddAppleScriptSupport,transcript-2026-04-28-1-26-AddAppleScriptSupport:turn-016,16,Assistant,331,381,2026-04-28T08:56:41Z,2026-04-28T09:13:55Z,49,1034.0,,completion,False
transcript-2026-04-28-2-26-AddAppleScriptSupport,transcript-2026-04-28-2-26-AddAppleScriptSupport:turn-001,1,User,12,34,2026-04-28T18:34:28Z,,20,,,unavailable,False
transcript-2026-04-28-2-26-AddAppleScriptSupport,transcript-2026-04-28-2-26-AddAppleScriptSupport:turn-002,2,Assistant,35,57,2026-04-28T18:34:28Z,2026-04-28T18:40:38Z,20,370.0,,completion,False
transcript-2026-04-28-2-26-AddAppleScriptSupport,transcript-2026-04-28-2-26-AddAppleScriptSupport:turn-003,3,User,58,75,2026-04-28T19:22:58Z,,15,,2540.0,completion-to-user,False
transcript-2026-04-28-2-26-AddAppleScriptSupport,transcript-2026-04-28-2-26-AddAppleScriptSupport:turn-004,4,Assistant,76,240,2026-04-28T19:22:58Z,2026-04-28T20:45:44Z,162,4966.0,,completion,False
transcript-2026-04-28-2-26-AddAppleScriptSupport,transcript-2026-04-28-2-26-AddAppleScriptSupport:turn-005,5,User,241,253,2026-04-28T21:27:33Z,,10,,2509.0,completion-to-user,False
transcript-2026-04-28-2-26-AddAppleScriptSupport,transcript-2026-04-28-2-26-AddAppleScriptSupport:turn-006,6,Assistant,254,423,2026-04-28T21:27:33Z,2026-04-28T22:55:53Z,167,5300.0,,completion,False
transcript-2026-04-28-2-26-AddAppleScriptSupport,transcript-2026-04-28-2-26-AddAppleScriptSupport:turn-007,7,User,424,427,2026-04-28T22:55:53Z,,1,,0.0,completion-to-user,False
transcript-2026-04-28-2-26-AddAppleScriptSupport,transcript-2026-04-28-2-26-AddAppleScriptSupport:turn-008,8,Assistant,428,525,2026-04-28T22:55:53Z,2026-04-28T23:26:52Z,96,1859.0,,completion,False
transcript-2026-04-29-1-26-AddAppleScriptSupport,transcript-2026-04-29-1-26-AddAppleScriptSupport:turn-001,1,User,12,46,2026-04-29T02:36:44Z,,32,,,unavailable,False
transcript-2026-04-29-1-26-AddAppleScriptSupport,transcript-2026-04-29-1-26-AddAppleScriptSupport:turn-002,2,Assistant,47,125,2026-04-29T02:36:44Z,2026-04-29T03:05:21Z,77,1717.0,,completion,False
transcript-2026-04-29-2-26-AddAppleScriptSupport,transcript-2026-04-29-2-26-AddAppleScriptSupport:turn-001,1,User,12,30,2026-04-29T07:41:35Z,,16,,,unavailable,False
transcript-2026-04-29-2-26-AddAppleScriptSupport,transcript-2026-04-29-2-26-AddAppleScriptSupport:turn-002,2,Assistant,31,71,2026-04-29T07:41:35Z,2026-04-29T07:52:10Z,38,635.0,,completion,False
transcript-2026-04-29-2-26-AddAppleScriptSupport,transcript-2026-04-29-2-26-AddAppleScriptSupport:turn-003,3,User,72,92,2026-04-29T18:13:27Z,,18,,37277.0,completion-to-user,False
transcript-2026-04-29-2-26-AddAppleScriptSupport,transcript-2026-04-29-2-26-AddAppleScriptSupport:turn-004,4,Assistant,93,142,2026-04-29T18:13:27Z,2026-04-29T18:24:56Z,47,689.0,,completion,False
transcript-2026-04-29-2-26-AddAppleScriptSupport,transcript-2026-04-29-2-26-AddAppleScriptSupport:turn-005,5,User,143,161,2026-04-29T19:20:42Z,,16,,3346.0,completion-to-user,False
transcript-2026-04-29-2-26-AddAppleScriptSupport,transcript-2026-04-29-2-26-AddAppleScriptSupport:turn-006,6,Assistant,162,208,2026-04-29T19:20:42Z,2026-04-29T19:32:54Z,44,732.0,,completion,False
transcript-2026-04-29-2-26-AddAppleScriptSupport,transcript-2026-04-29-2-26-AddAppleScriptSupport:turn-007,7,User,209,228,2026-04-29T21:03:45Z,,17,,5451.0,completion-to-user,False
transcript-2026-04-29-2-26-AddAppleScriptSupport,transcript-2026-04-29-2-26-AddAppleScriptSupport:turn-008,8,Assistant,229,264,2026-04-29T21:03:45Z,2026-04-29T21:18:22Z,33,877.0,,completion,False
transcript-2026-04-29-2-26-AddAppleScriptSupport,transcript-2026-04-29-2-26-AddAppleScriptSupport:turn-009,9,User,265,270,2026-04-29T21:18:22Z,,3,,0.0,completion-to-user,True
transcript-2026-04-29-2-26-AddAppleScriptSupport,transcript-2026-04-29-2-26-AddAppleScriptSupport:turn-010,10,Assistant,271,320,2026-04-29T21:18:22Z,2026-04-29T21:28:18Z,48,596.0,,completion,False
transcript-2026-04-30-1-26-AddAppleScriptSupport,transcript-2026-04-30-1-26-AddAppleScriptSupport:turn-001,1,User,12,35,2026-04-29T23:18:54Z,,21,,,unavailable,False
transcript-2026-04-30-1-26-AddAppleScriptSupport,transcript-2026-04-30-1-26-AddAppleScriptSupport:turn-002,2,Assistant,36,84,2026-04-29T23:18:54Z,2026-04-29T23:28:21Z,46,567.0,,completion,False
transcript-2026-04-30-1-26-AddAppleScriptSupport,transcript-2026-04-30-1-26-AddAppleScriptSupport:turn-003,3,User,85,102,2026-04-29T23:51:32Z,,15,,1391.0,completion-to-user,False
transcript-2026-04-30-1-26-AddAppleScriptSupport,transcript-2026-04-30-1-26-AddAppleScriptSupport:turn-004,4,Assistant,103,137,2026-04-29T23:51:32Z,2026-04-30T00:00:01Z,32,509.0,,completion,False
transcript-2026-04-30-1-26-AddAppleScriptSupport,transcript-2026-04-30-1-26-AddAppleScriptSupport:turn-005,5,User,138,141,2026-04-30T00:28:45Z,,1,,1724.0,completion-to-user,False
transcript-2026-04-30-1-26-AddAppleScriptSupport,transcript-2026-04-30-1-26-AddAppleScriptSupport:turn-006,6,Assistant,142,163,2026-04-30T00:28:45Z,2026-04-30T00:29:03Z,19,18.0,,completion,False
transcript-2026-04-30-1-26-AddAppleScriptSupport,transcript-2026-04-30-1-26-AddAppleScriptSupport:turn-007,7,User,164,167,2026-04-30T04:02:44Z,,1,,12821.0,completion-to-user,False
transcript-2026-04-30-1-26-AddAppleScriptSupport,transcript-2026-04-30-1-26-AddAppleScriptSupport:turn-008,8,Assistant,168,215,2026-04-30T04:02:44Z,2026-04-30T04:11:02Z,45,498.0,,completion,False
transcript-2026-04-30-1-26-AddAppleScriptSupport,transcript-2026-04-30-1-26-AddAppleScriptSupport:turn-009,9,User,216,219,2026-04-30T04:25:47Z,,1,,885.0,completion-to-user,False
transcript-2026-04-30-1-26-AddAppleScriptSupport,transcript-2026-04-30-1-26-AddAppleScriptSupport:turn-010,10,Assistant,220,235,2026-04-30T04:25:47Z,2026-04-30T04:26:20Z,13,33.0,,completion,False
transcript-2026-04-30-1-26-AddAppleScriptSupport,transcript-2026-04-30-1-26-AddAppleScriptSupport:turn-011,11,User,236,242,2026-04-30T04:35:58Z,,4,,578.0,completion-to-user,False
transcript-2026-04-30-1-26-AddAppleScriptSupport,transcript-2026-04-30-1-26-AddAppleScriptSupport:turn-012,12,Assistant,243,260,2026-04-30T04:35:58Z,2026-04-30T04:36:12Z,15,14.0,,completion,False
transcript-2026-04-30-1-26-AddAppleScriptSupport,transcript-2026-04-30-1-26-AddAppleScriptSupport:turn-013,13,User,261,264,2026-04-30T04:53:19Z,,1,,1027.0,completion-to-user,False
transcript-2026-04-30-1-26-AddAppleScriptSupport,transcript-2026-04-30-1-26-AddAppleScriptSupport:turn-014,14,Assistant,265,284,2026-04-30T04:53:19Z,2026-04-30T04:55:05Z,17,106.0,,completion,False
transcript-2026-04-30-1-26-AddAppleScriptSupport,transcript-2026-04-30-1-26-AddAppleScriptSupport:turn-015,15,User,285,307,2026-04-30T06:20:32Z,,20,,5127.0,completion-to-user,False
transcript-2026-04-30-1-26-AddAppleScriptSupport,transcript-2026-04-30-1-26-AddAppleScriptSupport:turn-016,16,Assistant,308,328,2026-04-30T06:20:32Z,2026-04-30T06:26:19Z,18,347.0,,completion,False
transcript-2026-04-30-1-26-AddAppleScriptSupport,transcript-2026-04-30-1-26-AddAppleScriptSupport:turn-017,17,User,329,337,2026-04-30T06:52:32Z,,6,,1573.0,completion-to-user,False
transcript-2026-04-30-1-26-AddAppleScriptSupport,transcript-2026-04-30-1-26-AddAppleScriptSupport:turn-018,18,Assistant,338,351,2026-04-30T06:52:32Z,2026-04-30T06:54:18Z,11,106.0,,completion,False
transcript-2026-04-30-1-26-AddAppleScriptSupport,transcript-2026-04-30-1-26-AddAppleScriptSupport:turn-019,19,User,352,356,2026-04-30T07:04:42Z,,2,,624.0,completion-to-user,False
transcript-2026-04-30-1-26-AddAppleScriptSupport,transcript-2026-04-30-1-26-AddAppleScriptSupport:turn-020,20,Assistant,357,414,2026-04-30T07:04:42Z,2026-04-30T07:14:58Z,56,616.0,,completion,False
transcript-2026-04-30-2-26-AddAppleScriptSupport,transcript-2026-04-30-2-26-AddAppleScriptSupport:turn-001,1,User,12,30,2026-04-30T19:14:13Z,,16,,,unavailable,False
transcript-2026-04-30-2-26-AddAppleScriptSupport,transcript-2026-04-30-2-26-AddAppleScriptSupport:turn-002,2,Assistant,31,93,2026-04-30T19:14:13Z,2026-04-30T19:35:37Z,60,1284.0,,completion,False
transcript-2026-04-30-2-26-AddAppleScriptSupport,transcript-2026-04-30-2-26-AddAppleScriptSupport:turn-003,3,User,94,109,2026-04-30T21:43:51Z,,13,,7694.0,completion-to-user,False
transcript-2026-04-30-2-26-AddAppleScriptSupport,transcript-2026-04-30-2-26-AddAppleScriptSupport:turn-004,4,Assistant,110,137,2026-04-30T21:43:51Z,2026-04-30T21:48:01Z,26,250.0,,completion,False
transcript-2026-05-01-1-26-AddAppleScriptSupport,transcript-2026-05-01-1-26-AddAppleScriptSupport:turn-001,1,User,10,118,2026-05-01T18:09:26Z,,106,,,unavailable,False
transcript-2026-05-01-1-26-AddAppleScriptSupport,transcript-2026-05-01-1-26-AddAppleScriptSupport:turn-002,2,Assistant,119,187,2026-05-01T18:09:26Z,2026-05-01T18:42:36Z,66,1990.0,,completion,False
transcript-2026-05-01-1-26-AddAppleScriptSupport,transcript-2026-05-01-1-26-AddAppleScriptSupport:turn-003,3,User,188,192,2026-05-01T19:05:39Z,,2,,1383.0,completion-to-user,False
transcript-2026-05-01-1-26-AddAppleScriptSupport,transcript-2026-05-01-1-26-AddAppleScriptSupport:turn-004,4,Assistant,193,234,2026-05-01T19:05:39Z,2026-05-01T19:15:25Z,39,586.0,,completion,False
transcript-2026-05-01-1-26-AddAppleScriptSupport,transcript-2026-05-01-1-26-AddAppleScriptSupport:turn-005,5,User,235,257,2026-05-01T19:59:18Z,,20,,2633.0,completion-to-user,False
transcript-2026-05-01-1-26-AddAppleScriptSupport,transcript-2026-05-01-1-26-AddAppleScriptSupport:turn-006,6,Assistant,258,290,2026-05-01T19:59:18Z,2026-05-01T20:07:41Z,31,503.0,,completion,False
transcript-2026-05-02-1-26-AddAppleScriptSupport,transcript-2026-05-02-1-26-AddAppleScriptSupport:turn-001,1,User,10,39,2026-05-02T18:49:06Z,,27,,,unavailable,False
transcript-2026-05-02-1-26-AddAppleScriptSupport,transcript-2026-05-02-1-26-AddAppleScriptSupport:turn-002,2,Assistant,40,90,2026-05-02T18:49:06Z,2026-05-02T18:58:55Z,49,589.0,,completion,False
transcript-2026-05-02-2-26-AddAppleScriptSupport,transcript-2026-05-02-2-26-AddAppleScriptSupport:turn-001,1,User,10,64,2026-05-02T20:33:08Z,,52,,,unavailable,False
transcript-2026-05-02-2-26-AddAppleScriptSupport,transcript-2026-05-02-2-26-AddAppleScriptSupport:turn-002,2,Assistant,65,97,2026-05-02T20:33:08Z,2026-05-02T20:43:58Z,30,650.0,,completion,False
transcript-2026-05-02-2-26-AddAppleScriptSupport,transcript-2026-05-02-2-26-AddAppleScriptSupport:turn-003,3,User,98,133,2026-05-02T23:29:08Z,,33,,9910.0,completion-to-user,False
transcript-2026-05-02-2-26-AddAppleScriptSupport,transcript-2026-05-02-2-26-AddAppleScriptSupport:turn-004,4,Assistant,134,172,2026-05-02T23:29:08Z,2026-05-02T23:37:33Z,36,505.0,,completion,False
transcript-2026-05-03-1-26-AddAppleScriptSupport,transcript-2026-05-03-1-26-AddAppleScriptSupport:turn-001,1,User,10,27,2026-05-03T06:34:06Z,,15,,,unavailable,False
transcript-2026-05-03-1-26-AddAppleScriptSupport,transcript-2026-05-03-1-26-AddAppleScriptSupport:turn-002,2,Assistant,28,70,2026-05-03T06:34:06Z,2026-05-03T06:40:55Z,40,409.0,,completion,False
transcript-2026-05-03-1-26-AddAppleScriptSupport,transcript-2026-05-03-1-26-AddAppleScriptSupport:turn-003,3,User,71,83,2026-05-03T07:30:56Z,,10,,3001.0,completion-to-user,False
transcript-2026-05-03-1-26-AddAppleScriptSupport,transcript-2026-05-03-1-26-AddAppleScriptSupport:turn-004,4,Assistant,84,150,2026-05-03T07:30:56Z,2026-05-03T07:49:53Z,64,1137.0,,completion,False
transcript-2026-05-03-1-26-AddAppleScriptSupport,transcript-2026-05-03-1-26-AddAppleScriptSupport:turn-005,5,User,151,154,2026-05-03T08:27:55Z,,1,,2282.0,completion-to-user,False
transcript-2026-05-03-1-26-AddAppleScriptSupport,transcript-2026-05-03-1-26-AddAppleScriptSupport:turn-006,6,Assistant,155,182,2026-05-03T08:27:55Z,2026-05-03T08:30:02Z,25,127.0,,completion,False
transcript-2026-05-03-2-26-AddAppleScriptSupport,transcript-2026-05-03-2-26-AddAppleScriptSupport:turn-001,1,User,10,23,2026-05-03T09:15:56Z,,11,,,unavailable,False
transcript-2026-05-03-2-26-AddAppleScriptSupport,transcript-2026-05-03-2-26-AddAppleScriptSupport:turn-002,2,Assistant,24,63,2026-05-03T09:15:56Z,2026-05-03T09:25:40Z,37,584.0,,completion,False
transcript-2026-05-03-2-26-AddAppleScriptSupport,transcript-2026-05-03-2-26-AddAppleScriptSupport:turn-003,3,User,64,76,2026-05-03T09:39:16Z,,10,,816.0,completion-to-user,False
transcript-2026-05-03-2-26-AddAppleScriptSupport,transcript-2026-05-03-2-26-AddAppleScriptSupport:turn-004,4,Assistant,77,109,2026-05-03T09:39:16Z,2026-05-03T09:46:41Z,30,445.0,,completion,False
transcript-2026-05-04-1-26-AddAppleScriptSupport,transcript-2026-05-04-1-26-AddAppleScriptSupport:turn-001,1,User,10,28,2026-05-04T04:01:10Z,,16,,,unavailable,False
transcript-2026-05-04-1-26-AddAppleScriptSupport,transcript-2026-05-04-1-26-AddAppleScriptSupport:turn-002,2,Assistant,29,107,2026-05-04T04:01:10Z,2026-05-04T04:27:06Z,76,1556.0,,completion,False
transcript-2026-05-04-1-26-AddAppleScriptSupport,transcript-2026-05-04-1-26-AddAppleScriptSupport:turn-003,3,User,108,133,2026-05-04T05:53:46Z,,23,,5200.0,completion-to-user,False
transcript-2026-05-04-1-26-AddAppleScriptSupport,transcript-2026-05-04-1-26-AddAppleScriptSupport:turn-004,4,Assistant,134,193,2026-05-04T05:53:46Z,2026-05-04T06:18:41Z,57,1495.0,,completion,False
transcript-2026-05-07-1-26-AddAppleScriptSupport,transcript-2026-05-07-1-26-AddAppleScriptSupport:turn-001,1,User,10,38,2026-05-07T21:39:05Z,,26,,,unavailable,False
transcript-2026-05-07-1-26-AddAppleScriptSupport,transcript-2026-05-07-1-26-AddAppleScriptSupport:turn-002,2,Assistant,39,79,2026-05-07T21:39:05Z,2026-05-07T21:48:14Z,38,549.0,,completion,False
transcript-2026-05-07-1-26-AddAppleScriptSupport,transcript-2026-05-07-1-26-AddAppleScriptSupport:turn-003,3,User,80,89,2026-05-09T22:59:53Z,,7,,177099.0,completion-to-user,False
transcript-2026-05-07-1-26-AddAppleScriptSupport,transcript-2026-05-07-1-26-AddAppleScriptSupport:turn-004,4,Assistant,90,137,2026-05-09T22:59:53Z,2026-05-09T23:11:27Z,45,694.0,,completion,False
transcript-2026-05-07-1-26-AddAppleScriptSupport,transcript-2026-05-07-1-26-AddAppleScriptSupport:turn-005,5,User,138,144,2026-05-10T07:38:52Z,,4,,30445.0,completion-to-user,False
transcript-2026-05-07-1-26-AddAppleScriptSupport,transcript-2026-05-07-1-26-AddAppleScriptSupport:turn-006,6,Assistant,145,195,2026-05-10T07:38:52Z,2026-05-10T07:45:31Z,48,399.0,,completion,False
transcript-2026-05-07-1-26-AddAppleScriptSupport,transcript-2026-05-07-1-26-AddAppleScriptSupport:turn-007,7,User,196,219,2026-05-10T08:37:06Z,,21,,3095.0,completion-to-user,False
transcript-2026-05-07-1-26-AddAppleScriptSupport,transcript-2026-05-07-1-26-AddAppleScriptSupport:turn-008,8,Assistant,220,264,2026-05-10T08:37:06Z,2026-05-10T08:54:35Z,42,1049.0,,completion,False
transcript-2026-05-10-1-26-AddAppleScriptSupport,transcript-2026-05-10-1-26-AddAppleScriptSupport:turn-001,1,User,10,24,2026-05-10T19:01:14Z,,12,,,unavailable,False
transcript-2026-05-10-1-26-AddAppleScriptSupport,transcript-2026-05-10-1-26-AddAppleScriptSupport:turn-002,2,Assistant,25,66,2026-05-10T19:01:14Z,2026-05-10T19:07:34Z,39,380.0,,completion,False
transcript-2026-05-10-1-26-AddAppleScriptSupport,transcript-2026-05-10-1-26-AddAppleScriptSupport:turn-003,3,User,67,80,2026-05-10T22:10:06Z,,11,,10952.0,completion-to-user,False
transcript-2026-05-10-1-26-AddAppleScriptSupport,transcript-2026-05-10-1-26-AddAppleScriptSupport:turn-004,4,Assistant,81,124,2026-05-10T22:10:06Z,2026-05-10T22:16:55Z,41,409.0,,completion,False
transcript-2026-05-10-1-26-AddAppleScriptSupport,transcript-2026-05-10-1-26-AddAppleScriptSupport:turn-005,5,User,125,208,2026-05-11T08:02:55Z,,81,,35160.0,completion-to-user,False
transcript-2026-05-10-1-26-AddAppleScriptSupport,transcript-2026-05-10-1-26-AddAppleScriptSupport:turn-006,6,Assistant,209,267,2026-05-11T08:02:55Z,2026-05-11T08:19:38Z,56,1003.0,,completion,False
transcript-2026-05-12-1-28-AddSwiftTagUseDocumentation,transcript-2026-05-12-1-28-AddSwiftTagUseDocumentation:turn-001,1,User,10,15,2026-05-12T00:03:54Z,,3,,,unavailable,False
transcript-2026-05-12-1-28-AddSwiftTagUseDocumentation,transcript-2026-05-12-1-28-AddSwiftTagUseDocumentation:turn-002,2,Assistant,16,45,2026-05-12T00:03:54Z,2026-05-12T00:11:20Z,27,446.0,,completion,False
transcript-2026-05-12-1-28-AddSwiftTagUseDocumentation,transcript-2026-05-12-1-28-AddSwiftTagUseDocumentation:turn-003,3,User,46,53,2026-05-12T23:28:38Z,,5,,83838.0,completion-to-user,False
transcript-2026-05-12-1-28-AddSwiftTagUseDocumentation,transcript-2026-05-12-1-28-AddSwiftTagUseDocumentation:turn-004,4,Assistant,54,94,2026-05-12T23:28:38Z,2026-05-12T23:37:38Z,38,540.0,,completion,False
transcript-2026-05-12-1-28-AddSwiftTagUseDocumentation,transcript-2026-05-12-1-28-AddSwiftTagUseDocumentation:turn-005,5,User,95,98,2026-05-12T23:45:02Z,,1,,444.0,completion-to-user,False
transcript-2026-05-12-1-28-AddSwiftTagUseDocumentation,transcript-2026-05-12-1-28-AddSwiftTagUseDocumentation:turn-006,6,Assistant,99,108,2026-05-12T23:45:02Z,2026-05-12T23:45:20Z,7,18.0,,completion,False
transcript-2026-05-13-1-28-AddSwiftTagUseDocumentation,transcript-2026-05-13-1-28-AddSwiftTagUseDocumentation:turn-001,1,User,10,16,2026-05-13T22:51:36Z,,4,,,unavailable,False
transcript-2026-05-13-1-28-AddSwiftTagUseDocumentation,transcript-2026-05-13-1-28-AddSwiftTagUseDocumentation:turn-002,2,Assistant,17,39,2026-05-13T22:51:36Z,2026-05-13T22:53:11Z,20,95.0,,completion,False
transcript-2026-05-13-1-28-AddSwiftTagUseDocumentation,transcript-2026-05-13-1-28-AddSwiftTagUseDocumentation:turn-003,3,User,40,43,2026-05-14T06:11:36Z,,1,,26305.0,completion-to-user,False
transcript-2026-05-13-1-28-AddSwiftTagUseDocumentation,transcript-2026-05-13-1-28-AddSwiftTagUseDocumentation:turn-004,4,Assistant,44,61,2026-05-14T06:11:36Z,2026-05-14T06:12:28Z,15,52.0,,completion,False
transcript-2026-05-13-1-28-AddSwiftTagUseDocumentation,transcript-2026-05-13-1-28-AddSwiftTagUseDocumentation:turn-005,5,User,62,70,2026-05-14T19:25:27Z,,6,,47579.0,completion-to-user,False
transcript-2026-05-13-1-28-AddSwiftTagUseDocumentation,transcript-2026-05-13-1-28-AddSwiftTagUseDocumentation:turn-006,6,Assistant,71,90,2026-05-14T19:25:27Z,2026-05-14T19:27:12Z,17,105.0,,completion,False
transcript-2026-05-13-1-28-AddSwiftTagUseDocumentation,transcript-2026-05-13-1-28-AddSwiftTagUseDocumentation:turn-007,7,User,91,94,2026-05-15T00:43:23Z,,1,,18971.0,completion-to-user,False
transcript-2026-05-13-1-28-AddSwiftTagUseDocumentation,transcript-2026-05-13-1-28-AddSwiftTagUseDocumentation:turn-008,8,Assistant,95,106,2026-05-15T00:43:23Z,2026-05-15T00:44:24Z,9,61.0,,completion,False
transcript-2026-05-13-1-28-AddSwiftTagUseDocumentation,transcript-2026-05-13-1-28-AddSwiftTagUseDocumentation:turn-009,9,User,107,112,2026-05-15T04:13:31Z,,3,,12547.0,completion-to-user,False
transcript-2026-05-13-1-28-AddSwiftTagUseDocumentation,transcript-2026-05-13-1-28-AddSwiftTagUseDocumentation:turn-010,10,Assistant,113,144,2026-05-15T04:13:31Z,2026-05-15T04:16:35Z,29,184.0,,completion,False
transcript-2026-05-13-1-28-AddSwiftTagUseDocumentation,transcript-2026-05-13-1-28-AddSwiftTagUseDocumentation:turn-011,11,User,145,148,2026-05-15T04:38:58Z,,1,,1343.0,completion-to-user,False
transcript-2026-05-13-1-28-AddSwiftTagUseDocumentation,transcript-2026-05-13-1-28-AddSwiftTagUseDocumentation:turn-012,12,Assistant,149,172,2026-05-15T04:38:58Z,2026-05-15T04:40:05Z,21,67.0,,completion,False
transcript-2026-05-15-1-29-AddSandboxSettings,transcript-2026-05-15-1-29-AddSandboxSettings:turn-001,1,User,10,21,2026-05-15T19:50:54Z,,9,,,unavailable,False
transcript-2026-05-15-1-29-AddSandboxSettings,transcript-2026-05-15-1-29-AddSandboxSettings:turn-002,2,Assistant,22,46,2026-05-15T19:50:54Z,2026-05-15T19:56:19Z,22,325.0,,completion,False
transcript-2026-05-15-1-29-AddSandboxSettings,transcript-2026-05-15-1-29-AddSandboxSettings:turn-003,3,User,47,53,2026-05-15T20:40:40Z,,4,,2661.0,completion-to-user,False
transcript-2026-05-15-1-29-AddSandboxSettings,transcript-2026-05-15-1-29-AddSandboxSettings:turn-004,4,Assistant,54,78,2026-05-15T20:40:40Z,2026-05-15T20:42:19Z,22,99.0,,completion,False
transcript-2026-05-15-1-29-AddSandboxSettings,transcript-2026-05-15-1-29-AddSandboxSettings:turn-005,5,User,79,84,2026-05-16T17:52:24Z,,3,,76205.0,completion-to-user,False
transcript-2026-05-15-1-29-AddSandboxSettings,transcript-2026-05-15-1-29-AddSandboxSettings:turn-006,6,Assistant,85,142,2026-05-16T17:52:24Z,2026-05-16T18:04:37Z,55,733.0,,completion,False
transcript-2026-05-15-1-29-AddSandboxSettings,transcript-2026-05-15-1-29-AddSandboxSettings:turn-007,7,User,143,146,2026-05-16T19:03:34Z,,1,,3537.0,completion-to-user,False
transcript-2026-05-15-1-29-AddSandboxSettings,transcript-2026-05-15-1-29-AddSandboxSettings:turn-008,8,Assistant,147,169,2026-05-16T19:03:34Z,2026-05-16T19:05:13Z,20,99.0,,completion,False
transcript-2026-05-15-1-29-AddSandboxSettings,transcript-2026-05-15-1-29-AddSandboxSettings:turn-009,9,User,170,173,2026-05-16T19:17:56Z,,1,,763.0,completion-to-user,False
transcript-2026-05-15-1-29-AddSandboxSettings,transcript-2026-05-15-1-29-AddSandboxSettings:turn-010,10,Assistant,174,198,2026-05-16T19:17:56Z,2026-05-16T19:23:11Z,22,315.0,,completion,False
transcript-2026-05-15-1-29-AddSandboxSettings,transcript-2026-05-15-1-29-AddSandboxSettings:turn-011,11,User,199,202,2026-05-16T20:05:02Z,,1,,2511.0,completion-to-user,False
transcript-2026-05-15-1-29-AddSandboxSettings,transcript-2026-05-15-1-29-AddSandboxSettings:turn-012,12,Assistant,203,237,2026-05-16T20:05:02Z,2026-05-16T20:15:07Z,32,605.0,,completion,False
transcript-2026-05-18-1-28-AddSwiftTagUseDocumentation,transcript-2026-05-18-1-28-AddSwiftTagUseDocumentation:turn-001,1,User,10,15,2026-05-18T22:57:45Z,,3,,,unavailable,False
transcript-2026-05-18-1-28-AddSwiftTagUseDocumentation,transcript-2026-05-18-1-28-AddSwiftTagUseDocumentation:turn-002,2,Assistant,16,68,2026-05-18T22:57:45Z,2026-05-18T23:04:28Z,50,403.0,,completion,False
transcript-2026-05-18-1-28-AddSwiftTagUseDocumentation,transcript-2026-05-18-1-28-AddSwiftTagUseDocumentation:turn-003,3,User,69,72,2026-05-19T07:26:15Z,,1,,30107.0,completion-to-user,False
transcript-2026-05-18-1-28-AddSwiftTagUseDocumentation,transcript-2026-05-18-1-28-AddSwiftTagUseDocumentation:turn-004,4,Assistant,73,98,2026-05-19T07:26:15Z,2026-05-19T07:30:26Z,23,251.0,,completion,False
transcript-2026-05-18-1-28-AddSwiftTagUseDocumentation,transcript-2026-05-18-1-28-AddSwiftTagUseDocumentation:turn-005,5,User,99,102,2026-05-19T18:55:15Z,,1,,41089.0,completion-to-user,False
transcript-2026-05-18-1-28-AddSwiftTagUseDocumentation,transcript-2026-05-18-1-28-AddSwiftTagUseDocumentation:turn-006,6,Assistant,103,137,2026-05-19T18:55:15Z,2026-05-19T19:07:51Z,32,756.0,,completion,False
transcript-2026-05-18-1-28-AddSwiftTagUseDocumentation,transcript-2026-05-18-1-28-AddSwiftTagUseDocumentation:turn-007,7,User,138,141,2026-05-19T20:04:33Z,,1,,3402.0,completion-to-user,False
transcript-2026-05-18-1-28-AddSwiftTagUseDocumentation,transcript-2026-05-18-1-28-AddSwiftTagUseDocumentation:turn-008,8,Assistant,142,157,2026-05-19T20:04:33Z,2026-05-19T20:05:11Z,13,38.0,,completion,False
transcript-2026-05-18-1-28-AddSwiftTagUseDocumentation,transcript-2026-05-18-1-28-AddSwiftTagUseDocumentation:turn-009,9,User,158,161,2026-05-19T20:23:46Z,,1,,1115.0,completion-to-user,False
transcript-2026-05-18-1-28-AddSwiftTagUseDocumentation,transcript-2026-05-18-1-28-AddSwiftTagUseDocumentation:turn-010,10,Assistant,162,175,2026-05-19T20:23:46Z,2026-05-19T20:24:36Z,11,50.0,,completion,False
transcript-2026-05-18-1-28-AddSwiftTagUseDocumentation,transcript-2026-05-18-1-28-AddSwiftTagUseDocumentation:turn-011,11,User,176,179,2026-05-19T21:05:13Z,,1,,2437.0,completion-to-user,False
transcript-2026-05-18-1-28-AddSwiftTagUseDocumentation,transcript-2026-05-18-1-28-AddSwiftTagUseDocumentation:turn-012,12,Assistant,180,191,2026-05-19T21:05:13Z,2026-05-19T21:05:50Z,9,37.0,,completion,False
transcript-2026-05-18-1-28-AddSwiftTagUseDocumentation,transcript-2026-05-18-1-28-AddSwiftTagUseDocumentation:turn-013,13,User,192,195,2026-05-19T21:12:54Z,,1,,424.0,completion-to-user,False
transcript-2026-05-18-1-28-AddSwiftTagUseDocumentation,transcript-2026-05-18-1-28-AddSwiftTagUseDocumentation:turn-014,14,Assistant,196,207,2026-05-19T21:12:54Z,2026-05-19T21:13:24Z,9,30.0,,completion,False
transcript-2026-05-18-1-28-AddSwiftTagUseDocumentation,transcript-2026-05-18-1-28-AddSwiftTagUseDocumentation:turn-015,15,User,208,211,2026-05-19T21:20:07Z,,1,,403.0,completion-to-user,False
transcript-2026-05-18-1-28-AddSwiftTagUseDocumentation,transcript-2026-05-18-1-28-AddSwiftTagUseDocumentation:turn-016,16,Assistant,212,223,2026-05-19T21:20:07Z,2026-05-19T21:20:48Z,9,41.0,,completion,False
transcript-2026-05-18-1-28-AddSwiftTagUseDocumentation,transcript-2026-05-18-1-28-AddSwiftTagUseDocumentation:turn-017,17,User,224,227,2026-05-19T22:10:40Z,,1,,2992.0,completion-to-user,False
transcript-2026-05-18-1-28-AddSwiftTagUseDocumentation,transcript-2026-05-18-1-28-AddSwiftTagUseDocumentation:turn-018,18,Assistant,228,241,2026-05-19T22:10:40Z,2026-05-19T22:11:37Z,11,57.0,,completion,False
transcript-2026-05-18-1-28-AddSwiftTagUseDocumentation,transcript-2026-05-18-1-28-AddSwiftTagUseDocumentation:turn-019,19,User,242,245,2026-05-19T22:31:19Z,,1,,1182.0,completion-to-user,False
transcript-2026-05-18-1-28-AddSwiftTagUseDocumentation,transcript-2026-05-18-1-28-AddSwiftTagUseDocumentation:turn-020,20,Assistant,246,261,2026-05-19T22:31:19Z,2026-05-19T22:32:04Z,13,45.0,,completion,False
transcript-2026-05-18-1-28-AddSwiftTagUseDocumentation,transcript-2026-05-18-1-28-AddSwiftTagUseDocumentation:turn-021,21,User,262,265,2026-05-19T23:05:45Z,,1,,2021.0,completion-to-user,False
transcript-2026-05-18-1-28-AddSwiftTagUseDocumentation,transcript-2026-05-18-1-28-AddSwiftTagUseDocumentation:turn-022,22,Assistant,266,282,2026-05-19T23:05:45Z,2026-05-19T23:08:17Z,14,152.0,,completion,False
transcript-2026-05-18-1-28-AddSwiftTagUseDocumentation,transcript-2026-05-18-1-28-AddSwiftTagUseDocumentation:turn-023,23,User,283,286,2026-05-20T02:23:18Z,,1,,11701.0,completion-to-user,False
transcript-2026-05-18-1-28-AddSwiftTagUseDocumentation,transcript-2026-05-18-1-28-AddSwiftTagUseDocumentation:turn-024,24,Assistant,287,302,2026-05-20T02:23:18Z,2026-05-20T02:24:44Z,13,86.0,,completion,False
transcript-2026-05-18-1-28-AddSwiftTagUseDocumentation,transcript-2026-05-18-1-28-AddSwiftTagUseDocumentation:turn-025,25,User,303,306,2026-05-20T06:33:33Z,,1,,14929.0,completion-to-user,False
transcript-2026-05-18-1-28-AddSwiftTagUseDocumentation,transcript-2026-05-18-1-28-AddSwiftTagUseDocumentation:turn-026,26,Assistant,307,335,2026-05-20T06:33:33Z,2026-05-20T06:38:58Z,26,325.0,,completion,False
transcript-2026-05-20-1-MakePictureFix,transcript-2026-05-20-1-MakePictureFix:turn-001,1,User,10,29,2026-05-20T18:26:43Z,,17,,,unavailable,False
transcript-2026-05-20-1-MakePictureFix,transcript-2026-05-20-1-MakePictureFix:turn-002,2,Assistant,30,89,2026-05-20T18:26:43Z,2026-05-20T18:50:57Z,57,1454.0,,completion,False
transcript-2026-05-20-1-MakePictureFix,transcript-2026-05-20-1-MakePictureFix:turn-003,3,User,90,93,2026-05-20T20:17:51Z,,1,,5214.0,completion-to-user,False
transcript-2026-05-20-1-MakePictureFix,transcript-2026-05-20-1-MakePictureFix:turn-004,4,Assistant,94,134,2026-05-20T20:17:51Z,2026-05-20T20:29:02Z,38,671.0,,completion,False
transcript-2026-05-20-2-28-AddSwiftTagUseDocumentation,transcript-2026-05-20-2-28-AddSwiftTagUseDocumentation:turn-001,1,User,10,13,2026-05-20T16:46:27Z,,1,,,unavailable,False
transcript-2026-05-20-2-28-AddSwiftTagUseDocumentation,transcript-2026-05-20-2-28-AddSwiftTagUseDocumentation:turn-002,2,Assistant,14,33,2026-05-20T16:46:27Z,2026-05-20T16:50:15Z,17,228.0,,completion,False
transcript-2026-05-20-2-28-AddSwiftTagUseDocumentation,transcript-2026-05-20-2-28-AddSwiftTagUseDocumentation:turn-003,3,User,34,37,2026-05-21T07:26:08Z,,1,,52553.0,completion-to-user,False
transcript-2026-05-20-2-28-AddSwiftTagUseDocumentation,transcript-2026-05-20-2-28-AddSwiftTagUseDocumentation:turn-004,4,Assistant,38,55,2026-05-21T07:26:08Z,2026-05-21T07:28:56Z,15,168.0,,completion,False
transcript-2026-05-20-2-28-AddSwiftTagUseDocumentation,transcript-2026-05-20-2-28-AddSwiftTagUseDocumentation:turn-005,5,User,56,59,2026-05-21T07:52:28Z,,1,,1412.0,completion-to-user,False
transcript-2026-05-20-2-28-AddSwiftTagUseDocumentation,transcript-2026-05-20-2-28-AddSwiftTagUseDocumentation:turn-006,6,Assistant,60,73,2026-05-21T07:52:28Z,2026-05-21T07:53:54Z,11,86.0,,completion,False
transcript-2026-05-20-2-28-AddSwiftTagUseDocumentation,transcript-2026-05-20-2-28-AddSwiftTagUseDocumentation:turn-007,7,User,74,77,2026-05-21T08:49:54Z,,1,,3360.0,completion-to-user,False
transcript-2026-05-20-2-28-AddSwiftTagUseDocumentation,transcript-2026-05-20-2-28-AddSwiftTagUseDocumentation:turn-008,8,Assistant,78,95,2026-05-21T08:49:54Z,2026-05-21T08:52:15Z,15,141.0,,completion,False
transcript-2026-05-26-1-MiscCleanupAndDocs,transcript-2026-05-26-1-MiscCleanupAndDocs:turn-001,1,User,10,20,2026-05-26T21:38:56Z,,8,,,unavailable,False
transcript-2026-05-26-1-MiscCleanupAndDocs,transcript-2026-05-26-1-MiscCleanupAndDocs:turn-002,2,Assistant,21,40,2026-05-26T21:38:56Z,2026-05-26T21:44:27Z,17,331.0,,completion,False
transcript-2026-05-26-1-MiscCleanupAndDocs,transcript-2026-05-26-1-MiscCleanupAndDocs:turn-003,3,User,41,44,2026-05-26T22:45:27Z,,1,,3660.0,completion-to-user,False
transcript-2026-05-26-1-MiscCleanupAndDocs,transcript-2026-05-26-1-MiscCleanupAndDocs:turn-004,4,Assistant,45,73,2026-05-26T22:45:27Z,2026-05-26T22:47:23Z,26,116.0,,completion,False
transcript-2026-05-26-1-MiscCleanupAndDocs,transcript-2026-05-26-1-MiscCleanupAndDocs:turn-005,5,User,74,77,2026-05-26T22:59:17Z,,1,,714.0,completion-to-user,False
transcript-2026-05-26-1-MiscCleanupAndDocs,transcript-2026-05-26-1-MiscCleanupAndDocs:turn-006,6,Assistant,78,101,2026-05-26T22:59:17Z,2026-05-26T23:01:59Z,21,162.0,,completion,False
transcript-2026-05-26-1-MiscCleanupAndDocs,transcript-2026-05-26-1-MiscCleanupAndDocs:turn-007,7,User,102,105,2026-05-26T23:26:13Z,,1,,1454.0,completion-to-user,False
transcript-2026-05-26-1-MiscCleanupAndDocs,transcript-2026-05-26-1-MiscCleanupAndDocs:turn-008,8,Assistant,106,125,2026-05-26T23:26:13Z,2026-05-26T23:26:51Z,17,38.0,,completion,False
transcript-2026-05-30-1-DiffFormatAndTestFix,transcript-2026-05-30-1-DiffFormatAndTestFix:turn-001,1,User,10,22,2026-05-30T17:48:14Z,,10,,,unavailable,False
transcript-2026-05-30-1-DiffFormatAndTestFix,transcript-2026-05-30-1-DiffFormatAndTestFix:turn-002,2,Assistant,23,96,2026-05-30T17:48:14Z,2026-05-30T18:15:29Z,71,1635.0,,completion,False
transcript-2026-05-30-1-DiffFormatAndTestFix,transcript-2026-05-30-1-DiffFormatAndTestFix:turn-003,3,User,97,118,2026-05-30T20:14:17Z,,19,,7128.0,completion-to-user,False
transcript-2026-05-30-1-DiffFormatAndTestFix,transcript-2026-05-30-1-DiffFormatAndTestFix:turn-004,4,Assistant,119,158,2026-05-30T20:14:17Z,2026-05-30T20:24:10Z,37,593.0,,completion,False
transcript-2026-05-30-1-DiffFormatAndTestFix,transcript-2026-05-30-1-DiffFormatAndTestFix:turn-005,5,User,159,167,2026-05-30T21:07:16Z,,6,,2586.0,completion-to-user,False
transcript-2026-05-30-1-DiffFormatAndTestFix,transcript-2026-05-30-1-DiffFormatAndTestFix:turn-006,6,Assistant,168,201,2026-05-30T21:07:16Z,2026-05-30T21:13:02Z,31,346.0,,completion,False
transcript-2026-05-30-1-DiffFormatAndTestFix,transcript-2026-05-30-1-DiffFormatAndTestFix:turn-007,7,User,202,207,2026-05-30T22:38:23Z,,3,,5121.0,completion-to-user,False
transcript-2026-05-30-1-DiffFormatAndTestFix,transcript-2026-05-30-1-DiffFormatAndTestFix:turn-008,8,Assistant,208,234,2026-05-30T22:38:23Z,2026-05-30T22:42:05Z,24,222.0,,completion,False
transcript-2026-05-30-1-DiffFormatAndTestFix,transcript-2026-05-30-1-DiffFormatAndTestFix:turn-009,9,User,235,238,2026-05-30T22:58:43Z,,1,,998.0,completion-to-user,False
transcript-2026-05-30-1-DiffFormatAndTestFix,transcript-2026-05-30-1-DiffFormatAndTestFix:turn-010,10,Assistant,239,261,2026-05-30T22:58:43Z,2026-05-30T23:06:34Z,20,471.0,,completion,False
transcript-2026-05-30-1-DiffFormatAndTestFix,transcript-2026-05-30-1-DiffFormatAndTestFix:turn-011,11,User,262,265,2026-05-30T23:18:02Z,,1,,688.0,completion-to-user,False
transcript-2026-05-30-1-DiffFormatAndTestFix,transcript-2026-05-30-1-DiffFormatAndTestFix:turn-012,12,Assistant,266,288,2026-05-30T23:18:02Z,2026-05-30T23:21:50Z,20,228.0,,completion,False
transcript-2026-05-30-1-DiffFormatAndTestFix,transcript-2026-05-30-1-DiffFormatAndTestFix:turn-013,13,User,289,292,2026-05-31T00:14:43Z,,1,,3173.0,completion-to-user,False
transcript-2026-05-30-1-DiffFormatAndTestFix,transcript-2026-05-30-1-DiffFormatAndTestFix:turn-014,14,Assistant,293,321,2026-05-31T00:14:43Z,2026-05-31T00:18:54Z,26,251.0,,completion,False
transcript-2026-06-03-1-UpdatesForRelease-1-0-2,transcript-2026-06-03-1-UpdatesForRelease-1-0-2:turn-001,1,User,10,19,2026-06-03T23:41:02Z,,7,,,unavailable,False
transcript-2026-06-03-1-UpdatesForRelease-1-0-2,transcript-2026-06-03-1-UpdatesForRelease-1-0-2:turn-002,2,Assistant,20,55,2026-06-03T23:41:02Z,2026-06-03T23:49:02Z,33,480.0,,completion,False
transcript-2026-06-03-1-UpdatesForRelease-1-0-2,transcript-2026-06-03-1-UpdatesForRelease-1-0-2:turn-003,3,User,56,63,2026-06-04T19:02:29Z,,5,,69207.0,completion-to-user,False
transcript-2026-06-03-1-UpdatesForRelease-1-0-2,transcript-2026-06-03-1-UpdatesForRelease-1-0-2:turn-004,4,Assistant,64,134,2026-06-04T19:02:29Z,2026-06-04T19:11:51Z,68,562.0,,completion,False
transcript-2026-06-03-1-UpdatesForRelease-1-0-2,transcript-2026-06-03-1-UpdatesForRelease-1-0-2:turn-005,5,User,135,144,2026-06-05T20:50:58Z,,7,,92347.0,completion-to-user,False
transcript-2026-06-03-1-UpdatesForRelease-1-0-2,transcript-2026-06-03-1-UpdatesForRelease-1-0-2:turn-006,6,Assistant,145,210,2026-06-05T20:50:58Z,2026-06-05T20:55:53Z,63,295.0,,completion,False
transcript-2026-06-03-1-UpdatesForRelease-1-0-2,transcript-2026-06-03-1-UpdatesForRelease-1-0-2:turn-007,7,User,211,228,2026-06-05T21:33:14Z,,15,,2241.0,completion-to-user,False
transcript-2026-06-03-1-UpdatesForRelease-1-0-2,transcript-2026-06-03-1-UpdatesForRelease-1-0-2:turn-008,8,Assistant,229,281,2026-06-05T21:33:14Z,2026-06-05T21:36:40Z,50,206.0,,completion,False
transcript-2026-06-03-1-UpdatesForRelease-1-0-2,transcript-2026-06-03-1-UpdatesForRelease-1-0-2:turn-009,9,User,282,290,2026-06-05T22:50:24Z,,6,,4424.0,completion-to-user,False
transcript-2026-06-03-1-UpdatesForRelease-1-0-2,transcript-2026-06-03-1-UpdatesForRelease-1-0-2:turn-010,10,Assistant,291,346,2026-06-05T22:50:24Z,2026-06-05T22:57:01Z,53,397.0,,completion,False
transcript-2026-06-03-1-UpdatesForRelease-1-0-2,transcript-2026-06-03-1-UpdatesForRelease-1-0-2:turn-011,11,User,347,350,2026-06-06T00:31:28Z,,1,,5667.0,completion-to-user,False
transcript-2026-06-03-1-UpdatesForRelease-1-0-2,transcript-2026-06-03-1-UpdatesForRelease-1-0-2:turn-012,12,Assistant,351,396,2026-06-06T00:31:28Z,2026-06-06T00:50:56Z,43,1168.0,,completion,False
transcript-2026-06-03-1-UpdatesForRelease-1-0-2,transcript-2026-06-03-1-UpdatesForRelease-1-0-2:turn-013,13,User,397,404,2026-06-06T00:50:56Z,,5,,0.0,completion-to-user,True
transcript-2026-06-03-1-UpdatesForRelease-1-0-2,transcript-2026-06-03-1-UpdatesForRelease-1-0-2:turn-014,14,Assistant,405,426,2026-06-06T00:50:56Z,2026-06-06T01:01:16Z,19,620.0,,completion,False
transcript-2026-06-03-1-UpdatesForRelease-1-0-2,transcript-2026-06-03-1-UpdatesForRelease-1-0-2:turn-015,15,User,427,432,2026-06-06T01:01:16Z,,3,,0.0,completion-to-user,True
transcript-2026-06-03-1-UpdatesForRelease-1-0-2,transcript-2026-06-03-1-UpdatesForRelease-1-0-2:turn-016,16,Assistant,433,462,2026-06-06T01:01:16Z,2026-06-06T01:04:51Z,27,215.0,,completion,False
transcript-2026-06-15-1-30-AutoUpdateTrackTotalByDisc,transcript-2026-06-15-1-30-AutoUpdateTrackTotalByDisc:turn-001,1,User,10,23,2026-06-15T19:52:10Z,,11,,,unavailable,False
transcript-2026-06-15-1-30-AutoUpdateTrackTotalByDisc,transcript-2026-06-15-1-30-AutoUpdateTrackTotalByDisc:turn-002,2,Assistant,24,63,2026-06-15T19:52:10Z,2026-06-15T19:57:13Z,37,303.0,,completion,False
transcript-2026-06-15-1-30-AutoUpdateTrackTotalByDisc,transcript-2026-06-15-1-30-AutoUpdateTrackTotalByDisc:turn-003,3,User,64,71,2026-06-15T20:13:35Z,,5,,982.0,completion-to-user,False
transcript-2026-06-15-1-30-AutoUpdateTrackTotalByDisc,transcript-2026-06-15-1-30-AutoUpdateTrackTotalByDisc:turn-004,4,Assistant,72,99,2026-06-15T20:13:35Z,2026-06-15T20:16:16Z,25,161.0,,completion,False
transcript-2026-06-15-1-30-AutoUpdateTrackTotalByDisc,transcript-2026-06-15-1-30-AutoUpdateTrackTotalByDisc:turn-005,5,User,100,103,2026-06-15T20:25:02Z,,1,,526.0,completion-to-user,False
transcript-2026-06-15-1-30-AutoUpdateTrackTotalByDisc,transcript-2026-06-15-1-30-AutoUpdateTrackTotalByDisc:turn-006,6,Assistant,104,122,2026-06-15T20:25:02Z,2026-06-15T20:25:48Z,16,46.0,,completion,False
transcript-2026-06-15-1-30-AutoUpdateTrackTotalByDisc,transcript-2026-06-15-1-30-AutoUpdateTrackTotalByDisc:turn-007,7,User,123,126,2026-06-15T20:28:54Z,,1,,186.0,completion-to-user,False
transcript-2026-06-15-1-30-AutoUpdateTrackTotalByDisc,transcript-2026-06-15-1-30-AutoUpdateTrackTotalByDisc:turn-008,8,Assistant,127,229,2026-06-15T20:28:54Z,2026-06-15T20:40:15Z,100,681.0,,completion,False
transcript-2026-06-15-1-30-AutoUpdateTrackTotalByDisc,transcript-2026-06-15-1-30-AutoUpdateTrackTotalByDisc:turn-009,9,User,230,233,2026-06-15T21:12:01Z,,1,,1906.0,completion-to-user,False
transcript-2026-06-15-1-30-AutoUpdateTrackTotalByDisc,transcript-2026-06-15-1-30-AutoUpdateTrackTotalByDisc:turn-010,10,Assistant,234,258,2026-06-15T21:12:01Z,2026-06-15T21:14:25Z,22,144.0,,completion,False
transcript-2026-06-15-1-30-AutoUpdateTrackTotalByDisc,transcript-2026-06-15-1-30-AutoUpdateTrackTotalByDisc:turn-011,11,User,259,262,2026-06-15T21:29:20Z,,1,,895.0,completion-to-user,False
transcript-2026-06-15-1-30-AutoUpdateTrackTotalByDisc,transcript-2026-06-15-1-30-AutoUpdateTrackTotalByDisc:turn-012,12,Assistant,263,283,2026-06-15T21:29:20Z,2026-06-15T21:30:26Z,18,66.0,,completion,False
transcript-2026-06-16-1-31-AddTrackSortAndNumbering,transcript-2026-06-16-1-31-AddTrackSortAndNumbering:turn-001,1,User,10,53,2026-06-16T06:32:00Z,,41,,,unavailable,False
transcript-2026-06-16-1-31-AddTrackSortAndNumbering,transcript-2026-06-16-1-31-AddTrackSortAndNumbering:turn-002,2,Assistant,54,89,2026-06-16T06:32:00Z,2026-06-16T06:37:50Z,33,350.0,,completion,False
transcript-2026-06-16-1-31-AddTrackSortAndNumbering,transcript-2026-06-16-1-31-AddTrackSortAndNumbering:turn-003,3,User,90,93,2026-06-16T06:52:59Z,,1,,909.0,completion-to-user,False
transcript-2026-06-16-1-31-AddTrackSortAndNumbering,transcript-2026-06-16-1-31-AddTrackSortAndNumbering:turn-004,4,Assistant,94,108,2026-06-16T06:52:59Z,2026-06-16T06:53:22Z,12,23.0,,completion,False
transcript-2026-06-16-1-31-AddTrackSortAndNumbering,transcript-2026-06-16-1-31-AddTrackSortAndNumbering:turn-005,5,User,109,112,2026-06-16T20:06:46Z,,1,,47604.0,completion-to-user,False
transcript-2026-06-16-1-31-AddTrackSortAndNumbering,transcript-2026-06-16-1-31-AddTrackSortAndNumbering:turn-006,6,Assistant,113,149,2026-06-16T20:06:46Z,2026-06-16T20:21:22Z,34,876.0,,completion,False
transcript-2026-06-16-1-31-AddTrackSortAndNumbering,transcript-2026-06-16-1-31-AddTrackSortAndNumbering:turn-007,7,User,150,166,2026-06-17T04:29:24Z,,14,,29282.0,completion-to-user,False
transcript-2026-06-16-1-31-AddTrackSortAndNumbering,transcript-2026-06-16-1-31-AddTrackSortAndNumbering:turn-008,8,Assistant,167,236,2026-06-17T04:29:24Z,2026-06-17T04:41:14Z,67,710.0,,completion,False
transcript-2026-06-17-1-32-AutoUpdateDiscTotal,transcript-2026-06-17-1-32-AutoUpdateDiscTotal:turn-001,1,User,10,24,2026-06-17T16:00:07Z,,12,,,unavailable,False
transcript-2026-06-17-1-32-AutoUpdateDiscTotal,transcript-2026-06-17-1-32-AutoUpdateDiscTotal:turn-002,2,Assistant,25,60,2026-06-17T16:00:07Z,2026-06-17T16:04:16Z,33,249.0,,completion,False
transcript-2026-06-17-1-32-AutoUpdateDiscTotal,transcript-2026-06-17-1-32-AutoUpdateDiscTotal:turn-003,3,User,61,69,2026-06-17T16:19:54Z,,6,,938.0,completion-to-user,False
transcript-2026-06-17-1-32-AutoUpdateDiscTotal,transcript-2026-06-17-1-32-AutoUpdateDiscTotal:turn-004,4,Assistant,70,91,2026-06-17T16:19:54Z,2026-06-17T16:21:36Z,19,102.0,,completion,False
transcript-2026-06-17-1-32-AutoUpdateDiscTotal,transcript-2026-06-17-1-32-AutoUpdateDiscTotal:turn-005,5,User,92,95,2026-06-17T16:27:54Z,,1,,378.0,completion-to-user,False
transcript-2026-06-17-1-32-AutoUpdateDiscTotal,transcript-2026-06-17-1-32-AutoUpdateDiscTotal:turn-006,6,Assistant,96,186,2026-06-17T16:27:54Z,2026-06-17T16:38:47Z,88,653.0,,completion,False
transcript-2026-06-17-1-32-AutoUpdateDiscTotal,transcript-2026-06-17-1-32-AutoUpdateDiscTotal:turn-007,7,User,187,195,2026-06-17T17:11:19Z,,6,,1952.0,completion-to-user,False
transcript-2026-06-17-1-32-AutoUpdateDiscTotal,transcript-2026-06-17-1-32-AutoUpdateDiscTotal:turn-008,8,Assistant,196,230,2026-06-17T17:11:19Z,2026-06-17T17:13:41Z,32,142.0,,completion,False
transcript-2026-06-17-1-32-AutoUpdateDiscTotal,transcript-2026-06-17-1-32-AutoUpdateDiscTotal:turn-009,9,User,231,237,2026-06-17T17:21:40Z,,4,,479.0,completion-to-user,False
transcript-2026-06-17-1-32-AutoUpdateDiscTotal,transcript-2026-06-17-1-32-AutoUpdateDiscTotal:turn-010,10,Assistant,238,264,2026-06-17T17:21:40Z,2026-06-17T17:23:24Z,24,104.0,,completion,False
transcript-2026-06-18-1-33-AddTrackFileRename,transcript-2026-06-18-1-33-AddTrackFileRename:turn-001,1,User,10,33,2026-06-18T00:16:24Z,,21,,,unavailable,False
transcript-2026-06-18-1-33-AddTrackFileRename,transcript-2026-06-18-1-33-AddTrackFileRename:turn-002,2,Assistant,34,61,2026-06-18T00:16:24Z,2026-06-18T00:21:45Z,25,321.0,,completion,False
transcript-2026-06-18-1-33-AddTrackFileRename,transcript-2026-06-18-1-33-AddTrackFileRename:turn-003,3,User,62,81,2026-06-18T19:47:24Z,,17,,69939.0,completion-to-user,False
transcript-2026-06-18-1-33-AddTrackFileRename,transcript-2026-06-18-1-33-AddTrackFileRename:turn-004,4,Assistant,82,107,2026-06-18T19:47:24Z,2026-06-18T19:51:57Z,23,273.0,,completion,False
transcript-2026-06-18-1-33-AddTrackFileRename,transcript-2026-06-18-1-33-AddTrackFileRename:turn-005,5,User,108,120,2026-06-18T20:23:01Z,,10,,1864.0,completion-to-user,False
transcript-2026-06-18-1-33-AddTrackFileRename,transcript-2026-06-18-1-33-AddTrackFileRename:turn-006,6,Assistant,121,144,2026-06-18T20:23:01Z,2026-06-18T20:25:27Z,21,146.0,,completion,False
transcript-2026-06-18-1-33-AddTrackFileRename,transcript-2026-06-18-1-33-AddTrackFileRename:turn-007,7,User,145,148,2026-06-18T20:34:36Z,,1,,549.0,completion-to-user,False
transcript-2026-06-18-1-33-AddTrackFileRename,transcript-2026-06-18-1-33-AddTrackFileRename:turn-008,8,Assistant,149,259,2026-06-18T20:34:36Z,2026-06-18T20:48:00Z,108,804.0,,completion,False
transcript-2026-06-18-1-33-AddTrackFileRename,transcript-2026-06-18-1-33-AddTrackFileRename:turn-009,9,User,260,263,2026-06-18T21:10:58Z,,1,,1378.0,completion-to-user,False
transcript-2026-06-18-1-33-AddTrackFileRename,transcript-2026-06-18-1-33-AddTrackFileRename:turn-010,10,Assistant,264,299,2026-06-18T21:10:58Z,2026-06-18T21:12:54Z,33,116.0,,completion,False
transcript-2026-06-18-1-33-AddTrackFileRename,transcript-2026-06-18-1-33-AddTrackFileRename:turn-011,11,User,300,308,2026-06-18T21:35:15Z,,6,,1341.0,completion-to-user,False
transcript-2026-06-18-1-33-AddTrackFileRename,transcript-2026-06-18-1-33-AddTrackFileRename:turn-012,12,Assistant,309,510,2026-06-18T21:35:15Z,2026-06-18T21:47:58Z,199,763.0,,completion,False
transcript-2026-06-18-1-33-AddTrackFileRename,transcript-2026-06-18-1-33-AddTrackFileRename:turn-013,13,User,511,514,2026-06-18T22:59:09Z,,1,,4271.0,completion-to-user,False
transcript-2026-06-18-1-33-AddTrackFileRename,transcript-2026-06-18-1-33-AddTrackFileRename:turn-014,14,Assistant,515,549,2026-06-18T22:59:09Z,2026-06-18T23:01:45Z,32,156.0,,completion,False
transcript-2026-06-18-1-33-AddTrackFileRename,transcript-2026-06-18-1-33-AddTrackFileRename:turn-015,15,User,550,553,2026-06-18T23:18:16Z,,1,,991.0,completion-to-user,False
transcript-2026-06-18-1-33-AddTrackFileRename,transcript-2026-06-18-1-33-AddTrackFileRename:turn-016,16,Assistant,554,591,2026-06-18T23:18:16Z,2026-06-18T23:22:04Z,35,228.0,,completion,False
transcript-2026-06-18-1-33-AddTrackFileRename,transcript-2026-06-18-1-33-AddTrackFileRename:turn-017,17,User,592,603,2026-06-19T05:53:24Z,,9,,23480.0,completion-to-user,False
transcript-2026-06-18-1-33-AddTrackFileRename,transcript-2026-06-18-1-33-AddTrackFileRename:turn-018,18,Assistant,604,670,2026-06-19T05:53:24Z,2026-06-19T06:01:00Z,64,456.0,,completion,False
transcript-2026-06-18-1-33-AddTrackFileRename,transcript-2026-06-18-1-33-AddTrackFileRename:turn-019,19,User,671,674,2026-06-19T06:26:05Z,,1,,1505.0,completion-to-user,False
transcript-2026-06-18-1-33-AddTrackFileRename,transcript-2026-06-18-1-33-AddTrackFileRename:turn-020,20,Assistant,675,716,2026-06-19T06:26:05Z,2026-06-19T06:28:10Z,39,125.0,,completion,False
